### Starting TaskPrologue of job 805439 on a0124 at Thu Aug 10 16:23:34 CEST 2023
Running on cores 64-93 with governor ondemand
Thu Aug 10 16:23:34 2023       
+---------------------------------------------------------------------------------------+
| NVIDIA-SMI 535.54.03              Driver Version: 535.54.03    CUDA Version: 12.2     |
|-----------------------------------------+----------------------+----------------------+
| GPU  Name                 Persistence-M | Bus-Id        Disp.A | Volatile Uncorr. ECC |
| Fan  Temp   Perf          Pwr:Usage/Cap |         Memory-Usage | GPU-Util  Compute M. |
|                                         |                      |               MIG M. |
|=========================================+======================+======================|
|   0  NVIDIA A40                     On  | 00000000:81:00.0 Off |                  Off |
|  0%   36C    P8              22W / 300W |      4MiB / 49140MiB |      0%      Default |
|                                         |                      |                  N/A |
+-----------------------------------------+----------------------+----------------------+
|   1  NVIDIA A40                     On  | 00000000:A1:00.0 Off |                  Off |
|  0%   35C    P8              23W / 300W |      4MiB / 49140MiB |      0%      Default |
|                                         |                      |                  N/A |
+-----------------------------------------+----------------------+----------------------+
                                                                                         
+---------------------------------------------------------------------------------------+
| Processes:                                                                            |
|  GPU   GI   CI        PID   Type   Process name                            GPU Memory |
|        ID   ID                                                             Usage      |
|=======================================================================================|
|  No running processes found                                                           |
+---------------------------------------------------------------------------------------+
### Finished TaskPrologue

no change     /apps/python/3.9-anaconda/condabin/conda
no change     /apps/python/3.9-anaconda/bin/conda
no change     /apps/python/3.9-anaconda/bin/conda-env
no change     /apps/python/3.9-anaconda/bin/activate
no change     /apps/python/3.9-anaconda/bin/deactivate
no change     /apps/python/3.9-anaconda/etc/profile.d/conda.sh
no change     /apps/python/3.9-anaconda/etc/fish/conf.d/conda.fish
no change     /apps/python/3.9-anaconda/shell/condabin/Conda.psm1
no change     /apps/python/3.9-anaconda/shell/condabin/conda-hook.ps1
no change     /apps/python/3.9-anaconda/lib/python3.9/site-packages/xontrib/conda.xsh
no change     /apps/python/3.9-anaconda/etc/profile.d/conda.csh
no change     /home/hpc/b112dc/b112dc10/.bashrc
No action taken.
/home/janus/iwi9-datasets/objaverse-objects/hf-objaverse-v1/glbs/000-075/4033d59b50a145aeb0f8955282bd2526.glb
Blender 3.3.1 (hash b292cfe5a936 built 2022-10-05 00:14:35)
/run/user/210289/gvfs/ non-existent directory
Fra:1 Mem:10.61M (Peak 10.64M) | Time:00:00.00 | Mem:0.00M, Peak:0.00M | Scene, ViewLayer | Synchronizing object | Object_4
Fra:1 Mem:10.61M (Peak 10.64M) | Time:00:00.00 | Mem:0.00M, Peak:0.00M | Scene, ViewLayer | Initializing
Fra:1 Mem:10.43M (Peak 10.64M) | Time:00:00.00 | Mem:0.00M, Peak:0.00M | Scene, ViewLayer | Waiting for render to start
Fra:1 Mem:10.43M (Peak 10.64M) | Time:00:00.00 | Mem:0.00M, Peak:0.00M | Scene, ViewLayer | Loading render kernels (may take a few minutes the first time)
Fra:1 Mem:10.43M (Peak 10.64M) | Time:00:00.00 | Mem:0.00M, Peak:0.00M | Scene, ViewLayer | Updating Scene
Fra:1 Mem:10.43M (Peak 10.64M) | Time:00:00.00 | Mem:0.00M, Peak:0.00M | Scene, ViewLayer | Updating Shaders
Fra:1 Mem:10.93M (Peak 10.93M) | Time:00:00.05 | Mem:0.00M, Peak:0.00M | Scene, ViewLayer | Updating Procedurals
Fra:1 Mem:10.93M (Peak 10.93M) | Time:00:00.05 | Mem:0.00M, Peak:0.00M | Scene, ViewLayer | Updating Background
Fra:1 Mem:10.93M (Peak 10.93M) | Time:00:00.05 | Mem:0.00M, Peak:0.00M | Scene, ViewLayer | Updating Camera
Fra:1 Mem:10.93M (Peak 10.93M) | Time:00:00.05 | Mem:0.00M, Peak:0.00M | Scene, ViewLayer | Updating Meshes Flags
Fra:1 Mem:10.93M (Peak 10.93M) | Time:00:00.05 | Mem:0.00M, Peak:0.00M | Scene, ViewLayer | Updating Objects
Fra:1 Mem:10.93M (Peak 10.93M) | Time:00:00.05 | Mem:0.00M, Peak:0.00M | Scene, ViewLayer | Updating Objects | Copying Transformations to device
Fra:1 Mem:10.93M (Peak 10.93M) | Time:00:00.05 | Mem:0.00M, Peak:0.00M | Scene, ViewLayer | Updating Objects | Applying Static Transformations
Fra:1 Mem:10.93M (Peak 10.93M) | Time:00:00.05 | Mem:0.00M, Peak:0.00M | Scene, ViewLayer | Updating Particle Systems
Fra:1 Mem:10.93M (Peak 10.93M) | Time:00:00.05 | Mem:0.00M, Peak:0.00M | Scene, ViewLayer | Updating Particle Systems | Copying Particles to device
Fra:1 Mem:10.93M (Peak 10.93M) | Time:00:00.05 | Mem:0.00M, Peak:0.00M | Scene, ViewLayer | Updating Meshes
Fra:1 Mem:10.93M (Peak 10.93M) | Time:00:00.05 | Mem:0.00M, Peak:0.00M | Scene, ViewLayer | Updating Mesh | Computing attributes
Fra:1 Mem:10.93M (Peak 10.93M) | Time:00:00.05 | Mem:0.00M, Peak:0.00M | Scene, ViewLayer | Updating Mesh | Copying Attributes to device
Fra:1 Mem:10.93M (Peak 10.93M) | Time:00:00.05 | Mem:0.00M, Peak:0.00M | Scene, ViewLayer | Updating Scene BVH | Building
Fra:1 Mem:10.93M (Peak 10.93M) | Time:00:00.05 | Mem:0.00M, Peak:0.00M | Scene, ViewLayer | Updating Scene BVH | Building BVH
Fra:1 Mem:10.93M (Peak 10.93M) | Time:00:00.06 | Mem:0.00M, Peak:0.00M | Scene, ViewLayer | Updating Scene BVH | Building BVH 0%
Fra:1 Mem:10.93M (Peak 10.93M) | Time:00:00.06 | Mem:0.00M, Peak:0.00M | Scene, ViewLayer | Updating Scene BVH | Copying BVH to device
Fra:1 Mem:10.93M (Peak 10.93M) | Time:00:00.06 | Mem:0.00M, Peak:0.00M | Scene, ViewLayer | Updating Mesh | Computing normals
Fra:1 Mem:10.93M (Peak 10.93M) | Time:00:00.06 | Mem:0.00M, Peak:0.00M | Scene, ViewLayer | Updating Mesh | Copying Mesh to device
Fra:1 Mem:10.93M (Peak 10.93M) | Time:00:00.06 | Mem:0.01M, Peak:0.01M | Scene, ViewLayer | Updating Objects Flags
Fra:1 Mem:10.93M (Peak 10.93M) | Time:00:00.06 | Mem:0.01M, Peak:0.01M | Scene, ViewLayer | Updating Primitive Offsets
Fra:1 Mem:10.93M (Peak 10.93M) | Time:00:00.06 | Mem:0.01M, Peak:0.01M | Scene, ViewLayer | Updating Images
Fra:1 Mem:10.93M (Peak 10.93M) | Time:00:00.06 | Mem:0.01M, Peak:0.01M | Scene, ViewLayer | Updating Images | Loading 01352.exr
Fra:1 Mem:11.06M (Peak 11.06M) | Time:00:00.06 | Mem:0.01M, Peak:0.01M | Scene, ViewLayer | Updating Images | Loading dotted_0151.jpg
Fra:1 Mem:11.78M (Peak 11.78M) | Time:00:00.08 | Mem:0.84M, Peak:0.84M | Scene, ViewLayer | Updating Camera Volume
Fra:1 Mem:11.78M (Peak 11.78M) | Time:00:00.08 | Mem:0.84M, Peak:0.84M | Scene, ViewLayer | Updating Lookup Tables
Fra:1 Mem:11.78M (Peak 11.78M) | Time:00:00.08 | Mem:1.09M, Peak:1.09M | Scene, ViewLayer | Updating Lights
Fra:1 Mem:11.78M (Peak 11.78M) | Time:00:00.08 | Mem:1.09M, Peak:1.09M | Scene, ViewLayer | Updating Lights | Computing distribution
Fra:1 Mem:11.78M (Peak 11.78M) | Time:00:00.08 | Mem:1.09M, Peak:1.09M | Scene, ViewLayer | Updating Lights | Importance map
Fra:1 Mem:75.81M (Peak 363.91M) | Time:00:00.22 | Mem:65.14M, Peak:225.10M | Scene, ViewLayer | Updating Integrator
Fra:1 Mem:75.82M (Peak 363.91M) | Time:00:00.22 | Mem:65.14M, Peak:225.10M | Scene, ViewLayer | Updating Film
Fra:1 Mem:75.82M (Peak 363.91M) | Time:00:00.22 | Mem:64.89M, Peak:225.10M | Scene, ViewLayer | Updating Lookup Tables
Fra:1 Mem:75.82M (Peak 363.91M) | Time:00:00.22 | Mem:65.15M, Peak:225.10M | Scene, ViewLayer | Updating Baking
Fra:1 Mem:75.82M (Peak 363.91M) | Time:00:00.22 | Mem:65.15M, Peak:225.10M | Scene, ViewLayer | Updating Device | Writing constant memory
Fra:1 Mem:75.82M (Peak 363.91M) | Time:00:00.22 | Mem:65.15M, Peak:225.10M | Scene, ViewLayer | Sample 0/32
Fra:1 Mem:94.91M (Peak 363.91M) | Time:00:00.23 | Remaining:00:00.48 | Mem:84.15M, Peak:225.10M | Scene, ViewLayer | Sample 1/32
Fra:1 Mem:102.91M (Peak 363.91M) | Time:00:00.71 | Mem:84.15M, Peak:225.10M | Scene, ViewLayer | Sample 32/32
Fra:1 Mem:102.91M (Peak 363.91M) | Time:00:00.71 | Mem:84.15M, Peak:225.10M | Scene, ViewLayer | Finished
Saved: '/home/janus/iwi9-datasets/objaverse-rendering/no_textures_5/4033d59b50a145aeb0f8955282bd2526/000.png'
 Time: 00:00.91 (Saving: 00:00.19)

Fra:1 Mem:10.88M (Peak 10.91M) | Time:00:00.00 | Mem:0.00M, Peak:0.00M | Scene, ViewLayer | Synchronizing object | Object_4
Fra:1 Mem:10.88M (Peak 10.91M) | Time:00:00.00 | Mem:0.00M, Peak:0.00M | Scene, ViewLayer | Initializing
Fra:1 Mem:10.70M (Peak 10.91M) | Time:00:00.00 | Mem:0.00M, Peak:0.00M | Scene, ViewLayer | Waiting for render to start
Fra:1 Mem:10.70M (Peak 10.91M) | Time:00:00.00 | Mem:0.00M, Peak:0.00M | Scene, ViewLayer | Loading render kernels (may take a few minutes the first time)
Fra:1 Mem:10.70M (Peak 10.91M) | Time:00:00.00 | Mem:0.00M, Peak:0.00M | Scene, ViewLayer | Updating Scene
Fra:1 Mem:10.70M (Peak 10.91M) | Time:00:00.00 | Mem:0.00M, Peak:0.00M | Scene, ViewLayer | Updating Shaders
Fra:1 Mem:10.95M (Peak 10.95M) | Time:00:00.00 | Mem:0.00M, Peak:0.00M | Scene, ViewLayer | Updating Procedurals
Fra:1 Mem:10.95M (Peak 10.95M) | Time:00:00.00 | Mem:0.00M, Peak:0.00M | Scene, ViewLayer | Updating Background
Fra:1 Mem:10.95M (Peak 10.95M) | Time:00:00.00 | Mem:0.00M, Peak:0.00M | Scene, ViewLayer | Updating Camera
Fra:1 Mem:10.95M (Peak 10.95M) | Time:00:00.00 | Mem:0.00M, Peak:0.00M | Scene, ViewLayer | Updating Meshes Flags
Fra:1 Mem:10.95M (Peak 10.95M) | Time:00:00.00 | Mem:0.00M, Peak:0.00M | Scene, ViewLayer | Updating Objects
Fra:1 Mem:10.95M (Peak 10.95M) | Time:00:00.00 | Mem:0.00M, Peak:0.00M | Scene, ViewLayer | Updating Objects | Copying Transformations to device
Fra:1 Mem:10.95M (Peak 10.95M) | Time:00:00.00 | Mem:0.00M, Peak:0.00M | Scene, ViewLayer | Updating Objects | Applying Static Transformations
Fra:1 Mem:10.95M (Peak 10.95M) | Time:00:00.00 | Mem:0.00M, Peak:0.00M | Scene, ViewLayer | Updating Particle Systems
Fra:1 Mem:10.95M (Peak 10.95M) | Time:00:00.00 | Mem:0.00M, Peak:0.00M | Scene, ViewLayer | Updating Particle Systems | Copying Particles to device
Fra:1 Mem:10.95M (Peak 10.95M) | Time:00:00.00 | Mem:0.00M, Peak:0.00M | Scene, ViewLayer | Updating Meshes
Fra:1 Mem:10.95M (Peak 10.95M) | Time:00:00.00 | Mem:0.00M, Peak:0.00M | Scene, ViewLayer | Updating Mesh | Computing attributes
Fra:1 Mem:10.95M (Peak 10.95M) | Time:00:00.00 | Mem:0.00M, Peak:0.00M | Scene, ViewLayer | Updating Mesh | Copying Attributes to device
Fra:1 Mem:10.95M (Peak 10.95M) | Time:00:00.00 | Mem:0.00M, Peak:0.00M | Scene, ViewLayer | Updating Scene BVH | Building
Fra:1 Mem:10.95M (Peak 10.95M) | Time:00:00.00 | Mem:0.00M, Peak:0.00M | Scene, ViewLayer | Updating Scene BVH | Building BVH
Fra:1 Mem:10.95M (Peak 10.95M) | Time:00:00.00 | Mem:0.00M, Peak:0.00M | Scene, ViewLayer | Updating Scene BVH | Building BVH 0%
Fra:1 Mem:10.95M (Peak 10.95M) | Time:00:00.00 | Mem:0.00M, Peak:0.00M | Scene, ViewLayer | Updating Scene BVH | Copying BVH to device
Fra:1 Mem:10.95M (Peak 10.95M) | Time:00:00.00 | Mem:0.00M, Peak:0.00M | Scene, ViewLayer | Updating Mesh | Computing normals
Fra:1 Mem:10.96M (Peak 10.96M) | Time:00:00.00 | Mem:0.00M, Peak:0.00M | Scene, ViewLayer | Updating Mesh | Copying Mesh to device
Fra:1 Mem:10.96M (Peak 10.96M) | Time:00:00.00 | Mem:0.01M, Peak:0.01M | Scene, ViewLayer | Updating Objects Flags
Fra:1 Mem:10.96M (Peak 10.96M) | Time:00:00.00 | Mem:0.01M, Peak:0.01M | Scene, ViewLayer | Updating Primitive Offsets
Fra:1 Mem:10.96M (Peak 10.96M) | Time:00:00.00 | Mem:0.01M, Peak:0.01M | Scene, ViewLayer | Updating Images
Fra:1 Mem:10.96M (Peak 10.96M) | Time:00:00.00 | Mem:0.01M, Peak:0.01M | Scene, ViewLayer | Updating Images | Loading 01352.exr
Fra:1 Mem:11.08M (Peak 11.08M) | Time:00:00.00 | Mem:0.01M, Peak:0.01M | Scene, ViewLayer | Updating Images | Loading perforated_0026.jpg
Fra:1 Mem:11.63M (Peak 11.63M) | Time:00:00.00 | Mem:0.67M, Peak:0.67M | Scene, ViewLayer | Updating Camera Volume
Fra:1 Mem:11.63M (Peak 11.63M) | Time:00:00.00 | Mem:0.67M, Peak:0.67M | Scene, ViewLayer | Updating Lookup Tables
Fra:1 Mem:11.63M (Peak 11.63M) | Time:00:00.00 | Mem:0.92M, Peak:0.92M | Scene, ViewLayer | Updating Lights
Fra:1 Mem:11.63M (Peak 11.63M) | Time:00:00.00 | Mem:0.92M, Peak:0.92M | Scene, ViewLayer | Updating Lights | Computing distribution
Fra:1 Mem:11.63M (Peak 11.63M) | Time:00:00.00 | Mem:0.92M, Peak:0.92M | Scene, ViewLayer | Updating Lights | Importance map
Fra:1 Mem:75.66M (Peak 363.76M) | Time:00:00.14 | Mem:64.96M, Peak:224.93M | Scene, ViewLayer | Updating Integrator
Fra:1 Mem:75.67M (Peak 363.76M) | Time:00:00.14 | Mem:64.97M, Peak:224.93M | Scene, ViewLayer | Updating Film
Fra:1 Mem:75.67M (Peak 363.76M) | Time:00:00.14 | Mem:64.72M, Peak:224.93M | Scene, ViewLayer | Updating Lookup Tables
Fra:1 Mem:75.67M (Peak 363.76M) | Time:00:00.14 | Mem:64.97M, Peak:224.93M | Scene, ViewLayer | Updating Baking
Fra:1 Mem:75.67M (Peak 363.76M) | Time:00:00.14 | Mem:64.97M, Peak:224.93M | Scene, ViewLayer | Updating Device | Writing constant memory
Fra:1 Mem:75.67M (Peak 363.76M) | Time:00:00.14 | Mem:64.97M, Peak:224.93M | Scene, ViewLayer | Sample 0/32
Fra:1 Mem:94.76M (Peak 363.76M) | Time:00:00.16 | Remaining:00:00.40 | Mem:83.97M, Peak:224.93M | Scene, ViewLayer | Sample 1/32
Fra:1 Mem:102.76M (Peak 363.76M) | Time:00:00.58 | Mem:83.97M, Peak:224.93M | Scene, ViewLayer | Sample 32/32
Fra:1 Mem:102.76M (Peak 363.76M) | Time:00:00.58 | Mem:83.97M, Peak:224.93M | Scene, ViewLayer | Finished
Saved: '/home/janus/iwi9-datasets/objaverse-rendering/no_textures_5/4033d59b50a145aeb0f8955282bd2526/001.png'
 Time: 00:00.62 (Saving: 00:00.03)

Fra:1 Mem:10.91M (Peak 10.94M) | Time:00:00.00 | Mem:0.00M, Peak:0.00M | Scene, ViewLayer | Synchronizing object | Object_4
Fra:1 Mem:10.91M (Peak 10.94M) | Time:00:00.00 | Mem:0.00M, Peak:0.00M | Scene, ViewLayer | Initializing
Fra:1 Mem:10.72M (Peak 10.94M) | Time:00:00.00 | Mem:0.00M, Peak:0.00M | Scene, ViewLayer | Waiting for render to start
Fra:1 Mem:10.73M (Peak 10.94M) | Time:00:00.00 | Mem:0.00M, Peak:0.00M | Scene, ViewLayer | Loading render kernels (may take a few minutes the first time)
Fra:1 Mem:10.73M (Peak 10.94M) | Time:00:00.00 | Mem:0.00M, Peak:0.00M | Scene, ViewLayer | Updating Scene
Fra:1 Mem:10.73M (Peak 10.94M) | Time:00:00.00 | Mem:0.00M, Peak:0.00M | Scene, ViewLayer | Updating Shaders
Fra:1 Mem:10.98M (Peak 10.98M) | Time:00:00.00 | Mem:0.00M, Peak:0.00M | Scene, ViewLayer | Updating Procedurals
Fra:1 Mem:10.98M (Peak 10.98M) | Time:00:00.00 | Mem:0.00M, Peak:0.00M | Scene, ViewLayer | Updating Background
Fra:1 Mem:10.98M (Peak 10.98M) | Time:00:00.00 | Mem:0.00M, Peak:0.00M | Scene, ViewLayer | Updating Camera
Fra:1 Mem:10.98M (Peak 10.98M) | Time:00:00.00 | Mem:0.00M, Peak:0.00M | Scene, ViewLayer | Updating Meshes Flags
Fra:1 Mem:10.98M (Peak 10.98M) | Time:00:00.00 | Mem:0.00M, Peak:0.00M | Scene, ViewLayer | Updating Objects
Fra:1 Mem:10.98M (Peak 10.98M) | Time:00:00.00 | Mem:0.00M, Peak:0.00M | Scene, ViewLayer | Updating Objects | Copying Transformations to device
Fra:1 Mem:10.98M (Peak 10.98M) | Time:00:00.00 | Mem:0.00M, Peak:0.00M | Scene, ViewLayer | Updating Objects | Applying Static Transformations
Fra:1 Mem:10.98M (Peak 10.98M) | Time:00:00.00 | Mem:0.00M, Peak:0.00M | Scene, ViewLayer | Updating Particle Systems
Fra:1 Mem:10.98M (Peak 10.98M) | Time:00:00.00 | Mem:0.00M, Peak:0.00M | Scene, ViewLayer | Updating Particle Systems | Copying Particles to device
Fra:1 Mem:10.98M (Peak 10.98M) | Time:00:00.00 | Mem:0.00M, Peak:0.00M | Scene, ViewLayer | Updating Meshes
Fra:1 Mem:10.98M (Peak 10.98M) | Time:00:00.00 | Mem:0.00M, Peak:0.00M | Scene, ViewLayer | Updating Mesh | Computing attributes
Fra:1 Mem:10.98M (Peak 10.98M) | Time:00:00.00 | Mem:0.00M, Peak:0.00M | Scene, ViewLayer | Updating Mesh | Copying Attributes to device
Fra:1 Mem:10.98M (Peak 10.98M) | Time:00:00.00 | Mem:0.00M, Peak:0.00M | Scene, ViewLayer | Updating Scene BVH | Building
Fra:1 Mem:10.98M (Peak 10.98M) | Time:00:00.00 | Mem:0.00M, Peak:0.00M | Scene, ViewLayer | Updating Scene BVH | Building BVH
Fra:1 Mem:10.98M (Peak 10.98M) | Time:00:00.00 | Mem:0.00M, Peak:0.00M | Scene, ViewLayer | Updating Scene BVH | Building BVH 0%
Fra:1 Mem:10.98M (Peak 10.98M) | Time:00:00.00 | Mem:0.00M, Peak:0.00M | Scene, ViewLayer | Updating Scene BVH | Copying BVH to device
Fra:1 Mem:10.98M (Peak 10.98M) | Time:00:00.00 | Mem:0.00M, Peak:0.00M | Scene, ViewLayer | Updating Mesh | Computing normals
Fra:1 Mem:10.98M (Peak 10.98M) | Time:00:00.00 | Mem:0.00M, Peak:0.00M | Scene, ViewLayer | Updating Mesh | Copying Mesh to device
Fra:1 Mem:10.98M (Peak 10.98M) | Time:00:00.00 | Mem:0.01M, Peak:0.01M | Scene, ViewLayer | Updating Objects Flags
Fra:1 Mem:10.98M (Peak 10.98M) | Time:00:00.00 | Mem:0.01M, Peak:0.01M | Scene, ViewLayer | Updating Primitive Offsets
Fra:1 Mem:10.98M (Peak 10.98M) | Time:00:00.00 | Mem:0.01M, Peak:0.01M | Scene, ViewLayer | Updating Images
Fra:1 Mem:10.98M (Peak 10.98M) | Time:00:00.00 | Mem:0.01M, Peak:0.01M | Scene, ViewLayer | Updating Images | Loading 01352.exr
Fra:1 Mem:11.11M (Peak 11.11M) | Time:00:00.00 | Mem:0.01M, Peak:0.01M | Scene, ViewLayer | Updating Images | Loading matted_0078.jpg
Fra:1 Mem:12.15M (Peak 12.15M) | Time:00:00.00 | Mem:1.17M, Peak:1.17M | Scene, ViewLayer | Updating Camera Volume
Fra:1 Mem:12.15M (Peak 12.15M) | Time:00:00.00 | Mem:1.17M, Peak:1.17M | Scene, ViewLayer | Updating Lookup Tables
Fra:1 Mem:12.15M (Peak 12.15M) | Time:00:00.00 | Mem:1.42M, Peak:1.42M | Scene, ViewLayer | Updating Lights
Fra:1 Mem:12.15M (Peak 12.15M) | Time:00:00.00 | Mem:1.42M, Peak:1.42M | Scene, ViewLayer | Updating Lights | Computing distribution
Fra:1 Mem:12.15M (Peak 12.15M) | Time:00:00.00 | Mem:1.42M, Peak:1.42M | Scene, ViewLayer | Updating Lights | Importance map
Fra:1 Mem:76.18M (Peak 364.28M) | Time:00:00.15 | Mem:65.46M, Peak:225.43M | Scene, ViewLayer | Updating Integrator
Fra:1 Mem:76.19M (Peak 364.28M) | Time:00:00.15 | Mem:65.47M, Peak:225.43M | Scene, ViewLayer | Updating Film
Fra:1 Mem:76.20M (Peak 364.28M) | Time:00:00.15 | Mem:65.22M, Peak:225.43M | Scene, ViewLayer | Updating Lookup Tables
Fra:1 Mem:76.20M (Peak 364.28M) | Time:00:00.15 | Mem:65.47M, Peak:225.43M | Scene, ViewLayer | Updating Baking
Fra:1 Mem:76.20M (Peak 364.28M) | Time:00:00.15 | Mem:65.47M, Peak:225.43M | Scene, ViewLayer | Updating Device | Writing constant memory
Fra:1 Mem:76.20M (Peak 364.28M) | Time:00:00.15 | Mem:65.47M, Peak:225.43M | Scene, ViewLayer | Sample 0/32
Fra:1 Mem:95.28M (Peak 364.28M) | Time:00:00.16 | Remaining:00:00.41 | Mem:84.47M, Peak:225.43M | Scene, ViewLayer | Sample 1/32
Fra:1 Mem:103.29M (Peak 364.28M) | Time:00:00.62 | Mem:84.47M, Peak:225.43M | Scene, ViewLayer | Sample 32/32
Fra:1 Mem:103.29M (Peak 364.28M) | Time:00:00.62 | Mem:84.47M, Peak:225.43M | Scene, ViewLayer | Finished
Saved: '/home/janus/iwi9-datasets/objaverse-rendering/no_textures_5/4033d59b50a145aeb0f8955282bd2526/002.png'
 Time: 00:00.65 (Saving: 00:00.03)

Fra:1 Mem:10.93M (Peak 10.96M) | Time:00:00.00 | Mem:0.00M, Peak:0.00M | Scene, ViewLayer | Synchronizing object | Object_4
Fra:1 Mem:10.93M (Peak 10.96M) | Time:00:00.00 | Mem:0.00M, Peak:0.00M | Scene, ViewLayer | Initializing
Fra:1 Mem:10.75M (Peak 10.96M) | Time:00:00.00 | Mem:0.00M, Peak:0.00M | Scene, ViewLayer | Waiting for render to start
Fra:1 Mem:10.75M (Peak 10.96M) | Time:00:00.00 | Mem:0.00M, Peak:0.00M | Scene, ViewLayer | Loading render kernels (may take a few minutes the first time)
Fra:1 Mem:10.75M (Peak 10.96M) | Time:00:00.00 | Mem:0.00M, Peak:0.00M | Scene, ViewLayer | Updating Scene
Fra:1 Mem:10.75M (Peak 10.96M) | Time:00:00.00 | Mem:0.00M, Peak:0.00M | Scene, ViewLayer | Updating Shaders
Fra:1 Mem:11.00M (Peak 11.00M) | Time:00:00.00 | Mem:0.00M, Peak:0.00M | Scene, ViewLayer | Updating Procedurals
Fra:1 Mem:11.00M (Peak 11.00M) | Time:00:00.00 | Mem:0.00M, Peak:0.00M | Scene, ViewLayer | Updating Background
Fra:1 Mem:11.00M (Peak 11.00M) | Time:00:00.00 | Mem:0.00M, Peak:0.00M | Scene, ViewLayer | Updating Camera
Fra:1 Mem:11.00M (Peak 11.00M) | Time:00:00.00 | Mem:0.00M, Peak:0.00M | Scene, ViewLayer | Updating Meshes Flags
Fra:1 Mem:11.00M (Peak 11.00M) | Time:00:00.00 | Mem:0.00M, Peak:0.00M | Scene, ViewLayer | Updating Objects
Fra:1 Mem:11.00M (Peak 11.00M) | Time:00:00.00 | Mem:0.00M, Peak:0.00M | Scene, ViewLayer | Updating Objects | Copying Transformations to device
Fra:1 Mem:11.00M (Peak 11.00M) | Time:00:00.00 | Mem:0.00M, Peak:0.00M | Scene, ViewLayer | Updating Objects | Applying Static Transformations
Fra:1 Mem:11.00M (Peak 11.00M) | Time:00:00.00 | Mem:0.00M, Peak:0.00M | Scene, ViewLayer | Updating Particle Systems
Fra:1 Mem:11.00M (Peak 11.00M) | Time:00:00.00 | Mem:0.00M, Peak:0.00M | Scene, ViewLayer | Updating Particle Systems | Copying Particles to device
Fra:1 Mem:11.00M (Peak 11.00M) | Time:00:00.00 | Mem:0.00M, Peak:0.00M | Scene, ViewLayer | Updating Meshes
Fra:1 Mem:11.00M (Peak 11.00M) | Time:00:00.00 | Mem:0.00M, Peak:0.00M | Scene, ViewLayer | Updating Mesh | Computing attributes
Fra:1 Mem:11.00M (Peak 11.00M) | Time:00:00.00 | Mem:0.00M, Peak:0.00M | Scene, ViewLayer | Updating Mesh | Copying Attributes to device
Fra:1 Mem:11.00M (Peak 11.00M) | Time:00:00.00 | Mem:0.00M, Peak:0.00M | Scene, ViewLayer | Updating Scene BVH | Building
Fra:1 Mem:11.00M (Peak 11.00M) | Time:00:00.00 | Mem:0.00M, Peak:0.00M | Scene, ViewLayer | Updating Scene BVH | Building BVH
Fra:1 Mem:11.00M (Peak 11.00M) | Time:00:00.00 | Mem:0.00M, Peak:0.00M | Scene, ViewLayer | Updating Scene BVH | Building BVH 0%
Fra:1 Mem:11.00M (Peak 11.00M) | Time:00:00.00 | Mem:0.00M, Peak:0.00M | Scene, ViewLayer | Updating Scene BVH | Copying BVH to device
Fra:1 Mem:11.00M (Peak 11.00M) | Time:00:00.00 | Mem:0.00M, Peak:0.00M | Scene, ViewLayer | Updating Mesh | Computing normals
Fra:1 Mem:11.00M (Peak 11.00M) | Time:00:00.00 | Mem:0.00M, Peak:0.00M | Scene, ViewLayer | Updating Mesh | Copying Mesh to device
Fra:1 Mem:11.00M (Peak 11.00M) | Time:00:00.00 | Mem:0.01M, Peak:0.01M | Scene, ViewLayer | Updating Objects Flags
Fra:1 Mem:11.00M (Peak 11.00M) | Time:00:00.00 | Mem:0.01M, Peak:0.01M | Scene, ViewLayer | Updating Primitive Offsets
Fra:1 Mem:11.00M (Peak 11.00M) | Time:00:00.00 | Mem:0.01M, Peak:0.01M | Scene, ViewLayer | Updating Images
Fra:1 Mem:11.00M (Peak 11.00M) | Time:00:00.00 | Mem:0.01M, Peak:0.01M | Scene, ViewLayer | Updating Images | Loading 01352.exr
Fra:1 Mem:11.13M (Peak 11.13M) | Time:00:00.00 | Mem:0.01M, Peak:0.01M | Scene, ViewLayer | Updating Images | Loading crosshatched_0135.jpg
Fra:1 Mem:12.16M (Peak 12.16M) | Time:00:00.00 | Mem:1.15M, Peak:1.15M | Scene, ViewLayer | Updating Camera Volume
Fra:1 Mem:12.16M (Peak 12.16M) | Time:00:00.00 | Mem:1.15M, Peak:1.15M | Scene, ViewLayer | Updating Lookup Tables
Fra:1 Mem:12.16M (Peak 12.16M) | Time:00:00.00 | Mem:1.40M, Peak:1.40M | Scene, ViewLayer | Updating Lights
Fra:1 Mem:12.16M (Peak 12.16M) | Time:00:00.00 | Mem:1.40M, Peak:1.40M | Scene, ViewLayer | Updating Lights | Computing distribution
Fra:1 Mem:12.16M (Peak 12.16M) | Time:00:00.00 | Mem:1.40M, Peak:1.40M | Scene, ViewLayer | Updating Lights | Importance map
Fra:1 Mem:76.19M (Peak 364.29M) | Time:00:00.15 | Mem:65.45M, Peak:225.42M | Scene, ViewLayer | Updating Integrator
Fra:1 Mem:76.20M (Peak 364.29M) | Time:00:00.15 | Mem:65.45M, Peak:225.42M | Scene, ViewLayer | Updating Film
Fra:1 Mem:76.21M (Peak 364.29M) | Time:00:00.15 | Mem:65.20M, Peak:225.42M | Scene, ViewLayer | Updating Lookup Tables
Fra:1 Mem:76.21M (Peak 364.29M) | Time:00:00.15 | Mem:65.46M, Peak:225.42M | Scene, ViewLayer | Updating Baking
Fra:1 Mem:76.21M (Peak 364.29M) | Time:00:00.15 | Mem:65.46M, Peak:225.42M | Scene, ViewLayer | Updating Device | Writing constant memory
Fra:1 Mem:76.21M (Peak 364.29M) | Time:00:00.15 | Mem:65.46M, Peak:225.42M | Scene, ViewLayer | Sample 0/32
Fra:1 Mem:95.30M (Peak 364.29M) | Time:00:00.16 | Remaining:00:00.42 | Mem:84.46M, Peak:225.42M | Scene, ViewLayer | Sample 1/32
Fra:1 Mem:103.30M (Peak 364.29M) | Time:00:00.60 | Mem:84.46M, Peak:225.42M | Scene, ViewLayer | Sample 32/32
Fra:1 Mem:103.30M (Peak 364.29M) | Time:00:00.60 | Mem:84.46M, Peak:225.42M | Scene, ViewLayer | Finished
Saved: '/home/janus/iwi9-datasets/objaverse-rendering/no_textures_5/4033d59b50a145aeb0f8955282bd2526/003.png'
 Time: 00:00.63 (Saving: 00:00.03)

Fra:1 Mem:10.95M (Peak 10.99M) | Time:00:00.00 | Mem:0.00M, Peak:0.00M | Scene, ViewLayer | Synchronizing object | Object_4
Fra:1 Mem:10.96M (Peak 10.99M) | Time:00:00.00 | Mem:0.00M, Peak:0.00M | Scene, ViewLayer | Initializing
Fra:1 Mem:10.77M (Peak 10.99M) | Time:00:00.00 | Mem:0.00M, Peak:0.00M | Scene, ViewLayer | Waiting for render to start
Fra:1 Mem:10.77M (Peak 10.99M) | Time:00:00.00 | Mem:0.00M, Peak:0.00M | Scene, ViewLayer | Loading render kernels (may take a few minutes the first time)
Fra:1 Mem:10.77M (Peak 10.99M) | Time:00:00.00 | Mem:0.00M, Peak:0.00M | Scene, ViewLayer | Updating Scene
Fra:1 Mem:10.77M (Peak 10.99M) | Time:00:00.00 | Mem:0.00M, Peak:0.00M | Scene, ViewLayer | Updating Shaders
Fra:1 Mem:11.02M (Peak 11.02M) | Time:00:00.00 | Mem:0.00M, Peak:0.00M | Scene, ViewLayer | Updating Procedurals
Fra:1 Mem:11.02M (Peak 11.02M) | Time:00:00.00 | Mem:0.00M, Peak:0.00M | Scene, ViewLayer | Updating Background
Fra:1 Mem:11.02M (Peak 11.02M) | Time:00:00.00 | Mem:0.00M, Peak:0.00M | Scene, ViewLayer | Updating Camera
Fra:1 Mem:11.02M (Peak 11.02M) | Time:00:00.00 | Mem:0.00M, Peak:0.00M | Scene, ViewLayer | Updating Meshes Flags
Fra:1 Mem:11.02M (Peak 11.02M) | Time:00:00.00 | Mem:0.00M, Peak:0.00M | Scene, ViewLayer | Updating Objects
Fra:1 Mem:11.02M (Peak 11.02M) | Time:00:00.00 | Mem:0.00M, Peak:0.00M | Scene, ViewLayer | Updating Objects | Copying Transformations to device
Fra:1 Mem:11.02M (Peak 11.02M) | Time:00:00.00 | Mem:0.00M, Peak:0.00M | Scene, ViewLayer | Updating Objects | Applying Static Transformations
Fra:1 Mem:11.02M (Peak 11.02M) | Time:00:00.00 | Mem:0.00M, Peak:0.00M | Scene, ViewLayer | Updating Particle Systems
Fra:1 Mem:11.02M (Peak 11.02M) | Time:00:00.00 | Mem:0.00M, Peak:0.00M | Scene, ViewLayer | Updating Particle Systems | Copying Particles to device
Fra:1 Mem:11.02M (Peak 11.02M) | Time:00:00.00 | Mem:0.00M, Peak:0.00M | Scene, ViewLayer | Updating Meshes
Fra:1 Mem:11.02M (Peak 11.02M) | Time:00:00.00 | Mem:0.00M, Peak:0.00M | Scene, ViewLayer | Updating Mesh | Computing attributes
Fra:1 Mem:11.02M (Peak 11.03M) | Time:00:00.00 | Mem:0.00M, Peak:0.00M | Scene, ViewLayer | Updating Mesh | Copying Attributes to device
Fra:1 Mem:11.02M (Peak 11.03M) | Time:00:00.00 | Mem:0.00M, Peak:0.00M | Scene, ViewLayer | Updating Scene BVH | Building
Fra:1 Mem:11.02M (Peak 11.03M) | Time:00:00.00 | Mem:0.00M, Peak:0.00M | Scene, ViewLayer | Updating Scene BVH | Building BVH
Fra:1 Mem:11.02M (Peak 11.03M) | Time:00:00.00 | Mem:0.00M, Peak:0.00M | Scene, ViewLayer | Updating Scene BVH | Building BVH 0%
Fra:1 Mem:11.02M (Peak 11.03M) | Time:00:00.00 | Mem:0.00M, Peak:0.00M | Scene, ViewLayer | Updating Scene BVH | Copying BVH to device
Fra:1 Mem:11.02M (Peak 11.03M) | Time:00:00.00 | Mem:0.00M, Peak:0.00M | Scene, ViewLayer | Updating Mesh | Computing normals
Fra:1 Mem:11.03M (Peak 11.03M) | Time:00:00.00 | Mem:0.00M, Peak:0.00M | Scene, ViewLayer | Updating Mesh | Copying Mesh to device
Fra:1 Mem:11.03M (Peak 11.03M) | Time:00:00.00 | Mem:0.01M, Peak:0.01M | Scene, ViewLayer | Updating Objects Flags
Fra:1 Mem:11.03M (Peak 11.03M) | Time:00:00.00 | Mem:0.01M, Peak:0.01M | Scene, ViewLayer | Updating Primitive Offsets
Fra:1 Mem:11.03M (Peak 11.03M) | Time:00:00.00 | Mem:0.01M, Peak:0.01M | Scene, ViewLayer | Updating Images
Fra:1 Mem:11.03M (Peak 11.03M) | Time:00:00.00 | Mem:0.01M, Peak:0.01M | Scene, ViewLayer | Updating Images | Loading 01352.exr
Fra:1 Mem:11.15M (Peak 11.15M) | Time:00:00.00 | Mem:0.01M, Peak:0.01M | Scene, ViewLayer | Updating Images | Loading stained_0133.jpg
Fra:1 Mem:12.27M (Peak 12.27M) | Time:00:00.00 | Mem:1.24M, Peak:1.24M | Scene, ViewLayer | Updating Camera Volume
Fra:1 Mem:12.27M (Peak 12.27M) | Time:00:00.00 | Mem:1.24M, Peak:1.24M | Scene, ViewLayer | Updating Lookup Tables
Fra:1 Mem:12.27M (Peak 12.27M) | Time:00:00.00 | Mem:1.49M, Peak:1.49M | Scene, ViewLayer | Updating Lights
Fra:1 Mem:12.27M (Peak 12.27M) | Time:00:00.00 | Mem:1.49M, Peak:1.49M | Scene, ViewLayer | Updating Lights | Computing distribution
Fra:1 Mem:12.27M (Peak 12.27M) | Time:00:00.00 | Mem:1.49M, Peak:1.49M | Scene, ViewLayer | Updating Lights | Importance map
Fra:1 Mem:76.30M (Peak 364.40M) | Time:00:00.15 | Mem:65.53M, Peak:225.50M | Scene, ViewLayer | Updating Integrator
Fra:1 Mem:76.31M (Peak 364.40M) | Time:00:00.15 | Mem:65.54M, Peak:225.50M | Scene, ViewLayer | Updating Film
Fra:1 Mem:76.31M (Peak 364.40M) | Time:00:00.15 | Mem:65.29M, Peak:225.50M | Scene, ViewLayer | Updating Lookup Tables
Fra:1 Mem:76.31M (Peak 364.40M) | Time:00:00.15 | Mem:65.54M, Peak:225.50M | Scene, ViewLayer | Updating Baking
Fra:1 Mem:76.31M (Peak 364.40M) | Time:00:00.15 | Mem:65.54M, Peak:225.50M | Scene, ViewLayer | Updating Device | Writing constant memory
Fra:1 Mem:76.31M (Peak 364.40M) | Time:00:00.15 | Mem:65.54M, Peak:225.50M | Scene, ViewLayer | Sample 0/32
Fra:1 Mem:95.40M (Peak 364.40M) | Time:00:00.16 | Remaining:00:00.40 | Mem:84.54M, Peak:225.50M | Scene, ViewLayer | Sample 1/32
Fra:1 Mem:103.40M (Peak 364.40M) | Time:00:00.59 | Mem:84.54M, Peak:225.50M | Scene, ViewLayer | Sample 32/32
Fra:1 Mem:103.40M (Peak 364.40M) | Time:00:00.59 | Mem:84.54M, Peak:225.50M | Scene, ViewLayer | Finished
Saved: '/home/janus/iwi9-datasets/objaverse-rendering/no_textures_5/4033d59b50a145aeb0f8955282bd2526/004.png'
 Time: 00:00.62 (Saving: 00:00.03)

Fra:1 Mem:10.98M (Peak 11.01M) | Time:00:00.00 | Mem:0.00M, Peak:0.00M | Scene, ViewLayer | Synchronizing object | Object_4
Fra:1 Mem:10.98M (Peak 11.01M) | Time:00:00.00 | Mem:0.00M, Peak:0.00M | Scene, ViewLayer | Initializing
Fra:1 Mem:10.79M (Peak 11.01M) | Time:00:00.00 | Mem:0.00M, Peak:0.00M | Scene, ViewLayer | Waiting for render to start
Fra:1 Mem:10.79M (Peak 11.01M) | Time:00:00.00 | Mem:0.00M, Peak:0.00M | Scene, ViewLayer | Loading render kernels (may take a few minutes the first time)
Fra:1 Mem:10.79M (Peak 11.01M) | Time:00:00.00 | Mem:0.00M, Peak:0.00M | Scene, ViewLayer | Updating Scene
Fra:1 Mem:10.79M (Peak 11.01M) | Time:00:00.00 | Mem:0.00M, Peak:0.00M | Scene, ViewLayer | Updating Shaders
Fra:1 Mem:11.05M (Peak 11.05M) | Time:00:00.00 | Mem:0.00M, Peak:0.00M | Scene, ViewLayer | Updating Procedurals
Fra:1 Mem:11.05M (Peak 11.05M) | Time:00:00.00 | Mem:0.00M, Peak:0.00M | Scene, ViewLayer | Updating Background
Fra:1 Mem:11.05M (Peak 11.05M) | Time:00:00.00 | Mem:0.00M, Peak:0.00M | Scene, ViewLayer | Updating Camera
Fra:1 Mem:11.05M (Peak 11.05M) | Time:00:00.00 | Mem:0.00M, Peak:0.00M | Scene, ViewLayer | Updating Meshes Flags
Fra:1 Mem:11.05M (Peak 11.05M) | Time:00:00.00 | Mem:0.00M, Peak:0.00M | Scene, ViewLayer | Updating Objects
Fra:1 Mem:11.05M (Peak 11.05M) | Time:00:00.00 | Mem:0.00M, Peak:0.00M | Scene, ViewLayer | Updating Objects | Copying Transformations to device
Fra:1 Mem:11.05M (Peak 11.05M) | Time:00:00.00 | Mem:0.00M, Peak:0.00M | Scene, ViewLayer | Updating Objects | Applying Static Transformations
Fra:1 Mem:11.05M (Peak 11.05M) | Time:00:00.00 | Mem:0.00M, Peak:0.00M | Scene, ViewLayer | Updating Particle Systems
Fra:1 Mem:11.05M (Peak 11.05M) | Time:00:00.00 | Mem:0.00M, Peak:0.00M | Scene, ViewLayer | Updating Particle Systems | Copying Particles to device
Fra:1 Mem:11.05M (Peak 11.05M) | Time:00:00.00 | Mem:0.00M, Peak:0.00M | Scene, ViewLayer | Updating Meshes
Fra:1 Mem:11.05M (Peak 11.05M) | Time:00:00.00 | Mem:0.00M, Peak:0.00M | Scene, ViewLayer | Updating Mesh | Computing attributes
Fra:1 Mem:11.05M (Peak 11.05M) | Time:00:00.00 | Mem:0.00M, Peak:0.00M | Scene, ViewLayer | Updating Mesh | Copying Attributes to device
Fra:1 Mem:11.05M (Peak 11.05M) | Time:00:00.00 | Mem:0.00M, Peak:0.00M | Scene, ViewLayer | Updating Scene BVH | Building
Fra:1 Mem:11.05M (Peak 11.05M) | Time:00:00.00 | Mem:0.00M, Peak:0.00M | Scene, ViewLayer | Updating Scene BVH | Building BVH
Fra:1 Mem:11.05M (Peak 11.05M) | Time:00:00.00 | Mem:0.00M, Peak:0.00M | Scene, ViewLayer | Updating Scene BVH | Building BVH 0%
Fra:1 Mem:11.05M (Peak 11.05M) | Time:00:00.00 | Mem:0.00M, Peak:0.00M | Scene, ViewLayer | Updating Scene BVH | Copying BVH to device
Fra:1 Mem:11.05M (Peak 11.05M) | Time:00:00.00 | Mem:0.00M, Peak:0.00M | Scene, ViewLayer | Updating Mesh | Computing normals
Fra:1 Mem:11.05M (Peak 11.05M) | Time:00:00.00 | Mem:0.00M, Peak:0.00M | Scene, ViewLayer | Updating Mesh | Copying Mesh to device
Fra:1 Mem:11.05M (Peak 11.05M) | Time:00:00.00 | Mem:0.01M, Peak:0.01M | Scene, ViewLayer | Updating Objects Flags
Fra:1 Mem:11.05M (Peak 11.05M) | Time:00:00.00 | Mem:0.01M, Peak:0.01M | Scene, ViewLayer | Updating Primitive Offsets
Fra:1 Mem:11.05M (Peak 11.05M) | Time:00:00.00 | Mem:0.01M, Peak:0.01M | Scene, ViewLayer | Updating Images
Fra:1 Mem:11.05M (Peak 11.05M) | Time:00:00.00 | Mem:0.01M, Peak:0.01M | Scene, ViewLayer | Updating Images | Loading 01352.exr
Fra:1 Mem:11.17M (Peak 11.17M) | Time:00:00.00 | Mem:0.01M, Peak:0.01M | Scene, ViewLayer | Updating Images | Loading crosshatched_0083.jpg
Fra:1 Mem:11.67M (Peak 11.67M) | Time:00:00.00 | Mem:0.61M, Peak:0.61M | Scene, ViewLayer | Updating Camera Volume
Fra:1 Mem:11.67M (Peak 11.67M) | Time:00:00.00 | Mem:0.61M, Peak:0.61M | Scene, ViewLayer | Updating Lookup Tables
Fra:1 Mem:11.67M (Peak 11.67M) | Time:00:00.00 | Mem:0.86M, Peak:0.86M | Scene, ViewLayer | Updating Lights
Fra:1 Mem:11.67M (Peak 11.67M) | Time:00:00.00 | Mem:0.86M, Peak:0.86M | Scene, ViewLayer | Updating Lights | Computing distribution
Fra:1 Mem:11.67M (Peak 11.67M) | Time:00:00.00 | Mem:0.86M, Peak:0.86M | Scene, ViewLayer | Updating Lights | Importance map
Fra:1 Mem:75.70M (Peak 363.80M) | Time:00:00.15 | Mem:64.90M, Peak:224.87M | Scene, ViewLayer | Updating Integrator
Fra:1 Mem:75.71M (Peak 363.80M) | Time:00:00.15 | Mem:64.91M, Peak:224.87M | Scene, ViewLayer | Updating Film
Fra:1 Mem:75.71M (Peak 363.80M) | Time:00:00.15 | Mem:64.66M, Peak:224.87M | Scene, ViewLayer | Updating Lookup Tables
Fra:1 Mem:75.71M (Peak 363.80M) | Time:00:00.15 | Mem:64.92M, Peak:224.87M | Scene, ViewLayer | Updating Baking
Fra:1 Mem:75.71M (Peak 363.80M) | Time:00:00.15 | Mem:64.92M, Peak:224.87M | Scene, ViewLayer | Updating Device | Writing constant memory
Fra:1 Mem:75.71M (Peak 363.80M) | Time:00:00.15 | Mem:64.92M, Peak:224.87M | Scene, ViewLayer | Sample 0/32
Fra:1 Mem:94.80M (Peak 363.80M) | Time:00:00.16 | Remaining:00:00.41 | Mem:83.92M, Peak:224.87M | Scene, ViewLayer | Sample 1/32
Fra:1 Mem:102.80M (Peak 363.80M) | Time:00:00.58 | Mem:83.92M, Peak:224.87M | Scene, ViewLayer | Sample 32/32
Fra:1 Mem:102.80M (Peak 363.80M) | Time:00:00.58 | Mem:83.92M, Peak:224.87M | Scene, ViewLayer | Finished
Saved: '/home/janus/iwi9-datasets/objaverse-rendering/no_textures_5/4033d59b50a145aeb0f8955282bd2526/005.png'
 Time: 00:00.62 (Saving: 00:00.03)

Fra:1 Mem:11.00M (Peak 11.03M) | Time:00:00.00 | Mem:0.00M, Peak:0.00M | Scene, ViewLayer | Synchronizing object | Object_4
Fra:1 Mem:11.00M (Peak 11.03M) | Time:00:00.00 | Mem:0.00M, Peak:0.00M | Scene, ViewLayer | Initializing
Fra:1 Mem:10.81M (Peak 11.03M) | Time:00:00.00 | Mem:0.00M, Peak:0.00M | Scene, ViewLayer | Waiting for render to start
Fra:1 Mem:10.82M (Peak 11.03M) | Time:00:00.00 | Mem:0.00M, Peak:0.00M | Scene, ViewLayer | Loading render kernels (may take a few minutes the first time)
Fra:1 Mem:10.82M (Peak 11.03M) | Time:00:00.00 | Mem:0.00M, Peak:0.00M | Scene, ViewLayer | Updating Scene
Fra:1 Mem:10.82M (Peak 11.03M) | Time:00:00.00 | Mem:0.00M, Peak:0.00M | Scene, ViewLayer | Updating Shaders
Fra:1 Mem:11.07M (Peak 11.07M) | Time:00:00.00 | Mem:0.00M, Peak:0.00M | Scene, ViewLayer | Updating Procedurals
Fra:1 Mem:11.07M (Peak 11.07M) | Time:00:00.00 | Mem:0.00M, Peak:0.00M | Scene, ViewLayer | Updating Background
Fra:1 Mem:11.07M (Peak 11.07M) | Time:00:00.00 | Mem:0.00M, Peak:0.00M | Scene, ViewLayer | Updating Camera
Fra:1 Mem:11.07M (Peak 11.07M) | Time:00:00.00 | Mem:0.00M, Peak:0.00M | Scene, ViewLayer | Updating Meshes Flags
Fra:1 Mem:11.07M (Peak 11.07M) | Time:00:00.00 | Mem:0.00M, Peak:0.00M | Scene, ViewLayer | Updating Objects
Fra:1 Mem:11.07M (Peak 11.07M) | Time:00:00.00 | Mem:0.00M, Peak:0.00M | Scene, ViewLayer | Updating Objects | Copying Transformations to device
Fra:1 Mem:11.07M (Peak 11.07M) | Time:00:00.00 | Mem:0.00M, Peak:0.00M | Scene, ViewLayer | Updating Objects | Applying Static Transformations
Fra:1 Mem:11.07M (Peak 11.07M) | Time:00:00.00 | Mem:0.00M, Peak:0.00M | Scene, ViewLayer | Updating Particle Systems
Fra:1 Mem:11.07M (Peak 11.07M) | Time:00:00.00 | Mem:0.00M, Peak:0.00M | Scene, ViewLayer | Updating Particle Systems | Copying Particles to device
Fra:1 Mem:11.07M (Peak 11.07M) | Time:00:00.00 | Mem:0.00M, Peak:0.00M | Scene, ViewLayer | Updating Meshes
Fra:1 Mem:11.07M (Peak 11.07M) | Time:00:00.00 | Mem:0.00M, Peak:0.00M | Scene, ViewLayer | Updating Mesh | Computing attributes
Fra:1 Mem:11.07M (Peak 11.07M) | Time:00:00.00 | Mem:0.00M, Peak:0.00M | Scene, ViewLayer | Updating Mesh | Copying Attributes to device
Fra:1 Mem:11.07M (Peak 11.07M) | Time:00:00.00 | Mem:0.00M, Peak:0.00M | Scene, ViewLayer | Updating Scene BVH | Building
Fra:1 Mem:11.07M (Peak 11.07M) | Time:00:00.00 | Mem:0.00M, Peak:0.00M | Scene, ViewLayer | Updating Scene BVH | Building BVH
Fra:1 Mem:11.07M (Peak 11.07M) | Time:00:00.00 | Mem:0.00M, Peak:0.00M | Scene, ViewLayer | Updating Scene BVH | Building BVH 0%
Fra:1 Mem:11.07M (Peak 11.07M) | Time:00:00.00 | Mem:0.00M, Peak:0.00M | Scene, ViewLayer | Updating Scene BVH | Copying BVH to device
Fra:1 Mem:11.07M (Peak 11.07M) | Time:00:00.00 | Mem:0.00M, Peak:0.00M | Scene, ViewLayer | Updating Mesh | Computing normals
Fra:1 Mem:11.07M (Peak 11.07M) | Time:00:00.00 | Mem:0.00M, Peak:0.00M | Scene, ViewLayer | Updating Mesh | Copying Mesh to device
Fra:1 Mem:11.07M (Peak 11.07M) | Time:00:00.00 | Mem:0.01M, Peak:0.01M | Scene, ViewLayer | Updating Objects Flags
Fra:1 Mem:11.07M (Peak 11.07M) | Time:00:00.00 | Mem:0.01M, Peak:0.01M | Scene, ViewLayer | Updating Primitive Offsets
Fra:1 Mem:11.07M (Peak 11.07M) | Time:00:00.00 | Mem:0.01M, Peak:0.01M | Scene, ViewLayer | Updating Images
Fra:1 Mem:11.07M (Peak 11.07M) | Time:00:00.00 | Mem:0.01M, Peak:0.01M | Scene, ViewLayer | Updating Images | Loading 01352.exr
Fra:1 Mem:11.20M (Peak 11.20M) | Time:00:00.00 | Mem:0.01M, Peak:0.01M | Scene, ViewLayer | Updating Images | Loading spiralled_0015.jpg
Fra:1 Mem:12.25M (Peak 12.25M) | Time:00:00.01 | Mem:1.17M, Peak:1.17M | Scene, ViewLayer | Updating Camera Volume
Fra:1 Mem:12.25M (Peak 12.25M) | Time:00:00.01 | Mem:1.17M, Peak:1.17M | Scene, ViewLayer | Updating Lookup Tables
Fra:1 Mem:12.25M (Peak 12.25M) | Time:00:00.01 | Mem:1.42M, Peak:1.42M | Scene, ViewLayer | Updating Lights
Fra:1 Mem:12.25M (Peak 12.25M) | Time:00:00.01 | Mem:1.42M, Peak:1.42M | Scene, ViewLayer | Updating Lights | Computing distribution
Fra:1 Mem:12.25M (Peak 12.25M) | Time:00:00.01 | Mem:1.42M, Peak:1.42M | Scene, ViewLayer | Updating Lights | Importance map
Fra:1 Mem:76.28M (Peak 364.38M) | Time:00:00.15 | Mem:65.47M, Peak:225.44M | Scene, ViewLayer | Updating Integrator
Fra:1 Mem:76.29M (Peak 364.38M) | Time:00:00.15 | Mem:65.47M, Peak:225.44M | Scene, ViewLayer | Updating Film
Fra:1 Mem:76.29M (Peak 364.38M) | Time:00:00.15 | Mem:65.22M, Peak:225.44M | Scene, ViewLayer | Updating Lookup Tables
Fra:1 Mem:76.29M (Peak 364.38M) | Time:00:00.15 | Mem:65.48M, Peak:225.44M | Scene, ViewLayer | Updating Baking
Fra:1 Mem:76.29M (Peak 364.38M) | Time:00:00.15 | Mem:65.48M, Peak:225.44M | Scene, ViewLayer | Updating Device | Writing constant memory
Fra:1 Mem:76.29M (Peak 364.38M) | Time:00:00.15 | Mem:65.48M, Peak:225.44M | Scene, ViewLayer | Sample 0/32
Fra:1 Mem:95.38M (Peak 364.38M) | Time:00:00.16 | Remaining:00:00.42 | Mem:84.48M, Peak:225.44M | Scene, ViewLayer | Sample 1/32
Fra:1 Mem:103.38M (Peak 364.38M) | Time:00:00.59 | Mem:84.48M, Peak:225.44M | Scene, ViewLayer | Sample 32/32
Fra:1 Mem:103.38M (Peak 364.38M) | Time:00:00.59 | Mem:84.48M, Peak:225.44M | Scene, ViewLayer | Finished
Saved: '/home/janus/iwi9-datasets/objaverse-rendering/no_textures_5/4033d59b50a145aeb0f8955282bd2526/006.png'
 Time: 00:00.62 (Saving: 00:00.03)

Fra:1 Mem:11.02M (Peak 11.05M) | Time:00:00.00 | Mem:0.00M, Peak:0.00M | Scene, ViewLayer | Synchronizing object | Object_4
Fra:1 Mem:11.02M (Peak 11.05M) | Time:00:00.00 | Mem:0.00M, Peak:0.00M | Scene, ViewLayer | Initializing
Fra:1 Mem:10.84M (Peak 11.05M) | Time:00:00.00 | Mem:0.00M, Peak:0.00M | Scene, ViewLayer | Waiting for render to start
Fra:1 Mem:10.84M (Peak 11.05M) | Time:00:00.00 | Mem:0.00M, Peak:0.00M | Scene, ViewLayer | Loading render kernels (may take a few minutes the first time)
Fra:1 Mem:10.84M (Peak 11.05M) | Time:00:00.00 | Mem:0.00M, Peak:0.00M | Scene, ViewLayer | Updating Scene
Fra:1 Mem:10.84M (Peak 11.05M) | Time:00:00.00 | Mem:0.00M, Peak:0.00M | Scene, ViewLayer | Updating Shaders
Fra:1 Mem:11.09M (Peak 11.09M) | Time:00:00.00 | Mem:0.00M, Peak:0.00M | Scene, ViewLayer | Updating Procedurals
Fra:1 Mem:11.09M (Peak 11.09M) | Time:00:00.00 | Mem:0.00M, Peak:0.00M | Scene, ViewLayer | Updating Background
Fra:1 Mem:11.09M (Peak 11.09M) | Time:00:00.00 | Mem:0.00M, Peak:0.00M | Scene, ViewLayer | Updating Camera
Fra:1 Mem:11.09M (Peak 11.09M) | Time:00:00.00 | Mem:0.00M, Peak:0.00M | Scene, ViewLayer | Updating Meshes Flags
Fra:1 Mem:11.09M (Peak 11.09M) | Time:00:00.00 | Mem:0.00M, Peak:0.00M | Scene, ViewLayer | Updating Objects
Fra:1 Mem:11.09M (Peak 11.09M) | Time:00:00.00 | Mem:0.00M, Peak:0.00M | Scene, ViewLayer | Updating Objects | Copying Transformations to device
Fra:1 Mem:11.09M (Peak 11.09M) | Time:00:00.00 | Mem:0.00M, Peak:0.00M | Scene, ViewLayer | Updating Objects | Applying Static Transformations
Fra:1 Mem:11.09M (Peak 11.09M) | Time:00:00.00 | Mem:0.00M, Peak:0.00M | Scene, ViewLayer | Updating Particle Systems
Fra:1 Mem:11.09M (Peak 11.09M) | Time:00:00.00 | Mem:0.00M, Peak:0.00M | Scene, ViewLayer | Updating Particle Systems | Copying Particles to device
Fra:1 Mem:11.09M (Peak 11.09M) | Time:00:00.00 | Mem:0.00M, Peak:0.00M | Scene, ViewLayer | Updating Meshes
Fra:1 Mem:11.09M (Peak 11.09M) | Time:00:00.00 | Mem:0.00M, Peak:0.00M | Scene, ViewLayer | Updating Mesh | Computing attributes
Fra:1 Mem:11.09M (Peak 11.09M) | Time:00:00.00 | Mem:0.00M, Peak:0.00M | Scene, ViewLayer | Updating Mesh | Copying Attributes to device
Fra:1 Mem:11.09M (Peak 11.09M) | Time:00:00.00 | Mem:0.00M, Peak:0.00M | Scene, ViewLayer | Updating Scene BVH | Building
Fra:1 Mem:11.09M (Peak 11.09M) | Time:00:00.00 | Mem:0.00M, Peak:0.00M | Scene, ViewLayer | Updating Scene BVH | Building BVH
Fra:1 Mem:11.09M (Peak 11.09M) | Time:00:00.00 | Mem:0.00M, Peak:0.00M | Scene, ViewLayer | Updating Scene BVH | Building BVH 0%
Fra:1 Mem:11.09M (Peak 11.09M) | Time:00:00.00 | Mem:0.00M, Peak:0.00M | Scene, ViewLayer | Updating Scene BVH | Copying BVH to device
Fra:1 Mem:11.09M (Peak 11.09M) | Time:00:00.00 | Mem:0.00M, Peak:0.00M | Scene, ViewLayer | Updating Mesh | Computing normals
Fra:1 Mem:11.09M (Peak 11.09M) | Time:00:00.00 | Mem:0.00M, Peak:0.00M | Scene, ViewLayer | Updating Mesh | Copying Mesh to device
Fra:1 Mem:11.09M (Peak 11.09M) | Time:00:00.00 | Mem:0.01M, Peak:0.01M | Scene, ViewLayer | Updating Objects Flags
Fra:1 Mem:11.09M (Peak 11.09M) | Time:00:00.00 | Mem:0.01M, Peak:0.01M | Scene, ViewLayer | Updating Primitive Offsets
Fra:1 Mem:11.09M (Peak 11.09M) | Time:00:00.00 | Mem:0.01M, Peak:0.01M | Scene, ViewLayer | Updating Images
Fra:1 Mem:11.09M (Peak 11.09M) | Time:00:00.00 | Mem:0.01M, Peak:0.01M | Scene, ViewLayer | Updating Images | Loading 01352.exr
Fra:1 Mem:11.22M (Peak 11.22M) | Time:00:00.00 | Mem:0.01M, Peak:0.01M | Scene, ViewLayer | Updating Images | Loading stratified_0085.jpg
Fra:1 Mem:12.19M (Peak 12.19M) | Time:00:00.01 | Mem:1.08M, Peak:1.08M | Scene, ViewLayer | Updating Camera Volume
Fra:1 Mem:12.19M (Peak 12.19M) | Time:00:00.01 | Mem:1.08M, Peak:1.08M | Scene, ViewLayer | Updating Lookup Tables
Fra:1 Mem:12.19M (Peak 12.19M) | Time:00:00.01 | Mem:1.33M, Peak:1.33M | Scene, ViewLayer | Updating Lights
Fra:1 Mem:12.19M (Peak 12.19M) | Time:00:00.01 | Mem:1.34M, Peak:1.34M | Scene, ViewLayer | Updating Lights | Computing distribution
Fra:1 Mem:12.19M (Peak 12.19M) | Time:00:00.01 | Mem:1.34M, Peak:1.34M | Scene, ViewLayer | Updating Lights | Importance map
Fra:1 Mem:76.22M (Peak 364.31M) | Time:00:00.15 | Mem:65.38M, Peak:225.35M | Scene, ViewLayer | Updating Integrator
Fra:1 Mem:76.22M (Peak 364.31M) | Time:00:00.15 | Mem:65.39M, Peak:225.35M | Scene, ViewLayer | Updating Film
Fra:1 Mem:76.23M (Peak 364.31M) | Time:00:00.15 | Mem:65.14M, Peak:225.35M | Scene, ViewLayer | Updating Lookup Tables
Fra:1 Mem:76.23M (Peak 364.31M) | Time:00:00.15 | Mem:65.39M, Peak:225.35M | Scene, ViewLayer | Updating Baking
Fra:1 Mem:76.23M (Peak 364.31M) | Time:00:00.15 | Mem:65.39M, Peak:225.35M | Scene, ViewLayer | Updating Device | Writing constant memory
Fra:1 Mem:76.23M (Peak 364.31M) | Time:00:00.15 | Mem:65.39M, Peak:225.35M | Scene, ViewLayer | Sample 0/32
Fra:1 Mem:95.32M (Peak 364.31M) | Time:00:00.16 | Remaining:00:00.41 | Mem:84.39M, Peak:225.35M | Scene, ViewLayer | Sample 1/32
Fra:1 Mem:103.32M (Peak 364.31M) | Time:00:00.61 | Mem:84.39M, Peak:225.35M | Scene, ViewLayer | Sample 32/32
Fra:1 Mem:103.32M (Peak 364.31M) | Time:00:00.61 | Mem:84.39M, Peak:225.35M | Scene, ViewLayer | Finished
Saved: '/home/janus/iwi9-datasets/objaverse-rendering/no_textures_5/4033d59b50a145aeb0f8955282bd2526/007.png'
 Time: 00:00.65 (Saving: 00:00.03)

Fra:1 Mem:11.04M (Peak 11.08M) | Time:00:00.00 | Mem:0.00M, Peak:0.00M | Scene, ViewLayer | Synchronizing object | Object_4
Fra:1 Mem:11.04M (Peak 11.08M) | Time:00:00.00 | Mem:0.00M, Peak:0.00M | Scene, ViewLayer | Initializing
Fra:1 Mem:10.86M (Peak 11.08M) | Time:00:00.00 | Mem:0.00M, Peak:0.00M | Scene, ViewLayer | Waiting for render to start
Fra:1 Mem:10.86M (Peak 11.08M) | Time:00:00.00 | Mem:0.00M, Peak:0.00M | Scene, ViewLayer | Loading render kernels (may take a few minutes the first time)
Fra:1 Mem:10.86M (Peak 11.08M) | Time:00:00.00 | Mem:0.00M, Peak:0.00M | Scene, ViewLayer | Updating Scene
Fra:1 Mem:10.86M (Peak 11.08M) | Time:00:00.00 | Mem:0.00M, Peak:0.00M | Scene, ViewLayer | Updating Shaders
Fra:1 Mem:11.11M (Peak 11.11M) | Time:00:00.00 | Mem:0.00M, Peak:0.00M | Scene, ViewLayer | Updating Procedurals
Fra:1 Mem:11.11M (Peak 11.11M) | Time:00:00.00 | Mem:0.00M, Peak:0.00M | Scene, ViewLayer | Updating Background
Fra:1 Mem:11.11M (Peak 11.11M) | Time:00:00.00 | Mem:0.00M, Peak:0.00M | Scene, ViewLayer | Updating Camera
Fra:1 Mem:11.11M (Peak 11.11M) | Time:00:00.00 | Mem:0.00M, Peak:0.00M | Scene, ViewLayer | Updating Meshes Flags
Fra:1 Mem:11.11M (Peak 11.11M) | Time:00:00.00 | Mem:0.00M, Peak:0.00M | Scene, ViewLayer | Updating Objects
Fra:1 Mem:11.11M (Peak 11.11M) | Time:00:00.00 | Mem:0.00M, Peak:0.00M | Scene, ViewLayer | Updating Objects | Copying Transformations to device
Fra:1 Mem:11.11M (Peak 11.11M) | Time:00:00.00 | Mem:0.00M, Peak:0.00M | Scene, ViewLayer | Updating Objects | Applying Static Transformations
Fra:1 Mem:11.11M (Peak 11.11M) | Time:00:00.00 | Mem:0.00M, Peak:0.00M | Scene, ViewLayer | Updating Particle Systems
Fra:1 Mem:11.11M (Peak 11.11M) | Time:00:00.00 | Mem:0.00M, Peak:0.00M | Scene, ViewLayer | Updating Particle Systems | Copying Particles to device
Fra:1 Mem:11.11M (Peak 11.11M) | Time:00:00.00 | Mem:0.00M, Peak:0.00M | Scene, ViewLayer | Updating Meshes
Fra:1 Mem:11.11M (Peak 11.11M) | Time:00:00.00 | Mem:0.00M, Peak:0.00M | Scene, ViewLayer | Updating Mesh | Computing attributes
Fra:1 Mem:11.11M (Peak 11.11M) | Time:00:00.00 | Mem:0.00M, Peak:0.00M | Scene, ViewLayer | Updating Mesh | Copying Attributes to device
Fra:1 Mem:11.11M (Peak 11.11M) | Time:00:00.00 | Mem:0.00M, Peak:0.00M | Scene, ViewLayer | Updating Scene BVH | Building
Fra:1 Mem:11.11M (Peak 11.11M) | Time:00:00.00 | Mem:0.00M, Peak:0.00M | Scene, ViewLayer | Updating Scene BVH | Building BVH
Fra:1 Mem:11.11M (Peak 11.11M) | Time:00:00.00 | Mem:0.00M, Peak:0.00M | Scene, ViewLayer | Updating Scene BVH | Building BVH 0%
Fra:1 Mem:11.11M (Peak 11.11M) | Time:00:00.00 | Mem:0.00M, Peak:0.00M | Scene, ViewLayer | Updating Scene BVH | Copying BVH to device
Fra:1 Mem:11.11M (Peak 11.11M) | Time:00:00.00 | Mem:0.00M, Peak:0.00M | Scene, ViewLayer | Updating Mesh | Computing normals
Fra:1 Mem:11.12M (Peak 11.12M) | Time:00:00.00 | Mem:0.00M, Peak:0.00M | Scene, ViewLayer | Updating Mesh | Copying Mesh to device
Fra:1 Mem:11.12M (Peak 11.12M) | Time:00:00.00 | Mem:0.01M, Peak:0.01M | Scene, ViewLayer | Updating Objects Flags
Fra:1 Mem:11.12M (Peak 11.12M) | Time:00:00.00 | Mem:0.01M, Peak:0.01M | Scene, ViewLayer | Updating Primitive Offsets
Fra:1 Mem:11.12M (Peak 11.12M) | Time:00:00.00 | Mem:0.01M, Peak:0.01M | Scene, ViewLayer | Updating Images
Fra:1 Mem:11.12M (Peak 11.12M) | Time:00:00.00 | Mem:0.01M, Peak:0.01M | Scene, ViewLayer | Updating Images | Loading 01352.exr
Fra:1 Mem:11.24M (Peak 11.24M) | Time:00:00.00 | Mem:0.01M, Peak:0.01M | Scene, ViewLayer | Updating Images | Loading flecked_0129.jpg
Fra:1 Mem:12.09M (Peak 12.09M) | Time:00:00.00 | Mem:0.97M, Peak:0.97M | Scene, ViewLayer | Updating Camera Volume
Fra:1 Mem:12.09M (Peak 12.09M) | Time:00:00.00 | Mem:0.97M, Peak:0.97M | Scene, ViewLayer | Updating Lookup Tables
Fra:1 Mem:12.09M (Peak 12.09M) | Time:00:00.00 | Mem:1.22M, Peak:1.22M | Scene, ViewLayer | Updating Lights
Fra:1 Mem:12.10M (Peak 12.10M) | Time:00:00.00 | Mem:1.22M, Peak:1.22M | Scene, ViewLayer | Updating Lights | Computing distribution
Fra:1 Mem:12.10M (Peak 12.10M) | Time:00:00.00 | Mem:1.22M, Peak:1.22M | Scene, ViewLayer | Updating Lights | Importance map
Fra:1 Mem:76.13M (Peak 364.22M) | Time:00:00.15 | Mem:65.27M, Peak:225.23M | Scene, ViewLayer | Updating Integrator
Fra:1 Mem:76.13M (Peak 364.22M) | Time:00:00.15 | Mem:65.27M, Peak:225.23M | Scene, ViewLayer | Updating Film
Fra:1 Mem:76.14M (Peak 364.22M) | Time:00:00.15 | Mem:65.02M, Peak:225.23M | Scene, ViewLayer | Updating Lookup Tables
Fra:1 Mem:76.14M (Peak 364.22M) | Time:00:00.15 | Mem:65.28M, Peak:225.23M | Scene, ViewLayer | Updating Baking
Fra:1 Mem:76.14M (Peak 364.22M) | Time:00:00.15 | Mem:65.28M, Peak:225.23M | Scene, ViewLayer | Updating Device | Writing constant memory
Fra:1 Mem:76.14M (Peak 364.22M) | Time:00:00.15 | Mem:65.28M, Peak:225.23M | Scene, ViewLayer | Sample 0/32
Fra:1 Mem:95.23M (Peak 364.22M) | Time:00:00.16 | Remaining:00:00.41 | Mem:84.28M, Peak:225.23M | Scene, ViewLayer | Sample 1/32
Fra:1 Mem:103.23M (Peak 364.22M) | Time:00:00.58 | Mem:84.28M, Peak:225.23M | Scene, ViewLayer | Sample 32/32
Fra:1 Mem:103.23M (Peak 364.22M) | Time:00:00.58 | Mem:84.28M, Peak:225.23M | Scene, ViewLayer | Finished
Saved: '/home/janus/iwi9-datasets/objaverse-rendering/no_textures_5/4033d59b50a145aeb0f8955282bd2526/008.png'
 Time: 00:00.61 (Saving: 00:00.03)

Fra:1 Mem:11.07M (Peak 11.10M) | Time:00:00.00 | Mem:0.00M, Peak:0.00M | Scene, ViewLayer | Synchronizing object | Object_4
Fra:1 Mem:11.07M (Peak 11.10M) | Time:00:00.00 | Mem:0.00M, Peak:0.00M | Scene, ViewLayer | Initializing
Fra:1 Mem:10.88M (Peak 11.10M) | Time:00:00.00 | Mem:0.00M, Peak:0.00M | Scene, ViewLayer | Waiting for render to start
Fra:1 Mem:10.89M (Peak 11.10M) | Time:00:00.00 | Mem:0.00M, Peak:0.00M | Scene, ViewLayer | Loading render kernels (may take a few minutes the first time)
Fra:1 Mem:10.89M (Peak 11.10M) | Time:00:00.00 | Mem:0.00M, Peak:0.00M | Scene, ViewLayer | Updating Scene
Fra:1 Mem:10.89M (Peak 11.10M) | Time:00:00.00 | Mem:0.00M, Peak:0.00M | Scene, ViewLayer | Updating Shaders
Fra:1 Mem:11.14M (Peak 11.14M) | Time:00:00.00 | Mem:0.00M, Peak:0.00M | Scene, ViewLayer | Updating Procedurals
Fra:1 Mem:11.14M (Peak 11.14M) | Time:00:00.00 | Mem:0.00M, Peak:0.00M | Scene, ViewLayer | Updating Background
Fra:1 Mem:11.14M (Peak 11.14M) | Time:00:00.00 | Mem:0.00M, Peak:0.00M | Scene, ViewLayer | Updating Camera
Fra:1 Mem:11.14M (Peak 11.14M) | Time:00:00.00 | Mem:0.00M, Peak:0.00M | Scene, ViewLayer | Updating Meshes Flags
Fra:1 Mem:11.14M (Peak 11.14M) | Time:00:00.00 | Mem:0.00M, Peak:0.00M | Scene, ViewLayer | Updating Objects
Fra:1 Mem:11.14M (Peak 11.14M) | Time:00:00.00 | Mem:0.00M, Peak:0.00M | Scene, ViewLayer | Updating Objects | Copying Transformations to device
Fra:1 Mem:11.14M (Peak 11.14M) | Time:00:00.00 | Mem:0.00M, Peak:0.00M | Scene, ViewLayer | Updating Objects | Applying Static Transformations
Fra:1 Mem:11.14M (Peak 11.14M) | Time:00:00.00 | Mem:0.00M, Peak:0.00M | Scene, ViewLayer | Updating Particle Systems
Fra:1 Mem:11.14M (Peak 11.14M) | Time:00:00.00 | Mem:0.00M, Peak:0.00M | Scene, ViewLayer | Updating Particle Systems | Copying Particles to device
Fra:1 Mem:11.14M (Peak 11.14M) | Time:00:00.00 | Mem:0.00M, Peak:0.00M | Scene, ViewLayer | Updating Meshes
Fra:1 Mem:11.14M (Peak 11.14M) | Time:00:00.00 | Mem:0.00M, Peak:0.00M | Scene, ViewLayer | Updating Mesh | Computing attributes
Fra:1 Mem:11.14M (Peak 11.14M) | Time:00:00.00 | Mem:0.00M, Peak:0.00M | Scene, ViewLayer | Updating Mesh | Copying Attributes to device
Fra:1 Mem:11.14M (Peak 11.14M) | Time:00:00.00 | Mem:0.00M, Peak:0.00M | Scene, ViewLayer | Updating Scene BVH | Building
Fra:1 Mem:11.14M (Peak 11.14M) | Time:00:00.00 | Mem:0.00M, Peak:0.00M | Scene, ViewLayer | Updating Scene BVH | Building BVH
Fra:1 Mem:11.14M (Peak 11.14M) | Time:00:00.00 | Mem:0.00M, Peak:0.00M | Scene, ViewLayer | Updating Scene BVH | Building BVH 0%
Fra:1 Mem:11.14M (Peak 11.14M) | Time:00:00.00 | Mem:0.00M, Peak:0.00M | Scene, ViewLayer | Updating Scene BVH | Copying BVH to device
Fra:1 Mem:11.14M (Peak 11.14M) | Time:00:00.00 | Mem:0.00M, Peak:0.00M | Scene, ViewLayer | Updating Mesh | Computing normals
Fra:1 Mem:11.14M (Peak 11.14M) | Time:00:00.00 | Mem:0.00M, Peak:0.00M | Scene, ViewLayer | Updating Mesh | Copying Mesh to device
Fra:1 Mem:11.14M (Peak 11.14M) | Time:00:00.00 | Mem:0.01M, Peak:0.01M | Scene, ViewLayer | Updating Objects Flags
Fra:1 Mem:11.14M (Peak 11.14M) | Time:00:00.00 | Mem:0.01M, Peak:0.01M | Scene, ViewLayer | Updating Primitive Offsets
Fra:1 Mem:11.14M (Peak 11.14M) | Time:00:00.00 | Mem:0.01M, Peak:0.01M | Scene, ViewLayer | Updating Images
Fra:1 Mem:11.14M (Peak 11.14M) | Time:00:00.00 | Mem:0.01M, Peak:0.01M | Scene, ViewLayer | Updating Images | Loading 01352.exr
Fra:1 Mem:11.26M (Peak 11.27M) | Time:00:00.00 | Mem:0.01M, Peak:0.01M | Scene, ViewLayer | Updating Images | Loading spiralled_0016.jpg
Fra:1 Mem:12.16M (Peak 12.16M) | Time:00:00.00 | Mem:1.01M, Peak:1.01M | Scene, ViewLayer | Updating Camera Volume
Fra:1 Mem:12.16M (Peak 12.16M) | Time:00:00.00 | Mem:1.01M, Peak:1.01M | Scene, ViewLayer | Updating Lookup Tables
Fra:1 Mem:12.16M (Peak 12.16M) | Time:00:00.00 | Mem:1.26M, Peak:1.26M | Scene, ViewLayer | Updating Lights
Fra:1 Mem:12.16M (Peak 12.16M) | Time:00:00.00 | Mem:1.26M, Peak:1.26M | Scene, ViewLayer | Updating Lights | Computing distribution
Fra:1 Mem:12.16M (Peak 12.16M) | Time:00:00.00 | Mem:1.26M, Peak:1.26M | Scene, ViewLayer | Updating Lights | Importance map
Fra:1 Mem:76.19M (Peak 364.28M) | Time:00:00.15 | Mem:65.30M, Peak:225.27M | Scene, ViewLayer | Updating Integrator
Fra:1 Mem:76.20M (Peak 364.28M) | Time:00:00.15 | Mem:65.31M, Peak:225.27M | Scene, ViewLayer | Updating Film
Fra:1 Mem:76.20M (Peak 364.28M) | Time:00:00.15 | Mem:65.06M, Peak:225.27M | Scene, ViewLayer | Updating Lookup Tables
Fra:1 Mem:76.20M (Peak 364.28M) | Time:00:00.15 | Mem:65.31M, Peak:225.27M | Scene, ViewLayer | Updating Baking
Fra:1 Mem:76.20M (Peak 364.28M) | Time:00:00.15 | Mem:65.31M, Peak:225.27M | Scene, ViewLayer | Updating Device | Writing constant memory
Fra:1 Mem:76.20M (Peak 364.28M) | Time:00:00.15 | Mem:65.31M, Peak:225.27M | Scene, ViewLayer | Sample 0/32
Fra:1 Mem:95.29M (Peak 364.28M) | Time:00:00.16 | Remaining:00:00.41 | Mem:84.31M, Peak:225.27M | Scene, ViewLayer | Sample 1/32
Fra:1 Mem:103.29M (Peak 364.28M) | Time:00:00.58 | Mem:84.31M, Peak:225.27M | Scene, ViewLayer | Sample 32/32
Fra:1 Mem:103.29M (Peak 364.28M) | Time:00:00.58 | Mem:84.31M, Peak:225.27M | Scene, ViewLayer | Finished
Saved: '/home/janus/iwi9-datasets/objaverse-rendering/no_textures_5/4033d59b50a145aeb0f8955282bd2526/009.png'
 Time: 00:00.61 (Saving: 00:00.03)

Fra:1 Mem:11.10M (Peak 11.13M) | Time:00:00.00 | Mem:0.00M, Peak:0.00M | Scene, ViewLayer | Synchronizing object | Object_4
Fra:1 Mem:11.10M (Peak 11.13M) | Time:00:00.00 | Mem:0.00M, Peak:0.00M | Scene, ViewLayer | Initializing
Fra:1 Mem:10.91M (Peak 11.13M) | Time:00:00.00 | Mem:0.00M, Peak:0.00M | Scene, ViewLayer | Waiting for render to start
Fra:1 Mem:10.91M (Peak 11.13M) | Time:00:00.00 | Mem:0.00M, Peak:0.00M | Scene, ViewLayer | Loading render kernels (may take a few minutes the first time)
Fra:1 Mem:10.91M (Peak 11.13M) | Time:00:00.00 | Mem:0.00M, Peak:0.00M | Scene, ViewLayer | Updating Scene
Fra:1 Mem:10.91M (Peak 11.13M) | Time:00:00.00 | Mem:0.00M, Peak:0.00M | Scene, ViewLayer | Updating Shaders
Fra:1 Mem:11.17M (Peak 11.17M) | Time:00:00.00 | Mem:0.00M, Peak:0.00M | Scene, ViewLayer | Updating Procedurals
Fra:1 Mem:11.17M (Peak 11.17M) | Time:00:00.00 | Mem:0.00M, Peak:0.00M | Scene, ViewLayer | Updating Background
Fra:1 Mem:11.17M (Peak 11.17M) | Time:00:00.00 | Mem:0.00M, Peak:0.00M | Scene, ViewLayer | Updating Camera
Fra:1 Mem:11.17M (Peak 11.17M) | Time:00:00.00 | Mem:0.00M, Peak:0.00M | Scene, ViewLayer | Updating Meshes Flags
Fra:1 Mem:11.17M (Peak 11.17M) | Time:00:00.00 | Mem:0.00M, Peak:0.00M | Scene, ViewLayer | Updating Objects
Fra:1 Mem:11.17M (Peak 11.17M) | Time:00:00.00 | Mem:0.00M, Peak:0.00M | Scene, ViewLayer | Updating Objects | Copying Transformations to device
Fra:1 Mem:11.17M (Peak 11.17M) | Time:00:00.00 | Mem:0.00M, Peak:0.00M | Scene, ViewLayer | Updating Objects | Applying Static Transformations
Fra:1 Mem:11.17M (Peak 11.17M) | Time:00:00.00 | Mem:0.00M, Peak:0.00M | Scene, ViewLayer | Updating Particle Systems
Fra:1 Mem:11.17M (Peak 11.17M) | Time:00:00.00 | Mem:0.00M, Peak:0.00M | Scene, ViewLayer | Updating Particle Systems | Copying Particles to device
Fra:1 Mem:11.17M (Peak 11.17M) | Time:00:00.00 | Mem:0.00M, Peak:0.00M | Scene, ViewLayer | Updating Meshes
Fra:1 Mem:11.17M (Peak 11.17M) | Time:00:00.00 | Mem:0.00M, Peak:0.00M | Scene, ViewLayer | Updating Mesh | Computing attributes
Fra:1 Mem:11.17M (Peak 11.17M) | Time:00:00.00 | Mem:0.00M, Peak:0.00M | Scene, ViewLayer | Updating Mesh | Copying Attributes to device
Fra:1 Mem:11.17M (Peak 11.17M) | Time:00:00.00 | Mem:0.00M, Peak:0.00M | Scene, ViewLayer | Updating Scene BVH | Building
Fra:1 Mem:11.17M (Peak 11.17M) | Time:00:00.00 | Mem:0.00M, Peak:0.00M | Scene, ViewLayer | Updating Scene BVH | Building BVH
Fra:1 Mem:11.17M (Peak 11.17M) | Time:00:00.00 | Mem:0.00M, Peak:0.00M | Scene, ViewLayer | Updating Scene BVH | Building BVH 0%
Fra:1 Mem:11.17M (Peak 11.17M) | Time:00:00.00 | Mem:0.00M, Peak:0.00M | Scene, ViewLayer | Updating Scene BVH | Copying BVH to device
Fra:1 Mem:11.17M (Peak 11.17M) | Time:00:00.00 | Mem:0.00M, Peak:0.00M | Scene, ViewLayer | Updating Mesh | Computing normals
Fra:1 Mem:11.17M (Peak 11.17M) | Time:00:00.00 | Mem:0.00M, Peak:0.00M | Scene, ViewLayer | Updating Mesh | Copying Mesh to device
Fra:1 Mem:11.17M (Peak 11.17M) | Time:00:00.00 | Mem:0.01M, Peak:0.01M | Scene, ViewLayer | Updating Objects Flags
Fra:1 Mem:11.17M (Peak 11.17M) | Time:00:00.00 | Mem:0.01M, Peak:0.01M | Scene, ViewLayer | Updating Primitive Offsets
Fra:1 Mem:11.17M (Peak 11.17M) | Time:00:00.00 | Mem:0.01M, Peak:0.01M | Scene, ViewLayer | Updating Images
Fra:1 Mem:11.17M (Peak 11.17M) | Time:00:00.00 | Mem:0.01M, Peak:0.01M | Scene, ViewLayer | Updating Images | Loading 01352.exr
Fra:1 Mem:11.29M (Peak 11.29M) | Time:00:00.00 | Mem:0.01M, Peak:0.01M | Scene, ViewLayer | Updating Images | Loading pleated_0083.jpg
Fra:1 Mem:11.97M (Peak 11.97M) | Time:00:00.00 | Mem:0.79M, Peak:0.79M | Scene, ViewLayer | Updating Camera Volume
Fra:1 Mem:11.97M (Peak 11.97M) | Time:00:00.00 | Mem:0.79M, Peak:0.79M | Scene, ViewLayer | Updating Lookup Tables
Fra:1 Mem:11.97M (Peak 11.97M) | Time:00:00.00 | Mem:1.04M, Peak:1.04M | Scene, ViewLayer | Updating Lights
Fra:1 Mem:11.97M (Peak 11.97M) | Time:00:00.00 | Mem:1.04M, Peak:1.04M | Scene, ViewLayer | Updating Lights | Computing distribution
Fra:1 Mem:11.97M (Peak 11.97M) | Time:00:00.00 | Mem:1.04M, Peak:1.04M | Scene, ViewLayer | Updating Lights | Importance map
Fra:1 Mem:76.00M (Peak 364.10M) | Time:00:00.14 | Mem:65.09M, Peak:225.05M | Scene, ViewLayer | Updating Integrator
Fra:1 Mem:76.01M (Peak 364.10M) | Time:00:00.15 | Mem:65.09M, Peak:225.05M | Scene, ViewLayer | Updating Film
Fra:1 Mem:76.01M (Peak 364.10M) | Time:00:00.15 | Mem:64.84M, Peak:225.05M | Scene, ViewLayer | Updating Lookup Tables
Fra:1 Mem:76.01M (Peak 364.10M) | Time:00:00.15 | Mem:65.10M, Peak:225.05M | Scene, ViewLayer | Updating Baking
Fra:1 Mem:76.01M (Peak 364.10M) | Time:00:00.15 | Mem:65.10M, Peak:225.05M | Scene, ViewLayer | Updating Device | Writing constant memory
Fra:1 Mem:76.01M (Peak 364.10M) | Time:00:00.15 | Mem:65.10M, Peak:225.05M | Scene, ViewLayer | Sample 0/32
Fra:1 Mem:95.10M (Peak 364.10M) | Time:00:00.16 | Remaining:00:00.41 | Mem:84.10M, Peak:225.05M | Scene, ViewLayer | Sample 1/32
Fra:1 Mem:103.10M (Peak 364.10M) | Time:00:00.59 | Mem:84.10M, Peak:225.05M | Scene, ViewLayer | Sample 32/32
Fra:1 Mem:103.10M (Peak 364.10M) | Time:00:00.59 | Mem:84.10M, Peak:225.05M | Scene, ViewLayer | Finished
Saved: '/home/janus/iwi9-datasets/objaverse-rendering/no_textures_5/4033d59b50a145aeb0f8955282bd2526/010.png'
 Time: 00:00.62 (Saving: 00:00.03)

Fra:1 Mem:11.12M (Peak 11.15M) | Time:00:00.00 | Mem:0.00M, Peak:0.00M | Scene, ViewLayer | Synchronizing object | Object_4
Fra:1 Mem:11.12M (Peak 11.15M) | Time:00:00.00 | Mem:0.00M, Peak:0.00M | Scene, ViewLayer | Initializing
Fra:1 Mem:10.93M (Peak 11.15M) | Time:00:00.00 | Mem:0.00M, Peak:0.00M | Scene, ViewLayer | Waiting for render to start
Fra:1 Mem:10.94M (Peak 11.15M) | Time:00:00.00 | Mem:0.00M, Peak:0.00M | Scene, ViewLayer | Loading render kernels (may take a few minutes the first time)
Fra:1 Mem:10.94M (Peak 11.15M) | Time:00:00.00 | Mem:0.00M, Peak:0.00M | Scene, ViewLayer | Updating Scene
Fra:1 Mem:10.94M (Peak 11.15M) | Time:00:00.00 | Mem:0.00M, Peak:0.00M | Scene, ViewLayer | Updating Shaders
Fra:1 Mem:11.19M (Peak 11.19M) | Time:00:00.00 | Mem:0.00M, Peak:0.00M | Scene, ViewLayer | Updating Procedurals
Fra:1 Mem:11.19M (Peak 11.19M) | Time:00:00.00 | Mem:0.00M, Peak:0.00M | Scene, ViewLayer | Updating Background
Fra:1 Mem:11.19M (Peak 11.19M) | Time:00:00.00 | Mem:0.00M, Peak:0.00M | Scene, ViewLayer | Updating Camera
Fra:1 Mem:11.19M (Peak 11.19M) | Time:00:00.00 | Mem:0.00M, Peak:0.00M | Scene, ViewLayer | Updating Meshes Flags
Fra:1 Mem:11.19M (Peak 11.19M) | Time:00:00.00 | Mem:0.00M, Peak:0.00M | Scene, ViewLayer | Updating Objects
Fra:1 Mem:11.19M (Peak 11.19M) | Time:00:00.00 | Mem:0.00M, Peak:0.00M | Scene, ViewLayer | Updating Objects | Copying Transformations to device
Fra:1 Mem:11.19M (Peak 11.19M) | Time:00:00.00 | Mem:0.00M, Peak:0.00M | Scene, ViewLayer | Updating Objects | Applying Static Transformations
Fra:1 Mem:11.19M (Peak 11.19M) | Time:00:00.00 | Mem:0.00M, Peak:0.00M | Scene, ViewLayer | Updating Particle Systems
Fra:1 Mem:11.19M (Peak 11.19M) | Time:00:00.00 | Mem:0.00M, Peak:0.00M | Scene, ViewLayer | Updating Particle Systems | Copying Particles to device
Fra:1 Mem:11.19M (Peak 11.19M) | Time:00:00.00 | Mem:0.00M, Peak:0.00M | Scene, ViewLayer | Updating Meshes
Fra:1 Mem:11.19M (Peak 11.19M) | Time:00:00.00 | Mem:0.00M, Peak:0.00M | Scene, ViewLayer | Updating Mesh | Computing attributes
Fra:1 Mem:11.19M (Peak 11.19M) | Time:00:00.00 | Mem:0.00M, Peak:0.00M | Scene, ViewLayer | Updating Mesh | Copying Attributes to device
Fra:1 Mem:11.19M (Peak 11.19M) | Time:00:00.00 | Mem:0.00M, Peak:0.00M | Scene, ViewLayer | Updating Scene BVH | Building
Fra:1 Mem:11.19M (Peak 11.19M) | Time:00:00.00 | Mem:0.00M, Peak:0.00M | Scene, ViewLayer | Updating Scene BVH | Building BVH
Fra:1 Mem:11.19M (Peak 11.19M) | Time:00:00.00 | Mem:0.00M, Peak:0.00M | Scene, ViewLayer | Updating Scene BVH | Building BVH 0%
Fra:1 Mem:11.19M (Peak 11.19M) | Time:00:00.00 | Mem:0.00M, Peak:0.00M | Scene, ViewLayer | Updating Scene BVH | Copying BVH to device
Fra:1 Mem:11.19M (Peak 11.19M) | Time:00:00.00 | Mem:0.00M, Peak:0.00M | Scene, ViewLayer | Updating Mesh | Computing normals
Fra:1 Mem:11.19M (Peak 11.19M) | Time:00:00.00 | Mem:0.00M, Peak:0.00M | Scene, ViewLayer | Updating Mesh | Copying Mesh to device
Fra:1 Mem:11.19M (Peak 11.19M) | Time:00:00.00 | Mem:0.01M, Peak:0.01M | Scene, ViewLayer | Updating Objects Flags
Fra:1 Mem:11.19M (Peak 11.19M) | Time:00:00.00 | Mem:0.01M, Peak:0.01M | Scene, ViewLayer | Updating Primitive Offsets
Fra:1 Mem:11.19M (Peak 11.19M) | Time:00:00.00 | Mem:0.01M, Peak:0.01M | Scene, ViewLayer | Updating Images
Fra:1 Mem:11.19M (Peak 11.19M) | Time:00:00.00 | Mem:0.01M, Peak:0.01M | Scene, ViewLayer | Updating Images | Loading 01352.exr
Fra:1 Mem:11.32M (Peak 11.32M) | Time:00:00.00 | Mem:0.01M, Peak:0.01M | Scene, ViewLayer | Updating Images | Loading porous_0159.jpg
Fra:1 Mem:11.69M (Peak 11.69M) | Time:00:00.00 | Mem:0.49M, Peak:0.49M | Scene, ViewLayer | Updating Camera Volume
Fra:1 Mem:11.69M (Peak 11.69M) | Time:00:00.00 | Mem:0.49M, Peak:0.49M | Scene, ViewLayer | Updating Lookup Tables
Fra:1 Mem:11.69M (Peak 11.69M) | Time:00:00.00 | Mem:0.74M, Peak:0.74M | Scene, ViewLayer | Updating Lights
Fra:1 Mem:11.69M (Peak 11.69M) | Time:00:00.00 | Mem:0.74M, Peak:0.74M | Scene, ViewLayer | Updating Lights | Computing distribution
Fra:1 Mem:11.69M (Peak 11.69M) | Time:00:00.00 | Mem:0.74M, Peak:0.74M | Scene, ViewLayer | Updating Lights | Importance map
Fra:1 Mem:75.72M (Peak 363.81M) | Time:00:00.15 | Mem:64.78M, Peak:224.75M | Scene, ViewLayer | Updating Integrator
Fra:1 Mem:75.72M (Peak 363.81M) | Time:00:00.15 | Mem:64.79M, Peak:224.75M | Scene, ViewLayer | Updating Film
Fra:1 Mem:75.73M (Peak 363.81M) | Time:00:00.15 | Mem:64.54M, Peak:224.75M | Scene, ViewLayer | Updating Lookup Tables
Fra:1 Mem:75.73M (Peak 363.81M) | Time:00:00.15 | Mem:64.79M, Peak:224.75M | Scene, ViewLayer | Updating Baking
Fra:1 Mem:75.73M (Peak 363.81M) | Time:00:00.15 | Mem:64.79M, Peak:224.75M | Scene, ViewLayer | Updating Device | Writing constant memory
Fra:1 Mem:75.73M (Peak 363.81M) | Time:00:00.15 | Mem:64.79M, Peak:224.75M | Scene, ViewLayer | Sample 0/32
Fra:1 Mem:94.82M (Peak 363.81M) | Time:00:00.16 | Remaining:00:00.43 | Mem:83.79M, Peak:224.75M | Scene, ViewLayer | Sample 1/32
Fra:1 Mem:102.82M (Peak 363.81M) | Time:00:00.59 | Mem:83.79M, Peak:224.75M | Scene, ViewLayer | Sample 32/32
Fra:1 Mem:102.82M (Peak 363.81M) | Time:00:00.59 | Mem:83.79M, Peak:224.75M | Scene, ViewLayer | Finished
Saved: '/home/janus/iwi9-datasets/objaverse-rendering/no_textures_5/4033d59b50a145aeb0f8955282bd2526/011.png'
 Time: 00:00.62 (Saving: 00:00.03)

Data are loaded, start creating Blender stuff
glTF import finished in 0.00s
Finished /home/janus/iwi9-datasets/objaverse-objects/hf-objaverse-v1/glbs/000-075/4033d59b50a145aeb0f8955282bd2526.glb in 8.282255411148071 seconds

Blender quit
/home/janus/iwi9-datasets/objaverse-objects/hf-objaverse-v1/glbs/000-123/d8ac823f63cf47af83b5f2c44b322ca3.glb
Blender 3.3.1 (hash b292cfe5a936 built 2022-10-05 00:14:35)
/run/user/210289/gvfs/ non-existent directory
Fra:1 Mem:10.22M (Peak 10.56M) | Time:00:00.00 | Mem:0.00M, Peak:0.00M | Scene, ViewLayer | Synchronizing object | squish_stretch_blue_0
Fra:1 Mem:10.22M (Peak 10.56M) | Time:00:00.00 | Mem:0.00M, Peak:0.00M | Scene, ViewLayer | Synchronizing object | ease2_red_0
Fra:1 Mem:10.32M (Peak 10.80M) | Time:00:00.00 | Mem:0.00M, Peak:0.00M | Scene, ViewLayer | Initializing
Fra:1 Mem:9.72M (Peak 10.80M) | Time:00:00.00 | Mem:0.00M, Peak:0.00M | Scene, ViewLayer | Waiting for render to start
Fra:1 Mem:9.72M (Peak 10.80M) | Time:00:00.00 | Mem:0.00M, Peak:0.00M | Scene, ViewLayer | Loading render kernels (may take a few minutes the first time)
Fra:1 Mem:9.72M (Peak 10.80M) | Time:00:00.00 | Mem:0.00M, Peak:0.00M | Scene, ViewLayer | Updating Scene
Fra:1 Mem:9.72M (Peak 10.80M) | Time:00:00.00 | Mem:0.00M, Peak:0.00M | Scene, ViewLayer | Updating Shaders
Fra:1 Mem:10.23M (Peak 10.80M) | Time:00:00.04 | Mem:0.00M, Peak:0.00M | Scene, ViewLayer | Updating Procedurals
Fra:1 Mem:10.23M (Peak 10.80M) | Time:00:00.04 | Mem:0.00M, Peak:0.00M | Scene, ViewLayer | Updating Background
Fra:1 Mem:10.23M (Peak 10.80M) | Time:00:00.04 | Mem:0.00M, Peak:0.00M | Scene, ViewLayer | Updating Camera
Fra:1 Mem:10.23M (Peak 10.80M) | Time:00:00.04 | Mem:0.00M, Peak:0.00M | Scene, ViewLayer | Updating Meshes Flags
Fra:1 Mem:10.23M (Peak 10.80M) | Time:00:00.04 | Mem:0.00M, Peak:0.00M | Scene, ViewLayer | Updating Objects
Fra:1 Mem:10.23M (Peak 10.80M) | Time:00:00.04 | Mem:0.00M, Peak:0.00M | Scene, ViewLayer | Updating Objects | Copying Transformations to device
Fra:1 Mem:10.23M (Peak 10.80M) | Time:00:00.04 | Mem:0.00M, Peak:0.00M | Scene, ViewLayer | Updating Objects | Applying Static Transformations
Fra:1 Mem:10.23M (Peak 10.80M) | Time:00:00.04 | Mem:0.00M, Peak:0.00M | Scene, ViewLayer | Updating Particle Systems
Fra:1 Mem:10.23M (Peak 10.80M) | Time:00:00.04 | Mem:0.00M, Peak:0.00M | Scene, ViewLayer | Updating Particle Systems | Copying Particles to device
Fra:1 Mem:10.23M (Peak 10.80M) | Time:00:00.04 | Mem:0.00M, Peak:0.00M | Scene, ViewLayer | Updating Meshes
Fra:1 Mem:10.25M (Peak 10.80M) | Time:00:00.04 | Mem:0.00M, Peak:0.00M | Scene, ViewLayer | Updating Mesh | Computing attributes
Fra:1 Mem:10.30M (Peak 10.80M) | Time:00:00.04 | Mem:0.00M, Peak:0.00M | Scene, ViewLayer | Updating Mesh | Copying Attributes to device
Fra:1 Mem:10.29M (Peak 10.80M) | Time:00:00.04 | Mem:0.05M, Peak:0.05M | Scene, ViewLayer | Updating Scene BVH | Building
Fra:1 Mem:10.29M (Peak 10.80M) | Time:00:00.04 | Mem:0.05M, Peak:0.05M | Scene, ViewLayer | Updating Scene BVH | Building BVH
Fra:1 Mem:10.29M (Peak 10.80M) | Time:00:00.04 | Mem:0.14M, Peak:0.14M | Scene, ViewLayer | Updating Scene BVH | Building BVH 0%
Fra:1 Mem:10.29M (Peak 10.80M) | Time:00:00.04 | Mem:0.17M, Peak:0.24M | Scene, ViewLayer | Updating Scene BVH | Copying BVH to device
Fra:1 Mem:10.29M (Peak 10.80M) | Time:00:00.04 | Mem:0.17M, Peak:0.24M | Scene, ViewLayer | Updating Mesh | Computing normals
Fra:1 Mem:10.40M (Peak 10.80M) | Time:00:00.04 | Mem:0.17M, Peak:0.24M | Scene, ViewLayer | Updating Mesh | Copying Mesh to device
Fra:1 Mem:10.40M (Peak 10.80M) | Time:00:00.04 | Mem:0.28M, Peak:0.28M | Scene, ViewLayer | Updating Objects Flags
Fra:1 Mem:10.40M (Peak 10.80M) | Time:00:00.04 | Mem:0.28M, Peak:0.28M | Scene, ViewLayer | Updating Primitive Offsets
Fra:1 Mem:10.40M (Peak 10.80M) | Time:00:00.04 | Mem:0.28M, Peak:0.28M | Scene, ViewLayer | Updating Images
Fra:1 Mem:10.40M (Peak 10.80M) | Time:00:00.04 | Mem:0.28M, Peak:0.28M | Scene, ViewLayer | Updating Images | Loading 00178.exr
Fra:1 Mem:10.52M (Peak 10.80M) | Time:00:00.04 | Mem:0.28M, Peak:0.28M | Scene, ViewLayer | Updating Images | Loading waffled_0085.jpg
Fra:1 Mem:11.13M (Peak 11.13M) | Time:00:00.06 | Mem:0.99M, Peak:0.99M | Scene, ViewLayer | Updating Camera Volume
Fra:1 Mem:11.13M (Peak 11.13M) | Time:00:00.06 | Mem:0.99M, Peak:0.99M | Scene, ViewLayer | Updating Lookup Tables
Fra:1 Mem:11.13M (Peak 11.13M) | Time:00:00.06 | Mem:1.24M, Peak:1.24M | Scene, ViewLayer | Updating Lights
Fra:1 Mem:11.13M (Peak 11.13M) | Time:00:00.06 | Mem:1.24M, Peak:1.24M | Scene, ViewLayer | Updating Lights | Computing distribution
Fra:1 Mem:11.13M (Peak 11.13M) | Time:00:00.06 | Mem:1.24M, Peak:1.24M | Scene, ViewLayer | Updating Lights | Importance map
Fra:1 Mem:75.16M (Peak 363.25M) | Time:00:00.19 | Mem:65.29M, Peak:225.26M | Scene, ViewLayer | Updating Integrator
Fra:1 Mem:75.16M (Peak 363.25M) | Time:00:00.20 | Mem:65.29M, Peak:225.26M | Scene, ViewLayer | Updating Film
Fra:1 Mem:75.17M (Peak 363.25M) | Time:00:00.20 | Mem:65.04M, Peak:225.26M | Scene, ViewLayer | Updating Lookup Tables
Fra:1 Mem:75.17M (Peak 363.25M) | Time:00:00.20 | Mem:65.30M, Peak:225.26M | Scene, ViewLayer | Updating Baking
Fra:1 Mem:75.17M (Peak 363.25M) | Time:00:00.20 | Mem:65.30M, Peak:225.26M | Scene, ViewLayer | Updating Device | Writing constant memory
Fra:1 Mem:75.17M (Peak 363.25M) | Time:00:00.20 | Mem:65.30M, Peak:225.26M | Scene, ViewLayer | Sample 0/32
Fra:1 Mem:94.26M (Peak 363.25M) | Time:00:00.20 | Remaining:00:00.18 | Mem:84.30M, Peak:225.26M | Scene, ViewLayer | Sample 1/32
Fra:1 Mem:102.26M (Peak 363.25M) | Time:00:00.43 | Mem:84.30M, Peak:225.26M | Scene, ViewLayer | Sample 32/32
Fra:1 Mem:102.26M (Peak 363.25M) | Time:00:00.43 | Mem:84.30M, Peak:225.26M | Scene, ViewLayer | Finished
Saved: '/home/janus/iwi9-datasets/objaverse-rendering/no_textures_5/d8ac823f63cf47af83b5f2c44b322ca3/000.png'
 Time: 00:00.62 (Saving: 00:00.19)

Fra:1 Mem:10.54M (Peak 10.88M) | Time:00:00.00 | Mem:0.00M, Peak:0.00M | Scene, ViewLayer | Synchronizing object | squish_stretch_blue_0
Fra:1 Mem:10.55M (Peak 10.88M) | Time:00:00.00 | Mem:0.00M, Peak:0.00M | Scene, ViewLayer | Synchronizing object | ease2_red_0
Fra:1 Mem:10.64M (Peak 11.12M) | Time:00:00.00 | Mem:0.00M, Peak:0.00M | Scene, ViewLayer | Initializing
Fra:1 Mem:10.04M (Peak 11.12M) | Time:00:00.00 | Mem:0.00M, Peak:0.00M | Scene, ViewLayer | Waiting for render to start
Fra:1 Mem:10.04M (Peak 11.12M) | Time:00:00.00 | Mem:0.00M, Peak:0.00M | Scene, ViewLayer | Loading render kernels (may take a few minutes the first time)
Fra:1 Mem:10.04M (Peak 11.12M) | Time:00:00.00 | Mem:0.00M, Peak:0.00M | Scene, ViewLayer | Updating Scene
Fra:1 Mem:10.04M (Peak 11.12M) | Time:00:00.00 | Mem:0.00M, Peak:0.00M | Scene, ViewLayer | Updating Shaders
Fra:1 Mem:10.30M (Peak 11.12M) | Time:00:00.00 | Mem:0.00M, Peak:0.00M | Scene, ViewLayer | Updating Procedurals
Fra:1 Mem:10.30M (Peak 11.12M) | Time:00:00.00 | Mem:0.00M, Peak:0.00M | Scene, ViewLayer | Updating Background
Fra:1 Mem:10.30M (Peak 11.12M) | Time:00:00.00 | Mem:0.00M, Peak:0.00M | Scene, ViewLayer | Updating Camera
Fra:1 Mem:10.30M (Peak 11.12M) | Time:00:00.00 | Mem:0.00M, Peak:0.00M | Scene, ViewLayer | Updating Meshes Flags
Fra:1 Mem:10.30M (Peak 11.12M) | Time:00:00.00 | Mem:0.00M, Peak:0.00M | Scene, ViewLayer | Updating Objects
Fra:1 Mem:10.30M (Peak 11.12M) | Time:00:00.00 | Mem:0.00M, Peak:0.00M | Scene, ViewLayer | Updating Objects | Copying Transformations to device
Fra:1 Mem:10.30M (Peak 11.12M) | Time:00:00.00 | Mem:0.00M, Peak:0.00M | Scene, ViewLayer | Updating Objects | Applying Static Transformations
Fra:1 Mem:10.30M (Peak 11.12M) | Time:00:00.00 | Mem:0.00M, Peak:0.00M | Scene, ViewLayer | Updating Particle Systems
Fra:1 Mem:10.30M (Peak 11.12M) | Time:00:00.00 | Mem:0.00M, Peak:0.00M | Scene, ViewLayer | Updating Particle Systems | Copying Particles to device
Fra:1 Mem:10.30M (Peak 11.12M) | Time:00:00.00 | Mem:0.00M, Peak:0.00M | Scene, ViewLayer | Updating Meshes
Fra:1 Mem:10.32M (Peak 11.12M) | Time:00:00.00 | Mem:0.00M, Peak:0.00M | Scene, ViewLayer | Updating Mesh | Computing attributes
Fra:1 Mem:10.36M (Peak 11.12M) | Time:00:00.00 | Mem:0.00M, Peak:0.00M | Scene, ViewLayer | Updating Mesh | Copying Attributes to device
Fra:1 Mem:10.36M (Peak 11.12M) | Time:00:00.00 | Mem:0.05M, Peak:0.05M | Scene, ViewLayer | Updating Scene BVH | Building
Fra:1 Mem:10.36M (Peak 11.12M) | Time:00:00.00 | Mem:0.05M, Peak:0.05M | Scene, ViewLayer | Updating Scene BVH | Building BVH
Fra:1 Mem:10.36M (Peak 11.12M) | Time:00:00.00 | Mem:0.14M, Peak:0.14M | Scene, ViewLayer | Updating Scene BVH | Building BVH 0%
Fra:1 Mem:10.36M (Peak 11.12M) | Time:00:00.00 | Mem:0.17M, Peak:0.24M | Scene, ViewLayer | Updating Scene BVH | Copying BVH to device
Fra:1 Mem:10.36M (Peak 11.12M) | Time:00:00.00 | Mem:0.17M, Peak:0.24M | Scene, ViewLayer | Updating Mesh | Computing normals
Fra:1 Mem:10.47M (Peak 11.12M) | Time:00:00.00 | Mem:0.17M, Peak:0.24M | Scene, ViewLayer | Updating Mesh | Copying Mesh to device
Fra:1 Mem:10.47M (Peak 11.12M) | Time:00:00.00 | Mem:0.28M, Peak:0.28M | Scene, ViewLayer | Updating Objects Flags
Fra:1 Mem:10.47M (Peak 11.12M) | Time:00:00.00 | Mem:0.28M, Peak:0.28M | Scene, ViewLayer | Updating Primitive Offsets
Fra:1 Mem:10.47M (Peak 11.12M) | Time:00:00.00 | Mem:0.28M, Peak:0.28M | Scene, ViewLayer | Updating Images
Fra:1 Mem:10.47M (Peak 11.12M) | Time:00:00.00 | Mem:0.28M, Peak:0.28M | Scene, ViewLayer | Updating Images | Loading 00178.exr
Fra:1 Mem:10.59M (Peak 11.12M) | Time:00:00.00 | Mem:0.28M, Peak:0.28M | Scene, ViewLayer | Updating Images | Loading wrinkled_0066.jpg
Fra:1 Mem:11.60M (Peak 11.60M) | Time:00:00.01 | Mem:1.40M, Peak:1.40M | Scene, ViewLayer | Updating Camera Volume
Fra:1 Mem:11.60M (Peak 11.60M) | Time:00:00.01 | Mem:1.40M, Peak:1.40M | Scene, ViewLayer | Updating Lookup Tables
Fra:1 Mem:11.60M (Peak 11.60M) | Time:00:00.01 | Mem:1.65M, Peak:1.65M | Scene, ViewLayer | Updating Lights
Fra:1 Mem:11.60M (Peak 11.60M) | Time:00:00.01 | Mem:1.65M, Peak:1.65M | Scene, ViewLayer | Updating Lights | Computing distribution
Fra:1 Mem:11.60M (Peak 11.60M) | Time:00:00.01 | Mem:1.65M, Peak:1.65M | Scene, ViewLayer | Updating Lights | Importance map
Fra:1 Mem:75.63M (Peak 363.73M) | Time:00:00.14 | Mem:65.69M, Peak:225.66M | Scene, ViewLayer | Updating Integrator
Fra:1 Mem:75.64M (Peak 363.73M) | Time:00:00.14 | Mem:65.70M, Peak:225.66M | Scene, ViewLayer | Updating Film
Fra:1 Mem:75.64M (Peak 363.73M) | Time:00:00.14 | Mem:65.45M, Peak:225.66M | Scene, ViewLayer | Updating Lookup Tables
Fra:1 Mem:75.64M (Peak 363.73M) | Time:00:00.14 | Mem:65.70M, Peak:225.66M | Scene, ViewLayer | Updating Baking
Fra:1 Mem:75.64M (Peak 363.73M) | Time:00:00.14 | Mem:65.70M, Peak:225.66M | Scene, ViewLayer | Updating Device | Writing constant memory
Fra:1 Mem:75.64M (Peak 363.73M) | Time:00:00.14 | Mem:65.70M, Peak:225.66M | Scene, ViewLayer | Sample 0/32
Fra:1 Mem:94.73M (Peak 363.73M) | Time:00:00.15 | Remaining:00:00.19 | Mem:84.70M, Peak:225.66M | Scene, ViewLayer | Sample 1/32
Fra:1 Mem:102.73M (Peak 363.73M) | Time:00:00.37 | Mem:84.70M, Peak:225.66M | Scene, ViewLayer | Sample 32/32
Fra:1 Mem:102.73M (Peak 363.73M) | Time:00:00.37 | Mem:84.70M, Peak:225.66M | Scene, ViewLayer | Finished
Saved: '/home/janus/iwi9-datasets/objaverse-rendering/no_textures_5/d8ac823f63cf47af83b5f2c44b322ca3/001.png'
 Time: 00:00.41 (Saving: 00:00.03)

Fra:1 Mem:10.61M (Peak 10.93M) | Time:00:00.00 | Mem:0.00M, Peak:0.00M | Scene, ViewLayer | Synchronizing object | squish_stretch_blue_0
Fra:1 Mem:10.61M (Peak 10.93M) | Time:00:00.00 | Mem:0.00M, Peak:0.00M | Scene, ViewLayer | Synchronizing object | ease2_red_0
Fra:1 Mem:10.71M (Peak 11.18M) | Time:00:00.00 | Mem:0.00M, Peak:0.00M | Scene, ViewLayer | Initializing
Fra:1 Mem:10.11M (Peak 11.18M) | Time:00:00.00 | Mem:0.00M, Peak:0.00M | Scene, ViewLayer | Waiting for render to start
Fra:1 Mem:10.11M (Peak 11.18M) | Time:00:00.00 | Mem:0.00M, Peak:0.00M | Scene, ViewLayer | Loading render kernels (may take a few minutes the first time)
Fra:1 Mem:10.11M (Peak 11.18M) | Time:00:00.00 | Mem:0.00M, Peak:0.00M | Scene, ViewLayer | Updating Scene
Fra:1 Mem:10.11M (Peak 11.18M) | Time:00:00.00 | Mem:0.00M, Peak:0.00M | Scene, ViewLayer | Updating Shaders
Fra:1 Mem:10.36M (Peak 11.18M) | Time:00:00.00 | Mem:0.00M, Peak:0.00M | Scene, ViewLayer | Updating Procedurals
Fra:1 Mem:10.36M (Peak 11.18M) | Time:00:00.00 | Mem:0.00M, Peak:0.00M | Scene, ViewLayer | Updating Background
Fra:1 Mem:10.36M (Peak 11.18M) | Time:00:00.00 | Mem:0.00M, Peak:0.00M | Scene, ViewLayer | Updating Camera
Fra:1 Mem:10.36M (Peak 11.18M) | Time:00:00.00 | Mem:0.00M, Peak:0.00M | Scene, ViewLayer | Updating Meshes Flags
Fra:1 Mem:10.36M (Peak 11.18M) | Time:00:00.00 | Mem:0.00M, Peak:0.00M | Scene, ViewLayer | Updating Objects
Fra:1 Mem:10.36M (Peak 11.18M) | Time:00:00.00 | Mem:0.00M, Peak:0.00M | Scene, ViewLayer | Updating Objects | Copying Transformations to device
Fra:1 Mem:10.36M (Peak 11.18M) | Time:00:00.00 | Mem:0.00M, Peak:0.00M | Scene, ViewLayer | Updating Objects | Applying Static Transformations
Fra:1 Mem:10.36M (Peak 11.18M) | Time:00:00.00 | Mem:0.00M, Peak:0.00M | Scene, ViewLayer | Updating Particle Systems
Fra:1 Mem:10.36M (Peak 11.18M) | Time:00:00.00 | Mem:0.00M, Peak:0.00M | Scene, ViewLayer | Updating Particle Systems | Copying Particles to device
Fra:1 Mem:10.36M (Peak 11.18M) | Time:00:00.00 | Mem:0.00M, Peak:0.00M | Scene, ViewLayer | Updating Meshes
Fra:1 Mem:10.39M (Peak 11.18M) | Time:00:00.00 | Mem:0.00M, Peak:0.00M | Scene, ViewLayer | Updating Mesh | Computing attributes
Fra:1 Mem:10.43M (Peak 11.18M) | Time:00:00.00 | Mem:0.00M, Peak:0.00M | Scene, ViewLayer | Updating Mesh | Copying Attributes to device
Fra:1 Mem:10.43M (Peak 11.18M) | Time:00:00.00 | Mem:0.05M, Peak:0.05M | Scene, ViewLayer | Updating Scene BVH | Building
Fra:1 Mem:10.43M (Peak 11.18M) | Time:00:00.00 | Mem:0.05M, Peak:0.05M | Scene, ViewLayer | Updating Scene BVH | Building BVH
Fra:1 Mem:10.43M (Peak 11.18M) | Time:00:00.00 | Mem:0.14M, Peak:0.14M | Scene, ViewLayer | Updating Scene BVH | Building BVH 0%
Fra:1 Mem:10.43M (Peak 11.18M) | Time:00:00.00 | Mem:0.17M, Peak:0.24M | Scene, ViewLayer | Updating Scene BVH | Copying BVH to device
Fra:1 Mem:10.43M (Peak 11.18M) | Time:00:00.00 | Mem:0.17M, Peak:0.24M | Scene, ViewLayer | Updating Mesh | Computing normals
Fra:1 Mem:10.53M (Peak 11.18M) | Time:00:00.00 | Mem:0.17M, Peak:0.24M | Scene, ViewLayer | Updating Mesh | Copying Mesh to device
Fra:1 Mem:10.53M (Peak 11.18M) | Time:00:00.00 | Mem:0.28M, Peak:0.28M | Scene, ViewLayer | Updating Objects Flags
Fra:1 Mem:10.53M (Peak 11.18M) | Time:00:00.00 | Mem:0.28M, Peak:0.28M | Scene, ViewLayer | Updating Primitive Offsets
Fra:1 Mem:10.53M (Peak 11.18M) | Time:00:00.00 | Mem:0.28M, Peak:0.28M | Scene, ViewLayer | Updating Images
Fra:1 Mem:10.53M (Peak 11.18M) | Time:00:00.00 | Mem:0.28M, Peak:0.28M | Scene, ViewLayer | Updating Images | Loading 00178.exr
Fra:1 Mem:10.66M (Peak 11.18M) | Time:00:00.00 | Mem:0.28M, Peak:0.28M | Scene, ViewLayer | Updating Images | Loading veined_0156.jpg
Fra:1 Mem:11.84M (Peak 11.84M) | Time:00:00.01 | Mem:1.57M, Peak:1.57M | Scene, ViewLayer | Updating Camera Volume
Fra:1 Mem:11.84M (Peak 11.84M) | Time:00:00.01 | Mem:1.57M, Peak:1.57M | Scene, ViewLayer | Updating Lookup Tables
Fra:1 Mem:11.84M (Peak 11.84M) | Time:00:00.01 | Mem:1.82M, Peak:1.82M | Scene, ViewLayer | Updating Lights
Fra:1 Mem:11.84M (Peak 11.84M) | Time:00:00.01 | Mem:1.82M, Peak:1.82M | Scene, ViewLayer | Updating Lights | Computing distribution
Fra:1 Mem:11.84M (Peak 11.84M) | Time:00:00.01 | Mem:1.82M, Peak:1.82M | Scene, ViewLayer | Updating Lights | Importance map
Fra:1 Mem:75.87M (Peak 363.97M) | Time:00:00.15 | Mem:65.87M, Peak:225.84M | Scene, ViewLayer | Updating Integrator
Fra:1 Mem:75.88M (Peak 363.97M) | Time:00:00.15 | Mem:65.88M, Peak:225.84M | Scene, ViewLayer | Updating Film
Fra:1 Mem:75.89M (Peak 363.97M) | Time:00:00.15 | Mem:65.63M, Peak:225.84M | Scene, ViewLayer | Updating Lookup Tables
Fra:1 Mem:75.89M (Peak 363.97M) | Time:00:00.15 | Mem:65.88M, Peak:225.84M | Scene, ViewLayer | Updating Baking
Fra:1 Mem:75.89M (Peak 363.97M) | Time:00:00.15 | Mem:65.88M, Peak:225.84M | Scene, ViewLayer | Updating Device | Writing constant memory
Fra:1 Mem:75.89M (Peak 363.97M) | Time:00:00.15 | Mem:65.88M, Peak:225.84M | Scene, ViewLayer | Sample 0/32
Fra:1 Mem:94.98M (Peak 363.97M) | Time:00:00.15 | Remaining:00:00.19 | Mem:84.88M, Peak:225.84M | Scene, ViewLayer | Sample 1/32
Fra:1 Mem:102.98M (Peak 363.97M) | Time:00:00.38 | Mem:84.88M, Peak:225.84M | Scene, ViewLayer | Sample 32/32
Fra:1 Mem:102.98M (Peak 363.97M) | Time:00:00.38 | Mem:84.88M, Peak:225.84M | Scene, ViewLayer | Finished
Saved: '/home/janus/iwi9-datasets/objaverse-rendering/no_textures_5/d8ac823f63cf47af83b5f2c44b322ca3/002.png'
 Time: 00:00.41 (Saving: 00:00.03)

Fra:1 Mem:10.68M (Peak 11.00M) | Time:00:00.00 | Mem:0.00M, Peak:0.00M | Scene, ViewLayer | Synchronizing object | squish_stretch_blue_0
Fra:1 Mem:10.68M (Peak 11.00M) | Time:00:00.00 | Mem:0.00M, Peak:0.00M | Scene, ViewLayer | Synchronizing object | ease2_red_0
Fra:1 Mem:10.77M (Peak 11.25M) | Time:00:00.00 | Mem:0.00M, Peak:0.00M | Scene, ViewLayer | Initializing
Fra:1 Mem:10.17M (Peak 11.25M) | Time:00:00.00 | Mem:0.00M, Peak:0.00M | Scene, ViewLayer | Waiting for render to start
Fra:1 Mem:10.18M (Peak 11.25M) | Time:00:00.00 | Mem:0.00M, Peak:0.00M | Scene, ViewLayer | Loading render kernels (may take a few minutes the first time)
Fra:1 Mem:10.18M (Peak 11.25M) | Time:00:00.00 | Mem:0.00M, Peak:0.00M | Scene, ViewLayer | Updating Scene
Fra:1 Mem:10.18M (Peak 11.25M) | Time:00:00.00 | Mem:0.00M, Peak:0.00M | Scene, ViewLayer | Updating Shaders
Fra:1 Mem:10.43M (Peak 11.25M) | Time:00:00.00 | Mem:0.00M, Peak:0.00M | Scene, ViewLayer | Updating Procedurals
Fra:1 Mem:10.43M (Peak 11.25M) | Time:00:00.00 | Mem:0.00M, Peak:0.00M | Scene, ViewLayer | Updating Background
Fra:1 Mem:10.43M (Peak 11.25M) | Time:00:00.00 | Mem:0.00M, Peak:0.00M | Scene, ViewLayer | Updating Camera
Fra:1 Mem:10.43M (Peak 11.25M) | Time:00:00.00 | Mem:0.00M, Peak:0.00M | Scene, ViewLayer | Updating Meshes Flags
Fra:1 Mem:10.43M (Peak 11.25M) | Time:00:00.00 | Mem:0.00M, Peak:0.00M | Scene, ViewLayer | Updating Objects
Fra:1 Mem:10.43M (Peak 11.25M) | Time:00:00.00 | Mem:0.00M, Peak:0.00M | Scene, ViewLayer | Updating Objects | Copying Transformations to device
Fra:1 Mem:10.43M (Peak 11.25M) | Time:00:00.00 | Mem:0.00M, Peak:0.00M | Scene, ViewLayer | Updating Objects | Applying Static Transformations
Fra:1 Mem:10.43M (Peak 11.25M) | Time:00:00.00 | Mem:0.00M, Peak:0.00M | Scene, ViewLayer | Updating Particle Systems
Fra:1 Mem:10.43M (Peak 11.25M) | Time:00:00.00 | Mem:0.00M, Peak:0.00M | Scene, ViewLayer | Updating Particle Systems | Copying Particles to device
Fra:1 Mem:10.43M (Peak 11.25M) | Time:00:00.00 | Mem:0.00M, Peak:0.00M | Scene, ViewLayer | Updating Meshes
Fra:1 Mem:10.45M (Peak 11.25M) | Time:00:00.00 | Mem:0.00M, Peak:0.00M | Scene, ViewLayer | Updating Mesh | Computing attributes
Fra:1 Mem:10.50M (Peak 11.25M) | Time:00:00.00 | Mem:0.00M, Peak:0.00M | Scene, ViewLayer | Updating Mesh | Copying Attributes to device
Fra:1 Mem:10.50M (Peak 11.25M) | Time:00:00.00 | Mem:0.05M, Peak:0.05M | Scene, ViewLayer | Updating Scene BVH | Building
Fra:1 Mem:10.50M (Peak 11.25M) | Time:00:00.00 | Mem:0.05M, Peak:0.05M | Scene, ViewLayer | Updating Scene BVH | Building BVH
Fra:1 Mem:10.50M (Peak 11.25M) | Time:00:00.00 | Mem:0.14M, Peak:0.14M | Scene, ViewLayer | Updating Scene BVH | Building BVH 0%
Fra:1 Mem:10.50M (Peak 11.25M) | Time:00:00.00 | Mem:0.17M, Peak:0.24M | Scene, ViewLayer | Updating Scene BVH | Copying BVH to device
Fra:1 Mem:10.50M (Peak 11.25M) | Time:00:00.00 | Mem:0.17M, Peak:0.24M | Scene, ViewLayer | Updating Mesh | Computing normals
Fra:1 Mem:10.60M (Peak 11.25M) | Time:00:00.00 | Mem:0.17M, Peak:0.24M | Scene, ViewLayer | Updating Mesh | Copying Mesh to device
Fra:1 Mem:10.60M (Peak 11.25M) | Time:00:00.00 | Mem:0.28M, Peak:0.28M | Scene, ViewLayer | Updating Objects Flags
Fra:1 Mem:10.60M (Peak 11.25M) | Time:00:00.00 | Mem:0.28M, Peak:0.28M | Scene, ViewLayer | Updating Primitive Offsets
Fra:1 Mem:10.60M (Peak 11.25M) | Time:00:00.00 | Mem:0.28M, Peak:0.28M | Scene, ViewLayer | Updating Images
Fra:1 Mem:10.60M (Peak 11.25M) | Time:00:00.00 | Mem:0.28M, Peak:0.28M | Scene, ViewLayer | Updating Images | Loading 00178.exr
Fra:1 Mem:10.73M (Peak 11.25M) | Time:00:00.00 | Mem:0.28M, Peak:0.28M | Scene, ViewLayer | Updating Images | Loading bubbly_0055.jpg
Fra:1 Mem:11.69M (Peak 11.69M) | Time:00:00.01 | Mem:1.36M, Peak:1.36M | Scene, ViewLayer | Updating Camera Volume
Fra:1 Mem:11.69M (Peak 11.69M) | Time:00:00.01 | Mem:1.36M, Peak:1.36M | Scene, ViewLayer | Updating Lookup Tables
Fra:1 Mem:11.69M (Peak 11.69M) | Time:00:00.01 | Mem:1.61M, Peak:1.61M | Scene, ViewLayer | Updating Lights
Fra:1 Mem:11.69M (Peak 11.69M) | Time:00:00.01 | Mem:1.61M, Peak:1.61M | Scene, ViewLayer | Updating Lights | Computing distribution
Fra:1 Mem:11.69M (Peak 11.69M) | Time:00:00.01 | Mem:1.61M, Peak:1.61M | Scene, ViewLayer | Updating Lights | Importance map
Fra:1 Mem:75.72M (Peak 363.82M) | Time:00:00.15 | Mem:65.65M, Peak:225.62M | Scene, ViewLayer | Updating Integrator
Fra:1 Mem:75.73M (Peak 363.82M) | Time:00:00.15 | Mem:65.66M, Peak:225.62M | Scene, ViewLayer | Updating Film
Fra:1 Mem:75.73M (Peak 363.82M) | Time:00:00.15 | Mem:65.41M, Peak:225.62M | Scene, ViewLayer | Updating Lookup Tables
Fra:1 Mem:75.73M (Peak 363.82M) | Time:00:00.15 | Mem:65.66M, Peak:225.62M | Scene, ViewLayer | Updating Baking
Fra:1 Mem:75.73M (Peak 363.82M) | Time:00:00.15 | Mem:65.66M, Peak:225.62M | Scene, ViewLayer | Updating Device | Writing constant memory
Fra:1 Mem:75.74M (Peak 363.82M) | Time:00:00.15 | Mem:65.66M, Peak:225.62M | Scene, ViewLayer | Sample 0/32
Fra:1 Mem:94.82M (Peak 363.82M) | Time:00:00.16 | Remaining:00:00.18 | Mem:84.66M, Peak:225.62M | Scene, ViewLayer | Sample 1/32
Fra:1 Mem:102.82M (Peak 363.82M) | Time:00:00.39 | Mem:84.66M, Peak:225.62M | Scene, ViewLayer | Sample 32/32
Fra:1 Mem:102.82M (Peak 363.82M) | Time:00:00.39 | Mem:84.66M, Peak:225.62M | Scene, ViewLayer | Finished
Saved: '/home/janus/iwi9-datasets/objaverse-rendering/no_textures_5/d8ac823f63cf47af83b5f2c44b322ca3/003.png'
 Time: 00:00.42 (Saving: 00:00.03)

Fra:1 Mem:10.75M (Peak 11.07M) | Time:00:00.00 | Mem:0.00M, Peak:0.00M | Scene, ViewLayer | Synchronizing object | squish_stretch_blue_0
Fra:1 Mem:10.75M (Peak 11.07M) | Time:00:00.00 | Mem:0.00M, Peak:0.00M | Scene, ViewLayer | Synchronizing object | ease2_red_0
Fra:1 Mem:10.84M (Peak 11.32M) | Time:00:00.00 | Mem:0.00M, Peak:0.00M | Scene, ViewLayer | Initializing
Fra:1 Mem:10.25M (Peak 11.32M) | Time:00:00.00 | Mem:0.00M, Peak:0.00M | Scene, ViewLayer | Waiting for render to start
Fra:1 Mem:10.25M (Peak 11.32M) | Time:00:00.00 | Mem:0.00M, Peak:0.00M | Scene, ViewLayer | Loading render kernels (may take a few minutes the first time)
Fra:1 Mem:10.25M (Peak 11.32M) | Time:00:00.00 | Mem:0.00M, Peak:0.00M | Scene, ViewLayer | Updating Scene
Fra:1 Mem:10.25M (Peak 11.32M) | Time:00:00.00 | Mem:0.00M, Peak:0.00M | Scene, ViewLayer | Updating Shaders
Fra:1 Mem:10.50M (Peak 11.32M) | Time:00:00.00 | Mem:0.00M, Peak:0.00M | Scene, ViewLayer | Updating Procedurals
Fra:1 Mem:10.50M (Peak 11.32M) | Time:00:00.00 | Mem:0.00M, Peak:0.00M | Scene, ViewLayer | Updating Background
Fra:1 Mem:10.50M (Peak 11.32M) | Time:00:00.00 | Mem:0.00M, Peak:0.00M | Scene, ViewLayer | Updating Camera
Fra:1 Mem:10.50M (Peak 11.32M) | Time:00:00.00 | Mem:0.00M, Peak:0.00M | Scene, ViewLayer | Updating Meshes Flags
Fra:1 Mem:10.50M (Peak 11.32M) | Time:00:00.00 | Mem:0.00M, Peak:0.00M | Scene, ViewLayer | Updating Objects
Fra:1 Mem:10.50M (Peak 11.32M) | Time:00:00.00 | Mem:0.00M, Peak:0.00M | Scene, ViewLayer | Updating Objects | Copying Transformations to device
Fra:1 Mem:10.50M (Peak 11.32M) | Time:00:00.00 | Mem:0.00M, Peak:0.00M | Scene, ViewLayer | Updating Objects | Applying Static Transformations
Fra:1 Mem:10.50M (Peak 11.32M) | Time:00:00.00 | Mem:0.00M, Peak:0.00M | Scene, ViewLayer | Updating Particle Systems
Fra:1 Mem:10.50M (Peak 11.32M) | Time:00:00.00 | Mem:0.00M, Peak:0.00M | Scene, ViewLayer | Updating Particle Systems | Copying Particles to device
Fra:1 Mem:10.50M (Peak 11.32M) | Time:00:00.00 | Mem:0.00M, Peak:0.00M | Scene, ViewLayer | Updating Meshes
Fra:1 Mem:10.52M (Peak 11.32M) | Time:00:00.00 | Mem:0.00M, Peak:0.00M | Scene, ViewLayer | Updating Mesh | Computing attributes
Fra:1 Mem:10.57M (Peak 11.32M) | Time:00:00.00 | Mem:0.00M, Peak:0.00M | Scene, ViewLayer | Updating Mesh | Copying Attributes to device
Fra:1 Mem:10.57M (Peak 11.32M) | Time:00:00.00 | Mem:0.05M, Peak:0.05M | Scene, ViewLayer | Updating Scene BVH | Building
Fra:1 Mem:10.57M (Peak 11.32M) | Time:00:00.00 | Mem:0.05M, Peak:0.05M | Scene, ViewLayer | Updating Scene BVH | Building BVH
Fra:1 Mem:10.57M (Peak 11.32M) | Time:00:00.00 | Mem:0.14M, Peak:0.14M | Scene, ViewLayer | Updating Scene BVH | Building BVH 0%
Fra:1 Mem:10.57M (Peak 11.32M) | Time:00:00.00 | Mem:0.17M, Peak:0.24M | Scene, ViewLayer | Updating Scene BVH | Copying BVH to device
Fra:1 Mem:10.57M (Peak 11.32M) | Time:00:00.00 | Mem:0.17M, Peak:0.24M | Scene, ViewLayer | Updating Mesh | Computing normals
Fra:1 Mem:10.67M (Peak 11.32M) | Time:00:00.00 | Mem:0.17M, Peak:0.24M | Scene, ViewLayer | Updating Mesh | Copying Mesh to device
Fra:1 Mem:10.67M (Peak 11.32M) | Time:00:00.00 | Mem:0.28M, Peak:0.28M | Scene, ViewLayer | Updating Objects Flags
Fra:1 Mem:10.67M (Peak 11.32M) | Time:00:00.00 | Mem:0.28M, Peak:0.28M | Scene, ViewLayer | Updating Primitive Offsets
Fra:1 Mem:10.67M (Peak 11.32M) | Time:00:00.00 | Mem:0.28M, Peak:0.28M | Scene, ViewLayer | Updating Images
Fra:1 Mem:10.67M (Peak 11.32M) | Time:00:00.00 | Mem:0.28M, Peak:0.28M | Scene, ViewLayer | Updating Images | Loading 00178.exr
Fra:1 Mem:10.80M (Peak 11.32M) | Time:00:00.00 | Mem:0.28M, Peak:0.28M | Scene, ViewLayer | Updating Images | Loading wrinkled_0063.jpg
Fra:1 Mem:11.93M (Peak 11.93M) | Time:00:00.01 | Mem:1.53M, Peak:1.53M | Scene, ViewLayer | Updating Camera Volume
Fra:1 Mem:11.93M (Peak 11.93M) | Time:00:00.01 | Mem:1.53M, Peak:1.53M | Scene, ViewLayer | Updating Lookup Tables
Fra:1 Mem:11.93M (Peak 11.93M) | Time:00:00.01 | Mem:1.78M, Peak:1.78M | Scene, ViewLayer | Updating Lights
Fra:1 Mem:11.93M (Peak 11.93M) | Time:00:00.01 | Mem:1.78M, Peak:1.78M | Scene, ViewLayer | Updating Lights | Computing distribution
Fra:1 Mem:11.93M (Peak 11.93M) | Time:00:00.01 | Mem:1.78M, Peak:1.78M | Scene, ViewLayer | Updating Lights | Importance map
Fra:1 Mem:75.97M (Peak 364.06M) | Time:00:00.15 | Mem:65.82M, Peak:225.79M | Scene, ViewLayer | Updating Integrator
Fra:1 Mem:75.97M (Peak 364.06M) | Time:00:00.15 | Mem:65.83M, Peak:225.79M | Scene, ViewLayer | Updating Film
Fra:1 Mem:75.98M (Peak 364.06M) | Time:00:00.15 | Mem:65.58M, Peak:225.79M | Scene, ViewLayer | Updating Lookup Tables
Fra:1 Mem:75.98M (Peak 364.06M) | Time:00:00.15 | Mem:65.83M, Peak:225.79M | Scene, ViewLayer | Updating Baking
Fra:1 Mem:75.98M (Peak 364.06M) | Time:00:00.15 | Mem:65.83M, Peak:225.79M | Scene, ViewLayer | Updating Device | Writing constant memory
Fra:1 Mem:75.98M (Peak 364.06M) | Time:00:00.15 | Mem:65.83M, Peak:225.79M | Scene, ViewLayer | Sample 0/32
Fra:1 Mem:95.07M (Peak 364.06M) | Time:00:00.16 | Remaining:00:00.19 | Mem:84.83M, Peak:225.79M | Scene, ViewLayer | Sample 1/32
Fra:1 Mem:103.07M (Peak 364.06M) | Time:00:00.38 | Mem:84.83M, Peak:225.79M | Scene, ViewLayer | Sample 32/32
Fra:1 Mem:103.07M (Peak 364.06M) | Time:00:00.38 | Mem:84.83M, Peak:225.79M | Scene, ViewLayer | Finished
Saved: '/home/janus/iwi9-datasets/objaverse-rendering/no_textures_5/d8ac823f63cf47af83b5f2c44b322ca3/004.png'
 Time: 00:00.42 (Saving: 00:00.03)

Fra:1 Mem:10.82M (Peak 11.14M) | Time:00:00.00 | Mem:0.00M, Peak:0.00M | Scene, ViewLayer | Synchronizing object | squish_stretch_blue_0
Fra:1 Mem:10.82M (Peak 11.14M) | Time:00:00.00 | Mem:0.00M, Peak:0.00M | Scene, ViewLayer | Synchronizing object | ease2_red_0
Fra:1 Mem:10.91M (Peak 11.39M) | Time:00:00.00 | Mem:0.00M, Peak:0.00M | Scene, ViewLayer | Initializing
Fra:1 Mem:10.31M (Peak 11.39M) | Time:00:00.00 | Mem:0.00M, Peak:0.00M | Scene, ViewLayer | Waiting for render to start
Fra:1 Mem:10.32M (Peak 11.39M) | Time:00:00.00 | Mem:0.00M, Peak:0.00M | Scene, ViewLayer | Loading render kernels (may take a few minutes the first time)
Fra:1 Mem:10.32M (Peak 11.39M) | Time:00:00.00 | Mem:0.00M, Peak:0.00M | Scene, ViewLayer | Updating Scene
Fra:1 Mem:10.32M (Peak 11.39M) | Time:00:00.00 | Mem:0.00M, Peak:0.00M | Scene, ViewLayer | Updating Shaders
Fra:1 Mem:10.57M (Peak 11.39M) | Time:00:00.00 | Mem:0.00M, Peak:0.00M | Scene, ViewLayer | Updating Procedurals
Fra:1 Mem:10.57M (Peak 11.39M) | Time:00:00.00 | Mem:0.00M, Peak:0.00M | Scene, ViewLayer | Updating Background
Fra:1 Mem:10.57M (Peak 11.39M) | Time:00:00.00 | Mem:0.00M, Peak:0.00M | Scene, ViewLayer | Updating Camera
Fra:1 Mem:10.57M (Peak 11.39M) | Time:00:00.00 | Mem:0.00M, Peak:0.00M | Scene, ViewLayer | Updating Meshes Flags
Fra:1 Mem:10.57M (Peak 11.39M) | Time:00:00.00 | Mem:0.00M, Peak:0.00M | Scene, ViewLayer | Updating Objects
Fra:1 Mem:10.57M (Peak 11.39M) | Time:00:00.00 | Mem:0.00M, Peak:0.00M | Scene, ViewLayer | Updating Objects | Copying Transformations to device
Fra:1 Mem:10.57M (Peak 11.39M) | Time:00:00.00 | Mem:0.00M, Peak:0.00M | Scene, ViewLayer | Updating Objects | Applying Static Transformations
Fra:1 Mem:10.57M (Peak 11.39M) | Time:00:00.00 | Mem:0.00M, Peak:0.00M | Scene, ViewLayer | Updating Particle Systems
Fra:1 Mem:10.57M (Peak 11.39M) | Time:00:00.00 | Mem:0.00M, Peak:0.00M | Scene, ViewLayer | Updating Particle Systems | Copying Particles to device
Fra:1 Mem:10.57M (Peak 11.39M) | Time:00:00.00 | Mem:0.00M, Peak:0.00M | Scene, ViewLayer | Updating Meshes
Fra:1 Mem:10.59M (Peak 11.39M) | Time:00:00.00 | Mem:0.00M, Peak:0.00M | Scene, ViewLayer | Updating Mesh | Computing attributes
Fra:1 Mem:10.64M (Peak 11.39M) | Time:00:00.00 | Mem:0.00M, Peak:0.00M | Scene, ViewLayer | Updating Mesh | Copying Attributes to device
Fra:1 Mem:10.64M (Peak 11.39M) | Time:00:00.00 | Mem:0.05M, Peak:0.05M | Scene, ViewLayer | Updating Scene BVH | Building
Fra:1 Mem:10.64M (Peak 11.39M) | Time:00:00.00 | Mem:0.05M, Peak:0.05M | Scene, ViewLayer | Updating Scene BVH | Building BVH
Fra:1 Mem:10.64M (Peak 11.39M) | Time:00:00.00 | Mem:0.14M, Peak:0.14M | Scene, ViewLayer | Updating Scene BVH | Building BVH 0%
Fra:1 Mem:10.64M (Peak 11.39M) | Time:00:00.00 | Mem:0.17M, Peak:0.24M | Scene, ViewLayer | Updating Scene BVH | Copying BVH to device
Fra:1 Mem:10.64M (Peak 11.39M) | Time:00:00.00 | Mem:0.17M, Peak:0.24M | Scene, ViewLayer | Updating Mesh | Computing normals
Fra:1 Mem:10.74M (Peak 11.39M) | Time:00:00.00 | Mem:0.17M, Peak:0.24M | Scene, ViewLayer | Updating Mesh | Copying Mesh to device
Fra:1 Mem:10.74M (Peak 11.39M) | Time:00:00.00 | Mem:0.28M, Peak:0.28M | Scene, ViewLayer | Updating Objects Flags
Fra:1 Mem:10.74M (Peak 11.39M) | Time:00:00.00 | Mem:0.28M, Peak:0.28M | Scene, ViewLayer | Updating Primitive Offsets
Fra:1 Mem:10.74M (Peak 11.39M) | Time:00:00.00 | Mem:0.28M, Peak:0.28M | Scene, ViewLayer | Updating Images
Fra:1 Mem:10.74M (Peak 11.39M) | Time:00:00.00 | Mem:0.28M, Peak:0.28M | Scene, ViewLayer | Updating Images | Loading 00178.exr
Fra:1 Mem:10.87M (Peak 11.39M) | Time:00:00.00 | Mem:0.28M, Peak:0.28M | Scene, ViewLayer | Updating Images | Loading zigzagged_0117.jpg
Fra:1 Mem:11.49M (Peak 11.49M) | Time:00:00.01 | Mem:1.01M, Peak:1.01M | Scene, ViewLayer | Updating Camera Volume
Fra:1 Mem:11.49M (Peak 11.49M) | Time:00:00.01 | Mem:1.01M, Peak:1.01M | Scene, ViewLayer | Updating Lookup Tables
Fra:1 Mem:11.49M (Peak 11.49M) | Time:00:00.01 | Mem:1.26M, Peak:1.26M | Scene, ViewLayer | Updating Lights
Fra:1 Mem:11.49M (Peak 11.49M) | Time:00:00.01 | Mem:1.26M, Peak:1.26M | Scene, ViewLayer | Updating Lights | Computing distribution
Fra:1 Mem:11.49M (Peak 11.49M) | Time:00:00.01 | Mem:1.26M, Peak:1.26M | Scene, ViewLayer | Updating Lights | Importance map
Fra:1 Mem:75.52M (Peak 363.62M) | Time:00:00.15 | Mem:65.31M, Peak:225.27M | Scene, ViewLayer | Updating Integrator
Fra:1 Mem:75.53M (Peak 363.62M) | Time:00:00.15 | Mem:65.31M, Peak:225.27M | Scene, ViewLayer | Updating Film
Fra:1 Mem:75.53M (Peak 363.62M) | Time:00:00.15 | Mem:65.06M, Peak:225.27M | Scene, ViewLayer | Updating Lookup Tables
Fra:1 Mem:75.53M (Peak 363.62M) | Time:00:00.15 | Mem:65.32M, Peak:225.27M | Scene, ViewLayer | Updating Baking
Fra:1 Mem:75.53M (Peak 363.62M) | Time:00:00.15 | Mem:65.32M, Peak:225.27M | Scene, ViewLayer | Updating Device | Writing constant memory
Fra:1 Mem:75.53M (Peak 363.62M) | Time:00:00.15 | Mem:65.32M, Peak:225.27M | Scene, ViewLayer | Sample 0/32
Fra:1 Mem:94.62M (Peak 363.62M) | Time:00:00.15 | Remaining:00:00.21 | Mem:84.32M, Peak:225.27M | Scene, ViewLayer | Sample 1/32
Fra:1 Mem:102.62M (Peak 363.62M) | Time:00:00.38 | Mem:84.32M, Peak:225.27M | Scene, ViewLayer | Sample 32/32
Fra:1 Mem:102.62M (Peak 363.62M) | Time:00:00.38 | Mem:84.32M, Peak:225.27M | Scene, ViewLayer | Finished
Saved: '/home/janus/iwi9-datasets/objaverse-rendering/no_textures_5/d8ac823f63cf47af83b5f2c44b322ca3/005.png'
 Time: 00:00.42 (Saving: 00:00.03)

Fra:1 Mem:10.88M (Peak 11.22M) | Time:00:00.00 | Mem:0.00M, Peak:0.00M | Scene, ViewLayer | Synchronizing object | squish_stretch_blue_0
Fra:1 Mem:10.89M (Peak 11.22M) | Time:00:00.00 | Mem:0.00M, Peak:0.00M | Scene, ViewLayer | Synchronizing object | ease2_red_0
Fra:1 Mem:10.98M (Peak 11.46M) | Time:00:00.00 | Mem:0.00M, Peak:0.00M | Scene, ViewLayer | Initializing
Fra:1 Mem:10.38M (Peak 11.46M) | Time:00:00.00 | Mem:0.00M, Peak:0.00M | Scene, ViewLayer | Waiting for render to start
Fra:1 Mem:10.38M (Peak 11.46M) | Time:00:00.00 | Mem:0.00M, Peak:0.00M | Scene, ViewLayer | Loading render kernels (may take a few minutes the first time)
Fra:1 Mem:10.38M (Peak 11.46M) | Time:00:00.00 | Mem:0.00M, Peak:0.00M | Scene, ViewLayer | Updating Scene
Fra:1 Mem:10.38M (Peak 11.46M) | Time:00:00.00 | Mem:0.00M, Peak:0.00M | Scene, ViewLayer | Updating Shaders
Fra:1 Mem:10.64M (Peak 11.46M) | Time:00:00.00 | Mem:0.00M, Peak:0.00M | Scene, ViewLayer | Updating Procedurals
Fra:1 Mem:10.64M (Peak 11.46M) | Time:00:00.00 | Mem:0.00M, Peak:0.00M | Scene, ViewLayer | Updating Background
Fra:1 Mem:10.64M (Peak 11.46M) | Time:00:00.00 | Mem:0.00M, Peak:0.00M | Scene, ViewLayer | Updating Camera
Fra:1 Mem:10.64M (Peak 11.46M) | Time:00:00.00 | Mem:0.00M, Peak:0.00M | Scene, ViewLayer | Updating Meshes Flags
Fra:1 Mem:10.64M (Peak 11.46M) | Time:00:00.00 | Mem:0.00M, Peak:0.00M | Scene, ViewLayer | Updating Objects
Fra:1 Mem:10.64M (Peak 11.46M) | Time:00:00.00 | Mem:0.00M, Peak:0.00M | Scene, ViewLayer | Updating Objects | Copying Transformations to device
Fra:1 Mem:10.64M (Peak 11.46M) | Time:00:00.00 | Mem:0.00M, Peak:0.00M | Scene, ViewLayer | Updating Objects | Applying Static Transformations
Fra:1 Mem:10.64M (Peak 11.46M) | Time:00:00.00 | Mem:0.00M, Peak:0.00M | Scene, ViewLayer | Updating Particle Systems
Fra:1 Mem:10.64M (Peak 11.46M) | Time:00:00.00 | Mem:0.00M, Peak:0.00M | Scene, ViewLayer | Updating Particle Systems | Copying Particles to device
Fra:1 Mem:10.64M (Peak 11.46M) | Time:00:00.00 | Mem:0.00M, Peak:0.00M | Scene, ViewLayer | Updating Meshes
Fra:1 Mem:10.66M (Peak 11.46M) | Time:00:00.00 | Mem:0.00M, Peak:0.00M | Scene, ViewLayer | Updating Mesh | Computing attributes
Fra:1 Mem:10.71M (Peak 11.46M) | Time:00:00.00 | Mem:0.00M, Peak:0.00M | Scene, ViewLayer | Updating Mesh | Copying Attributes to device
Fra:1 Mem:10.70M (Peak 11.46M) | Time:00:00.00 | Mem:0.05M, Peak:0.05M | Scene, ViewLayer | Updating Scene BVH | Building
Fra:1 Mem:10.70M (Peak 11.46M) | Time:00:00.00 | Mem:0.05M, Peak:0.05M | Scene, ViewLayer | Updating Scene BVH | Building BVH
Fra:1 Mem:10.70M (Peak 11.46M) | Time:00:00.00 | Mem:0.14M, Peak:0.14M | Scene, ViewLayer | Updating Scene BVH | Building BVH 0%
Fra:1 Mem:10.70M (Peak 11.46M) | Time:00:00.00 | Mem:0.17M, Peak:0.24M | Scene, ViewLayer | Updating Scene BVH | Copying BVH to device
Fra:1 Mem:10.70M (Peak 11.46M) | Time:00:00.00 | Mem:0.17M, Peak:0.24M | Scene, ViewLayer | Updating Mesh | Computing normals
Fra:1 Mem:10.81M (Peak 11.46M) | Time:00:00.00 | Mem:0.17M, Peak:0.24M | Scene, ViewLayer | Updating Mesh | Copying Mesh to device
Fra:1 Mem:10.81M (Peak 11.46M) | Time:00:00.00 | Mem:0.28M, Peak:0.28M | Scene, ViewLayer | Updating Objects Flags
Fra:1 Mem:10.81M (Peak 11.46M) | Time:00:00.00 | Mem:0.28M, Peak:0.28M | Scene, ViewLayer | Updating Primitive Offsets
Fra:1 Mem:10.81M (Peak 11.46M) | Time:00:00.00 | Mem:0.28M, Peak:0.28M | Scene, ViewLayer | Updating Images
Fra:1 Mem:10.81M (Peak 11.46M) | Time:00:00.00 | Mem:0.28M, Peak:0.28M | Scene, ViewLayer | Updating Images | Loading 00178.exr
Fra:1 Mem:10.93M (Peak 11.46M) | Time:00:00.00 | Mem:0.28M, Peak:0.28M | Scene, ViewLayer | Updating Images | Loading polka-dotted_0190.jpg
Fra:1 Mem:11.82M (Peak 11.82M) | Time:00:00.01 | Mem:1.28M, Peak:1.28M | Scene, ViewLayer | Updating Camera Volume
Fra:1 Mem:11.82M (Peak 11.82M) | Time:00:00.01 | Mem:1.28M, Peak:1.28M | Scene, ViewLayer | Updating Lookup Tables
Fra:1 Mem:11.82M (Peak 11.82M) | Time:00:00.01 | Mem:1.53M, Peak:1.53M | Scene, ViewLayer | Updating Lights
Fra:1 Mem:11.82M (Peak 11.82M) | Time:00:00.01 | Mem:1.53M, Peak:1.53M | Scene, ViewLayer | Updating Lights | Computing distribution
Fra:1 Mem:11.82M (Peak 11.82M) | Time:00:00.01 | Mem:1.53M, Peak:1.53M | Scene, ViewLayer | Updating Lights | Importance map
Fra:1 Mem:75.85M (Peak 363.95M) | Time:00:00.15 | Mem:65.57M, Peak:225.54M | Scene, ViewLayer | Updating Integrator
Fra:1 Mem:75.86M (Peak 363.95M) | Time:00:00.15 | Mem:65.58M, Peak:225.54M | Scene, ViewLayer | Updating Film
Fra:1 Mem:75.86M (Peak 363.95M) | Time:00:00.15 | Mem:65.33M, Peak:225.54M | Scene, ViewLayer | Updating Lookup Tables
Fra:1 Mem:75.86M (Peak 363.95M) | Time:00:00.15 | Mem:65.58M, Peak:225.54M | Scene, ViewLayer | Updating Baking
Fra:1 Mem:75.86M (Peak 363.95M) | Time:00:00.15 | Mem:65.58M, Peak:225.54M | Scene, ViewLayer | Updating Device | Writing constant memory
Fra:1 Mem:75.87M (Peak 363.95M) | Time:00:00.15 | Mem:65.58M, Peak:225.54M | Scene, ViewLayer | Sample 0/32
Fra:1 Mem:94.95M (Peak 363.95M) | Time:00:00.16 | Remaining:00:00.22 | Mem:84.58M, Peak:225.54M | Scene, ViewLayer | Sample 1/32
Fra:1 Mem:102.95M (Peak 363.95M) | Time:00:00.40 | Mem:84.58M, Peak:225.54M | Scene, ViewLayer | Sample 32/32
Fra:1 Mem:102.95M (Peak 363.95M) | Time:00:00.40 | Mem:84.58M, Peak:225.54M | Scene, ViewLayer | Finished
Saved: '/home/janus/iwi9-datasets/objaverse-rendering/no_textures_5/d8ac823f63cf47af83b5f2c44b322ca3/006.png'
 Time: 00:00.43 (Saving: 00:00.03)

Fra:1 Mem:10.95M (Peak 11.12M) | Time:00:00.00 | Mem:0.00M, Peak:0.00M | Scene, ViewLayer | Synchronizing object | squish_stretch_blue_0
Fra:1 Mem:10.97M (Peak 11.12M) | Time:00:00.00 | Mem:0.00M, Peak:0.00M | Scene, ViewLayer | Synchronizing object | ease2_red_0
Fra:1 Mem:11.04M (Peak 11.52M) | Time:00:00.00 | Mem:0.00M, Peak:0.00M | Scene, ViewLayer | Initializing
Fra:1 Mem:10.45M (Peak 11.52M) | Time:00:00.00 | Mem:0.00M, Peak:0.00M | Scene, ViewLayer | Waiting for render to start
Fra:1 Mem:10.45M (Peak 11.52M) | Time:00:00.00 | Mem:0.00M, Peak:0.00M | Scene, ViewLayer | Loading render kernels (may take a few minutes the first time)
Fra:1 Mem:10.45M (Peak 11.52M) | Time:00:00.00 | Mem:0.00M, Peak:0.00M | Scene, ViewLayer | Updating Scene
Fra:1 Mem:10.45M (Peak 11.52M) | Time:00:00.00 | Mem:0.00M, Peak:0.00M | Scene, ViewLayer | Updating Shaders
Fra:1 Mem:10.70M (Peak 11.52M) | Time:00:00.00 | Mem:0.00M, Peak:0.00M | Scene, ViewLayer | Updating Procedurals
Fra:1 Mem:10.70M (Peak 11.52M) | Time:00:00.00 | Mem:0.00M, Peak:0.00M | Scene, ViewLayer | Updating Background
Fra:1 Mem:10.70M (Peak 11.52M) | Time:00:00.00 | Mem:0.00M, Peak:0.00M | Scene, ViewLayer | Updating Camera
Fra:1 Mem:10.70M (Peak 11.52M) | Time:00:00.00 | Mem:0.00M, Peak:0.00M | Scene, ViewLayer | Updating Meshes Flags
Fra:1 Mem:10.70M (Peak 11.52M) | Time:00:00.00 | Mem:0.00M, Peak:0.00M | Scene, ViewLayer | Updating Objects
Fra:1 Mem:10.70M (Peak 11.52M) | Time:00:00.00 | Mem:0.00M, Peak:0.00M | Scene, ViewLayer | Updating Objects | Copying Transformations to device
Fra:1 Mem:10.70M (Peak 11.52M) | Time:00:00.00 | Mem:0.00M, Peak:0.00M | Scene, ViewLayer | Updating Objects | Applying Static Transformations
Fra:1 Mem:10.70M (Peak 11.52M) | Time:00:00.00 | Mem:0.00M, Peak:0.00M | Scene, ViewLayer | Updating Particle Systems
Fra:1 Mem:10.70M (Peak 11.52M) | Time:00:00.00 | Mem:0.00M, Peak:0.00M | Scene, ViewLayer | Updating Particle Systems | Copying Particles to device
Fra:1 Mem:10.70M (Peak 11.52M) | Time:00:00.00 | Mem:0.00M, Peak:0.00M | Scene, ViewLayer | Updating Meshes
Fra:1 Mem:10.73M (Peak 11.52M) | Time:00:00.00 | Mem:0.00M, Peak:0.00M | Scene, ViewLayer | Updating Mesh | Computing attributes
Fra:1 Mem:10.77M (Peak 11.52M) | Time:00:00.00 | Mem:0.00M, Peak:0.00M | Scene, ViewLayer | Updating Mesh | Copying Attributes to device
Fra:1 Mem:10.77M (Peak 11.52M) | Time:00:00.00 | Mem:0.05M, Peak:0.05M | Scene, ViewLayer | Updating Scene BVH | Building
Fra:1 Mem:10.77M (Peak 11.52M) | Time:00:00.00 | Mem:0.05M, Peak:0.05M | Scene, ViewLayer | Updating Scene BVH | Building BVH
Fra:1 Mem:10.77M (Peak 11.52M) | Time:00:00.00 | Mem:0.14M, Peak:0.14M | Scene, ViewLayer | Updating Scene BVH | Building BVH 0%
Fra:1 Mem:10.77M (Peak 11.52M) | Time:00:00.00 | Mem:0.17M, Peak:0.24M | Scene, ViewLayer | Updating Scene BVH | Copying BVH to device
Fra:1 Mem:10.77M (Peak 11.52M) | Time:00:00.00 | Mem:0.17M, Peak:0.24M | Scene, ViewLayer | Updating Mesh | Computing normals
Fra:1 Mem:10.87M (Peak 11.52M) | Time:00:00.00 | Mem:0.17M, Peak:0.24M | Scene, ViewLayer | Updating Mesh | Copying Mesh to device
Fra:1 Mem:10.87M (Peak 11.52M) | Time:00:00.00 | Mem:0.28M, Peak:0.28M | Scene, ViewLayer | Updating Objects Flags
Fra:1 Mem:10.87M (Peak 11.52M) | Time:00:00.00 | Mem:0.28M, Peak:0.28M | Scene, ViewLayer | Updating Primitive Offsets
Fra:1 Mem:10.87M (Peak 11.52M) | Time:00:00.00 | Mem:0.28M, Peak:0.28M | Scene, ViewLayer | Updating Images
Fra:1 Mem:10.87M (Peak 11.52M) | Time:00:00.00 | Mem:0.28M, Peak:0.28M | Scene, ViewLayer | Updating Images | Loading 00178.exr
Fra:1 Mem:11.00M (Peak 11.52M) | Time:00:00.00 | Mem:0.28M, Peak:0.28M | Scene, ViewLayer | Updating Images | Loading cobwebbed_0104.jpg
Fra:1 Mem:11.83M (Peak 11.83M) | Time:00:00.01 | Mem:1.22M, Peak:1.22M | Scene, ViewLayer | Updating Camera Volume
Fra:1 Mem:11.83M (Peak 11.83M) | Time:00:00.01 | Mem:1.22M, Peak:1.22M | Scene, ViewLayer | Updating Lookup Tables
Fra:1 Mem:11.83M (Peak 11.83M) | Time:00:00.01 | Mem:1.47M, Peak:1.47M | Scene, ViewLayer | Updating Lights
Fra:1 Mem:11.83M (Peak 11.83M) | Time:00:00.01 | Mem:1.47M, Peak:1.47M | Scene, ViewLayer | Updating Lights | Computing distribution
Fra:1 Mem:11.83M (Peak 11.83M) | Time:00:00.01 | Mem:1.47M, Peak:1.47M | Scene, ViewLayer | Updating Lights | Importance map
Fra:1 Mem:75.86M (Peak 363.96M) | Time:00:00.15 | Mem:65.51M, Peak:225.48M | Scene, ViewLayer | Updating Integrator
Fra:1 Mem:75.87M (Peak 363.96M) | Time:00:00.15 | Mem:65.52M, Peak:225.48M | Scene, ViewLayer | Updating Film
Fra:1 Mem:75.87M (Peak 363.96M) | Time:00:00.15 | Mem:65.27M, Peak:225.48M | Scene, ViewLayer | Updating Lookup Tables
Fra:1 Mem:75.87M (Peak 363.96M) | Time:00:00.15 | Mem:65.52M, Peak:225.48M | Scene, ViewLayer | Updating Baking
Fra:1 Mem:75.87M (Peak 363.96M) | Time:00:00.15 | Mem:65.52M, Peak:225.48M | Scene, ViewLayer | Updating Device | Writing constant memory
Fra:1 Mem:75.87M (Peak 363.96M) | Time:00:00.15 | Mem:65.52M, Peak:225.48M | Scene, ViewLayer | Sample 0/32
Fra:1 Mem:94.96M (Peak 363.96M) | Time:00:00.16 | Remaining:00:00.19 | Mem:84.52M, Peak:225.48M | Scene, ViewLayer | Sample 1/32
Fra:1 Mem:102.96M (Peak 363.96M) | Time:00:00.39 | Mem:84.52M, Peak:225.48M | Scene, ViewLayer | Sample 32/32
Fra:1 Mem:102.96M (Peak 363.96M) | Time:00:00.39 | Mem:84.52M, Peak:225.48M | Scene, ViewLayer | Finished
Saved: '/home/janus/iwi9-datasets/objaverse-rendering/no_textures_5/d8ac823f63cf47af83b5f2c44b322ca3/007.png'
 Time: 00:00.42 (Saving: 00:00.03)

Fra:1 Mem:11.01M (Peak 11.35M) | Time:00:00.00 | Mem:0.00M, Peak:0.00M | Scene, ViewLayer | Synchronizing object | squish_stretch_blue_0
Fra:1 Mem:11.02M (Peak 11.35M) | Time:00:00.00 | Mem:0.00M, Peak:0.00M | Scene, ViewLayer | Synchronizing object | ease2_red_0
Fra:1 Mem:11.11M (Peak 11.59M) | Time:00:00.00 | Mem:0.00M, Peak:0.00M | Scene, ViewLayer | Initializing
Fra:1 Mem:10.51M (Peak 11.59M) | Time:00:00.00 | Mem:0.00M, Peak:0.00M | Scene, ViewLayer | Waiting for render to start
Fra:1 Mem:10.52M (Peak 11.59M) | Time:00:00.00 | Mem:0.00M, Peak:0.00M | Scene, ViewLayer | Loading render kernels (may take a few minutes the first time)
Fra:1 Mem:10.52M (Peak 11.59M) | Time:00:00.00 | Mem:0.00M, Peak:0.00M | Scene, ViewLayer | Updating Scene
Fra:1 Mem:10.52M (Peak 11.59M) | Time:00:00.00 | Mem:0.00M, Peak:0.00M | Scene, ViewLayer | Updating Shaders
Fra:1 Mem:10.77M (Peak 11.59M) | Time:00:00.00 | Mem:0.00M, Peak:0.00M | Scene, ViewLayer | Updating Procedurals
Fra:1 Mem:10.77M (Peak 11.59M) | Time:00:00.00 | Mem:0.00M, Peak:0.00M | Scene, ViewLayer | Updating Background
Fra:1 Mem:10.77M (Peak 11.59M) | Time:00:00.00 | Mem:0.00M, Peak:0.00M | Scene, ViewLayer | Updating Camera
Fra:1 Mem:10.77M (Peak 11.59M) | Time:00:00.00 | Mem:0.00M, Peak:0.00M | Scene, ViewLayer | Updating Meshes Flags
Fra:1 Mem:10.77M (Peak 11.59M) | Time:00:00.00 | Mem:0.00M, Peak:0.00M | Scene, ViewLayer | Updating Objects
Fra:1 Mem:10.77M (Peak 11.59M) | Time:00:00.00 | Mem:0.00M, Peak:0.00M | Scene, ViewLayer | Updating Objects | Copying Transformations to device
Fra:1 Mem:10.77M (Peak 11.59M) | Time:00:00.00 | Mem:0.00M, Peak:0.00M | Scene, ViewLayer | Updating Objects | Applying Static Transformations
Fra:1 Mem:10.77M (Peak 11.59M) | Time:00:00.00 | Mem:0.00M, Peak:0.00M | Scene, ViewLayer | Updating Particle Systems
Fra:1 Mem:10.77M (Peak 11.59M) | Time:00:00.00 | Mem:0.00M, Peak:0.00M | Scene, ViewLayer | Updating Particle Systems | Copying Particles to device
Fra:1 Mem:10.77M (Peak 11.59M) | Time:00:00.00 | Mem:0.00M, Peak:0.00M | Scene, ViewLayer | Updating Meshes
Fra:1 Mem:10.79M (Peak 11.59M) | Time:00:00.00 | Mem:0.00M, Peak:0.00M | Scene, ViewLayer | Updating Mesh | Computing attributes
Fra:1 Mem:10.84M (Peak 11.59M) | Time:00:00.00 | Mem:0.00M, Peak:0.00M | Scene, ViewLayer | Updating Mesh | Copying Attributes to device
Fra:1 Mem:10.84M (Peak 11.59M) | Time:00:00.00 | Mem:0.05M, Peak:0.05M | Scene, ViewLayer | Updating Scene BVH | Building
Fra:1 Mem:10.84M (Peak 11.59M) | Time:00:00.00 | Mem:0.05M, Peak:0.05M | Scene, ViewLayer | Updating Scene BVH | Building BVH
Fra:1 Mem:10.84M (Peak 11.59M) | Time:00:00.00 | Mem:0.14M, Peak:0.14M | Scene, ViewLayer | Updating Scene BVH | Building BVH 0%
Fra:1 Mem:10.84M (Peak 11.59M) | Time:00:00.00 | Mem:0.17M, Peak:0.24M | Scene, ViewLayer | Updating Scene BVH | Copying BVH to device
Fra:1 Mem:10.84M (Peak 11.59M) | Time:00:00.00 | Mem:0.17M, Peak:0.24M | Scene, ViewLayer | Updating Mesh | Computing normals
Fra:1 Mem:10.94M (Peak 11.59M) | Time:00:00.00 | Mem:0.17M, Peak:0.24M | Scene, ViewLayer | Updating Mesh | Copying Mesh to device
Fra:1 Mem:10.94M (Peak 11.59M) | Time:00:00.00 | Mem:0.28M, Peak:0.28M | Scene, ViewLayer | Updating Objects Flags
Fra:1 Mem:10.94M (Peak 11.59M) | Time:00:00.00 | Mem:0.28M, Peak:0.28M | Scene, ViewLayer | Updating Primitive Offsets
Fra:1 Mem:10.94M (Peak 11.59M) | Time:00:00.00 | Mem:0.28M, Peak:0.28M | Scene, ViewLayer | Updating Images
Fra:1 Mem:10.94M (Peak 11.59M) | Time:00:00.00 | Mem:0.28M, Peak:0.28M | Scene, ViewLayer | Updating Images | Loading 00178.exr
Fra:1 Mem:11.07M (Peak 11.59M) | Time:00:00.00 | Mem:0.28M, Peak:0.28M | Scene, ViewLayer | Updating Images | Loading pitted_0157.jpg
Fra:1 Mem:11.80M (Peak 11.80M) | Time:00:00.01 | Mem:1.13M, Peak:1.13M | Scene, ViewLayer | Updating Camera Volume
Fra:1 Mem:11.80M (Peak 11.80M) | Time:00:00.01 | Mem:1.13M, Peak:1.13M | Scene, ViewLayer | Updating Lookup Tables
Fra:1 Mem:11.80M (Peak 11.80M) | Time:00:00.01 | Mem:1.38M, Peak:1.38M | Scene, ViewLayer | Updating Lights
Fra:1 Mem:11.80M (Peak 11.81M) | Time:00:00.01 | Mem:1.38M, Peak:1.38M | Scene, ViewLayer | Updating Lights | Computing distribution
Fra:1 Mem:11.80M (Peak 11.81M) | Time:00:00.01 | Mem:1.38M, Peak:1.38M | Scene, ViewLayer | Updating Lights | Importance map
Fra:1 Mem:75.84M (Peak 363.93M) | Time:00:00.14 | Mem:65.42M, Peak:225.39M | Scene, ViewLayer | Updating Integrator
Fra:1 Mem:75.84M (Peak 363.93M) | Time:00:00.14 | Mem:65.43M, Peak:225.39M | Scene, ViewLayer | Updating Film
Fra:1 Mem:75.85M (Peak 363.93M) | Time:00:00.14 | Mem:65.18M, Peak:225.39M | Scene, ViewLayer | Updating Lookup Tables
Fra:1 Mem:75.85M (Peak 363.93M) | Time:00:00.14 | Mem:65.43M, Peak:225.39M | Scene, ViewLayer | Updating Baking
Fra:1 Mem:75.85M (Peak 363.93M) | Time:00:00.14 | Mem:65.43M, Peak:225.39M | Scene, ViewLayer | Updating Device | Writing constant memory
Fra:1 Mem:75.85M (Peak 363.93M) | Time:00:00.14 | Mem:65.43M, Peak:225.39M | Scene, ViewLayer | Sample 0/32
Fra:1 Mem:94.94M (Peak 363.93M) | Time:00:00.15 | Remaining:00:00.21 | Mem:84.43M, Peak:225.39M | Scene, ViewLayer | Sample 1/32
Fra:1 Mem:102.94M (Peak 363.93M) | Time:00:00.38 | Mem:84.43M, Peak:225.39M | Scene, ViewLayer | Sample 32/32
Fra:1 Mem:102.94M (Peak 363.93M) | Time:00:00.38 | Mem:84.43M, Peak:225.39M | Scene, ViewLayer | Finished
Saved: '/home/janus/iwi9-datasets/objaverse-rendering/no_textures_5/d8ac823f63cf47af83b5f2c44b322ca3/008.png'
 Time: 00:00.41 (Saving: 00:00.03)

Fra:1 Mem:11.09M (Peak 11.43M) | Time:00:00.00 | Mem:0.00M, Peak:0.00M | Scene, ViewLayer | Synchronizing object | squish_stretch_blue_0
Fra:1 Mem:11.09M (Peak 11.43M) | Time:00:00.00 | Mem:0.00M, Peak:0.00M | Scene, ViewLayer | Synchronizing object | ease1_red_0
Fra:1 Mem:11.11M (Peak 11.43M) | Time:00:00.00 | Mem:0.00M, Peak:0.00M | Scene, ViewLayer | Synchronizing object | ease2_red_0
Fra:1 Mem:11.18M (Peak 11.65M) | Time:00:00.00 | Mem:0.00M, Peak:0.00M | Scene, ViewLayer | Initializing
Fra:1 Mem:10.58M (Peak 11.65M) | Time:00:00.00 | Mem:0.00M, Peak:0.00M | Scene, ViewLayer | Waiting for render to start
Fra:1 Mem:10.59M (Peak 11.65M) | Time:00:00.00 | Mem:0.00M, Peak:0.00M | Scene, ViewLayer | Loading render kernels (may take a few minutes the first time)
Fra:1 Mem:10.59M (Peak 11.65M) | Time:00:00.00 | Mem:0.00M, Peak:0.00M | Scene, ViewLayer | Updating Scene
Fra:1 Mem:10.59M (Peak 11.65M) | Time:00:00.00 | Mem:0.00M, Peak:0.00M | Scene, ViewLayer | Updating Shaders
Fra:1 Mem:10.84M (Peak 11.65M) | Time:00:00.00 | Mem:0.00M, Peak:0.00M | Scene, ViewLayer | Updating Procedurals
Fra:1 Mem:10.84M (Peak 11.65M) | Time:00:00.00 | Mem:0.00M, Peak:0.00M | Scene, ViewLayer | Updating Background
Fra:1 Mem:10.84M (Peak 11.65M) | Time:00:00.00 | Mem:0.00M, Peak:0.00M | Scene, ViewLayer | Updating Camera
Fra:1 Mem:10.84M (Peak 11.65M) | Time:00:00.00 | Mem:0.00M, Peak:0.00M | Scene, ViewLayer | Updating Meshes Flags
Fra:1 Mem:10.84M (Peak 11.65M) | Time:00:00.00 | Mem:0.00M, Peak:0.00M | Scene, ViewLayer | Updating Objects
Fra:1 Mem:10.84M (Peak 11.65M) | Time:00:00.00 | Mem:0.00M, Peak:0.00M | Scene, ViewLayer | Updating Objects | Copying Transformations to device
Fra:1 Mem:10.84M (Peak 11.65M) | Time:00:00.00 | Mem:0.00M, Peak:0.00M | Scene, ViewLayer | Updating Objects | Applying Static Transformations
Fra:1 Mem:10.84M (Peak 11.65M) | Time:00:00.00 | Mem:0.00M, Peak:0.00M | Scene, ViewLayer | Updating Particle Systems
Fra:1 Mem:10.84M (Peak 11.65M) | Time:00:00.00 | Mem:0.00M, Peak:0.00M | Scene, ViewLayer | Updating Particle Systems | Copying Particles to device
Fra:1 Mem:10.84M (Peak 11.65M) | Time:00:00.00 | Mem:0.00M, Peak:0.00M | Scene, ViewLayer | Updating Meshes
Fra:1 Mem:10.86M (Peak 11.65M) | Time:00:00.00 | Mem:0.00M, Peak:0.00M | Scene, ViewLayer | Updating Mesh | Computing attributes
Fra:1 Mem:10.91M (Peak 11.65M) | Time:00:00.00 | Mem:0.00M, Peak:0.00M | Scene, ViewLayer | Updating Mesh | Copying Attributes to device
Fra:1 Mem:10.91M (Peak 11.65M) | Time:00:00.00 | Mem:0.05M, Peak:0.05M | Scene, ViewLayer | Updating Scene BVH | Building
Fra:1 Mem:10.91M (Peak 11.65M) | Time:00:00.00 | Mem:0.05M, Peak:0.05M | Scene, ViewLayer | Updating Scene BVH | Building BVH
Fra:1 Mem:10.91M (Peak 11.65M) | Time:00:00.00 | Mem:0.14M, Peak:0.14M | Scene, ViewLayer | Updating Scene BVH | Building BVH 0%
Fra:1 Mem:10.91M (Peak 11.65M) | Time:00:00.00 | Mem:0.17M, Peak:0.24M | Scene, ViewLayer | Updating Scene BVH | Copying BVH to device
Fra:1 Mem:10.91M (Peak 11.65M) | Time:00:00.00 | Mem:0.17M, Peak:0.24M | Scene, ViewLayer | Updating Mesh | Computing normals
Fra:1 Mem:11.01M (Peak 11.65M) | Time:00:00.00 | Mem:0.17M, Peak:0.24M | Scene, ViewLayer | Updating Mesh | Copying Mesh to device
Fra:1 Mem:11.01M (Peak 11.65M) | Time:00:00.00 | Mem:0.28M, Peak:0.28M | Scene, ViewLayer | Updating Objects Flags
Fra:1 Mem:11.01M (Peak 11.65M) | Time:00:00.00 | Mem:0.28M, Peak:0.28M | Scene, ViewLayer | Updating Primitive Offsets
Fra:1 Mem:11.01M (Peak 11.65M) | Time:00:00.00 | Mem:0.28M, Peak:0.28M | Scene, ViewLayer | Updating Images
Fra:1 Mem:11.01M (Peak 11.65M) | Time:00:00.00 | Mem:0.28M, Peak:0.28M | Scene, ViewLayer | Updating Images | Loading 00178.exr
Fra:1 Mem:11.14M (Peak 11.65M) | Time:00:00.00 | Mem:0.28M, Peak:0.28M | Scene, ViewLayer | Updating Images | Loading meshed_0112.jpg
Fra:1 Mem:12.71M (Peak 12.71M) | Time:00:00.01 | Mem:1.96M, Peak:1.96M | Scene, ViewLayer | Updating Camera Volume
Fra:1 Mem:12.71M (Peak 12.71M) | Time:00:00.01 | Mem:1.96M, Peak:1.96M | Scene, ViewLayer | Updating Lookup Tables
Fra:1 Mem:12.71M (Peak 12.71M) | Time:00:00.01 | Mem:2.21M, Peak:2.21M | Scene, ViewLayer | Updating Lights
Fra:1 Mem:12.71M (Peak 12.71M) | Time:00:00.01 | Mem:2.22M, Peak:2.22M | Scene, ViewLayer | Updating Lights | Computing distribution
Fra:1 Mem:12.71M (Peak 12.71M) | Time:00:00.01 | Mem:2.22M, Peak:2.22M | Scene, ViewLayer | Updating Lights | Importance map
Fra:1 Mem:76.74M (Peak 364.84M) | Time:00:00.15 | Mem:66.26M, Peak:226.23M | Scene, ViewLayer | Updating Integrator
Fra:1 Mem:76.75M (Peak 364.84M) | Time:00:00.15 | Mem:66.27M, Peak:226.23M | Scene, ViewLayer | Updating Film
Fra:1 Mem:76.75M (Peak 364.84M) | Time:00:00.15 | Mem:66.02M, Peak:226.23M | Scene, ViewLayer | Updating Lookup Tables
Fra:1 Mem:76.75M (Peak 364.84M) | Time:00:00.15 | Mem:66.27M, Peak:226.23M | Scene, ViewLayer | Updating Baking
Fra:1 Mem:76.75M (Peak 364.84M) | Time:00:00.15 | Mem:66.27M, Peak:226.23M | Scene, ViewLayer | Updating Device | Writing constant memory
Fra:1 Mem:76.75M (Peak 364.84M) | Time:00:00.15 | Mem:66.27M, Peak:226.23M | Scene, ViewLayer | Sample 0/32
Fra:1 Mem:95.84M (Peak 364.84M) | Time:00:00.15 | Remaining:00:00.20 | Mem:85.27M, Peak:226.23M | Scene, ViewLayer | Sample 1/32
Fra:1 Mem:103.84M (Peak 364.84M) | Time:00:00.38 | Mem:85.27M, Peak:226.23M | Scene, ViewLayer | Sample 32/32
Fra:1 Mem:103.84M (Peak 364.84M) | Time:00:00.38 | Mem:85.27M, Peak:226.23M | Scene, ViewLayer | Finished
Saved: '/home/janus/iwi9-datasets/objaverse-rendering/no_textures_5/d8ac823f63cf47af83b5f2c44b322ca3/009.png'
 Time: 00:00.42 (Saving: 00:00.03)

Fra:1 Mem:11.16M (Peak 11.48M) | Time:00:00.00 | Mem:0.00M, Peak:0.00M | Scene, ViewLayer | Synchronizing object | squish_stretch_blue_0
Fra:1 Mem:11.16M (Peak 11.48M) | Time:00:00.00 | Mem:0.00M, Peak:0.00M | Scene, ViewLayer | Synchronizing object | ease1_red_0
Fra:1 Mem:11.18M (Peak 11.48M) | Time:00:00.00 | Mem:0.00M, Peak:0.00M | Scene, ViewLayer | Synchronizing object | ease2_red_0
Fra:1 Mem:11.25M (Peak 11.72M) | Time:00:00.00 | Mem:0.00M, Peak:0.00M | Scene, ViewLayer | Initializing
Fra:1 Mem:10.66M (Peak 11.72M) | Time:00:00.00 | Mem:0.00M, Peak:0.00M | Scene, ViewLayer | Waiting for render to start
Fra:1 Mem:10.66M (Peak 11.72M) | Time:00:00.00 | Mem:0.00M, Peak:0.00M | Scene, ViewLayer | Loading render kernels (may take a few minutes the first time)
Fra:1 Mem:10.66M (Peak 11.72M) | Time:00:00.00 | Mem:0.00M, Peak:0.00M | Scene, ViewLayer | Updating Scene
Fra:1 Mem:10.66M (Peak 11.72M) | Time:00:00.00 | Mem:0.00M, Peak:0.00M | Scene, ViewLayer | Updating Shaders
Fra:1 Mem:10.91M (Peak 11.72M) | Time:00:00.00 | Mem:0.00M, Peak:0.00M | Scene, ViewLayer | Updating Procedurals
Fra:1 Mem:10.91M (Peak 11.72M) | Time:00:00.00 | Mem:0.00M, Peak:0.00M | Scene, ViewLayer | Updating Background
Fra:1 Mem:10.91M (Peak 11.72M) | Time:00:00.00 | Mem:0.00M, Peak:0.00M | Scene, ViewLayer | Updating Camera
Fra:1 Mem:10.91M (Peak 11.72M) | Time:00:00.00 | Mem:0.00M, Peak:0.00M | Scene, ViewLayer | Updating Meshes Flags
Fra:1 Mem:10.91M (Peak 11.72M) | Time:00:00.00 | Mem:0.00M, Peak:0.00M | Scene, ViewLayer | Updating Objects
Fra:1 Mem:10.91M (Peak 11.72M) | Time:00:00.00 | Mem:0.00M, Peak:0.00M | Scene, ViewLayer | Updating Objects | Copying Transformations to device
Fra:1 Mem:10.91M (Peak 11.72M) | Time:00:00.00 | Mem:0.00M, Peak:0.00M | Scene, ViewLayer | Updating Objects | Applying Static Transformations
Fra:1 Mem:10.91M (Peak 11.72M) | Time:00:00.00 | Mem:0.00M, Peak:0.00M | Scene, ViewLayer | Updating Particle Systems
Fra:1 Mem:10.91M (Peak 11.72M) | Time:00:00.00 | Mem:0.00M, Peak:0.00M | Scene, ViewLayer | Updating Particle Systems | Copying Particles to device
Fra:1 Mem:10.91M (Peak 11.72M) | Time:00:00.00 | Mem:0.00M, Peak:0.00M | Scene, ViewLayer | Updating Meshes
Fra:1 Mem:10.93M (Peak 11.72M) | Time:00:00.00 | Mem:0.00M, Peak:0.00M | Scene, ViewLayer | Updating Mesh | Computing attributes
Fra:1 Mem:10.98M (Peak 11.72M) | Time:00:00.00 | Mem:0.00M, Peak:0.00M | Scene, ViewLayer | Updating Mesh | Copying Attributes to device
Fra:1 Mem:10.98M (Peak 11.72M) | Time:00:00.00 | Mem:0.05M, Peak:0.05M | Scene, ViewLayer | Updating Scene BVH | Building
Fra:1 Mem:10.98M (Peak 11.72M) | Time:00:00.00 | Mem:0.05M, Peak:0.05M | Scene, ViewLayer | Updating Scene BVH | Building BVH
Fra:1 Mem:10.98M (Peak 11.72M) | Time:00:00.00 | Mem:0.14M, Peak:0.14M | Scene, ViewLayer | Updating Scene BVH | Building BVH 0%
Fra:1 Mem:10.98M (Peak 11.72M) | Time:00:00.00 | Mem:0.17M, Peak:0.24M | Scene, ViewLayer | Updating Scene BVH | Copying BVH to device
Fra:1 Mem:10.98M (Peak 11.72M) | Time:00:00.00 | Mem:0.17M, Peak:0.24M | Scene, ViewLayer | Updating Mesh | Computing normals
Fra:1 Mem:11.08M (Peak 11.72M) | Time:00:00.00 | Mem:0.17M, Peak:0.24M | Scene, ViewLayer | Updating Mesh | Copying Mesh to device
Fra:1 Mem:11.08M (Peak 11.72M) | Time:00:00.00 | Mem:0.28M, Peak:0.28M | Scene, ViewLayer | Updating Objects Flags
Fra:1 Mem:11.08M (Peak 11.72M) | Time:00:00.00 | Mem:0.28M, Peak:0.28M | Scene, ViewLayer | Updating Primitive Offsets
Fra:1 Mem:11.08M (Peak 11.72M) | Time:00:00.00 | Mem:0.28M, Peak:0.28M | Scene, ViewLayer | Updating Images
Fra:1 Mem:11.08M (Peak 11.72M) | Time:00:00.00 | Mem:0.28M, Peak:0.28M | Scene, ViewLayer | Updating Images | Loading 00178.exr
Fra:1 Mem:11.21M (Peak 11.72M) | Time:00:00.00 | Mem:0.28M, Peak:0.28M | Scene, ViewLayer | Updating Images | Loading polka-dotted_0124.jpg
Fra:1 Mem:12.16M (Peak 12.16M) | Time:00:00.01 | Mem:1.34M, Peak:1.34M | Scene, ViewLayer | Updating Camera Volume
Fra:1 Mem:12.16M (Peak 12.16M) | Time:00:00.01 | Mem:1.34M, Peak:1.34M | Scene, ViewLayer | Updating Lookup Tables
Fra:1 Mem:12.16M (Peak 12.16M) | Time:00:00.01 | Mem:1.59M, Peak:1.59M | Scene, ViewLayer | Updating Lights
Fra:1 Mem:12.16M (Peak 12.16M) | Time:00:00.01 | Mem:1.59M, Peak:1.59M | Scene, ViewLayer | Updating Lights | Computing distribution
Fra:1 Mem:12.16M (Peak 12.16M) | Time:00:00.01 | Mem:1.59M, Peak:1.59M | Scene, ViewLayer | Updating Lights | Importance map
Fra:1 Mem:76.19M (Peak 364.29M) | Time:00:00.15 | Mem:65.64M, Peak:225.60M | Scene, ViewLayer | Updating Integrator
Fra:1 Mem:76.20M (Peak 364.29M) | Time:00:00.15 | Mem:65.64M, Peak:225.60M | Scene, ViewLayer | Updating Film
Fra:1 Mem:76.20M (Peak 364.29M) | Time:00:00.15 | Mem:65.39M, Peak:225.60M | Scene, ViewLayer | Updating Lookup Tables
Fra:1 Mem:76.20M (Peak 364.29M) | Time:00:00.15 | Mem:65.65M, Peak:225.60M | Scene, ViewLayer | Updating Baking
Fra:1 Mem:76.20M (Peak 364.29M) | Time:00:00.15 | Mem:65.65M, Peak:225.60M | Scene, ViewLayer | Updating Device | Writing constant memory
Fra:1 Mem:76.20M (Peak 364.29M) | Time:00:00.15 | Mem:65.65M, Peak:225.60M | Scene, ViewLayer | Sample 0/32
Fra:1 Mem:95.29M (Peak 364.29M) | Time:00:00.15 | Remaining:00:00.20 | Mem:84.65M, Peak:225.60M | Scene, ViewLayer | Sample 1/32
Fra:1 Mem:103.29M (Peak 364.29M) | Time:00:00.38 | Mem:84.65M, Peak:225.60M | Scene, ViewLayer | Sample 32/32
Fra:1 Mem:103.29M (Peak 364.29M) | Time:00:00.38 | Mem:84.65M, Peak:225.60M | Scene, ViewLayer | Finished
Saved: '/home/janus/iwi9-datasets/objaverse-rendering/no_textures_5/d8ac823f63cf47af83b5f2c44b322ca3/010.png'
 Time: 00:00.42 (Saving: 00:00.03)

Fra:1 Mem:11.22M (Peak 11.55M) | Time:00:00.00 | Mem:0.00M, Peak:0.00M | Scene, ViewLayer | Synchronizing object | squish_stretch_blue_0
Fra:1 Mem:11.23M (Peak 11.55M) | Time:00:00.00 | Mem:0.00M, Peak:0.00M | Scene, ViewLayer | Synchronizing object | ease2_red_0
Fra:1 Mem:11.32M (Peak 11.78M) | Time:00:00.00 | Mem:0.00M, Peak:0.00M | Scene, ViewLayer | Initializing
Fra:1 Mem:10.72M (Peak 11.78M) | Time:00:00.00 | Mem:0.00M, Peak:0.00M | Scene, ViewLayer | Waiting for render to start
Fra:1 Mem:10.72M (Peak 11.78M) | Time:00:00.00 | Mem:0.00M, Peak:0.00M | Scene, ViewLayer | Loading render kernels (may take a few minutes the first time)
Fra:1 Mem:10.72M (Peak 11.78M) | Time:00:00.00 | Mem:0.00M, Peak:0.00M | Scene, ViewLayer | Updating Scene
Fra:1 Mem:10.72M (Peak 11.78M) | Time:00:00.00 | Mem:0.00M, Peak:0.00M | Scene, ViewLayer | Updating Shaders
Fra:1 Mem:10.98M (Peak 11.78M) | Time:00:00.00 | Mem:0.00M, Peak:0.00M | Scene, ViewLayer | Updating Procedurals
Fra:1 Mem:10.98M (Peak 11.78M) | Time:00:00.00 | Mem:0.00M, Peak:0.00M | Scene, ViewLayer | Updating Background
Fra:1 Mem:10.98M (Peak 11.78M) | Time:00:00.00 | Mem:0.00M, Peak:0.00M | Scene, ViewLayer | Updating Camera
Fra:1 Mem:10.98M (Peak 11.78M) | Time:00:00.00 | Mem:0.00M, Peak:0.00M | Scene, ViewLayer | Updating Meshes Flags
Fra:1 Mem:10.98M (Peak 11.78M) | Time:00:00.00 | Mem:0.00M, Peak:0.00M | Scene, ViewLayer | Updating Objects
Fra:1 Mem:10.98M (Peak 11.78M) | Time:00:00.00 | Mem:0.00M, Peak:0.00M | Scene, ViewLayer | Updating Objects | Copying Transformations to device
Fra:1 Mem:10.98M (Peak 11.78M) | Time:00:00.00 | Mem:0.00M, Peak:0.00M | Scene, ViewLayer | Updating Objects | Applying Static Transformations
Fra:1 Mem:10.98M (Peak 11.78M) | Time:00:00.00 | Mem:0.00M, Peak:0.00M | Scene, ViewLayer | Updating Particle Systems
Fra:1 Mem:10.98M (Peak 11.78M) | Time:00:00.00 | Mem:0.00M, Peak:0.00M | Scene, ViewLayer | Updating Particle Systems | Copying Particles to device
Fra:1 Mem:10.98M (Peak 11.78M) | Time:00:00.00 | Mem:0.00M, Peak:0.00M | Scene, ViewLayer | Updating Meshes
Fra:1 Mem:11.00M (Peak 11.78M) | Time:00:00.00 | Mem:0.00M, Peak:0.00M | Scene, ViewLayer | Updating Mesh | Computing attributes
Fra:1 Mem:11.05M (Peak 11.78M) | Time:00:00.00 | Mem:0.00M, Peak:0.00M | Scene, ViewLayer | Updating Mesh | Copying Attributes to device
Fra:1 Mem:11.05M (Peak 11.78M) | Time:00:00.00 | Mem:0.05M, Peak:0.05M | Scene, ViewLayer | Updating Scene BVH | Building
Fra:1 Mem:11.05M (Peak 11.78M) | Time:00:00.00 | Mem:0.05M, Peak:0.05M | Scene, ViewLayer | Updating Scene BVH | Building BVH
Fra:1 Mem:11.05M (Peak 11.78M) | Time:00:00.00 | Mem:0.14M, Peak:0.14M | Scene, ViewLayer | Updating Scene BVH | Building BVH 0%
Fra:1 Mem:11.05M (Peak 11.78M) | Time:00:00.00 | Mem:0.17M, Peak:0.24M | Scene, ViewLayer | Updating Scene BVH | Copying BVH to device
Fra:1 Mem:11.05M (Peak 11.78M) | Time:00:00.00 | Mem:0.17M, Peak:0.24M | Scene, ViewLayer | Updating Mesh | Computing normals
Fra:1 Mem:11.15M (Peak 11.78M) | Time:00:00.00 | Mem:0.17M, Peak:0.24M | Scene, ViewLayer | Updating Mesh | Copying Mesh to device
Fra:1 Mem:11.15M (Peak 11.78M) | Time:00:00.00 | Mem:0.28M, Peak:0.28M | Scene, ViewLayer | Updating Objects Flags
Fra:1 Mem:11.15M (Peak 11.78M) | Time:00:00.00 | Mem:0.28M, Peak:0.28M | Scene, ViewLayer | Updating Primitive Offsets
Fra:1 Mem:11.15M (Peak 11.78M) | Time:00:00.00 | Mem:0.28M, Peak:0.28M | Scene, ViewLayer | Updating Images
Fra:1 Mem:11.15M (Peak 11.78M) | Time:00:00.00 | Mem:0.28M, Peak:0.28M | Scene, ViewLayer | Updating Images | Loading 00178.exr
Fra:1 Mem:11.27M (Peak 11.78M) | Time:00:00.00 | Mem:0.28M, Peak:0.28M | Scene, ViewLayer | Updating Images | Loading chequered_0173.jpg
Fra:1 Mem:11.82M (Peak 11.82M) | Time:00:00.01 | Mem:0.94M, Peak:0.94M | Scene, ViewLayer | Updating Camera Volume
Fra:1 Mem:11.82M (Peak 11.82M) | Time:00:00.01 | Mem:0.94M, Peak:0.94M | Scene, ViewLayer | Updating Lookup Tables
Fra:1 Mem:11.82M (Peak 11.82M) | Time:00:00.01 | Mem:1.19M, Peak:1.19M | Scene, ViewLayer | Updating Lights
Fra:1 Mem:11.82M (Peak 11.82M) | Time:00:00.01 | Mem:1.19M, Peak:1.19M | Scene, ViewLayer | Updating Lights | Computing distribution
Fra:1 Mem:11.82M (Peak 11.82M) | Time:00:00.01 | Mem:1.19M, Peak:1.19M | Scene, ViewLayer | Updating Lights | Importance map
Fra:1 Mem:75.85M (Peak 363.95M) | Time:00:00.15 | Mem:65.23M, Peak:225.20M | Scene, ViewLayer | Updating Integrator
Fra:1 Mem:75.86M (Peak 363.95M) | Time:00:00.15 | Mem:65.24M, Peak:225.20M | Scene, ViewLayer | Updating Film
Fra:1 Mem:75.86M (Peak 363.95M) | Time:00:00.15 | Mem:64.99M, Peak:225.20M | Scene, ViewLayer | Updating Lookup Tables
Fra:1 Mem:75.86M (Peak 363.95M) | Time:00:00.15 | Mem:65.24M, Peak:225.20M | Scene, ViewLayer | Updating Baking
Fra:1 Mem:75.86M (Peak 363.95M) | Time:00:00.15 | Mem:65.24M, Peak:225.20M | Scene, ViewLayer | Updating Device | Writing constant memory
Fra:1 Mem:75.86M (Peak 363.95M) | Time:00:00.15 | Mem:65.24M, Peak:225.20M | Scene, ViewLayer | Sample 0/32
Fra:1 Mem:94.95M (Peak 363.95M) | Time:00:00.16 | Remaining:00:00.20 | Mem:84.24M, Peak:225.20M | Scene, ViewLayer | Sample 1/32
Fra:1 Mem:102.95M (Peak 363.95M) | Time:00:00.40 | Mem:84.24M, Peak:225.20M | Scene, ViewLayer | Sample 32/32
Fra:1 Mem:102.95M (Peak 363.95M) | Time:00:00.40 | Mem:84.24M, Peak:225.20M | Scene, ViewLayer | Finished
Saved: '/home/janus/iwi9-datasets/objaverse-rendering/no_textures_5/d8ac823f63cf47af83b5f2c44b322ca3/011.png'
 Time: 00:00.44 (Saving: 00:00.03)

Data are loaded, start creating Blender stuff
glTF import finished in 0.01s
Finished /home/janus/iwi9-datasets/objaverse-objects/hf-objaverse-v1/glbs/000-123/d8ac823f63cf47af83b5f2c44b322ca3.glb in 5.652101278305054 seconds

Blender quit
/home/janus/iwi9-datasets/objaverse-objects/hf-objaverse-v1/glbs/000-088/464ba8a17aef4fd8b1a4302f9aff2138.glb
Blender 3.3.1 (hash b292cfe5a936 built 2022-10-05 00:14:35)
/run/user/210289/gvfs/ non-existent directory
Fra:1 Mem:30.12M (Peak 35.66M) | Time:00:00.00 | Mem:0.00M, Peak:0.00M | Scene, ViewLayer | Synchronizing object | Object_2
Fra:1 Mem:30.18M (Peak 35.66M) | Time:00:00.00 | Mem:0.00M, Peak:0.00M | Scene, ViewLayer | Synchronizing object | Object_9
Fra:1 Mem:32.85M (Peak 42.33M) | Time:00:00.01 | Mem:0.00M, Peak:0.00M | Scene, ViewLayer | Initializing
Fra:1 Mem:25.62M (Peak 42.33M) | Time:00:00.01 | Mem:0.00M, Peak:0.00M | Scene, ViewLayer | Waiting for render to start
Fra:1 Mem:25.62M (Peak 42.33M) | Time:00:00.01 | Mem:0.00M, Peak:0.00M | Scene, ViewLayer | Loading render kernels (may take a few minutes the first time)
Fra:1 Mem:25.62M (Peak 42.33M) | Time:00:00.01 | Mem:0.00M, Peak:0.00M | Scene, ViewLayer | Updating Scene
Fra:1 Mem:25.62M (Peak 42.33M) | Time:00:00.01 | Mem:0.00M, Peak:0.00M | Scene, ViewLayer | Updating Shaders
Fra:1 Mem:26.13M (Peak 42.33M) | Time:00:00.05 | Mem:0.01M, Peak:0.01M | Scene, ViewLayer | Updating Procedurals
Fra:1 Mem:26.13M (Peak 42.33M) | Time:00:00.05 | Mem:0.01M, Peak:0.01M | Scene, ViewLayer | Updating Background
Fra:1 Mem:26.13M (Peak 42.33M) | Time:00:00.05 | Mem:0.01M, Peak:0.01M | Scene, ViewLayer | Updating Camera
Fra:1 Mem:26.13M (Peak 42.33M) | Time:00:00.05 | Mem:0.01M, Peak:0.01M | Scene, ViewLayer | Updating Meshes Flags
Fra:1 Mem:26.13M (Peak 42.33M) | Time:00:00.05 | Mem:0.01M, Peak:0.01M | Scene, ViewLayer | Updating Objects
Fra:1 Mem:26.13M (Peak 42.33M) | Time:00:00.05 | Mem:0.01M, Peak:0.01M | Scene, ViewLayer | Updating Objects | Copying Transformations to device
Fra:1 Mem:26.13M (Peak 42.33M) | Time:00:00.05 | Mem:0.01M, Peak:0.01M | Scene, ViewLayer | Updating Objects | Applying Static Transformations
Fra:1 Mem:26.13M (Peak 42.33M) | Time:00:00.05 | Mem:0.01M, Peak:0.01M | Scene, ViewLayer | Updating Particle Systems
Fra:1 Mem:26.13M (Peak 42.33M) | Time:00:00.05 | Mem:0.01M, Peak:0.01M | Scene, ViewLayer | Updating Particle Systems | Copying Particles to device
Fra:1 Mem:26.13M (Peak 42.33M) | Time:00:00.05 | Mem:0.01M, Peak:0.01M | Scene, ViewLayer | Updating Meshes
Fra:1 Mem:26.77M (Peak 42.33M) | Time:00:00.05 | Mem:0.01M, Peak:0.01M | Scene, ViewLayer | Updating Mesh | Computing attributes
Fra:1 Mem:28.01M (Peak 42.33M) | Time:00:00.05 | Mem:0.01M, Peak:0.01M | Scene, ViewLayer | Updating Mesh | Copying Attributes to device
Fra:1 Mem:28.01M (Peak 42.33M) | Time:00:00.05 | Mem:1.24M, Peak:1.24M | Scene, ViewLayer | Updating Scene BVH | Building
Fra:1 Mem:28.01M (Peak 42.33M) | Time:00:00.05 | Mem:1.24M, Peak:1.24M | Scene, ViewLayer | Updating Scene BVH | Building BVH
Fra:1 Mem:28.01M (Peak 42.33M) | Time:00:00.05 | Mem:3.99M, Peak:3.99M | Scene, ViewLayer | Updating Scene BVH | Building BVH 0%
Fra:1 Mem:28.01M (Peak 42.33M) | Time:00:00.06 | Mem:4.69M, Peak:6.69M | Scene, ViewLayer | Updating Scene BVH | Copying BVH to device
Fra:1 Mem:28.01M (Peak 42.33M) | Time:00:00.06 | Mem:4.69M, Peak:6.69M | Scene, ViewLayer | Updating Mesh | Computing normals
Fra:1 Mem:30.87M (Peak 42.33M) | Time:00:00.06 | Mem:4.69M, Peak:6.69M | Scene, ViewLayer | Updating Mesh | Copying Mesh to device
Fra:1 Mem:30.87M (Peak 42.33M) | Time:00:00.06 | Mem:7.55M, Peak:7.55M | Scene, ViewLayer | Updating Objects Flags
Fra:1 Mem:30.87M (Peak 42.33M) | Time:00:00.06 | Mem:7.55M, Peak:7.55M | Scene, ViewLayer | Updating Primitive Offsets
Fra:1 Mem:30.87M (Peak 42.33M) | Time:00:00.06 | Mem:7.55M, Peak:7.55M | Scene, ViewLayer | Updating Images
Fra:1 Mem:30.87M (Peak 42.33M) | Time:00:00.06 | Mem:7.55M, Peak:7.55M | Scene, ViewLayer | Updating Images | Loading 00144.exr
Fra:1 Mem:31.00M (Peak 42.33M) | Time:00:00.06 | Mem:7.55M, Peak:7.55M | Scene, ViewLayer | Updating Images | Loading woven_0069.jpg
Fra:1 Mem:32.18M (Peak 42.33M) | Time:00:00.08 | Mem:8.85M, Peak:8.85M | Scene, ViewLayer | Updating Camera Volume
Fra:1 Mem:32.18M (Peak 42.33M) | Time:00:00.08 | Mem:8.85M, Peak:8.85M | Scene, ViewLayer | Updating Lookup Tables
Fra:1 Mem:32.18M (Peak 42.33M) | Time:00:00.08 | Mem:9.10M, Peak:9.10M | Scene, ViewLayer | Updating Lights
Fra:1 Mem:32.18M (Peak 42.33M) | Time:00:00.08 | Mem:9.10M, Peak:9.10M | Scene, ViewLayer | Updating Lights | Computing distribution
Fra:1 Mem:32.18M (Peak 42.33M) | Time:00:00.08 | Mem:9.10M, Peak:9.10M | Scene, ViewLayer | Updating Lights | Importance map
Fra:1 Mem:96.21M (Peak 384.31M) | Time:00:00.22 | Mem:73.14M, Peak:233.11M | Scene, ViewLayer | Updating Integrator
Fra:1 Mem:96.22M (Peak 384.31M) | Time:00:00.22 | Mem:73.15M, Peak:233.11M | Scene, ViewLayer | Updating Film
Fra:1 Mem:96.22M (Peak 384.31M) | Time:00:00.22 | Mem:72.90M, Peak:233.11M | Scene, ViewLayer | Updating Lookup Tables
Fra:1 Mem:96.22M (Peak 384.31M) | Time:00:00.22 | Mem:73.15M, Peak:233.11M | Scene, ViewLayer | Updating Baking
Fra:1 Mem:96.22M (Peak 384.31M) | Time:00:00.22 | Mem:73.15M, Peak:233.11M | Scene, ViewLayer | Updating Device | Writing constant memory
Fra:1 Mem:96.23M (Peak 384.31M) | Time:00:00.22 | Mem:73.15M, Peak:233.11M | Scene, ViewLayer | Sample 0/32
Fra:1 Mem:115.31M (Peak 384.31M) | Time:00:00.22 | Remaining:00:00.25 | Mem:92.15M, Peak:233.11M | Scene, ViewLayer | Sample 1/32
Fra:1 Mem:123.31M (Peak 384.31M) | Time:00:00.50 | Mem:92.15M, Peak:233.11M | Scene, ViewLayer | Sample 32/32
Fra:1 Mem:123.31M (Peak 384.31M) | Time:00:00.50 | Mem:92.15M, Peak:233.11M | Scene, ViewLayer | Finished
Saved: '/home/janus/iwi9-datasets/objaverse-rendering/no_textures_5/464ba8a17aef4fd8b1a4302f9aff2138/000.png'
 Time: 00:00.70 (Saving: 00:00.19)

Fra:1 Mem:30.55M (Peak 36.71M) | Time:00:00.00 | Mem:0.00M, Peak:0.00M | Scene, ViewLayer | Synchronizing object | Object_2
Fra:1 Mem:30.57M (Peak 36.71M) | Time:00:00.00 | Mem:0.00M, Peak:0.00M | Scene, ViewLayer | Synchronizing object | Object_9
Fra:1 Mem:33.28M (Peak 42.45M) | Time:00:00.01 | Mem:0.00M, Peak:0.00M | Scene, ViewLayer | Initializing
Fra:1 Mem:26.05M (Peak 42.45M) | Time:00:00.01 | Mem:0.00M, Peak:0.00M | Scene, ViewLayer | Waiting for render to start
Fra:1 Mem:26.06M (Peak 42.45M) | Time:00:00.01 | Mem:0.00M, Peak:0.00M | Scene, ViewLayer | Loading render kernels (may take a few minutes the first time)
Fra:1 Mem:26.06M (Peak 42.45M) | Time:00:00.01 | Mem:0.00M, Peak:0.00M | Scene, ViewLayer | Updating Scene
Fra:1 Mem:26.06M (Peak 42.45M) | Time:00:00.01 | Mem:0.00M, Peak:0.00M | Scene, ViewLayer | Updating Shaders
Fra:1 Mem:26.31M (Peak 42.45M) | Time:00:00.01 | Mem:0.01M, Peak:0.01M | Scene, ViewLayer | Updating Procedurals
Fra:1 Mem:26.31M (Peak 42.45M) | Time:00:00.01 | Mem:0.01M, Peak:0.01M | Scene, ViewLayer | Updating Background
Fra:1 Mem:26.31M (Peak 42.45M) | Time:00:00.01 | Mem:0.01M, Peak:0.01M | Scene, ViewLayer | Updating Camera
Fra:1 Mem:26.31M (Peak 42.45M) | Time:00:00.01 | Mem:0.01M, Peak:0.01M | Scene, ViewLayer | Updating Meshes Flags
Fra:1 Mem:26.31M (Peak 42.45M) | Time:00:00.01 | Mem:0.01M, Peak:0.01M | Scene, ViewLayer | Updating Objects
Fra:1 Mem:26.31M (Peak 42.45M) | Time:00:00.01 | Mem:0.01M, Peak:0.01M | Scene, ViewLayer | Updating Objects | Copying Transformations to device
Fra:1 Mem:26.31M (Peak 42.45M) | Time:00:00.01 | Mem:0.01M, Peak:0.01M | Scene, ViewLayer | Updating Objects | Applying Static Transformations
Fra:1 Mem:26.31M (Peak 42.45M) | Time:00:00.01 | Mem:0.01M, Peak:0.01M | Scene, ViewLayer | Updating Particle Systems
Fra:1 Mem:26.31M (Peak 42.45M) | Time:00:00.01 | Mem:0.01M, Peak:0.01M | Scene, ViewLayer | Updating Particle Systems | Copying Particles to device
Fra:1 Mem:26.31M (Peak 42.45M) | Time:00:00.01 | Mem:0.01M, Peak:0.01M | Scene, ViewLayer | Updating Meshes
Fra:1 Mem:26.96M (Peak 42.45M) | Time:00:00.01 | Mem:0.01M, Peak:0.01M | Scene, ViewLayer | Updating Mesh | Computing attributes
Fra:1 Mem:28.19M (Peak 42.45M) | Time:00:00.01 | Mem:0.01M, Peak:0.01M | Scene, ViewLayer | Updating Mesh | Copying Attributes to device
Fra:1 Mem:28.19M (Peak 42.45M) | Time:00:00.01 | Mem:1.24M, Peak:1.24M | Scene, ViewLayer | Updating Scene BVH | Building
Fra:1 Mem:28.19M (Peak 42.45M) | Time:00:00.01 | Mem:1.24M, Peak:1.24M | Scene, ViewLayer | Updating Scene BVH | Building BVH
Fra:1 Mem:28.19M (Peak 42.45M) | Time:00:00.01 | Mem:3.99M, Peak:3.99M | Scene, ViewLayer | Updating Scene BVH | Building BVH 0%
Fra:1 Mem:28.19M (Peak 42.45M) | Time:00:00.02 | Mem:4.69M, Peak:6.69M | Scene, ViewLayer | Updating Scene BVH | Copying BVH to device
Fra:1 Mem:28.19M (Peak 42.45M) | Time:00:00.02 | Mem:4.69M, Peak:6.69M | Scene, ViewLayer | Updating Mesh | Computing normals
Fra:1 Mem:31.06M (Peak 42.45M) | Time:00:00.02 | Mem:4.69M, Peak:6.69M | Scene, ViewLayer | Updating Mesh | Copying Mesh to device
Fra:1 Mem:31.06M (Peak 42.45M) | Time:00:00.02 | Mem:7.55M, Peak:7.55M | Scene, ViewLayer | Updating Objects Flags
Fra:1 Mem:31.06M (Peak 42.45M) | Time:00:00.02 | Mem:7.55M, Peak:7.55M | Scene, ViewLayer | Updating Primitive Offsets
Fra:1 Mem:31.06M (Peak 42.45M) | Time:00:00.02 | Mem:7.55M, Peak:7.55M | Scene, ViewLayer | Updating Images
Fra:1 Mem:31.06M (Peak 42.45M) | Time:00:00.02 | Mem:7.55M, Peak:7.55M | Scene, ViewLayer | Updating Images | Loading 00144.exr
Fra:1 Mem:31.18M (Peak 42.45M) | Time:00:00.02 | Mem:7.55M, Peak:7.55M | Scene, ViewLayer | Updating Images | Loading porous_0175.jpg
Fra:1 Mem:31.79M (Peak 42.45M) | Time:00:00.02 | Mem:8.28M, Peak:8.28M | Scene, ViewLayer | Updating Camera Volume
Fra:1 Mem:31.79M (Peak 42.45M) | Time:00:00.02 | Mem:8.28M, Peak:8.28M | Scene, ViewLayer | Updating Lookup Tables
Fra:1 Mem:31.79M (Peak 42.45M) | Time:00:00.02 | Mem:8.53M, Peak:8.53M | Scene, ViewLayer | Updating Lights
Fra:1 Mem:31.79M (Peak 42.45M) | Time:00:00.02 | Mem:8.53M, Peak:8.53M | Scene, ViewLayer | Updating Lights | Computing distribution
Fra:1 Mem:31.79M (Peak 42.45M) | Time:00:00.02 | Mem:8.53M, Peak:8.53M | Scene, ViewLayer | Updating Lights | Importance map
Fra:1 Mem:95.83M (Peak 383.92M) | Time:00:00.16 | Mem:72.57M, Peak:232.54M | Scene, ViewLayer | Updating Integrator
Fra:1 Mem:95.83M (Peak 383.92M) | Time:00:00.16 | Mem:72.58M, Peak:232.54M | Scene, ViewLayer | Updating Film
Fra:1 Mem:95.84M (Peak 383.92M) | Time:00:00.16 | Mem:72.33M, Peak:232.54M | Scene, ViewLayer | Updating Lookup Tables
Fra:1 Mem:95.84M (Peak 383.92M) | Time:00:00.16 | Mem:72.58M, Peak:232.54M | Scene, ViewLayer | Updating Baking
Fra:1 Mem:95.84M (Peak 383.92M) | Time:00:00.16 | Mem:72.58M, Peak:232.54M | Scene, ViewLayer | Updating Device | Writing constant memory
Fra:1 Mem:95.84M (Peak 383.92M) | Time:00:00.16 | Mem:72.58M, Peak:232.54M | Scene, ViewLayer | Sample 0/32
Fra:1 Mem:114.93M (Peak 383.92M) | Time:00:00.17 | Remaining:00:00.27 | Mem:91.58M, Peak:232.54M | Scene, ViewLayer | Sample 1/32
Fra:1 Mem:122.93M (Peak 383.92M) | Time:00:00.45 | Mem:91.58M, Peak:232.54M | Scene, ViewLayer | Sample 32/32
Fra:1 Mem:122.93M (Peak 383.92M) | Time:00:00.45 | Mem:91.58M, Peak:232.54M | Scene, ViewLayer | Finished
Saved: '/home/janus/iwi9-datasets/objaverse-rendering/no_textures_5/464ba8a17aef4fd8b1a4302f9aff2138/001.png'
 Time: 00:00.48 (Saving: 00:00.03)

Fra:1 Mem:30.73M (Peak 36.23M) | Time:00:00.00 | Mem:0.00M, Peak:0.00M | Scene, ViewLayer | Synchronizing object | Object_2
Fra:1 Mem:30.73M (Peak 36.23M) | Time:00:00.00 | Mem:0.00M, Peak:0.00M | Scene, ViewLayer | Synchronizing object | Object_9
Fra:1 Mem:33.46M (Peak 42.90M) | Time:00:00.01 | Mem:0.00M, Peak:0.00M | Scene, ViewLayer | Initializing
Fra:1 Mem:26.23M (Peak 42.90M) | Time:00:00.01 | Mem:0.00M, Peak:0.00M | Scene, ViewLayer | Waiting for render to start
Fra:1 Mem:26.23M (Peak 42.90M) | Time:00:00.01 | Mem:0.00M, Peak:0.00M | Scene, ViewLayer | Loading render kernels (may take a few minutes the first time)
Fra:1 Mem:26.23M (Peak 42.90M) | Time:00:00.01 | Mem:0.00M, Peak:0.00M | Scene, ViewLayer | Updating Scene
Fra:1 Mem:26.23M (Peak 42.90M) | Time:00:00.01 | Mem:0.00M, Peak:0.00M | Scene, ViewLayer | Updating Shaders
Fra:1 Mem:26.49M (Peak 42.90M) | Time:00:00.01 | Mem:0.01M, Peak:0.01M | Scene, ViewLayer | Updating Procedurals
Fra:1 Mem:26.49M (Peak 42.90M) | Time:00:00.01 | Mem:0.01M, Peak:0.01M | Scene, ViewLayer | Updating Background
Fra:1 Mem:26.49M (Peak 42.90M) | Time:00:00.01 | Mem:0.01M, Peak:0.01M | Scene, ViewLayer | Updating Camera
Fra:1 Mem:26.49M (Peak 42.90M) | Time:00:00.01 | Mem:0.01M, Peak:0.01M | Scene, ViewLayer | Updating Meshes Flags
Fra:1 Mem:26.49M (Peak 42.90M) | Time:00:00.01 | Mem:0.01M, Peak:0.01M | Scene, ViewLayer | Updating Objects
Fra:1 Mem:26.49M (Peak 42.90M) | Time:00:00.01 | Mem:0.01M, Peak:0.01M | Scene, ViewLayer | Updating Objects | Copying Transformations to device
Fra:1 Mem:26.49M (Peak 42.90M) | Time:00:00.01 | Mem:0.01M, Peak:0.01M | Scene, ViewLayer | Updating Objects | Applying Static Transformations
Fra:1 Mem:26.49M (Peak 42.90M) | Time:00:00.01 | Mem:0.01M, Peak:0.01M | Scene, ViewLayer | Updating Particle Systems
Fra:1 Mem:26.49M (Peak 42.90M) | Time:00:00.01 | Mem:0.01M, Peak:0.01M | Scene, ViewLayer | Updating Particle Systems | Copying Particles to device
Fra:1 Mem:26.49M (Peak 42.90M) | Time:00:00.01 | Mem:0.01M, Peak:0.01M | Scene, ViewLayer | Updating Meshes
Fra:1 Mem:27.13M (Peak 42.90M) | Time:00:00.01 | Mem:0.01M, Peak:0.01M | Scene, ViewLayer | Updating Mesh | Computing attributes
Fra:1 Mem:28.37M (Peak 42.90M) | Time:00:00.01 | Mem:0.01M, Peak:0.01M | Scene, ViewLayer | Updating Mesh | Copying Attributes to device
Fra:1 Mem:28.37M (Peak 42.90M) | Time:00:00.01 | Mem:1.24M, Peak:1.24M | Scene, ViewLayer | Updating Scene BVH | Building
Fra:1 Mem:28.37M (Peak 42.90M) | Time:00:00.01 | Mem:1.24M, Peak:1.24M | Scene, ViewLayer | Updating Scene BVH | Building BVH
Fra:1 Mem:28.37M (Peak 42.90M) | Time:00:00.01 | Mem:3.99M, Peak:3.99M | Scene, ViewLayer | Updating Scene BVH | Building BVH 0%
Fra:1 Mem:28.37M (Peak 42.90M) | Time:00:00.02 | Mem:4.69M, Peak:6.69M | Scene, ViewLayer | Updating Scene BVH | Copying BVH to device
Fra:1 Mem:28.37M (Peak 42.90M) | Time:00:00.02 | Mem:4.69M, Peak:6.69M | Scene, ViewLayer | Updating Mesh | Computing normals
Fra:1 Mem:31.23M (Peak 42.90M) | Time:00:00.02 | Mem:4.69M, Peak:6.69M | Scene, ViewLayer | Updating Mesh | Copying Mesh to device
Fra:1 Mem:31.23M (Peak 42.90M) | Time:00:00.02 | Mem:7.55M, Peak:7.55M | Scene, ViewLayer | Updating Objects Flags
Fra:1 Mem:31.23M (Peak 42.90M) | Time:00:00.02 | Mem:7.55M, Peak:7.55M | Scene, ViewLayer | Updating Primitive Offsets
Fra:1 Mem:31.23M (Peak 42.90M) | Time:00:00.02 | Mem:7.55M, Peak:7.55M | Scene, ViewLayer | Updating Images
Fra:1 Mem:31.23M (Peak 42.90M) | Time:00:00.02 | Mem:7.55M, Peak:7.55M | Scene, ViewLayer | Updating Images | Loading 00144.exr
Fra:1 Mem:31.36M (Peak 42.90M) | Time:00:00.02 | Mem:7.55M, Peak:7.55M | Scene, ViewLayer | Updating Images | Loading striped_0114.jpg
Fra:1 Mem:31.88M (Peak 42.90M) | Time:00:00.02 | Mem:8.19M, Peak:8.19M | Scene, ViewLayer | Updating Camera Volume
Fra:1 Mem:31.88M (Peak 42.90M) | Time:00:00.02 | Mem:8.19M, Peak:8.19M | Scene, ViewLayer | Updating Lookup Tables
Fra:1 Mem:31.88M (Peak 42.90M) | Time:00:00.02 | Mem:8.44M, Peak:8.44M | Scene, ViewLayer | Updating Lights
Fra:1 Mem:31.88M (Peak 42.90M) | Time:00:00.02 | Mem:8.44M, Peak:8.44M | Scene, ViewLayer | Updating Lights | Computing distribution
Fra:1 Mem:31.88M (Peak 42.90M) | Time:00:00.02 | Mem:8.44M, Peak:8.44M | Scene, ViewLayer | Updating Lights | Importance map
Fra:1 Mem:95.91M (Peak 384.01M) | Time:00:00.16 | Mem:72.48M, Peak:232.45M | Scene, ViewLayer | Updating Integrator
Fra:1 Mem:95.92M (Peak 384.01M) | Time:00:00.16 | Mem:72.49M, Peak:232.45M | Scene, ViewLayer | Updating Film
Fra:1 Mem:95.92M (Peak 384.01M) | Time:00:00.16 | Mem:72.24M, Peak:232.45M | Scene, ViewLayer | Updating Lookup Tables
Fra:1 Mem:95.92M (Peak 384.01M) | Time:00:00.16 | Mem:72.49M, Peak:232.45M | Scene, ViewLayer | Updating Baking
Fra:1 Mem:95.92M (Peak 384.01M) | Time:00:00.16 | Mem:72.49M, Peak:232.45M | Scene, ViewLayer | Updating Device | Writing constant memory
Fra:1 Mem:95.92M (Peak 384.01M) | Time:00:00.16 | Mem:72.49M, Peak:232.45M | Scene, ViewLayer | Sample 0/32
Fra:1 Mem:115.01M (Peak 384.01M) | Time:00:00.17 | Remaining:00:00.26 | Mem:91.49M, Peak:232.45M | Scene, ViewLayer | Sample 1/32
Fra:1 Mem:123.01M (Peak 384.01M) | Time:00:00.46 | Mem:91.49M, Peak:232.45M | Scene, ViewLayer | Sample 32/32
Fra:1 Mem:123.01M (Peak 384.01M) | Time:00:00.46 | Mem:91.49M, Peak:232.45M | Scene, ViewLayer | Finished
Saved: '/home/janus/iwi9-datasets/objaverse-rendering/no_textures_5/464ba8a17aef4fd8b1a4302f9aff2138/002.png'
 Time: 00:00.49 (Saving: 00:00.03)

Fra:1 Mem:30.91M (Peak 36.21M) | Time:00:00.00 | Mem:0.00M, Peak:0.00M | Scene, ViewLayer | Synchronizing object | Object_3
Fra:1 Mem:30.91M (Peak 36.21M) | Time:00:00.00 | Mem:0.00M, Peak:0.00M | Scene, ViewLayer | Synchronizing object | Object_9
Fra:1 Mem:33.64M (Peak 43.42M) | Time:00:00.01 | Mem:0.00M, Peak:0.00M | Scene, ViewLayer | Initializing
Fra:1 Mem:26.42M (Peak 43.42M) | Time:00:00.01 | Mem:0.00M, Peak:0.00M | Scene, ViewLayer | Waiting for render to start
Fra:1 Mem:26.42M (Peak 43.42M) | Time:00:00.01 | Mem:0.00M, Peak:0.00M | Scene, ViewLayer | Loading render kernels (may take a few minutes the first time)
Fra:1 Mem:26.42M (Peak 43.42M) | Time:00:00.01 | Mem:0.00M, Peak:0.00M | Scene, ViewLayer | Updating Scene
Fra:1 Mem:26.42M (Peak 43.42M) | Time:00:00.01 | Mem:0.00M, Peak:0.00M | Scene, ViewLayer | Updating Shaders
Fra:1 Mem:26.67M (Peak 43.42M) | Time:00:00.01 | Mem:0.01M, Peak:0.01M | Scene, ViewLayer | Updating Procedurals
Fra:1 Mem:26.67M (Peak 43.42M) | Time:00:00.01 | Mem:0.01M, Peak:0.01M | Scene, ViewLayer | Updating Background
Fra:1 Mem:26.67M (Peak 43.42M) | Time:00:00.01 | Mem:0.01M, Peak:0.01M | Scene, ViewLayer | Updating Camera
Fra:1 Mem:26.67M (Peak 43.42M) | Time:00:00.01 | Mem:0.01M, Peak:0.01M | Scene, ViewLayer | Updating Meshes Flags
Fra:1 Mem:26.67M (Peak 43.42M) | Time:00:00.01 | Mem:0.01M, Peak:0.01M | Scene, ViewLayer | Updating Objects
Fra:1 Mem:26.67M (Peak 43.42M) | Time:00:00.01 | Mem:0.01M, Peak:0.01M | Scene, ViewLayer | Updating Objects | Copying Transformations to device
Fra:1 Mem:26.67M (Peak 43.42M) | Time:00:00.01 | Mem:0.01M, Peak:0.01M | Scene, ViewLayer | Updating Objects | Applying Static Transformations
Fra:1 Mem:26.67M (Peak 43.42M) | Time:00:00.01 | Mem:0.01M, Peak:0.01M | Scene, ViewLayer | Updating Particle Systems
Fra:1 Mem:26.67M (Peak 43.42M) | Time:00:00.01 | Mem:0.01M, Peak:0.01M | Scene, ViewLayer | Updating Particle Systems | Copying Particles to device
Fra:1 Mem:26.67M (Peak 43.42M) | Time:00:00.01 | Mem:0.01M, Peak:0.01M | Scene, ViewLayer | Updating Meshes
Fra:1 Mem:27.32M (Peak 43.42M) | Time:00:00.02 | Mem:0.01M, Peak:0.01M | Scene, ViewLayer | Updating Mesh | Computing attributes
Fra:1 Mem:28.56M (Peak 43.42M) | Time:00:00.02 | Mem:0.01M, Peak:0.01M | Scene, ViewLayer | Updating Mesh | Copying Attributes to device
Fra:1 Mem:28.55M (Peak 43.42M) | Time:00:00.02 | Mem:1.24M, Peak:1.24M | Scene, ViewLayer | Updating Scene BVH | Building
Fra:1 Mem:28.55M (Peak 43.42M) | Time:00:00.02 | Mem:1.24M, Peak:1.24M | Scene, ViewLayer | Updating Scene BVH | Building BVH
Fra:1 Mem:28.55M (Peak 43.42M) | Time:00:00.02 | Mem:3.99M, Peak:3.99M | Scene, ViewLayer | Updating Scene BVH | Building BVH 0%
Fra:1 Mem:28.55M (Peak 43.42M) | Time:00:00.02 | Mem:4.69M, Peak:6.69M | Scene, ViewLayer | Updating Scene BVH | Copying BVH to device
Fra:1 Mem:28.55M (Peak 43.42M) | Time:00:00.02 | Mem:4.69M, Peak:6.69M | Scene, ViewLayer | Updating Mesh | Computing normals
Fra:1 Mem:31.42M (Peak 43.42M) | Time:00:00.02 | Mem:4.69M, Peak:6.69M | Scene, ViewLayer | Updating Mesh | Copying Mesh to device
Fra:1 Mem:31.42M (Peak 43.42M) | Time:00:00.02 | Mem:7.55M, Peak:7.55M | Scene, ViewLayer | Updating Objects Flags
Fra:1 Mem:31.42M (Peak 43.42M) | Time:00:00.02 | Mem:7.55M, Peak:7.55M | Scene, ViewLayer | Updating Primitive Offsets
Fra:1 Mem:31.42M (Peak 43.42M) | Time:00:00.02 | Mem:7.55M, Peak:7.55M | Scene, ViewLayer | Updating Images
Fra:1 Mem:31.42M (Peak 43.42M) | Time:00:00.02 | Mem:7.55M, Peak:7.55M | Scene, ViewLayer | Updating Images | Loading 00144.exr
Fra:1 Mem:31.54M (Peak 43.42M) | Time:00:00.02 | Mem:7.55M, Peak:7.55M | Scene, ViewLayer | Updating Images | Loading knitted_0143.jpg
Fra:1 Mem:32.63M (Peak 43.42M) | Time:00:00.02 | Mem:8.75M, Peak:8.75M | Scene, ViewLayer | Updating Camera Volume
Fra:1 Mem:32.63M (Peak 43.42M) | Time:00:00.02 | Mem:8.75M, Peak:8.75M | Scene, ViewLayer | Updating Lookup Tables
Fra:1 Mem:32.63M (Peak 43.42M) | Time:00:00.02 | Mem:9.00M, Peak:9.00M | Scene, ViewLayer | Updating Lights
Fra:1 Mem:32.63M (Peak 43.42M) | Time:00:00.02 | Mem:9.00M, Peak:9.00M | Scene, ViewLayer | Updating Lights | Computing distribution
Fra:1 Mem:32.63M (Peak 43.42M) | Time:00:00.02 | Mem:9.00M, Peak:9.00M | Scene, ViewLayer | Updating Lights | Importance map
Fra:1 Mem:96.66M (Peak 384.76M) | Time:00:00.16 | Mem:73.04M, Peak:233.01M | Scene, ViewLayer | Updating Integrator
Fra:1 Mem:96.67M (Peak 384.76M) | Time:00:00.16 | Mem:73.05M, Peak:233.01M | Scene, ViewLayer | Updating Film
Fra:1 Mem:96.67M (Peak 384.76M) | Time:00:00.16 | Mem:72.80M, Peak:233.01M | Scene, ViewLayer | Updating Lookup Tables
Fra:1 Mem:96.67M (Peak 384.76M) | Time:00:00.16 | Mem:73.06M, Peak:233.01M | Scene, ViewLayer | Updating Baking
Fra:1 Mem:96.67M (Peak 384.76M) | Time:00:00.16 | Mem:73.06M, Peak:233.01M | Scene, ViewLayer | Updating Device | Writing constant memory
Fra:1 Mem:96.67M (Peak 384.76M) | Time:00:00.16 | Mem:73.06M, Peak:233.01M | Scene, ViewLayer | Sample 0/32
Fra:1 Mem:115.76M (Peak 384.76M) | Time:00:00.17 | Remaining:00:00.26 | Mem:92.06M, Peak:233.01M | Scene, ViewLayer | Sample 1/32
Fra:1 Mem:123.76M (Peak 384.76M) | Time:00:00.45 | Mem:92.06M, Peak:233.01M | Scene, ViewLayer | Sample 32/32
Fra:1 Mem:123.76M (Peak 384.76M) | Time:00:00.45 | Mem:92.06M, Peak:233.01M | Scene, ViewLayer | Finished
Saved: '/home/janus/iwi9-datasets/objaverse-rendering/no_textures_5/464ba8a17aef4fd8b1a4302f9aff2138/003.png'
 Time: 00:00.49 (Saving: 00:00.03)

Fra:1 Mem:31.09M (Peak 36.47M) | Time:00:00.00 | Mem:0.00M, Peak:0.00M | Scene, ViewLayer | Synchronizing object | Object_2
Fra:1 Mem:31.10M (Peak 36.47M) | Time:00:00.00 | Mem:0.00M, Peak:0.00M | Scene, ViewLayer | Synchronizing object | Object_9
Fra:1 Mem:33.82M (Peak 43.57M) | Time:00:00.01 | Mem:0.00M, Peak:0.00M | Scene, ViewLayer | Initializing
Fra:1 Mem:26.60M (Peak 43.57M) | Time:00:00.01 | Mem:0.00M, Peak:0.00M | Scene, ViewLayer | Waiting for render to start
Fra:1 Mem:26.60M (Peak 43.57M) | Time:00:00.01 | Mem:0.00M, Peak:0.00M | Scene, ViewLayer | Loading render kernels (may take a few minutes the first time)
Fra:1 Mem:26.60M (Peak 43.57M) | Time:00:00.01 | Mem:0.00M, Peak:0.00M | Scene, ViewLayer | Updating Scene
Fra:1 Mem:26.60M (Peak 43.57M) | Time:00:00.01 | Mem:0.00M, Peak:0.00M | Scene, ViewLayer | Updating Shaders
Fra:1 Mem:26.85M (Peak 43.57M) | Time:00:00.01 | Mem:0.01M, Peak:0.01M | Scene, ViewLayer | Updating Procedurals
Fra:1 Mem:26.85M (Peak 43.57M) | Time:00:00.01 | Mem:0.01M, Peak:0.01M | Scene, ViewLayer | Updating Background
Fra:1 Mem:26.85M (Peak 43.57M) | Time:00:00.01 | Mem:0.01M, Peak:0.01M | Scene, ViewLayer | Updating Camera
Fra:1 Mem:26.85M (Peak 43.57M) | Time:00:00.01 | Mem:0.01M, Peak:0.01M | Scene, ViewLayer | Updating Meshes Flags
Fra:1 Mem:26.85M (Peak 43.57M) | Time:00:00.01 | Mem:0.01M, Peak:0.01M | Scene, ViewLayer | Updating Objects
Fra:1 Mem:26.85M (Peak 43.57M) | Time:00:00.01 | Mem:0.01M, Peak:0.01M | Scene, ViewLayer | Updating Objects | Copying Transformations to device
Fra:1 Mem:26.86M (Peak 43.57M) | Time:00:00.01 | Mem:0.01M, Peak:0.01M | Scene, ViewLayer | Updating Objects | Applying Static Transformations
Fra:1 Mem:26.86M (Peak 43.57M) | Time:00:00.01 | Mem:0.01M, Peak:0.01M | Scene, ViewLayer | Updating Particle Systems
Fra:1 Mem:26.86M (Peak 43.57M) | Time:00:00.01 | Mem:0.01M, Peak:0.01M | Scene, ViewLayer | Updating Particle Systems | Copying Particles to device
Fra:1 Mem:26.86M (Peak 43.57M) | Time:00:00.01 | Mem:0.01M, Peak:0.01M | Scene, ViewLayer | Updating Meshes
Fra:1 Mem:27.50M (Peak 43.57M) | Time:00:00.01 | Mem:0.01M, Peak:0.01M | Scene, ViewLayer | Updating Mesh | Computing attributes
Fra:1 Mem:28.74M (Peak 43.57M) | Time:00:00.01 | Mem:0.01M, Peak:0.01M | Scene, ViewLayer | Updating Mesh | Copying Attributes to device
Fra:1 Mem:28.74M (Peak 43.57M) | Time:00:00.01 | Mem:1.24M, Peak:1.24M | Scene, ViewLayer | Updating Scene BVH | Building
Fra:1 Mem:28.74M (Peak 43.57M) | Time:00:00.01 | Mem:1.24M, Peak:1.24M | Scene, ViewLayer | Updating Scene BVH | Building BVH
Fra:1 Mem:28.74M (Peak 43.57M) | Time:00:00.01 | Mem:3.99M, Peak:3.99M | Scene, ViewLayer | Updating Scene BVH | Building BVH 0%
Fra:1 Mem:28.74M (Peak 43.57M) | Time:00:00.02 | Mem:4.69M, Peak:6.69M | Scene, ViewLayer | Updating Scene BVH | Copying BVH to device
Fra:1 Mem:28.74M (Peak 43.57M) | Time:00:00.02 | Mem:4.69M, Peak:6.69M | Scene, ViewLayer | Updating Mesh | Computing normals
Fra:1 Mem:31.60M (Peak 43.57M) | Time:00:00.02 | Mem:4.69M, Peak:6.69M | Scene, ViewLayer | Updating Mesh | Copying Mesh to device
Fra:1 Mem:31.60M (Peak 43.57M) | Time:00:00.02 | Mem:7.55M, Peak:7.55M | Scene, ViewLayer | Updating Objects Flags
Fra:1 Mem:31.60M (Peak 43.57M) | Time:00:00.02 | Mem:7.55M, Peak:7.55M | Scene, ViewLayer | Updating Primitive Offsets
Fra:1 Mem:31.60M (Peak 43.57M) | Time:00:00.02 | Mem:7.55M, Peak:7.55M | Scene, ViewLayer | Updating Images
Fra:1 Mem:31.60M (Peak 43.57M) | Time:00:00.02 | Mem:7.55M, Peak:7.55M | Scene, ViewLayer | Updating Images | Loading 00144.exr
Fra:1 Mem:31.72M (Peak 43.57M) | Time:00:00.02 | Mem:7.55M, Peak:7.55M | Scene, ViewLayer | Updating Images | Loading studded_0210.jpg
Fra:1 Mem:32.23M (Peak 43.57M) | Time:00:00.02 | Mem:8.17M, Peak:8.17M | Scene, ViewLayer | Updating Camera Volume
Fra:1 Mem:32.23M (Peak 43.57M) | Time:00:00.02 | Mem:8.17M, Peak:8.17M | Scene, ViewLayer | Updating Lookup Tables
Fra:1 Mem:32.23M (Peak 43.57M) | Time:00:00.02 | Mem:8.42M, Peak:8.42M | Scene, ViewLayer | Updating Lights
Fra:1 Mem:32.23M (Peak 43.57M) | Time:00:00.02 | Mem:8.42M, Peak:8.42M | Scene, ViewLayer | Updating Lights | Computing distribution
Fra:1 Mem:32.23M (Peak 43.57M) | Time:00:00.02 | Mem:8.42M, Peak:8.42M | Scene, ViewLayer | Updating Lights | Importance map
Fra:1 Mem:96.26M (Peak 384.36M) | Time:00:00.16 | Mem:72.47M, Peak:232.43M | Scene, ViewLayer | Updating Integrator
Fra:1 Mem:96.27M (Peak 384.36M) | Time:00:00.16 | Mem:72.47M, Peak:232.43M | Scene, ViewLayer | Updating Film
Fra:1 Mem:96.27M (Peak 384.36M) | Time:00:00.16 | Mem:72.22M, Peak:232.43M | Scene, ViewLayer | Updating Lookup Tables
Fra:1 Mem:96.27M (Peak 384.36M) | Time:00:00.16 | Mem:72.48M, Peak:232.43M | Scene, ViewLayer | Updating Baking
Fra:1 Mem:96.27M (Peak 384.36M) | Time:00:00.16 | Mem:72.48M, Peak:232.43M | Scene, ViewLayer | Updating Device | Writing constant memory
Fra:1 Mem:96.28M (Peak 384.36M) | Time:00:00.16 | Mem:72.48M, Peak:232.43M | Scene, ViewLayer | Sample 0/32
Fra:1 Mem:115.36M (Peak 384.36M) | Time:00:00.17 | Remaining:00:00.26 | Mem:91.48M, Peak:232.43M | Scene, ViewLayer | Sample 1/32
Fra:1 Mem:123.36M (Peak 384.36M) | Time:00:00.46 | Mem:91.48M, Peak:232.43M | Scene, ViewLayer | Sample 32/32
Fra:1 Mem:123.36M (Peak 384.36M) | Time:00:00.46 | Mem:91.48M, Peak:232.43M | Scene, ViewLayer | Finished
Saved: '/home/janus/iwi9-datasets/objaverse-rendering/no_textures_5/464ba8a17aef4fd8b1a4302f9aff2138/004.png'
 Time: 00:00.49 (Saving: 00:00.03)

Fra:1 Mem:31.27M (Peak 36.67M) | Time:00:00.00 | Mem:0.00M, Peak:0.00M | Scene, ViewLayer | Synchronizing object | Object_2
Fra:1 Mem:31.27M (Peak 36.67M) | Time:00:00.00 | Mem:0.00M, Peak:0.00M | Scene, ViewLayer | Synchronizing object | Object_9
Fra:1 Mem:34.00M (Peak 43.81M) | Time:00:00.01 | Mem:0.00M, Peak:0.00M | Scene, ViewLayer | Initializing
Fra:1 Mem:26.77M (Peak 43.81M) | Time:00:00.01 | Mem:0.00M, Peak:0.00M | Scene, ViewLayer | Waiting for render to start
Fra:1 Mem:26.78M (Peak 43.81M) | Time:00:00.01 | Mem:0.00M, Peak:0.00M | Scene, ViewLayer | Loading render kernels (may take a few minutes the first time)
Fra:1 Mem:26.78M (Peak 43.81M) | Time:00:00.01 | Mem:0.00M, Peak:0.00M | Scene, ViewLayer | Updating Scene
Fra:1 Mem:26.78M (Peak 43.81M) | Time:00:00.01 | Mem:0.00M, Peak:0.00M | Scene, ViewLayer | Updating Shaders
Fra:1 Mem:27.03M (Peak 43.81M) | Time:00:00.01 | Mem:0.01M, Peak:0.01M | Scene, ViewLayer | Updating Procedurals
Fra:1 Mem:27.03M (Peak 43.81M) | Time:00:00.01 | Mem:0.01M, Peak:0.01M | Scene, ViewLayer | Updating Background
Fra:1 Mem:27.03M (Peak 43.81M) | Time:00:00.01 | Mem:0.01M, Peak:0.01M | Scene, ViewLayer | Updating Camera
Fra:1 Mem:27.03M (Peak 43.81M) | Time:00:00.01 | Mem:0.01M, Peak:0.01M | Scene, ViewLayer | Updating Meshes Flags
Fra:1 Mem:27.03M (Peak 43.81M) | Time:00:00.01 | Mem:0.01M, Peak:0.01M | Scene, ViewLayer | Updating Objects
Fra:1 Mem:27.03M (Peak 43.81M) | Time:00:00.01 | Mem:0.01M, Peak:0.01M | Scene, ViewLayer | Updating Objects | Copying Transformations to device
Fra:1 Mem:27.03M (Peak 43.81M) | Time:00:00.01 | Mem:0.01M, Peak:0.01M | Scene, ViewLayer | Updating Objects | Applying Static Transformations
Fra:1 Mem:27.03M (Peak 43.81M) | Time:00:00.01 | Mem:0.01M, Peak:0.01M | Scene, ViewLayer | Updating Particle Systems
Fra:1 Mem:27.03M (Peak 43.81M) | Time:00:00.01 | Mem:0.01M, Peak:0.01M | Scene, ViewLayer | Updating Particle Systems | Copying Particles to device
Fra:1 Mem:27.03M (Peak 43.81M) | Time:00:00.01 | Mem:0.01M, Peak:0.01M | Scene, ViewLayer | Updating Meshes
Fra:1 Mem:27.68M (Peak 43.81M) | Time:00:00.01 | Mem:0.01M, Peak:0.01M | Scene, ViewLayer | Updating Mesh | Computing attributes
Fra:1 Mem:28.91M (Peak 43.81M) | Time:00:00.01 | Mem:0.01M, Peak:0.01M | Scene, ViewLayer | Updating Mesh | Copying Attributes to device
Fra:1 Mem:28.91M (Peak 43.81M) | Time:00:00.01 | Mem:1.24M, Peak:1.24M | Scene, ViewLayer | Updating Scene BVH | Building
Fra:1 Mem:28.91M (Peak 43.81M) | Time:00:00.01 | Mem:1.24M, Peak:1.24M | Scene, ViewLayer | Updating Scene BVH | Building BVH
Fra:1 Mem:28.91M (Peak 43.81M) | Time:00:00.01 | Mem:3.99M, Peak:3.99M | Scene, ViewLayer | Updating Scene BVH | Building BVH 0%
Fra:1 Mem:28.91M (Peak 43.81M) | Time:00:00.02 | Mem:4.69M, Peak:6.69M | Scene, ViewLayer | Updating Scene BVH | Copying BVH to device
Fra:1 Mem:28.91M (Peak 43.81M) | Time:00:00.02 | Mem:4.69M, Peak:6.69M | Scene, ViewLayer | Updating Mesh | Computing normals
Fra:1 Mem:31.78M (Peak 43.81M) | Time:00:00.02 | Mem:4.69M, Peak:6.69M | Scene, ViewLayer | Updating Mesh | Copying Mesh to device
Fra:1 Mem:31.78M (Peak 43.81M) | Time:00:00.02 | Mem:7.55M, Peak:7.55M | Scene, ViewLayer | Updating Objects Flags
Fra:1 Mem:31.78M (Peak 43.81M) | Time:00:00.02 | Mem:7.55M, Peak:7.55M | Scene, ViewLayer | Updating Primitive Offsets
Fra:1 Mem:31.78M (Peak 43.81M) | Time:00:00.02 | Mem:7.55M, Peak:7.55M | Scene, ViewLayer | Updating Images
Fra:1 Mem:31.78M (Peak 43.81M) | Time:00:00.02 | Mem:7.55M, Peak:7.55M | Scene, ViewLayer | Updating Images | Loading 00144.exr
Fra:1 Mem:31.90M (Peak 43.81M) | Time:00:00.02 | Mem:7.55M, Peak:7.55M | Scene, ViewLayer | Updating Images | Loading pitted_0116.jpg
Fra:1 Mem:32.83M (Peak 43.81M) | Time:00:00.02 | Mem:8.59M, Peak:8.59M | Scene, ViewLayer | Updating Camera Volume
Fra:1 Mem:32.83M (Peak 43.81M) | Time:00:00.02 | Mem:8.59M, Peak:8.59M | Scene, ViewLayer | Updating Lookup Tables
Fra:1 Mem:32.83M (Peak 43.81M) | Time:00:00.02 | Mem:8.84M, Peak:8.84M | Scene, ViewLayer | Updating Lights
Fra:1 Mem:32.83M (Peak 43.81M) | Time:00:00.02 | Mem:8.84M, Peak:8.84M | Scene, ViewLayer | Updating Lights | Computing distribution
Fra:1 Mem:32.83M (Peak 43.81M) | Time:00:00.02 | Mem:8.84M, Peak:8.84M | Scene, ViewLayer | Updating Lights | Importance map
Fra:1 Mem:96.86M (Peak 384.96M) | Time:00:00.16 | Mem:72.89M, Peak:232.85M | Scene, ViewLayer | Updating Integrator
Fra:1 Mem:96.87M (Peak 384.96M) | Time:00:00.16 | Mem:72.89M, Peak:232.85M | Scene, ViewLayer | Updating Film
Fra:1 Mem:96.87M (Peak 384.96M) | Time:00:00.16 | Mem:72.64M, Peak:232.85M | Scene, ViewLayer | Updating Lookup Tables
Fra:1 Mem:96.87M (Peak 384.96M) | Time:00:00.16 | Mem:72.90M, Peak:232.85M | Scene, ViewLayer | Updating Baking
Fra:1 Mem:96.87M (Peak 384.96M) | Time:00:00.16 | Mem:72.90M, Peak:232.85M | Scene, ViewLayer | Updating Device | Writing constant memory
Fra:1 Mem:96.87M (Peak 384.96M) | Time:00:00.16 | Mem:72.90M, Peak:232.85M | Scene, ViewLayer | Sample 0/32
Fra:1 Mem:115.96M (Peak 384.96M) | Time:00:00.17 | Remaining:00:00.26 | Mem:91.90M, Peak:232.85M | Scene, ViewLayer | Sample 1/32
Fra:1 Mem:123.96M (Peak 384.96M) | Time:00:00.46 | Mem:91.90M, Peak:232.85M | Scene, ViewLayer | Sample 32/32
Fra:1 Mem:123.96M (Peak 384.96M) | Time:00:00.46 | Mem:91.90M, Peak:232.85M | Scene, ViewLayer | Finished
Saved: '/home/janus/iwi9-datasets/objaverse-rendering/no_textures_5/464ba8a17aef4fd8b1a4302f9aff2138/005.png'
 Time: 00:00.49 (Saving: 00:00.03)

Fra:1 Mem:31.45M (Peak 36.55M) | Time:00:00.00 | Mem:0.00M, Peak:0.00M | Scene, ViewLayer | Synchronizing object | Object_2
Fra:1 Mem:31.51M (Peak 36.55M) | Time:00:00.00 | Mem:0.00M, Peak:0.00M | Scene, ViewLayer | Synchronizing object | Object_9
Fra:1 Mem:34.18M (Peak 43.93M) | Time:00:00.01 | Mem:0.00M, Peak:0.00M | Scene, ViewLayer | Initializing
Fra:1 Mem:26.95M (Peak 43.93M) | Time:00:00.01 | Mem:0.00M, Peak:0.00M | Scene, ViewLayer | Waiting for render to start
Fra:1 Mem:26.95M (Peak 43.93M) | Time:00:00.01 | Mem:0.00M, Peak:0.00M | Scene, ViewLayer | Loading render kernels (may take a few minutes the first time)
Fra:1 Mem:26.95M (Peak 43.93M) | Time:00:00.01 | Mem:0.00M, Peak:0.00M | Scene, ViewLayer | Updating Scene
Fra:1 Mem:26.95M (Peak 43.93M) | Time:00:00.01 | Mem:0.00M, Peak:0.00M | Scene, ViewLayer | Updating Shaders
Fra:1 Mem:27.21M (Peak 43.93M) | Time:00:00.01 | Mem:0.01M, Peak:0.01M | Scene, ViewLayer | Updating Procedurals
Fra:1 Mem:27.21M (Peak 43.93M) | Time:00:00.01 | Mem:0.01M, Peak:0.01M | Scene, ViewLayer | Updating Background
Fra:1 Mem:27.21M (Peak 43.93M) | Time:00:00.01 | Mem:0.01M, Peak:0.01M | Scene, ViewLayer | Updating Camera
Fra:1 Mem:27.21M (Peak 43.93M) | Time:00:00.01 | Mem:0.01M, Peak:0.01M | Scene, ViewLayer | Updating Meshes Flags
Fra:1 Mem:27.21M (Peak 43.93M) | Time:00:00.01 | Mem:0.01M, Peak:0.01M | Scene, ViewLayer | Updating Objects
Fra:1 Mem:27.21M (Peak 43.93M) | Time:00:00.01 | Mem:0.01M, Peak:0.01M | Scene, ViewLayer | Updating Objects | Copying Transformations to device
Fra:1 Mem:27.21M (Peak 43.93M) | Time:00:00.01 | Mem:0.01M, Peak:0.01M | Scene, ViewLayer | Updating Objects | Applying Static Transformations
Fra:1 Mem:27.21M (Peak 43.93M) | Time:00:00.02 | Mem:0.01M, Peak:0.01M | Scene, ViewLayer | Updating Particle Systems
Fra:1 Mem:27.21M (Peak 43.93M) | Time:00:00.02 | Mem:0.01M, Peak:0.01M | Scene, ViewLayer | Updating Particle Systems | Copying Particles to device
Fra:1 Mem:27.21M (Peak 43.93M) | Time:00:00.02 | Mem:0.01M, Peak:0.01M | Scene, ViewLayer | Updating Meshes
Fra:1 Mem:27.85M (Peak 43.93M) | Time:00:00.02 | Mem:0.01M, Peak:0.01M | Scene, ViewLayer | Updating Mesh | Computing attributes
Fra:1 Mem:29.09M (Peak 43.93M) | Time:00:00.02 | Mem:0.01M, Peak:0.01M | Scene, ViewLayer | Updating Mesh | Copying Attributes to device
Fra:1 Mem:29.09M (Peak 43.93M) | Time:00:00.02 | Mem:1.24M, Peak:1.24M | Scene, ViewLayer | Updating Scene BVH | Building
Fra:1 Mem:29.09M (Peak 43.93M) | Time:00:00.02 | Mem:1.24M, Peak:1.24M | Scene, ViewLayer | Updating Scene BVH | Building BVH
Fra:1 Mem:29.09M (Peak 43.93M) | Time:00:00.02 | Mem:3.99M, Peak:3.99M | Scene, ViewLayer | Updating Scene BVH | Building BVH 0%
Fra:1 Mem:29.09M (Peak 43.93M) | Time:00:00.02 | Mem:4.69M, Peak:6.69M | Scene, ViewLayer | Updating Scene BVH | Copying BVH to device
Fra:1 Mem:29.09M (Peak 43.93M) | Time:00:00.02 | Mem:4.69M, Peak:6.69M | Scene, ViewLayer | Updating Mesh | Computing normals
Fra:1 Mem:31.95M (Peak 43.93M) | Time:00:00.02 | Mem:4.69M, Peak:6.69M | Scene, ViewLayer | Updating Mesh | Copying Mesh to device
Fra:1 Mem:31.95M (Peak 43.93M) | Time:00:00.02 | Mem:7.55M, Peak:7.55M | Scene, ViewLayer | Updating Objects Flags
Fra:1 Mem:31.95M (Peak 43.93M) | Time:00:00.02 | Mem:7.55M, Peak:7.55M | Scene, ViewLayer | Updating Primitive Offsets
Fra:1 Mem:31.95M (Peak 43.93M) | Time:00:00.02 | Mem:7.55M, Peak:7.55M | Scene, ViewLayer | Updating Images
Fra:1 Mem:31.95M (Peak 43.93M) | Time:00:00.02 | Mem:7.55M, Peak:7.55M | Scene, ViewLayer | Updating Images | Loading 00144.exr
Fra:1 Mem:32.08M (Peak 43.93M) | Time:00:00.02 | Mem:7.55M, Peak:7.55M | Scene, ViewLayer | Updating Images | Loading crystalline_0211.jpg
Fra:1 Mem:32.85M (Peak 43.93M) | Time:00:00.03 | Mem:8.44M, Peak:8.44M | Scene, ViewLayer | Updating Camera Volume
Fra:1 Mem:32.85M (Peak 43.93M) | Time:00:00.03 | Mem:8.44M, Peak:8.44M | Scene, ViewLayer | Updating Lookup Tables
Fra:1 Mem:32.85M (Peak 43.93M) | Time:00:00.03 | Mem:8.69M, Peak:8.69M | Scene, ViewLayer | Updating Lights
Fra:1 Mem:32.85M (Peak 43.93M) | Time:00:00.03 | Mem:8.69M, Peak:8.69M | Scene, ViewLayer | Updating Lights | Computing distribution
Fra:1 Mem:32.85M (Peak 43.93M) | Time:00:00.03 | Mem:8.69M, Peak:8.69M | Scene, ViewLayer | Updating Lights | Importance map
Fra:1 Mem:96.88M (Peak 384.98M) | Time:00:00.17 | Mem:72.73M, Peak:232.70M | Scene, ViewLayer | Updating Integrator
Fra:1 Mem:96.89M (Peak 384.98M) | Time:00:00.17 | Mem:72.74M, Peak:232.70M | Scene, ViewLayer | Updating Film
Fra:1 Mem:96.90M (Peak 384.98M) | Time:00:00.17 | Mem:72.49M, Peak:232.70M | Scene, ViewLayer | Updating Lookup Tables
Fra:1 Mem:96.90M (Peak 384.98M) | Time:00:00.17 | Mem:72.74M, Peak:232.70M | Scene, ViewLayer | Updating Baking
Fra:1 Mem:96.90M (Peak 384.98M) | Time:00:00.17 | Mem:72.74M, Peak:232.70M | Scene, ViewLayer | Updating Device | Writing constant memory
Fra:1 Mem:96.90M (Peak 384.98M) | Time:00:00.17 | Mem:72.74M, Peak:232.70M | Scene, ViewLayer | Sample 0/32
Fra:1 Mem:115.98M (Peak 384.98M) | Time:00:00.17 | Remaining:00:00.26 | Mem:91.74M, Peak:232.70M | Scene, ViewLayer | Sample 1/32
Fra:1 Mem:123.99M (Peak 384.98M) | Time:00:00.53 | Mem:91.74M, Peak:232.70M | Scene, ViewLayer | Sample 32/32
Fra:1 Mem:123.99M (Peak 384.98M) | Time:00:00.53 | Mem:91.74M, Peak:232.70M | Scene, ViewLayer | Finished
Saved: '/home/janus/iwi9-datasets/objaverse-rendering/no_textures_5/464ba8a17aef4fd8b1a4302f9aff2138/006.png'
 Time: 00:00.56 (Saving: 00:00.03)

Fra:1 Mem:31.64M (Peak 36.98M) | Time:00:00.00 | Mem:0.00M, Peak:0.00M | Scene, ViewLayer | Synchronizing object | Object_2
Fra:1 Mem:31.64M (Peak 36.98M) | Time:00:00.00 | Mem:0.00M, Peak:0.00M | Scene, ViewLayer | Synchronizing object | Object_9
Fra:1 Mem:34.37M (Peak 43.66M) | Time:00:00.01 | Mem:0.00M, Peak:0.00M | Scene, ViewLayer | Initializing
Fra:1 Mem:27.14M (Peak 43.66M) | Time:00:00.01 | Mem:0.00M, Peak:0.00M | Scene, ViewLayer | Waiting for render to start
Fra:1 Mem:27.15M (Peak 43.66M) | Time:00:00.01 | Mem:0.00M, Peak:0.00M | Scene, ViewLayer | Loading render kernels (may take a few minutes the first time)
Fra:1 Mem:27.15M (Peak 43.66M) | Time:00:00.01 | Mem:0.00M, Peak:0.00M | Scene, ViewLayer | Updating Scene
Fra:1 Mem:27.15M (Peak 43.66M) | Time:00:00.01 | Mem:0.00M, Peak:0.00M | Scene, ViewLayer | Updating Shaders
Fra:1 Mem:27.40M (Peak 43.66M) | Time:00:00.02 | Mem:0.01M, Peak:0.01M | Scene, ViewLayer | Updating Procedurals
Fra:1 Mem:27.40M (Peak 43.66M) | Time:00:00.02 | Mem:0.01M, Peak:0.01M | Scene, ViewLayer | Updating Background
Fra:1 Mem:27.40M (Peak 43.66M) | Time:00:00.02 | Mem:0.01M, Peak:0.01M | Scene, ViewLayer | Updating Camera
Fra:1 Mem:27.40M (Peak 43.66M) | Time:00:00.02 | Mem:0.01M, Peak:0.01M | Scene, ViewLayer | Updating Meshes Flags
Fra:1 Mem:27.40M (Peak 43.66M) | Time:00:00.02 | Mem:0.01M, Peak:0.01M | Scene, ViewLayer | Updating Objects
Fra:1 Mem:27.40M (Peak 43.66M) | Time:00:00.02 | Mem:0.01M, Peak:0.01M | Scene, ViewLayer | Updating Objects | Copying Transformations to device
Fra:1 Mem:27.40M (Peak 43.66M) | Time:00:00.02 | Mem:0.01M, Peak:0.01M | Scene, ViewLayer | Updating Objects | Applying Static Transformations
Fra:1 Mem:27.40M (Peak 43.66M) | Time:00:00.02 | Mem:0.01M, Peak:0.01M | Scene, ViewLayer | Updating Particle Systems
Fra:1 Mem:27.40M (Peak 43.66M) | Time:00:00.02 | Mem:0.01M, Peak:0.01M | Scene, ViewLayer | Updating Particle Systems | Copying Particles to device
Fra:1 Mem:27.40M (Peak 43.66M) | Time:00:00.02 | Mem:0.01M, Peak:0.01M | Scene, ViewLayer | Updating Meshes
Fra:1 Mem:28.05M (Peak 43.66M) | Time:00:00.02 | Mem:0.01M, Peak:0.01M | Scene, ViewLayer | Updating Mesh | Computing attributes
Fra:1 Mem:29.28M (Peak 43.66M) | Time:00:00.02 | Mem:0.01M, Peak:0.01M | Scene, ViewLayer | Updating Mesh | Copying Attributes to device
Fra:1 Mem:29.28M (Peak 43.66M) | Time:00:00.02 | Mem:1.24M, Peak:1.24M | Scene, ViewLayer | Updating Scene BVH | Building
Fra:1 Mem:29.28M (Peak 43.66M) | Time:00:00.02 | Mem:1.24M, Peak:1.24M | Scene, ViewLayer | Updating Scene BVH | Building BVH
Fra:1 Mem:29.28M (Peak 43.66M) | Time:00:00.02 | Mem:3.99M, Peak:3.99M | Scene, ViewLayer | Updating Scene BVH | Building BVH 0%
Fra:1 Mem:29.28M (Peak 43.66M) | Time:00:00.02 | Mem:4.69M, Peak:6.69M | Scene, ViewLayer | Updating Scene BVH | Copying BVH to device
Fra:1 Mem:29.28M (Peak 43.66M) | Time:00:00.02 | Mem:4.69M, Peak:6.69M | Scene, ViewLayer | Updating Mesh | Computing normals
Fra:1 Mem:32.15M (Peak 43.66M) | Time:00:00.02 | Mem:4.69M, Peak:6.69M | Scene, ViewLayer | Updating Mesh | Copying Mesh to device
Fra:1 Mem:32.15M (Peak 43.66M) | Time:00:00.02 | Mem:7.55M, Peak:7.55M | Scene, ViewLayer | Updating Objects Flags
Fra:1 Mem:32.15M (Peak 43.66M) | Time:00:00.02 | Mem:7.55M, Peak:7.55M | Scene, ViewLayer | Updating Primitive Offsets
Fra:1 Mem:32.15M (Peak 43.66M) | Time:00:00.02 | Mem:7.55M, Peak:7.55M | Scene, ViewLayer | Updating Images
Fra:1 Mem:32.15M (Peak 43.66M) | Time:00:00.02 | Mem:7.55M, Peak:7.55M | Scene, ViewLayer | Updating Images | Loading 00144.exr
Fra:1 Mem:32.27M (Peak 43.66M) | Time:00:00.02 | Mem:7.55M, Peak:7.55M | Scene, ViewLayer | Updating Images | Loading dotted_0174.jpg
Fra:1 Mem:33.49M (Peak 43.66M) | Time:00:00.03 | Mem:8.88M, Peak:8.88M | Scene, ViewLayer | Updating Camera Volume
Fra:1 Mem:33.49M (Peak 43.66M) | Time:00:00.03 | Mem:8.88M, Peak:8.88M | Scene, ViewLayer | Updating Lookup Tables
Fra:1 Mem:33.49M (Peak 43.66M) | Time:00:00.03 | Mem:9.13M, Peak:9.13M | Scene, ViewLayer | Updating Lights
Fra:1 Mem:33.49M (Peak 43.66M) | Time:00:00.03 | Mem:9.13M, Peak:9.13M | Scene, ViewLayer | Updating Lights | Computing distribution
Fra:1 Mem:33.49M (Peak 43.66M) | Time:00:00.03 | Mem:9.13M, Peak:9.13M | Scene, ViewLayer | Updating Lights | Importance map
Fra:1 Mem:97.52M (Peak 385.62M) | Time:00:00.16 | Mem:73.17M, Peak:233.14M | Scene, ViewLayer | Updating Integrator
Fra:1 Mem:97.53M (Peak 385.62M) | Time:00:00.16 | Mem:73.18M, Peak:233.14M | Scene, ViewLayer | Updating Film
Fra:1 Mem:97.53M (Peak 385.62M) | Time:00:00.16 | Mem:72.93M, Peak:233.14M | Scene, ViewLayer | Updating Lookup Tables
Fra:1 Mem:97.53M (Peak 385.62M) | Time:00:00.16 | Mem:73.19M, Peak:233.14M | Scene, ViewLayer | Updating Baking
Fra:1 Mem:97.53M (Peak 385.62M) | Time:00:00.16 | Mem:73.19M, Peak:233.14M | Scene, ViewLayer | Updating Device | Writing constant memory
Fra:1 Mem:97.53M (Peak 385.62M) | Time:00:00.16 | Mem:73.19M, Peak:233.14M | Scene, ViewLayer | Sample 0/32
Fra:1 Mem:116.62M (Peak 385.62M) | Time:00:00.17 | Remaining:00:00.27 | Mem:92.19M, Peak:233.14M | Scene, ViewLayer | Sample 1/32
Fra:1 Mem:124.62M (Peak 385.62M) | Time:00:00.47 | Mem:92.19M, Peak:233.14M | Scene, ViewLayer | Sample 32/32
Fra:1 Mem:124.62M (Peak 385.62M) | Time:00:00.47 | Mem:92.19M, Peak:233.14M | Scene, ViewLayer | Finished
Saved: '/home/janus/iwi9-datasets/objaverse-rendering/no_textures_5/464ba8a17aef4fd8b1a4302f9aff2138/007.png'
 Time: 00:00.50 (Saving: 00:00.03)

Fra:1 Mem:31.82M (Peak 36.92M) | Time:00:00.00 | Mem:0.00M, Peak:0.00M | Scene, ViewLayer | Synchronizing object | Object_2
Fra:1 Mem:31.88M (Peak 36.92M) | Time:00:00.00 | Mem:0.00M, Peak:0.00M | Scene, ViewLayer | Synchronizing object | Object_9
Fra:1 Mem:34.55M (Peak 44.26M) | Time:00:00.01 | Mem:0.00M, Peak:0.00M | Scene, ViewLayer | Initializing
Fra:1 Mem:27.32M (Peak 44.26M) | Time:00:00.01 | Mem:0.00M, Peak:0.00M | Scene, ViewLayer | Waiting for render to start
Fra:1 Mem:27.32M (Peak 44.26M) | Time:00:00.01 | Mem:0.00M, Peak:0.00M | Scene, ViewLayer | Loading render kernels (may take a few minutes the first time)
Fra:1 Mem:27.32M (Peak 44.26M) | Time:00:00.01 | Mem:0.00M, Peak:0.00M | Scene, ViewLayer | Updating Scene
Fra:1 Mem:27.32M (Peak 44.26M) | Time:00:00.01 | Mem:0.00M, Peak:0.00M | Scene, ViewLayer | Updating Shaders
Fra:1 Mem:27.58M (Peak 44.26M) | Time:00:00.01 | Mem:0.01M, Peak:0.01M | Scene, ViewLayer | Updating Procedurals
Fra:1 Mem:27.58M (Peak 44.26M) | Time:00:00.01 | Mem:0.01M, Peak:0.01M | Scene, ViewLayer | Updating Background
Fra:1 Mem:27.58M (Peak 44.26M) | Time:00:00.01 | Mem:0.01M, Peak:0.01M | Scene, ViewLayer | Updating Camera
Fra:1 Mem:27.58M (Peak 44.26M) | Time:00:00.01 | Mem:0.01M, Peak:0.01M | Scene, ViewLayer | Updating Meshes Flags
Fra:1 Mem:27.58M (Peak 44.26M) | Time:00:00.01 | Mem:0.01M, Peak:0.01M | Scene, ViewLayer | Updating Objects
Fra:1 Mem:27.58M (Peak 44.26M) | Time:00:00.01 | Mem:0.01M, Peak:0.01M | Scene, ViewLayer | Updating Objects | Copying Transformations to device
Fra:1 Mem:27.58M (Peak 44.26M) | Time:00:00.01 | Mem:0.01M, Peak:0.01M | Scene, ViewLayer | Updating Objects | Applying Static Transformations
Fra:1 Mem:27.58M (Peak 44.26M) | Time:00:00.01 | Mem:0.01M, Peak:0.01M | Scene, ViewLayer | Updating Particle Systems
Fra:1 Mem:27.58M (Peak 44.26M) | Time:00:00.01 | Mem:0.01M, Peak:0.01M | Scene, ViewLayer | Updating Particle Systems | Copying Particles to device
Fra:1 Mem:27.58M (Peak 44.26M) | Time:00:00.01 | Mem:0.01M, Peak:0.01M | Scene, ViewLayer | Updating Meshes
Fra:1 Mem:28.22M (Peak 44.26M) | Time:00:00.01 | Mem:0.01M, Peak:0.01M | Scene, ViewLayer | Updating Mesh | Computing attributes
Fra:1 Mem:29.46M (Peak 44.26M) | Time:00:00.01 | Mem:0.01M, Peak:0.01M | Scene, ViewLayer | Updating Mesh | Copying Attributes to device
Fra:1 Mem:29.46M (Peak 44.26M) | Time:00:00.01 | Mem:1.24M, Peak:1.24M | Scene, ViewLayer | Updating Scene BVH | Building
Fra:1 Mem:29.46M (Peak 44.26M) | Time:00:00.01 | Mem:1.24M, Peak:1.24M | Scene, ViewLayer | Updating Scene BVH | Building BVH
Fra:1 Mem:29.46M (Peak 44.26M) | Time:00:00.02 | Mem:3.99M, Peak:3.99M | Scene, ViewLayer | Updating Scene BVH | Building BVH 0%
Fra:1 Mem:29.46M (Peak 44.26M) | Time:00:00.02 | Mem:4.69M, Peak:6.69M | Scene, ViewLayer | Updating Scene BVH | Copying BVH to device
Fra:1 Mem:29.46M (Peak 44.26M) | Time:00:00.02 | Mem:4.69M, Peak:6.69M | Scene, ViewLayer | Updating Mesh | Computing normals
Fra:1 Mem:32.32M (Peak 44.26M) | Time:00:00.02 | Mem:4.69M, Peak:6.69M | Scene, ViewLayer | Updating Mesh | Copying Mesh to device
Fra:1 Mem:32.32M (Peak 44.26M) | Time:00:00.02 | Mem:7.55M, Peak:7.55M | Scene, ViewLayer | Updating Objects Flags
Fra:1 Mem:32.32M (Peak 44.26M) | Time:00:00.02 | Mem:7.55M, Peak:7.55M | Scene, ViewLayer | Updating Primitive Offsets
Fra:1 Mem:32.32M (Peak 44.26M) | Time:00:00.02 | Mem:7.55M, Peak:7.55M | Scene, ViewLayer | Updating Images
Fra:1 Mem:32.32M (Peak 44.26M) | Time:00:00.02 | Mem:7.55M, Peak:7.55M | Scene, ViewLayer | Updating Images | Loading 00144.exr
Fra:1 Mem:32.45M (Peak 44.26M) | Time:00:00.02 | Mem:7.55M, Peak:7.55M | Scene, ViewLayer | Updating Images | Loading zigzagged_0032.jpg
Fra:1 Mem:33.01M (Peak 44.26M) | Time:00:00.02 | Mem:8.23M, Peak:8.23M | Scene, ViewLayer | Updating Camera Volume
Fra:1 Mem:33.01M (Peak 44.26M) | Time:00:00.02 | Mem:8.23M, Peak:8.23M | Scene, ViewLayer | Updating Lookup Tables
Fra:1 Mem:33.01M (Peak 44.26M) | Time:00:00.02 | Mem:8.48M, Peak:8.48M | Scene, ViewLayer | Updating Lights
Fra:1 Mem:33.01M (Peak 44.26M) | Time:00:00.02 | Mem:8.48M, Peak:8.48M | Scene, ViewLayer | Updating Lights | Computing distribution
Fra:1 Mem:33.01M (Peak 44.26M) | Time:00:00.02 | Mem:8.48M, Peak:8.48M | Scene, ViewLayer | Updating Lights | Importance map
Fra:1 Mem:97.04M (Peak 385.14M) | Time:00:00.16 | Mem:72.52M, Peak:232.49M | Scene, ViewLayer | Updating Integrator
Fra:1 Mem:97.05M (Peak 385.14M) | Time:00:00.16 | Mem:72.53M, Peak:232.49M | Scene, ViewLayer | Updating Film
Fra:1 Mem:97.06M (Peak 385.14M) | Time:00:00.16 | Mem:72.28M, Peak:232.49M | Scene, ViewLayer | Updating Lookup Tables
Fra:1 Mem:97.06M (Peak 385.14M) | Time:00:00.16 | Mem:72.53M, Peak:232.49M | Scene, ViewLayer | Updating Baking
Fra:1 Mem:97.06M (Peak 385.14M) | Time:00:00.16 | Mem:72.53M, Peak:232.49M | Scene, ViewLayer | Updating Device | Writing constant memory
Fra:1 Mem:97.06M (Peak 385.14M) | Time:00:00.16 | Mem:72.53M, Peak:232.49M | Scene, ViewLayer | Sample 0/32
Fra:1 Mem:116.14M (Peak 385.14M) | Time:00:00.17 | Remaining:00:00.30 | Mem:91.53M, Peak:232.49M | Scene, ViewLayer | Sample 1/32
Fra:1 Mem:124.15M (Peak 385.14M) | Time:00:00.50 | Mem:91.53M, Peak:232.49M | Scene, ViewLayer | Sample 32/32
Fra:1 Mem:124.15M (Peak 385.14M) | Time:00:00.50 | Mem:91.53M, Peak:232.49M | Scene, ViewLayer | Finished
Saved: '/home/janus/iwi9-datasets/objaverse-rendering/no_textures_5/464ba8a17aef4fd8b1a4302f9aff2138/008.png'
 Time: 00:00.53 (Saving: 00:00.03)

Fra:1 Mem:32.00M (Peak 37.84M) | Time:00:00.00 | Mem:0.00M, Peak:0.00M | Scene, ViewLayer | Synchronizing object | Object_2
Fra:1 Mem:32.00M (Peak 37.84M) | Time:00:00.00 | Mem:0.00M, Peak:0.00M | Scene, ViewLayer | Synchronizing object | Object_9
Fra:1 Mem:34.72M (Peak 44.70M) | Time:00:00.01 | Mem:0.00M, Peak:0.00M | Scene, ViewLayer | Initializing
Fra:1 Mem:27.50M (Peak 44.70M) | Time:00:00.01 | Mem:0.00M, Peak:0.00M | Scene, ViewLayer | Waiting for render to start
Fra:1 Mem:27.50M (Peak 44.70M) | Time:00:00.01 | Mem:0.00M, Peak:0.00M | Scene, ViewLayer | Loading render kernels (may take a few minutes the first time)
Fra:1 Mem:27.50M (Peak 44.70M) | Time:00:00.01 | Mem:0.00M, Peak:0.00M | Scene, ViewLayer | Updating Scene
Fra:1 Mem:27.50M (Peak 44.70M) | Time:00:00.01 | Mem:0.00M, Peak:0.00M | Scene, ViewLayer | Updating Shaders
Fra:1 Mem:27.76M (Peak 44.70M) | Time:00:00.01 | Mem:0.01M, Peak:0.01M | Scene, ViewLayer | Updating Procedurals
Fra:1 Mem:27.76M (Peak 44.70M) | Time:00:00.01 | Mem:0.01M, Peak:0.01M | Scene, ViewLayer | Updating Background
Fra:1 Mem:27.76M (Peak 44.70M) | Time:00:00.01 | Mem:0.01M, Peak:0.01M | Scene, ViewLayer | Updating Camera
Fra:1 Mem:27.76M (Peak 44.70M) | Time:00:00.01 | Mem:0.01M, Peak:0.01M | Scene, ViewLayer | Updating Meshes Flags
Fra:1 Mem:27.76M (Peak 44.70M) | Time:00:00.01 | Mem:0.01M, Peak:0.01M | Scene, ViewLayer | Updating Objects
Fra:1 Mem:27.76M (Peak 44.70M) | Time:00:00.01 | Mem:0.01M, Peak:0.01M | Scene, ViewLayer | Updating Objects | Copying Transformations to device
Fra:1 Mem:27.76M (Peak 44.70M) | Time:00:00.01 | Mem:0.01M, Peak:0.01M | Scene, ViewLayer | Updating Objects | Applying Static Transformations
Fra:1 Mem:27.76M (Peak 44.70M) | Time:00:00.01 | Mem:0.01M, Peak:0.01M | Scene, ViewLayer | Updating Particle Systems
Fra:1 Mem:27.76M (Peak 44.70M) | Time:00:00.01 | Mem:0.01M, Peak:0.01M | Scene, ViewLayer | Updating Particle Systems | Copying Particles to device
Fra:1 Mem:27.76M (Peak 44.70M) | Time:00:00.01 | Mem:0.01M, Peak:0.01M | Scene, ViewLayer | Updating Meshes
Fra:1 Mem:28.40M (Peak 44.70M) | Time:00:00.01 | Mem:0.01M, Peak:0.01M | Scene, ViewLayer | Updating Mesh | Computing attributes
Fra:1 Mem:29.64M (Peak 44.70M) | Time:00:00.01 | Mem:0.01M, Peak:0.01M | Scene, ViewLayer | Updating Mesh | Copying Attributes to device
Fra:1 Mem:29.64M (Peak 44.70M) | Time:00:00.01 | Mem:1.24M, Peak:1.24M | Scene, ViewLayer | Updating Scene BVH | Building
Fra:1 Mem:29.64M (Peak 44.70M) | Time:00:00.01 | Mem:1.24M, Peak:1.24M | Scene, ViewLayer | Updating Scene BVH | Building BVH
Fra:1 Mem:29.64M (Peak 44.70M) | Time:00:00.01 | Mem:3.99M, Peak:3.99M | Scene, ViewLayer | Updating Scene BVH | Building BVH 0%
Fra:1 Mem:29.64M (Peak 44.70M) | Time:00:00.02 | Mem:4.69M, Peak:6.69M | Scene, ViewLayer | Updating Scene BVH | Copying BVH to device
Fra:1 Mem:29.64M (Peak 44.70M) | Time:00:00.02 | Mem:4.69M, Peak:6.69M | Scene, ViewLayer | Updating Mesh | Computing normals
Fra:1 Mem:32.50M (Peak 44.70M) | Time:00:00.02 | Mem:4.69M, Peak:6.69M | Scene, ViewLayer | Updating Mesh | Copying Mesh to device
Fra:1 Mem:32.50M (Peak 44.70M) | Time:00:00.02 | Mem:7.55M, Peak:7.55M | Scene, ViewLayer | Updating Objects Flags
Fra:1 Mem:32.50M (Peak 44.70M) | Time:00:00.02 | Mem:7.55M, Peak:7.55M | Scene, ViewLayer | Updating Primitive Offsets
Fra:1 Mem:32.50M (Peak 44.70M) | Time:00:00.02 | Mem:7.55M, Peak:7.55M | Scene, ViewLayer | Updating Images
Fra:1 Mem:32.50M (Peak 44.70M) | Time:00:00.02 | Mem:7.55M, Peak:7.55M | Scene, ViewLayer | Updating Images | Loading 00144.exr
Fra:1 Mem:32.63M (Peak 44.70M) | Time:00:00.02 | Mem:7.55M, Peak:7.55M | Scene, ViewLayer | Updating Images | Loading frilly_0034.jpg
Fra:1 Mem:33.41M (Peak 44.70M) | Time:00:00.02 | Mem:8.45M, Peak:8.45M | Scene, ViewLayer | Updating Camera Volume
Fra:1 Mem:33.41M (Peak 44.70M) | Time:00:00.02 | Mem:8.45M, Peak:8.45M | Scene, ViewLayer | Updating Lookup Tables
Fra:1 Mem:33.41M (Peak 44.70M) | Time:00:00.02 | Mem:8.70M, Peak:8.70M | Scene, ViewLayer | Updating Lights
Fra:1 Mem:33.41M (Peak 44.70M) | Time:00:00.02 | Mem:8.70M, Peak:8.70M | Scene, ViewLayer | Updating Lights | Computing distribution
Fra:1 Mem:33.41M (Peak 44.70M) | Time:00:00.02 | Mem:8.70M, Peak:8.70M | Scene, ViewLayer | Updating Lights | Importance map
Fra:1 Mem:97.44M (Peak 385.54M) | Time:00:00.16 | Mem:72.74M, Peak:232.71M | Scene, ViewLayer | Updating Integrator
Fra:1 Mem:97.45M (Peak 385.54M) | Time:00:00.16 | Mem:72.75M, Peak:232.71M | Scene, ViewLayer | Updating Film
Fra:1 Mem:97.45M (Peak 385.54M) | Time:00:00.16 | Mem:72.50M, Peak:232.71M | Scene, ViewLayer | Updating Lookup Tables
Fra:1 Mem:97.45M (Peak 385.54M) | Time:00:00.16 | Mem:72.75M, Peak:232.71M | Scene, ViewLayer | Updating Baking
Fra:1 Mem:97.45M (Peak 385.54M) | Time:00:00.16 | Mem:72.75M, Peak:232.71M | Scene, ViewLayer | Updating Device | Writing constant memory
Fra:1 Mem:97.45M (Peak 385.54M) | Time:00:00.16 | Mem:72.75M, Peak:232.71M | Scene, ViewLayer | Sample 0/32
Fra:1 Mem:116.54M (Peak 385.54M) | Time:00:00.17 | Remaining:00:00.27 | Mem:91.75M, Peak:232.71M | Scene, ViewLayer | Sample 1/32
Fra:1 Mem:124.54M (Peak 385.54M) | Time:00:00.46 | Mem:91.75M, Peak:232.71M | Scene, ViewLayer | Sample 32/32
Fra:1 Mem:124.54M (Peak 385.54M) | Time:00:00.46 | Mem:91.75M, Peak:232.71M | Scene, ViewLayer | Finished
Saved: '/home/janus/iwi9-datasets/objaverse-rendering/no_textures_5/464ba8a17aef4fd8b1a4302f9aff2138/009.png'
 Time: 00:00.49 (Saving: 00:00.03)

Fra:1 Mem:32.17M (Peak 37.26M) | Time:00:00.00 | Mem:0.00M, Peak:0.00M | Scene, ViewLayer | Synchronizing object | Object_2
Fra:1 Mem:32.17M (Peak 37.26M) | Time:00:00.00 | Mem:0.00M, Peak:0.00M | Scene, ViewLayer | Synchronizing object | Object_7
Fra:1 Mem:32.40M (Peak 37.26M) | Time:00:00.00 | Mem:0.00M, Peak:0.00M | Scene, ViewLayer | Synchronizing object | Object_9
Fra:1 Mem:34.90M (Peak 44.46M) | Time:00:00.01 | Mem:0.00M, Peak:0.00M | Scene, ViewLayer | Initializing
Fra:1 Mem:27.68M (Peak 44.46M) | Time:00:00.01 | Mem:0.00M, Peak:0.00M | Scene, ViewLayer | Waiting for render to start
Fra:1 Mem:27.68M (Peak 44.46M) | Time:00:00.01 | Mem:0.00M, Peak:0.00M | Scene, ViewLayer | Loading render kernels (may take a few minutes the first time)
Fra:1 Mem:27.68M (Peak 44.46M) | Time:00:00.01 | Mem:0.00M, Peak:0.00M | Scene, ViewLayer | Updating Scene
Fra:1 Mem:27.68M (Peak 44.46M) | Time:00:00.01 | Mem:0.00M, Peak:0.00M | Scene, ViewLayer | Updating Shaders
Fra:1 Mem:27.93M (Peak 44.46M) | Time:00:00.01 | Mem:0.01M, Peak:0.01M | Scene, ViewLayer | Updating Procedurals
Fra:1 Mem:27.93M (Peak 44.46M) | Time:00:00.01 | Mem:0.01M, Peak:0.01M | Scene, ViewLayer | Updating Background
Fra:1 Mem:27.93M (Peak 44.46M) | Time:00:00.01 | Mem:0.01M, Peak:0.01M | Scene, ViewLayer | Updating Camera
Fra:1 Mem:27.93M (Peak 44.46M) | Time:00:00.01 | Mem:0.01M, Peak:0.01M | Scene, ViewLayer | Updating Meshes Flags
Fra:1 Mem:27.93M (Peak 44.46M) | Time:00:00.01 | Mem:0.01M, Peak:0.01M | Scene, ViewLayer | Updating Objects
Fra:1 Mem:27.93M (Peak 44.46M) | Time:00:00.01 | Mem:0.01M, Peak:0.01M | Scene, ViewLayer | Updating Objects | Copying Transformations to device
Fra:1 Mem:27.94M (Peak 44.46M) | Time:00:00.01 | Mem:0.01M, Peak:0.01M | Scene, ViewLayer | Updating Objects | Applying Static Transformations
Fra:1 Mem:27.94M (Peak 44.46M) | Time:00:00.01 | Mem:0.01M, Peak:0.01M | Scene, ViewLayer | Updating Particle Systems
Fra:1 Mem:27.94M (Peak 44.46M) | Time:00:00.01 | Mem:0.01M, Peak:0.01M | Scene, ViewLayer | Updating Particle Systems | Copying Particles to device
Fra:1 Mem:27.94M (Peak 44.46M) | Time:00:00.01 | Mem:0.01M, Peak:0.01M | Scene, ViewLayer | Updating Meshes
Fra:1 Mem:28.58M (Peak 44.46M) | Time:00:00.01 | Mem:0.01M, Peak:0.01M | Scene, ViewLayer | Updating Mesh | Computing attributes
Fra:1 Mem:29.82M (Peak 44.46M) | Time:00:00.01 | Mem:0.01M, Peak:0.01M | Scene, ViewLayer | Updating Mesh | Copying Attributes to device
Fra:1 Mem:29.82M (Peak 44.46M) | Time:00:00.01 | Mem:1.24M, Peak:1.24M | Scene, ViewLayer | Updating Scene BVH | Building
Fra:1 Mem:29.82M (Peak 44.46M) | Time:00:00.01 | Mem:1.24M, Peak:1.24M | Scene, ViewLayer | Updating Scene BVH | Building BVH
Fra:1 Mem:29.82M (Peak 44.46M) | Time:00:00.02 | Mem:3.99M, Peak:3.99M | Scene, ViewLayer | Updating Scene BVH | Building BVH 0%
Fra:1 Mem:29.82M (Peak 44.46M) | Time:00:00.02 | Mem:4.69M, Peak:6.69M | Scene, ViewLayer | Updating Scene BVH | Copying BVH to device
Fra:1 Mem:29.82M (Peak 44.46M) | Time:00:00.02 | Mem:4.69M, Peak:6.69M | Scene, ViewLayer | Updating Mesh | Computing normals
Fra:1 Mem:32.68M (Peak 44.46M) | Time:00:00.02 | Mem:4.69M, Peak:6.69M | Scene, ViewLayer | Updating Mesh | Copying Mesh to device
Fra:1 Mem:32.68M (Peak 44.46M) | Time:00:00.02 | Mem:7.55M, Peak:7.55M | Scene, ViewLayer | Updating Objects Flags
Fra:1 Mem:32.68M (Peak 44.46M) | Time:00:00.02 | Mem:7.55M, Peak:7.55M | Scene, ViewLayer | Updating Primitive Offsets
Fra:1 Mem:32.68M (Peak 44.46M) | Time:00:00.02 | Mem:7.55M, Peak:7.55M | Scene, ViewLayer | Updating Images
Fra:1 Mem:32.68M (Peak 44.46M) | Time:00:00.02 | Mem:7.55M, Peak:7.55M | Scene, ViewLayer | Updating Images | Loading 00144.exr
Fra:1 Mem:32.80M (Peak 44.46M) | Time:00:00.02 | Mem:7.55M, Peak:7.55M | Scene, ViewLayer | Updating Images | Loading pitted_0138.jpg
Fra:1 Mem:33.88M (Peak 44.46M) | Time:00:00.02 | Mem:8.74M, Peak:8.74M | Scene, ViewLayer | Updating Camera Volume
Fra:1 Mem:33.88M (Peak 44.46M) | Time:00:00.02 | Mem:8.74M, Peak:8.74M | Scene, ViewLayer | Updating Lookup Tables
Fra:1 Mem:33.88M (Peak 44.46M) | Time:00:00.02 | Mem:8.99M, Peak:8.99M | Scene, ViewLayer | Updating Lights
Fra:1 Mem:33.88M (Peak 44.46M) | Time:00:00.02 | Mem:8.99M, Peak:8.99M | Scene, ViewLayer | Updating Lights | Computing distribution
Fra:1 Mem:33.88M (Peak 44.46M) | Time:00:00.02 | Mem:8.99M, Peak:8.99M | Scene, ViewLayer | Updating Lights | Importance map
Fra:1 Mem:97.91M (Peak 386.01M) | Time:00:00.16 | Mem:73.04M, Peak:233.01M | Scene, ViewLayer | Updating Integrator
Fra:1 Mem:97.92M (Peak 386.01M) | Time:00:00.16 | Mem:73.04M, Peak:233.01M | Scene, ViewLayer | Updating Film
Fra:1 Mem:97.93M (Peak 386.01M) | Time:00:00.16 | Mem:72.79M, Peak:233.01M | Scene, ViewLayer | Updating Lookup Tables
Fra:1 Mem:97.93M (Peak 386.01M) | Time:00:00.16 | Mem:73.05M, Peak:233.01M | Scene, ViewLayer | Updating Baking
Fra:1 Mem:97.93M (Peak 386.01M) | Time:00:00.16 | Mem:73.05M, Peak:233.01M | Scene, ViewLayer | Updating Device | Writing constant memory
Fra:1 Mem:97.93M (Peak 386.01M) | Time:00:00.16 | Mem:73.05M, Peak:233.01M | Scene, ViewLayer | Sample 0/32
Fra:1 Mem:117.01M (Peak 386.01M) | Time:00:00.17 | Remaining:00:00.27 | Mem:92.05M, Peak:233.01M | Scene, ViewLayer | Sample 1/32
Fra:1 Mem:125.02M (Peak 386.01M) | Time:00:00.46 | Mem:92.05M, Peak:233.01M | Scene, ViewLayer | Sample 32/32
Fra:1 Mem:125.02M (Peak 386.01M) | Time:00:00.46 | Mem:92.05M, Peak:233.01M | Scene, ViewLayer | Finished
Saved: '/home/janus/iwi9-datasets/objaverse-rendering/no_textures_5/464ba8a17aef4fd8b1a4302f9aff2138/010.png'
 Time: 00:00.50 (Saving: 00:00.03)

Fra:1 Mem:32.35M (Peak 37.36M) | Time:00:00.00 | Mem:0.00M, Peak:0.00M | Scene, ViewLayer | Synchronizing object | Object_2
Fra:1 Mem:32.37M (Peak 37.36M) | Time:00:00.00 | Mem:0.00M, Peak:0.00M | Scene, ViewLayer | Synchronizing object | Object_5
Fra:1 Mem:32.67M (Peak 37.36M) | Time:00:00.00 | Mem:0.00M, Peak:0.00M | Scene, ViewLayer | Synchronizing object | Object_9
Fra:1 Mem:35.08M (Peak 44.41M) | Time:00:00.01 | Mem:0.00M, Peak:0.00M | Scene, ViewLayer | Initializing
Fra:1 Mem:27.85M (Peak 44.41M) | Time:00:00.01 | Mem:0.00M, Peak:0.00M | Scene, ViewLayer | Waiting for render to start
Fra:1 Mem:27.86M (Peak 44.41M) | Time:00:00.01 | Mem:0.00M, Peak:0.00M | Scene, ViewLayer | Loading render kernels (may take a few minutes the first time)
Fra:1 Mem:27.86M (Peak 44.41M) | Time:00:00.01 | Mem:0.00M, Peak:0.00M | Scene, ViewLayer | Updating Scene
Fra:1 Mem:27.86M (Peak 44.41M) | Time:00:00.01 | Mem:0.00M, Peak:0.00M | Scene, ViewLayer | Updating Shaders
Fra:1 Mem:28.11M (Peak 44.41M) | Time:00:00.01 | Mem:0.01M, Peak:0.01M | Scene, ViewLayer | Updating Procedurals
Fra:1 Mem:28.11M (Peak 44.41M) | Time:00:00.01 | Mem:0.01M, Peak:0.01M | Scene, ViewLayer | Updating Background
Fra:1 Mem:28.11M (Peak 44.41M) | Time:00:00.01 | Mem:0.01M, Peak:0.01M | Scene, ViewLayer | Updating Camera
Fra:1 Mem:28.11M (Peak 44.41M) | Time:00:00.01 | Mem:0.01M, Peak:0.01M | Scene, ViewLayer | Updating Meshes Flags
Fra:1 Mem:28.11M (Peak 44.41M) | Time:00:00.01 | Mem:0.01M, Peak:0.01M | Scene, ViewLayer | Updating Objects
Fra:1 Mem:28.11M (Peak 44.41M) | Time:00:00.01 | Mem:0.01M, Peak:0.01M | Scene, ViewLayer | Updating Objects | Copying Transformations to device
Fra:1 Mem:28.11M (Peak 44.41M) | Time:00:00.01 | Mem:0.01M, Peak:0.01M | Scene, ViewLayer | Updating Objects | Applying Static Transformations
Fra:1 Mem:28.11M (Peak 44.41M) | Time:00:00.01 | Mem:0.01M, Peak:0.01M | Scene, ViewLayer | Updating Particle Systems
Fra:1 Mem:28.11M (Peak 44.41M) | Time:00:00.01 | Mem:0.01M, Peak:0.01M | Scene, ViewLayer | Updating Particle Systems | Copying Particles to device
Fra:1 Mem:28.11M (Peak 44.41M) | Time:00:00.01 | Mem:0.01M, Peak:0.01M | Scene, ViewLayer | Updating Meshes
Fra:1 Mem:28.76M (Peak 44.41M) | Time:00:00.01 | Mem:0.01M, Peak:0.01M | Scene, ViewLayer | Updating Mesh | Computing attributes
Fra:1 Mem:29.99M (Peak 44.41M) | Time:00:00.01 | Mem:0.01M, Peak:0.01M | Scene, ViewLayer | Updating Mesh | Copying Attributes to device
Fra:1 Mem:29.99M (Peak 44.41M) | Time:00:00.01 | Mem:1.24M, Peak:1.24M | Scene, ViewLayer | Updating Scene BVH | Building
Fra:1 Mem:29.99M (Peak 44.41M) | Time:00:00.01 | Mem:1.24M, Peak:1.24M | Scene, ViewLayer | Updating Scene BVH | Building BVH
Fra:1 Mem:29.99M (Peak 44.41M) | Time:00:00.01 | Mem:3.99M, Peak:3.99M | Scene, ViewLayer | Updating Scene BVH | Building BVH 0%
Fra:1 Mem:29.99M (Peak 44.41M) | Time:00:00.02 | Mem:4.69M, Peak:6.69M | Scene, ViewLayer | Updating Scene BVH | Copying BVH to device
Fra:1 Mem:29.99M (Peak 44.41M) | Time:00:00.02 | Mem:4.69M, Peak:6.69M | Scene, ViewLayer | Updating Mesh | Computing normals
Fra:1 Mem:32.86M (Peak 44.41M) | Time:00:00.02 | Mem:4.69M, Peak:6.69M | Scene, ViewLayer | Updating Mesh | Copying Mesh to device
Fra:1 Mem:32.86M (Peak 44.41M) | Time:00:00.02 | Mem:7.55M, Peak:7.55M | Scene, ViewLayer | Updating Objects Flags
Fra:1 Mem:32.86M (Peak 44.41M) | Time:00:00.02 | Mem:7.55M, Peak:7.55M | Scene, ViewLayer | Updating Primitive Offsets
Fra:1 Mem:32.86M (Peak 44.41M) | Time:00:00.02 | Mem:7.55M, Peak:7.55M | Scene, ViewLayer | Updating Images
Fra:1 Mem:32.86M (Peak 44.41M) | Time:00:00.02 | Mem:7.55M, Peak:7.55M | Scene, ViewLayer | Updating Images | Loading 00144.exr
Fra:1 Mem:32.98M (Peak 44.41M) | Time:00:00.02 | Mem:7.55M, Peak:7.55M | Scene, ViewLayer | Updating Images | Loading wrinkled_0043.jpg
Fra:1 Mem:34.28M (Peak 44.41M) | Time:00:00.02 | Mem:8.96M, Peak:8.96M | Scene, ViewLayer | Updating Camera Volume
Fra:1 Mem:34.28M (Peak 44.41M) | Time:00:00.02 | Mem:8.96M, Peak:8.96M | Scene, ViewLayer | Updating Lookup Tables
Fra:1 Mem:34.28M (Peak 44.41M) | Time:00:00.02 | Mem:9.21M, Peak:9.21M | Scene, ViewLayer | Updating Lights
Fra:1 Mem:34.28M (Peak 44.41M) | Time:00:00.02 | Mem:9.21M, Peak:9.21M | Scene, ViewLayer | Updating Lights | Computing distribution
Fra:1 Mem:34.28M (Peak 44.41M) | Time:00:00.02 | Mem:9.21M, Peak:9.21M | Scene, ViewLayer | Updating Lights | Importance map
Fra:1 Mem:98.31M (Peak 386.41M) | Time:00:00.16 | Mem:73.25M, Peak:233.22M | Scene, ViewLayer | Updating Integrator
Fra:1 Mem:98.32M (Peak 386.41M) | Time:00:00.16 | Mem:73.26M, Peak:233.22M | Scene, ViewLayer | Updating Film
Fra:1 Mem:98.32M (Peak 386.41M) | Time:00:00.16 | Mem:73.01M, Peak:233.22M | Scene, ViewLayer | Updating Lookup Tables
Fra:1 Mem:98.32M (Peak 386.41M) | Time:00:00.16 | Mem:73.26M, Peak:233.22M | Scene, ViewLayer | Updating Baking
Fra:1 Mem:98.32M (Peak 386.41M) | Time:00:00.16 | Mem:73.26M, Peak:233.22M | Scene, ViewLayer | Updating Device | Writing constant memory
Fra:1 Mem:98.32M (Peak 386.41M) | Time:00:00.16 | Mem:73.26M, Peak:233.22M | Scene, ViewLayer | Sample 0/32
Fra:1 Mem:117.41M (Peak 386.41M) | Time:00:00.17 | Remaining:00:00.26 | Mem:92.26M, Peak:233.22M | Scene, ViewLayer | Sample 1/32
Fra:1 Mem:125.41M (Peak 386.41M) | Time:00:00.47 | Mem:92.26M, Peak:233.22M | Scene, ViewLayer | Sample 32/32
Fra:1 Mem:125.41M (Peak 386.41M) | Time:00:00.47 | Mem:92.26M, Peak:233.22M | Scene, ViewLayer | Finished
Saved: '/home/janus/iwi9-datasets/objaverse-rendering/no_textures_5/464ba8a17aef4fd8b1a4302f9aff2138/011.png'
 Time: 00:00.50 (Saving: 00:00.03)

Data are loaded, start creating Blender stuff
glTF import finished in 0.13s
Finished /home/janus/iwi9-datasets/objaverse-objects/hf-objaverse-v1/glbs/000-088/464ba8a17aef4fd8b1a4302f9aff2138.glb in 6.898825168609619 seconds

Blender quit
/home/janus/iwi9-datasets/objaverse-objects/hf-objaverse-v1/glbs/000-088/7a5c1ff0afe246cb8009c1d36742c205.glb
Blender 3.3.1 (hash b292cfe5a936 built 2022-10-05 00:14:35)
/run/user/210289/gvfs/ non-existent directory
Fra:1 Mem:37.51M (Peak 44.76M) | Time:00:00.01 | Mem:0.00M, Peak:0.00M | Scene, ViewLayer | Synchronizing object | Object_2
Fra:1 Mem:37.51M (Peak 44.76M) | Time:00:00.01 | Mem:0.00M, Peak:0.00M | Scene, ViewLayer | Synchronizing object | Object_4
Fra:1 Mem:41.43M (Peak 53.50M) | Time:00:00.04 | Mem:0.00M, Peak:0.00M | Scene, ViewLayer | Initializing
Fra:1 Mem:31.74M (Peak 53.50M) | Time:00:00.04 | Mem:0.00M, Peak:0.00M | Scene, ViewLayer | Waiting for render to start
Fra:1 Mem:31.74M (Peak 53.50M) | Time:00:00.04 | Mem:0.00M, Peak:0.00M | Scene, ViewLayer | Loading render kernels (may take a few minutes the first time)
Fra:1 Mem:31.74M (Peak 53.50M) | Time:00:00.04 | Mem:0.00M, Peak:0.00M | Scene, ViewLayer | Updating Scene
Fra:1 Mem:31.74M (Peak 53.50M) | Time:00:00.04 | Mem:0.00M, Peak:0.00M | Scene, ViewLayer | Updating Shaders
Fra:1 Mem:32.24M (Peak 53.50M) | Time:00:00.08 | Mem:0.00M, Peak:0.00M | Scene, ViewLayer | Updating Procedurals
Fra:1 Mem:32.24M (Peak 53.50M) | Time:00:00.08 | Mem:0.00M, Peak:0.00M | Scene, ViewLayer | Updating Background
Fra:1 Mem:32.24M (Peak 53.50M) | Time:00:00.08 | Mem:0.00M, Peak:0.00M | Scene, ViewLayer | Updating Camera
Fra:1 Mem:32.24M (Peak 53.50M) | Time:00:00.08 | Mem:0.00M, Peak:0.00M | Scene, ViewLayer | Updating Meshes Flags
Fra:1 Mem:32.24M (Peak 53.50M) | Time:00:00.08 | Mem:0.00M, Peak:0.00M | Scene, ViewLayer | Updating Objects
Fra:1 Mem:32.24M (Peak 53.50M) | Time:00:00.08 | Mem:0.00M, Peak:0.00M | Scene, ViewLayer | Updating Objects | Copying Transformations to device
Fra:1 Mem:32.24M (Peak 53.50M) | Time:00:00.08 | Mem:0.00M, Peak:0.00M | Scene, ViewLayer | Updating Objects | Applying Static Transformations
Fra:1 Mem:32.24M (Peak 53.50M) | Time:00:00.08 | Mem:0.00M, Peak:0.00M | Scene, ViewLayer | Updating Particle Systems
Fra:1 Mem:32.24M (Peak 53.50M) | Time:00:00.08 | Mem:0.00M, Peak:0.00M | Scene, ViewLayer | Updating Particle Systems | Copying Particles to device
Fra:1 Mem:32.24M (Peak 53.50M) | Time:00:00.08 | Mem:0.00M, Peak:0.00M | Scene, ViewLayer | Updating Meshes
Fra:1 Mem:33.17M (Peak 53.50M) | Time:00:00.08 | Mem:0.00M, Peak:0.00M | Scene, ViewLayer | Updating Mesh | Computing attributes
Fra:1 Mem:34.84M (Peak 53.50M) | Time:00:00.08 | Mem:0.00M, Peak:0.00M | Scene, ViewLayer | Updating Mesh | Copying Attributes to device
Fra:1 Mem:34.84M (Peak 53.50M) | Time:00:00.08 | Mem:1.68M, Peak:1.68M | Scene, ViewLayer | Updating Scene BVH | Building
Fra:1 Mem:34.84M (Peak 53.50M) | Time:00:00.08 | Mem:1.68M, Peak:1.68M | Scene, ViewLayer | Updating Scene BVH | Building BVH
Fra:1 Mem:34.84M (Peak 53.50M) | Time:00:00.08 | Mem:4.79M, Peak:4.79M | Scene, ViewLayer | Updating Scene BVH | Building BVH 0%
Fra:1 Mem:34.84M (Peak 53.50M) | Time:00:00.09 | Mem:6.85M, Peak:8.85M | Scene, ViewLayer | Updating Scene BVH | Copying BVH to device
Fra:1 Mem:34.84M (Peak 53.50M) | Time:00:00.09 | Mem:6.85M, Peak:8.85M | Scene, ViewLayer | Updating Mesh | Computing normals
Fra:1 Mem:39.01M (Peak 53.50M) | Time:00:00.09 | Mem:6.85M, Peak:8.85M | Scene, ViewLayer | Updating Mesh | Copying Mesh to device
Fra:1 Mem:39.01M (Peak 53.50M) | Time:00:00.09 | Mem:11.02M, Peak:11.02M | Scene, ViewLayer | Updating Objects Flags
Fra:1 Mem:39.01M (Peak 53.50M) | Time:00:00.09 | Mem:11.02M, Peak:11.02M | Scene, ViewLayer | Updating Primitive Offsets
Fra:1 Mem:39.01M (Peak 53.50M) | Time:00:00.09 | Mem:11.02M, Peak:11.02M | Scene, ViewLayer | Updating Images
Fra:1 Mem:39.01M (Peak 53.50M) | Time:00:00.09 | Mem:11.02M, Peak:11.02M | Scene, ViewLayer | Updating Images | Loading 01260.exr
Fra:1 Mem:39.14M (Peak 53.50M) | Time:00:00.09 | Mem:11.02M, Peak:11.02M | Scene, ViewLayer | Updating Images | Loading marbled_0118.jpg
Fra:1 Mem:40.19M (Peak 53.50M) | Time:00:00.11 | Mem:12.18M, Peak:12.18M | Scene, ViewLayer | Updating Camera Volume
Fra:1 Mem:40.19M (Peak 53.50M) | Time:00:00.11 | Mem:12.18M, Peak:12.18M | Scene, ViewLayer | Updating Lookup Tables
Fra:1 Mem:40.19M (Peak 53.50M) | Time:00:00.11 | Mem:12.43M, Peak:12.43M | Scene, ViewLayer | Updating Lights
Fra:1 Mem:40.19M (Peak 53.50M) | Time:00:00.11 | Mem:12.43M, Peak:12.43M | Scene, ViewLayer | Updating Lights | Computing distribution
Fra:1 Mem:40.19M (Peak 53.50M) | Time:00:00.11 | Mem:12.43M, Peak:12.43M | Scene, ViewLayer | Updating Lights | Importance map
Fra:1 Mem:104.22M (Peak 392.31M) | Time:00:00.24 | Mem:76.47M, Peak:236.44M | Scene, ViewLayer | Updating Integrator
Fra:1 Mem:104.22M (Peak 392.31M) | Time:00:00.24 | Mem:76.48M, Peak:236.44M | Scene, ViewLayer | Updating Film
Fra:1 Mem:104.23M (Peak 392.31M) | Time:00:00.24 | Mem:76.23M, Peak:236.44M | Scene, ViewLayer | Updating Lookup Tables
Fra:1 Mem:104.23M (Peak 392.31M) | Time:00:00.24 | Mem:76.48M, Peak:236.44M | Scene, ViewLayer | Updating Baking
Fra:1 Mem:104.23M (Peak 392.31M) | Time:00:00.24 | Mem:76.48M, Peak:236.44M | Scene, ViewLayer | Updating Device | Writing constant memory
Fra:1 Mem:104.23M (Peak 392.31M) | Time:00:00.24 | Mem:76.48M, Peak:236.44M | Scene, ViewLayer | Sample 0/32
Fra:1 Mem:123.32M (Peak 392.31M) | Time:00:00.25 | Remaining:00:00.17 | Mem:95.48M, Peak:236.44M | Scene, ViewLayer | Sample 1/32
Fra:1 Mem:131.32M (Peak 392.31M) | Time:00:00.47 | Mem:95.48M, Peak:236.44M | Scene, ViewLayer | Sample 32/32
Fra:1 Mem:131.32M (Peak 392.31M) | Time:00:00.47 | Mem:95.48M, Peak:236.44M | Scene, ViewLayer | Finished
Saved: '/home/janus/iwi9-datasets/objaverse-rendering/no_textures_5/7a5c1ff0afe246cb8009c1d36742c205/000.png'
 Time: 00:00.66 (Saving: 00:00.18)

Fra:1 Mem:37.83M (Peak 44.95M) | Time:00:00.01 | Mem:0.00M, Peak:0.00M | Scene, ViewLayer | Synchronizing object | Object_2
Fra:1 Mem:37.89M (Peak 44.95M) | Time:00:00.01 | Mem:0.00M, Peak:0.00M | Scene, ViewLayer | Synchronizing object | Object_4
Fra:1 Mem:41.75M (Peak 53.68M) | Time:00:00.04 | Mem:0.00M, Peak:0.00M | Scene, ViewLayer | Initializing
Fra:1 Mem:32.06M (Peak 53.68M) | Time:00:00.04 | Mem:0.00M, Peak:0.00M | Scene, ViewLayer | Waiting for render to start
Fra:1 Mem:32.06M (Peak 53.68M) | Time:00:00.04 | Mem:0.00M, Peak:0.00M | Scene, ViewLayer | Loading render kernels (may take a few minutes the first time)
Fra:1 Mem:32.06M (Peak 53.68M) | Time:00:00.04 | Mem:0.00M, Peak:0.00M | Scene, ViewLayer | Updating Scene
Fra:1 Mem:32.06M (Peak 53.68M) | Time:00:00.04 | Mem:0.00M, Peak:0.00M | Scene, ViewLayer | Updating Shaders
Fra:1 Mem:32.31M (Peak 53.68M) | Time:00:00.04 | Mem:0.00M, Peak:0.00M | Scene, ViewLayer | Updating Procedurals
Fra:1 Mem:32.31M (Peak 53.68M) | Time:00:00.04 | Mem:0.00M, Peak:0.00M | Scene, ViewLayer | Updating Background
Fra:1 Mem:32.31M (Peak 53.68M) | Time:00:00.04 | Mem:0.00M, Peak:0.00M | Scene, ViewLayer | Updating Camera
Fra:1 Mem:32.31M (Peak 53.68M) | Time:00:00.04 | Mem:0.00M, Peak:0.00M | Scene, ViewLayer | Updating Meshes Flags
Fra:1 Mem:32.31M (Peak 53.68M) | Time:00:00.04 | Mem:0.00M, Peak:0.00M | Scene, ViewLayer | Updating Objects
Fra:1 Mem:32.31M (Peak 53.68M) | Time:00:00.04 | Mem:0.00M, Peak:0.00M | Scene, ViewLayer | Updating Objects | Copying Transformations to device
Fra:1 Mem:32.31M (Peak 53.68M) | Time:00:00.04 | Mem:0.00M, Peak:0.00M | Scene, ViewLayer | Updating Objects | Applying Static Transformations
Fra:1 Mem:32.31M (Peak 53.68M) | Time:00:00.04 | Mem:0.00M, Peak:0.00M | Scene, ViewLayer | Updating Particle Systems
Fra:1 Mem:32.31M (Peak 53.68M) | Time:00:00.04 | Mem:0.00M, Peak:0.00M | Scene, ViewLayer | Updating Particle Systems | Copying Particles to device
Fra:1 Mem:32.31M (Peak 53.68M) | Time:00:00.04 | Mem:0.00M, Peak:0.00M | Scene, ViewLayer | Updating Meshes
Fra:1 Mem:33.24M (Peak 53.68M) | Time:00:00.04 | Mem:0.00M, Peak:0.00M | Scene, ViewLayer | Updating Mesh | Computing attributes
Fra:1 Mem:34.91M (Peak 53.68M) | Time:00:00.04 | Mem:0.00M, Peak:0.00M | Scene, ViewLayer | Updating Mesh | Copying Attributes to device
Fra:1 Mem:34.91M (Peak 53.68M) | Time:00:00.04 | Mem:1.68M, Peak:1.68M | Scene, ViewLayer | Updating Scene BVH | Building
Fra:1 Mem:34.91M (Peak 53.68M) | Time:00:00.04 | Mem:1.68M, Peak:1.68M | Scene, ViewLayer | Updating Scene BVH | Building BVH
Fra:1 Mem:34.91M (Peak 53.68M) | Time:00:00.04 | Mem:4.79M, Peak:4.79M | Scene, ViewLayer | Updating Scene BVH | Building BVH 0%
Fra:1 Mem:34.91M (Peak 53.68M) | Time:00:00.05 | Mem:6.85M, Peak:8.85M | Scene, ViewLayer | Updating Scene BVH | Copying BVH to device
Fra:1 Mem:34.91M (Peak 53.68M) | Time:00:00.05 | Mem:6.85M, Peak:8.85M | Scene, ViewLayer | Updating Mesh | Computing normals
Fra:1 Mem:39.08M (Peak 53.68M) | Time:00:00.05 | Mem:6.85M, Peak:8.85M | Scene, ViewLayer | Updating Mesh | Copying Mesh to device
Fra:1 Mem:39.08M (Peak 53.68M) | Time:00:00.05 | Mem:11.02M, Peak:11.02M | Scene, ViewLayer | Updating Objects Flags
Fra:1 Mem:39.08M (Peak 53.68M) | Time:00:00.05 | Mem:11.02M, Peak:11.02M | Scene, ViewLayer | Updating Primitive Offsets
Fra:1 Mem:39.08M (Peak 53.68M) | Time:00:00.05 | Mem:11.02M, Peak:11.02M | Scene, ViewLayer | Updating Images
Fra:1 Mem:39.08M (Peak 53.68M) | Time:00:00.05 | Mem:11.02M, Peak:11.02M | Scene, ViewLayer | Updating Images | Loading 01260.exr
Fra:1 Mem:39.21M (Peak 53.68M) | Time:00:00.05 | Mem:11.02M, Peak:11.02M | Scene, ViewLayer | Updating Images | Loading porous_0139.jpg
Fra:1 Mem:40.44M (Peak 53.68M) | Time:00:00.05 | Mem:12.37M, Peak:12.37M | Scene, ViewLayer | Updating Camera Volume
Fra:1 Mem:40.44M (Peak 53.68M) | Time:00:00.05 | Mem:12.37M, Peak:12.37M | Scene, ViewLayer | Updating Lookup Tables
Fra:1 Mem:40.44M (Peak 53.68M) | Time:00:00.05 | Mem:12.62M, Peak:12.62M | Scene, ViewLayer | Updating Lights
Fra:1 Mem:40.44M (Peak 53.68M) | Time:00:00.05 | Mem:12.62M, Peak:12.62M | Scene, ViewLayer | Updating Lights | Computing distribution
Fra:1 Mem:40.44M (Peak 53.68M) | Time:00:00.05 | Mem:12.62M, Peak:12.62M | Scene, ViewLayer | Updating Lights | Importance map
Fra:1 Mem:104.48M (Peak 392.57M) | Time:00:00.19 | Mem:76.66M, Peak:236.63M | Scene, ViewLayer | Updating Integrator
Fra:1 Mem:104.48M (Peak 392.57M) | Time:00:00.19 | Mem:76.67M, Peak:236.63M | Scene, ViewLayer | Updating Film
Fra:1 Mem:104.49M (Peak 392.57M) | Time:00:00.19 | Mem:76.42M, Peak:236.63M | Scene, ViewLayer | Updating Lookup Tables
Fra:1 Mem:104.49M (Peak 392.57M) | Time:00:00.19 | Mem:76.67M, Peak:236.63M | Scene, ViewLayer | Updating Baking
Fra:1 Mem:104.49M (Peak 392.57M) | Time:00:00.19 | Mem:76.67M, Peak:236.63M | Scene, ViewLayer | Updating Device | Writing constant memory
Fra:1 Mem:104.49M (Peak 392.57M) | Time:00:00.19 | Mem:76.67M, Peak:236.63M | Scene, ViewLayer | Sample 0/32
Fra:1 Mem:123.58M (Peak 392.57M) | Time:00:00.20 | Remaining:00:00.17 | Mem:95.67M, Peak:236.63M | Scene, ViewLayer | Sample 1/32
Fra:1 Mem:131.58M (Peak 392.57M) | Time:00:00.42 | Mem:95.67M, Peak:236.63M | Scene, ViewLayer | Sample 32/32
Fra:1 Mem:131.58M (Peak 392.57M) | Time:00:00.42 | Mem:95.67M, Peak:236.63M | Scene, ViewLayer | Finished
Saved: '/home/janus/iwi9-datasets/objaverse-rendering/no_textures_5/7a5c1ff0afe246cb8009c1d36742c205/001.png'
 Time: 00:00.45 (Saving: 00:00.03)

Fra:1 Mem:37.90M (Peak 45.15M) | Time:00:00.01 | Mem:0.00M, Peak:0.00M | Scene, ViewLayer | Synchronizing object | Object_2
Fra:1 Mem:37.96M (Peak 45.15M) | Time:00:00.01 | Mem:0.00M, Peak:0.00M | Scene, ViewLayer | Synchronizing object | Object_4
Fra:1 Mem:41.81M (Peak 53.75M) | Time:00:00.04 | Mem:0.00M, Peak:0.00M | Scene, ViewLayer | Initializing
Fra:1 Mem:32.13M (Peak 53.75M) | Time:00:00.04 | Mem:0.00M, Peak:0.00M | Scene, ViewLayer | Waiting for render to start
Fra:1 Mem:32.13M (Peak 53.75M) | Time:00:00.04 | Mem:0.00M, Peak:0.00M | Scene, ViewLayer | Loading render kernels (may take a few minutes the first time)
Fra:1 Mem:32.13M (Peak 53.75M) | Time:00:00.04 | Mem:0.00M, Peak:0.00M | Scene, ViewLayer | Updating Scene
Fra:1 Mem:32.13M (Peak 53.75M) | Time:00:00.04 | Mem:0.00M, Peak:0.00M | Scene, ViewLayer | Updating Shaders
Fra:1 Mem:32.38M (Peak 53.75M) | Time:00:00.04 | Mem:0.00M, Peak:0.00M | Scene, ViewLayer | Updating Procedurals
Fra:1 Mem:32.38M (Peak 53.75M) | Time:00:00.04 | Mem:0.00M, Peak:0.00M | Scene, ViewLayer | Updating Background
Fra:1 Mem:32.38M (Peak 53.75M) | Time:00:00.04 | Mem:0.00M, Peak:0.00M | Scene, ViewLayer | Updating Camera
Fra:1 Mem:32.38M (Peak 53.75M) | Time:00:00.04 | Mem:0.00M, Peak:0.00M | Scene, ViewLayer | Updating Meshes Flags
Fra:1 Mem:32.38M (Peak 53.75M) | Time:00:00.04 | Mem:0.00M, Peak:0.00M | Scene, ViewLayer | Updating Objects
Fra:1 Mem:32.38M (Peak 53.75M) | Time:00:00.04 | Mem:0.00M, Peak:0.00M | Scene, ViewLayer | Updating Objects | Copying Transformations to device
Fra:1 Mem:32.38M (Peak 53.75M) | Time:00:00.04 | Mem:0.00M, Peak:0.00M | Scene, ViewLayer | Updating Objects | Applying Static Transformations
Fra:1 Mem:32.38M (Peak 53.75M) | Time:00:00.04 | Mem:0.00M, Peak:0.00M | Scene, ViewLayer | Updating Particle Systems
Fra:1 Mem:32.38M (Peak 53.75M) | Time:00:00.04 | Mem:0.00M, Peak:0.00M | Scene, ViewLayer | Updating Particle Systems | Copying Particles to device
Fra:1 Mem:32.38M (Peak 53.75M) | Time:00:00.04 | Mem:0.00M, Peak:0.00M | Scene, ViewLayer | Updating Meshes
Fra:1 Mem:33.31M (Peak 53.75M) | Time:00:00.04 | Mem:0.00M, Peak:0.00M | Scene, ViewLayer | Updating Mesh | Computing attributes
Fra:1 Mem:34.98M (Peak 53.75M) | Time:00:00.04 | Mem:0.00M, Peak:0.00M | Scene, ViewLayer | Updating Mesh | Copying Attributes to device
Fra:1 Mem:34.98M (Peak 53.75M) | Time:00:00.04 | Mem:1.68M, Peak:1.68M | Scene, ViewLayer | Updating Scene BVH | Building
Fra:1 Mem:34.98M (Peak 53.75M) | Time:00:00.04 | Mem:1.68M, Peak:1.68M | Scene, ViewLayer | Updating Scene BVH | Building BVH
Fra:1 Mem:34.98M (Peak 53.75M) | Time:00:00.04 | Mem:4.79M, Peak:4.79M | Scene, ViewLayer | Updating Scene BVH | Building BVH 0%
Fra:1 Mem:34.98M (Peak 53.75M) | Time:00:00.05 | Mem:6.85M, Peak:8.85M | Scene, ViewLayer | Updating Scene BVH | Copying BVH to device
Fra:1 Mem:34.98M (Peak 53.75M) | Time:00:00.05 | Mem:6.85M, Peak:8.85M | Scene, ViewLayer | Updating Mesh | Computing normals
Fra:1 Mem:39.15M (Peak 53.75M) | Time:00:00.05 | Mem:6.85M, Peak:8.85M | Scene, ViewLayer | Updating Mesh | Copying Mesh to device
Fra:1 Mem:39.15M (Peak 53.75M) | Time:00:00.05 | Mem:11.02M, Peak:11.02M | Scene, ViewLayer | Updating Objects Flags
Fra:1 Mem:39.15M (Peak 53.75M) | Time:00:00.05 | Mem:11.02M, Peak:11.02M | Scene, ViewLayer | Updating Primitive Offsets
Fra:1 Mem:39.15M (Peak 53.75M) | Time:00:00.05 | Mem:11.02M, Peak:11.02M | Scene, ViewLayer | Updating Images
Fra:1 Mem:39.15M (Peak 53.75M) | Time:00:00.05 | Mem:11.02M, Peak:11.02M | Scene, ViewLayer | Updating Images | Loading 01260.exr
Fra:1 Mem:39.27M (Peak 53.75M) | Time:00:00.05 | Mem:11.02M, Peak:11.02M | Scene, ViewLayer | Updating Images | Loading pleated_0146.jpg
Fra:1 Mem:40.46M (Peak 53.75M) | Time:00:00.05 | Mem:12.31M, Peak:12.31M | Scene, ViewLayer | Updating Camera Volume
Fra:1 Mem:40.46M (Peak 53.75M) | Time:00:00.05 | Mem:12.31M, Peak:12.31M | Scene, ViewLayer | Updating Lookup Tables
Fra:1 Mem:40.46M (Peak 53.75M) | Time:00:00.05 | Mem:12.56M, Peak:12.56M | Scene, ViewLayer | Updating Lights
Fra:1 Mem:40.46M (Peak 53.75M) | Time:00:00.05 | Mem:12.56M, Peak:12.56M | Scene, ViewLayer | Updating Lights | Computing distribution
Fra:1 Mem:40.46M (Peak 53.75M) | Time:00:00.05 | Mem:12.56M, Peak:12.56M | Scene, ViewLayer | Updating Lights | Importance map
Fra:1 Mem:104.49M (Peak 392.59M) | Time:00:00.19 | Mem:76.61M, Peak:236.57M | Scene, ViewLayer | Updating Integrator
Fra:1 Mem:104.50M (Peak 392.59M) | Time:00:00.19 | Mem:76.61M, Peak:236.57M | Scene, ViewLayer | Updating Film
Fra:1 Mem:104.50M (Peak 392.59M) | Time:00:00.19 | Mem:76.36M, Peak:236.57M | Scene, ViewLayer | Updating Lookup Tables
Fra:1 Mem:104.50M (Peak 392.59M) | Time:00:00.19 | Mem:76.62M, Peak:236.57M | Scene, ViewLayer | Updating Baking
Fra:1 Mem:104.50M (Peak 392.59M) | Time:00:00.19 | Mem:76.62M, Peak:236.57M | Scene, ViewLayer | Updating Device | Writing constant memory
Fra:1 Mem:104.50M (Peak 392.59M) | Time:00:00.19 | Mem:76.62M, Peak:236.57M | Scene, ViewLayer | Sample 0/32
Fra:1 Mem:123.59M (Peak 392.59M) | Time:00:00.20 | Remaining:00:00.17 | Mem:95.62M, Peak:236.57M | Scene, ViewLayer | Sample 1/32
Fra:1 Mem:131.59M (Peak 392.59M) | Time:00:00.42 | Mem:95.62M, Peak:236.57M | Scene, ViewLayer | Sample 32/32
Fra:1 Mem:131.59M (Peak 392.59M) | Time:00:00.42 | Mem:95.62M, Peak:236.57M | Scene, ViewLayer | Finished
Saved: '/home/janus/iwi9-datasets/objaverse-rendering/no_textures_5/7a5c1ff0afe246cb8009c1d36742c205/002.png'
 Time: 00:00.45 (Saving: 00:00.03)

Fra:1 Mem:37.97M (Peak 45.16M) | Time:00:00.01 | Mem:0.00M, Peak:0.00M | Scene, ViewLayer | Synchronizing object | Object_2
Fra:1 Mem:38.03M (Peak 45.16M) | Time:00:00.01 | Mem:0.00M, Peak:0.00M | Scene, ViewLayer | Synchronizing object | Object_4
Fra:1 Mem:41.88M (Peak 53.91M) | Time:00:00.04 | Mem:0.00M, Peak:0.00M | Scene, ViewLayer | Initializing
Fra:1 Mem:32.19M (Peak 53.91M) | Time:00:00.04 | Mem:0.00M, Peak:0.00M | Scene, ViewLayer | Waiting for render to start
Fra:1 Mem:32.20M (Peak 53.91M) | Time:00:00.04 | Mem:0.00M, Peak:0.00M | Scene, ViewLayer | Loading render kernels (may take a few minutes the first time)
Fra:1 Mem:32.20M (Peak 53.91M) | Time:00:00.04 | Mem:0.00M, Peak:0.00M | Scene, ViewLayer | Updating Scene
Fra:1 Mem:32.20M (Peak 53.91M) | Time:00:00.04 | Mem:0.00M, Peak:0.00M | Scene, ViewLayer | Updating Shaders
Fra:1 Mem:32.45M (Peak 53.91M) | Time:00:00.04 | Mem:0.00M, Peak:0.00M | Scene, ViewLayer | Updating Procedurals
Fra:1 Mem:32.45M (Peak 53.91M) | Time:00:00.04 | Mem:0.00M, Peak:0.00M | Scene, ViewLayer | Updating Background
Fra:1 Mem:32.45M (Peak 53.91M) | Time:00:00.04 | Mem:0.00M, Peak:0.00M | Scene, ViewLayer | Updating Camera
Fra:1 Mem:32.45M (Peak 53.91M) | Time:00:00.04 | Mem:0.00M, Peak:0.00M | Scene, ViewLayer | Updating Meshes Flags
Fra:1 Mem:32.45M (Peak 53.91M) | Time:00:00.04 | Mem:0.00M, Peak:0.00M | Scene, ViewLayer | Updating Objects
Fra:1 Mem:32.45M (Peak 53.91M) | Time:00:00.04 | Mem:0.00M, Peak:0.00M | Scene, ViewLayer | Updating Objects | Copying Transformations to device
Fra:1 Mem:32.45M (Peak 53.91M) | Time:00:00.04 | Mem:0.00M, Peak:0.00M | Scene, ViewLayer | Updating Objects | Applying Static Transformations
Fra:1 Mem:32.45M (Peak 53.91M) | Time:00:00.04 | Mem:0.00M, Peak:0.00M | Scene, ViewLayer | Updating Particle Systems
Fra:1 Mem:32.45M (Peak 53.91M) | Time:00:00.04 | Mem:0.00M, Peak:0.00M | Scene, ViewLayer | Updating Particle Systems | Copying Particles to device
Fra:1 Mem:32.45M (Peak 53.91M) | Time:00:00.04 | Mem:0.00M, Peak:0.00M | Scene, ViewLayer | Updating Meshes
Fra:1 Mem:33.37M (Peak 53.91M) | Time:00:00.04 | Mem:0.00M, Peak:0.00M | Scene, ViewLayer | Updating Mesh | Computing attributes
Fra:1 Mem:35.05M (Peak 53.91M) | Time:00:00.04 | Mem:0.00M, Peak:0.00M | Scene, ViewLayer | Updating Mesh | Copying Attributes to device
Fra:1 Mem:35.05M (Peak 53.91M) | Time:00:00.04 | Mem:1.68M, Peak:1.68M | Scene, ViewLayer | Updating Scene BVH | Building
Fra:1 Mem:35.05M (Peak 53.91M) | Time:00:00.04 | Mem:1.68M, Peak:1.68M | Scene, ViewLayer | Updating Scene BVH | Building BVH
Fra:1 Mem:35.05M (Peak 53.91M) | Time:00:00.04 | Mem:4.79M, Peak:4.79M | Scene, ViewLayer | Updating Scene BVH | Building BVH 0%
Fra:1 Mem:35.05M (Peak 53.91M) | Time:00:00.05 | Mem:6.85M, Peak:8.85M | Scene, ViewLayer | Updating Scene BVH | Copying BVH to device
Fra:1 Mem:35.05M (Peak 53.91M) | Time:00:00.05 | Mem:6.85M, Peak:8.85M | Scene, ViewLayer | Updating Mesh | Computing normals
Fra:1 Mem:39.22M (Peak 53.91M) | Time:00:00.05 | Mem:6.85M, Peak:8.85M | Scene, ViewLayer | Updating Mesh | Copying Mesh to device
Fra:1 Mem:39.22M (Peak 53.91M) | Time:00:00.05 | Mem:11.02M, Peak:11.02M | Scene, ViewLayer | Updating Objects Flags
Fra:1 Mem:39.22M (Peak 53.91M) | Time:00:00.05 | Mem:11.02M, Peak:11.02M | Scene, ViewLayer | Updating Primitive Offsets
Fra:1 Mem:39.22M (Peak 53.91M) | Time:00:00.05 | Mem:11.02M, Peak:11.02M | Scene, ViewLayer | Updating Images
Fra:1 Mem:39.22M (Peak 53.91M) | Time:00:00.05 | Mem:11.02M, Peak:11.02M | Scene, ViewLayer | Updating Images | Loading 01260.exr
Fra:1 Mem:39.34M (Peak 53.91M) | Time:00:00.05 | Mem:11.02M, Peak:11.02M | Scene, ViewLayer | Updating Images | Loading polka-dotted_0097.jpg
Fra:1 Mem:39.99M (Peak 53.91M) | Time:00:00.05 | Mem:11.78M, Peak:11.78M | Scene, ViewLayer | Updating Camera Volume
Fra:1 Mem:39.99M (Peak 53.91M) | Time:00:00.05 | Mem:11.78M, Peak:11.78M | Scene, ViewLayer | Updating Lookup Tables
Fra:1 Mem:39.99M (Peak 53.91M) | Time:00:00.05 | Mem:12.03M, Peak:12.03M | Scene, ViewLayer | Updating Lights
Fra:1 Mem:39.99M (Peak 53.91M) | Time:00:00.05 | Mem:12.03M, Peak:12.03M | Scene, ViewLayer | Updating Lights | Computing distribution
Fra:1 Mem:39.99M (Peak 53.91M) | Time:00:00.05 | Mem:12.03M, Peak:12.03M | Scene, ViewLayer | Updating Lights | Importance map
Fra:1 Mem:104.02M (Peak 392.12M) | Time:00:00.19 | Mem:76.07M, Peak:236.04M | Scene, ViewLayer | Updating Integrator
Fra:1 Mem:104.03M (Peak 392.12M) | Time:00:00.19 | Mem:76.08M, Peak:236.04M | Scene, ViewLayer | Updating Film
Fra:1 Mem:104.03M (Peak 392.12M) | Time:00:00.19 | Mem:75.83M, Peak:236.04M | Scene, ViewLayer | Updating Lookup Tables
Fra:1 Mem:104.03M (Peak 392.12M) | Time:00:00.19 | Mem:76.08M, Peak:236.04M | Scene, ViewLayer | Updating Baking
Fra:1 Mem:104.03M (Peak 392.12M) | Time:00:00.19 | Mem:76.08M, Peak:236.04M | Scene, ViewLayer | Updating Device | Writing constant memory
Fra:1 Mem:104.03M (Peak 392.12M) | Time:00:00.19 | Mem:76.08M, Peak:236.04M | Scene, ViewLayer | Sample 0/32
Fra:1 Mem:123.12M (Peak 392.12M) | Time:00:00.20 | Remaining:00:00.19 | Mem:95.08M, Peak:236.04M | Scene, ViewLayer | Sample 1/32
Fra:1 Mem:131.12M (Peak 392.12M) | Time:00:00.43 | Mem:95.08M, Peak:236.04M | Scene, ViewLayer | Sample 32/32
Fra:1 Mem:131.12M (Peak 392.12M) | Time:00:00.43 | Mem:95.08M, Peak:236.04M | Scene, ViewLayer | Finished
Saved: '/home/janus/iwi9-datasets/objaverse-rendering/no_textures_5/7a5c1ff0afe246cb8009c1d36742c205/003.png'
 Time: 00:00.47 (Saving: 00:00.03)

Fra:1 Mem:38.03M (Peak 45.15M) | Time:00:00.01 | Mem:0.00M, Peak:0.00M | Scene, ViewLayer | Synchronizing object | Object_2
Fra:1 Mem:38.10M (Peak 45.15M) | Time:00:00.01 | Mem:0.00M, Peak:0.00M | Scene, ViewLayer | Synchronizing object | Object_4
Fra:1 Mem:41.95M (Peak 54.04M) | Time:00:00.04 | Mem:0.00M, Peak:0.00M | Scene, ViewLayer | Initializing
Fra:1 Mem:32.26M (Peak 54.04M) | Time:00:00.04 | Mem:0.00M, Peak:0.00M | Scene, ViewLayer | Waiting for render to start
Fra:1 Mem:32.26M (Peak 54.04M) | Time:00:00.04 | Mem:0.00M, Peak:0.00M | Scene, ViewLayer | Loading render kernels (may take a few minutes the first time)
Fra:1 Mem:32.26M (Peak 54.04M) | Time:00:00.04 | Mem:0.00M, Peak:0.00M | Scene, ViewLayer | Updating Scene
Fra:1 Mem:32.26M (Peak 54.04M) | Time:00:00.04 | Mem:0.00M, Peak:0.00M | Scene, ViewLayer | Updating Shaders
Fra:1 Mem:32.52M (Peak 54.04M) | Time:00:00.04 | Mem:0.00M, Peak:0.00M | Scene, ViewLayer | Updating Procedurals
Fra:1 Mem:32.52M (Peak 54.04M) | Time:00:00.04 | Mem:0.00M, Peak:0.00M | Scene, ViewLayer | Updating Background
Fra:1 Mem:32.52M (Peak 54.04M) | Time:00:00.04 | Mem:0.00M, Peak:0.00M | Scene, ViewLayer | Updating Camera
Fra:1 Mem:32.52M (Peak 54.04M) | Time:00:00.04 | Mem:0.00M, Peak:0.00M | Scene, ViewLayer | Updating Meshes Flags
Fra:1 Mem:32.52M (Peak 54.04M) | Time:00:00.04 | Mem:0.00M, Peak:0.00M | Scene, ViewLayer | Updating Objects
Fra:1 Mem:32.52M (Peak 54.04M) | Time:00:00.04 | Mem:0.00M, Peak:0.00M | Scene, ViewLayer | Updating Objects | Copying Transformations to device
Fra:1 Mem:32.52M (Peak 54.04M) | Time:00:00.04 | Mem:0.00M, Peak:0.00M | Scene, ViewLayer | Updating Objects | Applying Static Transformations
Fra:1 Mem:32.52M (Peak 54.04M) | Time:00:00.04 | Mem:0.00M, Peak:0.00M | Scene, ViewLayer | Updating Particle Systems
Fra:1 Mem:32.52M (Peak 54.04M) | Time:00:00.04 | Mem:0.00M, Peak:0.00M | Scene, ViewLayer | Updating Particle Systems | Copying Particles to device
Fra:1 Mem:32.52M (Peak 54.04M) | Time:00:00.04 | Mem:0.00M, Peak:0.00M | Scene, ViewLayer | Updating Meshes
Fra:1 Mem:33.44M (Peak 54.04M) | Time:00:00.04 | Mem:0.00M, Peak:0.00M | Scene, ViewLayer | Updating Mesh | Computing attributes
Fra:1 Mem:35.12M (Peak 54.04M) | Time:00:00.04 | Mem:0.00M, Peak:0.00M | Scene, ViewLayer | Updating Mesh | Copying Attributes to device
Fra:1 Mem:35.12M (Peak 54.04M) | Time:00:00.04 | Mem:1.68M, Peak:1.68M | Scene, ViewLayer | Updating Scene BVH | Building
Fra:1 Mem:35.12M (Peak 54.04M) | Time:00:00.04 | Mem:1.68M, Peak:1.68M | Scene, ViewLayer | Updating Scene BVH | Building BVH
Fra:1 Mem:35.12M (Peak 54.04M) | Time:00:00.04 | Mem:4.79M, Peak:4.79M | Scene, ViewLayer | Updating Scene BVH | Building BVH 0%
Fra:1 Mem:35.12M (Peak 54.04M) | Time:00:00.05 | Mem:6.85M, Peak:8.85M | Scene, ViewLayer | Updating Scene BVH | Copying BVH to device
Fra:1 Mem:35.12M (Peak 54.04M) | Time:00:00.05 | Mem:6.85M, Peak:8.85M | Scene, ViewLayer | Updating Mesh | Computing normals
Fra:1 Mem:39.28M (Peak 54.04M) | Time:00:00.05 | Mem:6.85M, Peak:8.85M | Scene, ViewLayer | Updating Mesh | Copying Mesh to device
Fra:1 Mem:39.28M (Peak 54.04M) | Time:00:00.05 | Mem:11.02M, Peak:11.02M | Scene, ViewLayer | Updating Objects Flags
Fra:1 Mem:39.28M (Peak 54.04M) | Time:00:00.05 | Mem:11.02M, Peak:11.02M | Scene, ViewLayer | Updating Primitive Offsets
Fra:1 Mem:39.28M (Peak 54.04M) | Time:00:00.05 | Mem:11.02M, Peak:11.02M | Scene, ViewLayer | Updating Images
Fra:1 Mem:39.28M (Peak 54.04M) | Time:00:00.05 | Mem:11.02M, Peak:11.02M | Scene, ViewLayer | Updating Images | Loading 01260.exr
Fra:1 Mem:39.41M (Peak 54.04M) | Time:00:00.05 | Mem:11.02M, Peak:11.02M | Scene, ViewLayer | Updating Images | Loading honeycombed_0112.jpg
Fra:1 Mem:40.59M (Peak 54.04M) | Time:00:00.05 | Mem:12.31M, Peak:12.31M | Scene, ViewLayer | Updating Camera Volume
Fra:1 Mem:40.59M (Peak 54.04M) | Time:00:00.05 | Mem:12.31M, Peak:12.31M | Scene, ViewLayer | Updating Lookup Tables
Fra:1 Mem:40.59M (Peak 54.04M) | Time:00:00.05 | Mem:12.56M, Peak:12.56M | Scene, ViewLayer | Updating Lights
Fra:1 Mem:40.59M (Peak 54.04M) | Time:00:00.05 | Mem:12.56M, Peak:12.56M | Scene, ViewLayer | Updating Lights | Computing distribution
Fra:1 Mem:40.59M (Peak 54.04M) | Time:00:00.05 | Mem:12.56M, Peak:12.56M | Scene, ViewLayer | Updating Lights | Importance map
Fra:1 Mem:104.62M (Peak 392.72M) | Time:00:00.19 | Mem:76.61M, Peak:236.57M | Scene, ViewLayer | Updating Integrator
Fra:1 Mem:104.63M (Peak 392.72M) | Time:00:00.19 | Mem:76.61M, Peak:236.57M | Scene, ViewLayer | Updating Film
Fra:1 Mem:104.64M (Peak 392.72M) | Time:00:00.19 | Mem:76.36M, Peak:236.57M | Scene, ViewLayer | Updating Lookup Tables
Fra:1 Mem:104.64M (Peak 392.72M) | Time:00:00.19 | Mem:76.62M, Peak:236.57M | Scene, ViewLayer | Updating Baking
Fra:1 Mem:104.64M (Peak 392.72M) | Time:00:00.19 | Mem:76.62M, Peak:236.57M | Scene, ViewLayer | Updating Device | Writing constant memory
Fra:1 Mem:104.64M (Peak 392.72M) | Time:00:00.19 | Mem:76.62M, Peak:236.57M | Scene, ViewLayer | Sample 0/32
Fra:1 Mem:123.72M (Peak 392.72M) | Time:00:00.20 | Remaining:00:00.17 | Mem:95.62M, Peak:236.57M | Scene, ViewLayer | Sample 1/32
Fra:1 Mem:131.73M (Peak 392.72M) | Time:00:00.42 | Mem:95.62M, Peak:236.57M | Scene, ViewLayer | Sample 32/32
Fra:1 Mem:131.73M (Peak 392.72M) | Time:00:00.42 | Mem:95.62M, Peak:236.57M | Scene, ViewLayer | Finished
Saved: '/home/janus/iwi9-datasets/objaverse-rendering/no_textures_5/7a5c1ff0afe246cb8009c1d36742c205/004.png'
 Time: 00:00.45 (Saving: 00:00.03)

Fra:1 Mem:38.11M (Peak 45.23M) | Time:00:00.01 | Mem:0.00M, Peak:0.00M | Scene, ViewLayer | Synchronizing object | Object_2
Fra:1 Mem:38.11M (Peak 45.23M) | Time:00:00.01 | Mem:0.00M, Peak:0.00M | Scene, ViewLayer | Synchronizing object | Object_4
Fra:1 Mem:42.02M (Peak 54.71M) | Time:00:00.04 | Mem:0.00M, Peak:0.00M | Scene, ViewLayer | Initializing
Fra:1 Mem:32.33M (Peak 54.71M) | Time:00:00.04 | Mem:0.00M, Peak:0.00M | Scene, ViewLayer | Waiting for render to start
Fra:1 Mem:32.34M (Peak 54.71M) | Time:00:00.04 | Mem:0.00M, Peak:0.00M | Scene, ViewLayer | Loading render kernels (may take a few minutes the first time)
Fra:1 Mem:32.34M (Peak 54.71M) | Time:00:00.04 | Mem:0.00M, Peak:0.00M | Scene, ViewLayer | Updating Scene
Fra:1 Mem:32.34M (Peak 54.71M) | Time:00:00.04 | Mem:0.00M, Peak:0.00M | Scene, ViewLayer | Updating Shaders
Fra:1 Mem:32.59M (Peak 54.71M) | Time:00:00.04 | Mem:0.00M, Peak:0.00M | Scene, ViewLayer | Updating Procedurals
Fra:1 Mem:32.59M (Peak 54.71M) | Time:00:00.04 | Mem:0.00M, Peak:0.00M | Scene, ViewLayer | Updating Background
Fra:1 Mem:32.59M (Peak 54.71M) | Time:00:00.04 | Mem:0.00M, Peak:0.00M | Scene, ViewLayer | Updating Camera
Fra:1 Mem:32.59M (Peak 54.71M) | Time:00:00.04 | Mem:0.00M, Peak:0.00M | Scene, ViewLayer | Updating Meshes Flags
Fra:1 Mem:32.59M (Peak 54.71M) | Time:00:00.04 | Mem:0.00M, Peak:0.00M | Scene, ViewLayer | Updating Objects
Fra:1 Mem:32.59M (Peak 54.71M) | Time:00:00.04 | Mem:0.00M, Peak:0.00M | Scene, ViewLayer | Updating Objects | Copying Transformations to device
Fra:1 Mem:32.59M (Peak 54.71M) | Time:00:00.04 | Mem:0.00M, Peak:0.00M | Scene, ViewLayer | Updating Objects | Applying Static Transformations
Fra:1 Mem:32.59M (Peak 54.71M) | Time:00:00.04 | Mem:0.00M, Peak:0.00M | Scene, ViewLayer | Updating Particle Systems
Fra:1 Mem:32.59M (Peak 54.71M) | Time:00:00.04 | Mem:0.00M, Peak:0.00M | Scene, ViewLayer | Updating Particle Systems | Copying Particles to device
Fra:1 Mem:32.59M (Peak 54.71M) | Time:00:00.04 | Mem:0.00M, Peak:0.00M | Scene, ViewLayer | Updating Meshes
Fra:1 Mem:33.51M (Peak 54.71M) | Time:00:00.04 | Mem:0.00M, Peak:0.00M | Scene, ViewLayer | Updating Mesh | Computing attributes
Fra:1 Mem:35.19M (Peak 54.71M) | Time:00:00.04 | Mem:0.00M, Peak:0.00M | Scene, ViewLayer | Updating Mesh | Copying Attributes to device
Fra:1 Mem:35.19M (Peak 54.71M) | Time:00:00.04 | Mem:1.68M, Peak:1.68M | Scene, ViewLayer | Updating Scene BVH | Building
Fra:1 Mem:35.19M (Peak 54.71M) | Time:00:00.04 | Mem:1.68M, Peak:1.68M | Scene, ViewLayer | Updating Scene BVH | Building BVH
Fra:1 Mem:35.19M (Peak 54.71M) | Time:00:00.04 | Mem:4.79M, Peak:4.79M | Scene, ViewLayer | Updating Scene BVH | Building BVH 0%
Fra:1 Mem:35.19M (Peak 54.71M) | Time:00:00.05 | Mem:6.85M, Peak:8.85M | Scene, ViewLayer | Updating Scene BVH | Copying BVH to device
Fra:1 Mem:35.19M (Peak 54.71M) | Time:00:00.05 | Mem:6.85M, Peak:8.85M | Scene, ViewLayer | Updating Mesh | Computing normals
Fra:1 Mem:39.36M (Peak 54.71M) | Time:00:00.05 | Mem:6.85M, Peak:8.85M | Scene, ViewLayer | Updating Mesh | Copying Mesh to device
Fra:1 Mem:39.36M (Peak 54.71M) | Time:00:00.05 | Mem:11.02M, Peak:11.02M | Scene, ViewLayer | Updating Objects Flags
Fra:1 Mem:39.36M (Peak 54.71M) | Time:00:00.05 | Mem:11.02M, Peak:11.02M | Scene, ViewLayer | Updating Primitive Offsets
Fra:1 Mem:39.36M (Peak 54.71M) | Time:00:00.05 | Mem:11.02M, Peak:11.02M | Scene, ViewLayer | Updating Images
Fra:1 Mem:39.36M (Peak 54.71M) | Time:00:00.05 | Mem:11.02M, Peak:11.02M | Scene, ViewLayer | Updating Images | Loading 01260.exr
Fra:1 Mem:39.48M (Peak 54.71M) | Time:00:00.05 | Mem:11.02M, Peak:11.02M | Scene, ViewLayer | Updating Images | Loading stratified_0154.jpg
Fra:1 Mem:40.57M (Peak 54.71M) | Time:00:00.05 | Mem:12.22M, Peak:12.22M | Scene, ViewLayer | Updating Camera Volume
Fra:1 Mem:40.57M (Peak 54.71M) | Time:00:00.05 | Mem:12.22M, Peak:12.22M | Scene, ViewLayer | Updating Lookup Tables
Fra:1 Mem:40.57M (Peak 54.71M) | Time:00:00.05 | Mem:12.47M, Peak:12.47M | Scene, ViewLayer | Updating Lights
Fra:1 Mem:40.57M (Peak 54.71M) | Time:00:00.05 | Mem:12.47M, Peak:12.47M | Scene, ViewLayer | Updating Lights | Computing distribution
Fra:1 Mem:40.57M (Peak 54.71M) | Time:00:00.05 | Mem:12.47M, Peak:12.47M | Scene, ViewLayer | Updating Lights | Importance map
Fra:1 Mem:104.60M (Peak 392.70M) | Time:00:00.19 | Mem:76.51M, Peak:236.48M | Scene, ViewLayer | Updating Integrator
Fra:1 Mem:104.61M (Peak 392.70M) | Time:00:00.19 | Mem:76.52M, Peak:236.48M | Scene, ViewLayer | Updating Film
Fra:1 Mem:104.61M (Peak 392.70M) | Time:00:00.19 | Mem:76.27M, Peak:236.48M | Scene, ViewLayer | Updating Lookup Tables
Fra:1 Mem:104.61M (Peak 392.70M) | Time:00:00.19 | Mem:76.52M, Peak:236.48M | Scene, ViewLayer | Updating Baking
Fra:1 Mem:104.61M (Peak 392.70M) | Time:00:00.19 | Mem:76.52M, Peak:236.48M | Scene, ViewLayer | Updating Device | Writing constant memory
Fra:1 Mem:104.61M (Peak 392.70M) | Time:00:00.19 | Mem:76.52M, Peak:236.48M | Scene, ViewLayer | Sample 0/32
Fra:1 Mem:123.70M (Peak 392.70M) | Time:00:00.20 | Remaining:00:00.18 | Mem:95.52M, Peak:236.48M | Scene, ViewLayer | Sample 1/32
Fra:1 Mem:131.70M (Peak 392.70M) | Time:00:00.42 | Mem:95.52M, Peak:236.48M | Scene, ViewLayer | Sample 32/32
Fra:1 Mem:131.70M (Peak 392.70M) | Time:00:00.42 | Mem:95.52M, Peak:236.48M | Scene, ViewLayer | Finished
Saved: '/home/janus/iwi9-datasets/objaverse-rendering/no_textures_5/7a5c1ff0afe246cb8009c1d36742c205/005.png'
 Time: 00:00.45 (Saving: 00:00.03)

Fra:1 Mem:38.17M (Peak 45.43M) | Time:00:00.01 | Mem:0.00M, Peak:0.00M | Scene, ViewLayer | Synchronizing object | Object_2
Fra:1 Mem:38.17M (Peak 45.43M) | Time:00:00.01 | Mem:0.00M, Peak:0.00M | Scene, ViewLayer | Synchronizing object | Object_4
Fra:1 Mem:42.09M (Peak 54.46M) | Time:00:00.04 | Mem:0.00M, Peak:0.00M | Scene, ViewLayer | Initializing
Fra:1 Mem:32.40M (Peak 54.46M) | Time:00:00.04 | Mem:0.00M, Peak:0.00M | Scene, ViewLayer | Waiting for render to start
Fra:1 Mem:32.40M (Peak 54.46M) | Time:00:00.04 | Mem:0.00M, Peak:0.00M | Scene, ViewLayer | Loading render kernels (may take a few minutes the first time)
Fra:1 Mem:32.40M (Peak 54.46M) | Time:00:00.04 | Mem:0.00M, Peak:0.00M | Scene, ViewLayer | Updating Scene
Fra:1 Mem:32.40M (Peak 54.46M) | Time:00:00.04 | Mem:0.00M, Peak:0.00M | Scene, ViewLayer | Updating Shaders
Fra:1 Mem:32.65M (Peak 54.46M) | Time:00:00.04 | Mem:0.00M, Peak:0.00M | Scene, ViewLayer | Updating Procedurals
Fra:1 Mem:32.65M (Peak 54.46M) | Time:00:00.04 | Mem:0.00M, Peak:0.00M | Scene, ViewLayer | Updating Background
Fra:1 Mem:32.65M (Peak 54.46M) | Time:00:00.04 | Mem:0.00M, Peak:0.00M | Scene, ViewLayer | Updating Camera
Fra:1 Mem:32.65M (Peak 54.46M) | Time:00:00.04 | Mem:0.00M, Peak:0.00M | Scene, ViewLayer | Updating Meshes Flags
Fra:1 Mem:32.65M (Peak 54.46M) | Time:00:00.04 | Mem:0.00M, Peak:0.00M | Scene, ViewLayer | Updating Objects
Fra:1 Mem:32.65M (Peak 54.46M) | Time:00:00.04 | Mem:0.00M, Peak:0.00M | Scene, ViewLayer | Updating Objects | Copying Transformations to device
Fra:1 Mem:32.66M (Peak 54.46M) | Time:00:00.04 | Mem:0.00M, Peak:0.00M | Scene, ViewLayer | Updating Objects | Applying Static Transformations
Fra:1 Mem:32.66M (Peak 54.46M) | Time:00:00.04 | Mem:0.00M, Peak:0.00M | Scene, ViewLayer | Updating Particle Systems
Fra:1 Mem:32.66M (Peak 54.46M) | Time:00:00.04 | Mem:0.00M, Peak:0.00M | Scene, ViewLayer | Updating Particle Systems | Copying Particles to device
Fra:1 Mem:32.66M (Peak 54.46M) | Time:00:00.04 | Mem:0.00M, Peak:0.00M | Scene, ViewLayer | Updating Meshes
Fra:1 Mem:33.58M (Peak 54.46M) | Time:00:00.04 | Mem:0.00M, Peak:0.00M | Scene, ViewLayer | Updating Mesh | Computing attributes
Fra:1 Mem:35.26M (Peak 54.46M) | Time:00:00.04 | Mem:0.00M, Peak:0.00M | Scene, ViewLayer | Updating Mesh | Copying Attributes to device
Fra:1 Mem:35.25M (Peak 54.46M) | Time:00:00.04 | Mem:1.68M, Peak:1.68M | Scene, ViewLayer | Updating Scene BVH | Building
Fra:1 Mem:35.25M (Peak 54.46M) | Time:00:00.04 | Mem:1.68M, Peak:1.68M | Scene, ViewLayer | Updating Scene BVH | Building BVH
Fra:1 Mem:35.25M (Peak 54.46M) | Time:00:00.04 | Mem:4.79M, Peak:4.79M | Scene, ViewLayer | Updating Scene BVH | Building BVH 0%
Fra:1 Mem:35.25M (Peak 54.46M) | Time:00:00.05 | Mem:6.85M, Peak:8.85M | Scene, ViewLayer | Updating Scene BVH | Copying BVH to device
Fra:1 Mem:35.25M (Peak 54.46M) | Time:00:00.05 | Mem:6.85M, Peak:8.85M | Scene, ViewLayer | Updating Mesh | Computing normals
Fra:1 Mem:39.42M (Peak 54.46M) | Time:00:00.05 | Mem:6.85M, Peak:8.85M | Scene, ViewLayer | Updating Mesh | Copying Mesh to device
Fra:1 Mem:39.42M (Peak 54.46M) | Time:00:00.05 | Mem:11.02M, Peak:11.02M | Scene, ViewLayer | Updating Objects Flags
Fra:1 Mem:39.42M (Peak 54.46M) | Time:00:00.05 | Mem:11.02M, Peak:11.02M | Scene, ViewLayer | Updating Primitive Offsets
Fra:1 Mem:39.42M (Peak 54.46M) | Time:00:00.05 | Mem:11.02M, Peak:11.02M | Scene, ViewLayer | Updating Images
Fra:1 Mem:39.42M (Peak 54.46M) | Time:00:00.05 | Mem:11.02M, Peak:11.02M | Scene, ViewLayer | Updating Images | Loading 01260.exr
Fra:1 Mem:39.55M (Peak 54.46M) | Time:00:00.05 | Mem:11.02M, Peak:11.02M | Scene, ViewLayer | Updating Images | Loading polka-dotted_0222.jpg
Fra:1 Mem:40.49M (Peak 54.46M) | Time:00:00.05 | Mem:12.07M, Peak:12.07M | Scene, ViewLayer | Updating Camera Volume
Fra:1 Mem:40.49M (Peak 54.46M) | Time:00:00.05 | Mem:12.07M, Peak:12.07M | Scene, ViewLayer | Updating Lookup Tables
Fra:1 Mem:40.49M (Peak 54.46M) | Time:00:00.05 | Mem:12.32M, Peak:12.32M | Scene, ViewLayer | Updating Lights
Fra:1 Mem:40.49M (Peak 54.46M) | Time:00:00.05 | Mem:12.32M, Peak:12.32M | Scene, ViewLayer | Updating Lights | Computing distribution
Fra:1 Mem:40.49M (Peak 54.46M) | Time:00:00.05 | Mem:12.32M, Peak:12.32M | Scene, ViewLayer | Updating Lights | Importance map
Fra:1 Mem:104.52M (Peak 392.62M) | Time:00:00.19 | Mem:76.36M, Peak:236.33M | Scene, ViewLayer | Updating Integrator
Fra:1 Mem:104.53M (Peak 392.62M) | Time:00:00.19 | Mem:76.37M, Peak:236.33M | Scene, ViewLayer | Updating Film
Fra:1 Mem:104.53M (Peak 392.62M) | Time:00:00.19 | Mem:76.12M, Peak:236.33M | Scene, ViewLayer | Updating Lookup Tables
Fra:1 Mem:104.53M (Peak 392.62M) | Time:00:00.19 | Mem:76.38M, Peak:236.33M | Scene, ViewLayer | Updating Baking
Fra:1 Mem:104.53M (Peak 392.62M) | Time:00:00.19 | Mem:76.38M, Peak:236.33M | Scene, ViewLayer | Updating Device | Writing constant memory
Fra:1 Mem:104.53M (Peak 392.62M) | Time:00:00.19 | Mem:76.38M, Peak:236.33M | Scene, ViewLayer | Sample 0/32
Fra:1 Mem:123.62M (Peak 392.62M) | Time:00:00.20 | Remaining:00:00.17 | Mem:95.38M, Peak:236.33M | Scene, ViewLayer | Sample 1/32
Fra:1 Mem:131.62M (Peak 392.62M) | Time:00:00.43 | Mem:95.38M, Peak:236.33M | Scene, ViewLayer | Sample 32/32
Fra:1 Mem:131.62M (Peak 392.62M) | Time:00:00.44 | Mem:95.38M, Peak:236.33M | Scene, ViewLayer | Finished
Saved: '/home/janus/iwi9-datasets/objaverse-rendering/no_textures_5/7a5c1ff0afe246cb8009c1d36742c205/006.png'
 Time: 00:00.47 (Saving: 00:00.03)

Fra:1 Mem:38.24M (Peak 45.36M) | Time:00:00.01 | Mem:0.00M, Peak:0.00M | Scene, ViewLayer | Synchronizing object | Object_2
Fra:1 Mem:38.24M (Peak 45.36M) | Time:00:00.01 | Mem:0.00M, Peak:0.00M | Scene, ViewLayer | Synchronizing object | Object_4
Fra:1 Mem:42.15M (Peak 54.08M) | Time:00:00.04 | Mem:0.00M, Peak:0.00M | Scene, ViewLayer | Initializing
Fra:1 Mem:32.47M (Peak 54.08M) | Time:00:00.04 | Mem:0.00M, Peak:0.00M | Scene, ViewLayer | Waiting for render to start
Fra:1 Mem:32.47M (Peak 54.08M) | Time:00:00.04 | Mem:0.00M, Peak:0.00M | Scene, ViewLayer | Loading render kernels (may take a few minutes the first time)
Fra:1 Mem:32.47M (Peak 54.08M) | Time:00:00.04 | Mem:0.00M, Peak:0.00M | Scene, ViewLayer | Updating Scene
Fra:1 Mem:32.47M (Peak 54.08M) | Time:00:00.04 | Mem:0.00M, Peak:0.00M | Scene, ViewLayer | Updating Shaders
Fra:1 Mem:32.72M (Peak 54.08M) | Time:00:00.04 | Mem:0.00M, Peak:0.00M | Scene, ViewLayer | Updating Procedurals
Fra:1 Mem:32.72M (Peak 54.08M) | Time:00:00.04 | Mem:0.00M, Peak:0.00M | Scene, ViewLayer | Updating Background
Fra:1 Mem:32.72M (Peak 54.08M) | Time:00:00.04 | Mem:0.00M, Peak:0.00M | Scene, ViewLayer | Updating Camera
Fra:1 Mem:32.72M (Peak 54.08M) | Time:00:00.04 | Mem:0.00M, Peak:0.00M | Scene, ViewLayer | Updating Meshes Flags
Fra:1 Mem:32.72M (Peak 54.08M) | Time:00:00.04 | Mem:0.00M, Peak:0.00M | Scene, ViewLayer | Updating Objects
Fra:1 Mem:32.72M (Peak 54.08M) | Time:00:00.04 | Mem:0.00M, Peak:0.00M | Scene, ViewLayer | Updating Objects | Copying Transformations to device
Fra:1 Mem:32.72M (Peak 54.08M) | Time:00:00.04 | Mem:0.00M, Peak:0.00M | Scene, ViewLayer | Updating Objects | Applying Static Transformations
Fra:1 Mem:32.72M (Peak 54.08M) | Time:00:00.04 | Mem:0.00M, Peak:0.00M | Scene, ViewLayer | Updating Particle Systems
Fra:1 Mem:32.72M (Peak 54.08M) | Time:00:00.04 | Mem:0.00M, Peak:0.00M | Scene, ViewLayer | Updating Particle Systems | Copying Particles to device
Fra:1 Mem:32.72M (Peak 54.08M) | Time:00:00.04 | Mem:0.00M, Peak:0.00M | Scene, ViewLayer | Updating Meshes
Fra:1 Mem:33.65M (Peak 54.08M) | Time:00:00.04 | Mem:0.00M, Peak:0.00M | Scene, ViewLayer | Updating Mesh | Computing attributes
Fra:1 Mem:35.32M (Peak 54.08M) | Time:00:00.04 | Mem:0.00M, Peak:0.00M | Scene, ViewLayer | Updating Mesh | Copying Attributes to device
Fra:1 Mem:35.32M (Peak 54.08M) | Time:00:00.04 | Mem:1.68M, Peak:1.68M | Scene, ViewLayer | Updating Scene BVH | Building
Fra:1 Mem:35.32M (Peak 54.08M) | Time:00:00.04 | Mem:1.68M, Peak:1.68M | Scene, ViewLayer | Updating Scene BVH | Building BVH
Fra:1 Mem:35.32M (Peak 54.08M) | Time:00:00.05 | Mem:4.79M, Peak:4.79M | Scene, ViewLayer | Updating Scene BVH | Building BVH 0%
Fra:1 Mem:35.32M (Peak 54.08M) | Time:00:00.05 | Mem:6.85M, Peak:8.85M | Scene, ViewLayer | Updating Scene BVH | Copying BVH to device
Fra:1 Mem:35.32M (Peak 54.08M) | Time:00:00.05 | Mem:6.85M, Peak:8.85M | Scene, ViewLayer | Updating Mesh | Computing normals
Fra:1 Mem:39.49M (Peak 54.08M) | Time:00:00.05 | Mem:6.85M, Peak:8.85M | Scene, ViewLayer | Updating Mesh | Copying Mesh to device
Fra:1 Mem:39.49M (Peak 54.08M) | Time:00:00.05 | Mem:11.02M, Peak:11.02M | Scene, ViewLayer | Updating Objects Flags
Fra:1 Mem:39.49M (Peak 54.08M) | Time:00:00.05 | Mem:11.02M, Peak:11.02M | Scene, ViewLayer | Updating Primitive Offsets
Fra:1 Mem:39.49M (Peak 54.08M) | Time:00:00.05 | Mem:11.02M, Peak:11.02M | Scene, ViewLayer | Updating Images
Fra:1 Mem:39.49M (Peak 54.08M) | Time:00:00.05 | Mem:11.02M, Peak:11.02M | Scene, ViewLayer | Updating Images | Loading 01260.exr
Fra:1 Mem:39.61M (Peak 54.08M) | Time:00:00.05 | Mem:11.02M, Peak:11.02M | Scene, ViewLayer | Updating Images | Loading chequered_0183.jpg
Fra:1 Mem:40.23M (Peak 54.08M) | Time:00:00.06 | Mem:11.75M, Peak:11.75M | Scene, ViewLayer | Updating Camera Volume
Fra:1 Mem:40.23M (Peak 54.08M) | Time:00:00.06 | Mem:11.75M, Peak:11.75M | Scene, ViewLayer | Updating Lookup Tables
Fra:1 Mem:40.23M (Peak 54.08M) | Time:00:00.06 | Mem:12.00M, Peak:12.00M | Scene, ViewLayer | Updating Lights
Fra:1 Mem:40.23M (Peak 54.08M) | Time:00:00.06 | Mem:12.00M, Peak:12.00M | Scene, ViewLayer | Updating Lights | Computing distribution
Fra:1 Mem:40.23M (Peak 54.08M) | Time:00:00.06 | Mem:12.00M, Peak:12.00M | Scene, ViewLayer | Updating Lights | Importance map
Fra:1 Mem:104.26M (Peak 392.36M) | Time:00:00.20 | Mem:76.04M, Peak:236.01M | Scene, ViewLayer | Updating Integrator
Fra:1 Mem:104.27M (Peak 392.36M) | Time:00:00.20 | Mem:76.05M, Peak:236.01M | Scene, ViewLayer | Updating Film
Fra:1 Mem:104.28M (Peak 392.36M) | Time:00:00.20 | Mem:75.80M, Peak:236.01M | Scene, ViewLayer | Updating Lookup Tables
Fra:1 Mem:104.28M (Peak 392.36M) | Time:00:00.20 | Mem:76.05M, Peak:236.01M | Scene, ViewLayer | Updating Baking
Fra:1 Mem:104.28M (Peak 392.36M) | Time:00:00.20 | Mem:76.05M, Peak:236.01M | Scene, ViewLayer | Updating Device | Writing constant memory
Fra:1 Mem:104.28M (Peak 392.36M) | Time:00:00.20 | Mem:76.05M, Peak:236.01M | Scene, ViewLayer | Sample 0/32
Fra:1 Mem:123.36M (Peak 392.36M) | Time:00:00.20 | Remaining:00:00.20 | Mem:95.05M, Peak:236.01M | Scene, ViewLayer | Sample 1/32
Fra:1 Mem:131.37M (Peak 392.36M) | Time:00:00.46 | Mem:95.05M, Peak:236.01M | Scene, ViewLayer | Sample 32/32
Fra:1 Mem:131.37M (Peak 392.36M) | Time:00:00.46 | Mem:95.05M, Peak:236.01M | Scene, ViewLayer | Finished
Saved: '/home/janus/iwi9-datasets/objaverse-rendering/no_textures_5/7a5c1ff0afe246cb8009c1d36742c205/007.png'
 Time: 00:00.50 (Saving: 00:00.03)

Fra:1 Mem:38.31M (Peak 45.48M) | Time:00:00.01 | Mem:0.00M, Peak:0.00M | Scene, ViewLayer | Synchronizing object | Object_2
Fra:1 Mem:38.31M (Peak 45.48M) | Time:00:00.01 | Mem:0.00M, Peak:0.00M | Scene, ViewLayer | Synchronizing object | Object_4
Fra:1 Mem:42.22M (Peak 54.23M) | Time:00:00.04 | Mem:0.00M, Peak:0.00M | Scene, ViewLayer | Initializing
Fra:1 Mem:32.53M (Peak 54.23M) | Time:00:00.04 | Mem:0.00M, Peak:0.00M | Scene, ViewLayer | Waiting for render to start
Fra:1 Mem:32.54M (Peak 54.23M) | Time:00:00.04 | Mem:0.00M, Peak:0.00M | Scene, ViewLayer | Loading render kernels (may take a few minutes the first time)
Fra:1 Mem:32.54M (Peak 54.23M) | Time:00:00.04 | Mem:0.00M, Peak:0.00M | Scene, ViewLayer | Updating Scene
Fra:1 Mem:32.54M (Peak 54.23M) | Time:00:00.04 | Mem:0.00M, Peak:0.00M | Scene, ViewLayer | Updating Shaders
Fra:1 Mem:32.79M (Peak 54.23M) | Time:00:00.06 | Mem:0.00M, Peak:0.00M | Scene, ViewLayer | Updating Procedurals
Fra:1 Mem:32.79M (Peak 54.23M) | Time:00:00.06 | Mem:0.00M, Peak:0.00M | Scene, ViewLayer | Updating Background
Fra:1 Mem:32.79M (Peak 54.23M) | Time:00:00.06 | Mem:0.00M, Peak:0.00M | Scene, ViewLayer | Updating Camera
Fra:1 Mem:32.79M (Peak 54.23M) | Time:00:00.06 | Mem:0.00M, Peak:0.00M | Scene, ViewLayer | Updating Meshes Flags
Fra:1 Mem:32.79M (Peak 54.23M) | Time:00:00.06 | Mem:0.00M, Peak:0.00M | Scene, ViewLayer | Updating Objects
Fra:1 Mem:32.79M (Peak 54.23M) | Time:00:00.06 | Mem:0.00M, Peak:0.00M | Scene, ViewLayer | Updating Objects | Copying Transformations to device
Fra:1 Mem:32.79M (Peak 54.23M) | Time:00:00.06 | Mem:0.00M, Peak:0.00M | Scene, ViewLayer | Updating Objects | Applying Static Transformations
Fra:1 Mem:32.79M (Peak 54.23M) | Time:00:00.06 | Mem:0.00M, Peak:0.00M | Scene, ViewLayer | Updating Particle Systems
Fra:1 Mem:32.79M (Peak 54.23M) | Time:00:00.06 | Mem:0.00M, Peak:0.00M | Scene, ViewLayer | Updating Particle Systems | Copying Particles to device
Fra:1 Mem:32.79M (Peak 54.23M) | Time:00:00.06 | Mem:0.00M, Peak:0.00M | Scene, ViewLayer | Updating Meshes
Fra:1 Mem:33.71M (Peak 54.23M) | Time:00:00.06 | Mem:0.00M, Peak:0.00M | Scene, ViewLayer | Updating Mesh | Computing attributes
Fra:1 Mem:35.39M (Peak 54.23M) | Time:00:00.06 | Mem:0.00M, Peak:0.00M | Scene, ViewLayer | Updating Mesh | Copying Attributes to device
Fra:1 Mem:35.39M (Peak 54.23M) | Time:00:00.06 | Mem:1.68M, Peak:1.68M | Scene, ViewLayer | Updating Scene BVH | Building
Fra:1 Mem:35.39M (Peak 54.23M) | Time:00:00.06 | Mem:1.68M, Peak:1.68M | Scene, ViewLayer | Updating Scene BVH | Building BVH
Fra:1 Mem:35.39M (Peak 54.23M) | Time:00:00.06 | Mem:4.79M, Peak:4.79M | Scene, ViewLayer | Updating Scene BVH | Building BVH 0%
Fra:1 Mem:35.39M (Peak 54.23M) | Time:00:00.07 | Mem:6.85M, Peak:8.85M | Scene, ViewLayer | Updating Scene BVH | Copying BVH to device
Fra:1 Mem:35.39M (Peak 54.23M) | Time:00:00.07 | Mem:6.85M, Peak:8.85M | Scene, ViewLayer | Updating Mesh | Computing normals
Fra:1 Mem:39.55M (Peak 54.23M) | Time:00:00.07 | Mem:6.85M, Peak:8.85M | Scene, ViewLayer | Updating Mesh | Copying Mesh to device
Fra:1 Mem:39.55M (Peak 54.23M) | Time:00:00.07 | Mem:11.02M, Peak:11.02M | Scene, ViewLayer | Updating Objects Flags
Fra:1 Mem:39.55M (Peak 54.23M) | Time:00:00.07 | Mem:11.02M, Peak:11.02M | Scene, ViewLayer | Updating Primitive Offsets
Fra:1 Mem:39.55M (Peak 54.23M) | Time:00:00.07 | Mem:11.02M, Peak:11.02M | Scene, ViewLayer | Updating Images
Fra:1 Mem:39.55M (Peak 54.23M) | Time:00:00.07 | Mem:11.02M, Peak:11.02M | Scene, ViewLayer | Updating Images | Loading 01260.exr
Fra:1 Mem:39.68M (Peak 54.23M) | Time:00:00.07 | Mem:11.02M, Peak:11.02M | Scene, ViewLayer | Updating Images | Loading matted_0039.jpg
Fra:1 Mem:40.70M (Peak 54.23M) | Time:00:00.08 | Mem:12.14M, Peak:12.14M | Scene, ViewLayer | Updating Camera Volume
Fra:1 Mem:40.70M (Peak 54.23M) | Time:00:00.08 | Mem:12.14M, Peak:12.14M | Scene, ViewLayer | Updating Lookup Tables
Fra:1 Mem:40.70M (Peak 54.23M) | Time:00:00.08 | Mem:12.39M, Peak:12.39M | Scene, ViewLayer | Updating Lights
Fra:1 Mem:40.70M (Peak 54.23M) | Time:00:00.08 | Mem:12.39M, Peak:12.39M | Scene, ViewLayer | Updating Lights | Computing distribution
Fra:1 Mem:40.70M (Peak 54.23M) | Time:00:00.08 | Mem:12.39M, Peak:12.39M | Scene, ViewLayer | Updating Lights | Importance map
Fra:1 Mem:104.73M (Peak 392.82M) | Time:00:00.23 | Mem:76.44M, Peak:236.41M | Scene, ViewLayer | Updating Integrator
Fra:1 Mem:104.74M (Peak 392.82M) | Time:00:00.23 | Mem:76.45M, Peak:236.41M | Scene, ViewLayer | Updating Film
Fra:1 Mem:104.74M (Peak 392.82M) | Time:00:00.23 | Mem:76.20M, Peak:236.41M | Scene, ViewLayer | Updating Lookup Tables
Fra:1 Mem:104.74M (Peak 392.82M) | Time:00:00.23 | Mem:76.45M, Peak:236.41M | Scene, ViewLayer | Updating Baking
Fra:1 Mem:104.74M (Peak 392.82M) | Time:00:00.23 | Mem:76.45M, Peak:236.41M | Scene, ViewLayer | Updating Device | Writing constant memory
Fra:1 Mem:104.74M (Peak 392.82M) | Time:00:00.23 | Mem:76.45M, Peak:236.41M | Scene, ViewLayer | Sample 0/32
Fra:1 Mem:123.83M (Peak 392.82M) | Time:00:00.23 | Remaining:00:00.20 | Mem:95.45M, Peak:236.41M | Scene, ViewLayer | Sample 1/32
Fra:1 Mem:131.83M (Peak 392.82M) | Time:00:00.47 | Mem:95.45M, Peak:236.41M | Scene, ViewLayer | Sample 32/32
Fra:1 Mem:131.83M (Peak 392.82M) | Time:00:00.47 | Mem:95.45M, Peak:236.41M | Scene, ViewLayer | Finished
Saved: '/home/janus/iwi9-datasets/objaverse-rendering/no_textures_5/7a5c1ff0afe246cb8009c1d36742c205/008.png'
 Time: 00:00.50 (Saving: 00:00.03)

Fra:1 Mem:38.38M (Peak 45.55M) | Time:00:00.01 | Mem:0.00M, Peak:0.00M | Scene, ViewLayer | Synchronizing object | Object_2
Fra:1 Mem:38.44M (Peak 45.55M) | Time:00:00.01 | Mem:0.00M, Peak:0.00M | Scene, ViewLayer | Synchronizing object | Object_4
Fra:1 Mem:42.29M (Peak 54.23M) | Time:00:00.04 | Mem:0.00M, Peak:0.00M | Scene, ViewLayer | Initializing
Fra:1 Mem:32.60M (Peak 54.23M) | Time:00:00.04 | Mem:0.00M, Peak:0.00M | Scene, ViewLayer | Waiting for render to start
Fra:1 Mem:32.61M (Peak 54.23M) | Time:00:00.04 | Mem:0.00M, Peak:0.00M | Scene, ViewLayer | Loading render kernels (may take a few minutes the first time)
Fra:1 Mem:32.61M (Peak 54.23M) | Time:00:00.04 | Mem:0.00M, Peak:0.00M | Scene, ViewLayer | Updating Scene
Fra:1 Mem:32.61M (Peak 54.23M) | Time:00:00.04 | Mem:0.00M, Peak:0.00M | Scene, ViewLayer | Updating Shaders
Fra:1 Mem:32.86M (Peak 54.23M) | Time:00:00.05 | Mem:0.00M, Peak:0.00M | Scene, ViewLayer | Updating Procedurals
Fra:1 Mem:32.86M (Peak 54.23M) | Time:00:00.05 | Mem:0.00M, Peak:0.00M | Scene, ViewLayer | Updating Background
Fra:1 Mem:32.86M (Peak 54.23M) | Time:00:00.05 | Mem:0.00M, Peak:0.00M | Scene, ViewLayer | Updating Camera
Fra:1 Mem:32.86M (Peak 54.23M) | Time:00:00.05 | Mem:0.00M, Peak:0.00M | Scene, ViewLayer | Updating Meshes Flags
Fra:1 Mem:32.86M (Peak 54.23M) | Time:00:00.05 | Mem:0.00M, Peak:0.00M | Scene, ViewLayer | Updating Objects
Fra:1 Mem:32.86M (Peak 54.23M) | Time:00:00.05 | Mem:0.00M, Peak:0.00M | Scene, ViewLayer | Updating Objects | Copying Transformations to device
Fra:1 Mem:32.86M (Peak 54.23M) | Time:00:00.05 | Mem:0.00M, Peak:0.00M | Scene, ViewLayer | Updating Objects | Applying Static Transformations
Fra:1 Mem:32.86M (Peak 54.23M) | Time:00:00.05 | Mem:0.00M, Peak:0.00M | Scene, ViewLayer | Updating Particle Systems
Fra:1 Mem:32.86M (Peak 54.23M) | Time:00:00.05 | Mem:0.00M, Peak:0.00M | Scene, ViewLayer | Updating Particle Systems | Copying Particles to device
Fra:1 Mem:32.86M (Peak 54.23M) | Time:00:00.05 | Mem:0.00M, Peak:0.00M | Scene, ViewLayer | Updating Meshes
Fra:1 Mem:33.78M (Peak 54.23M) | Time:00:00.05 | Mem:0.00M, Peak:0.00M | Scene, ViewLayer | Updating Mesh | Computing attributes
Fra:1 Mem:35.46M (Peak 54.23M) | Time:00:00.06 | Mem:0.00M, Peak:0.00M | Scene, ViewLayer | Updating Mesh | Copying Attributes to device
Fra:1 Mem:35.46M (Peak 54.23M) | Time:00:00.06 | Mem:1.68M, Peak:1.68M | Scene, ViewLayer | Updating Scene BVH | Building
Fra:1 Mem:35.46M (Peak 54.23M) | Time:00:00.06 | Mem:1.68M, Peak:1.68M | Scene, ViewLayer | Updating Scene BVH | Building BVH
Fra:1 Mem:35.46M (Peak 54.23M) | Time:00:00.06 | Mem:4.79M, Peak:4.79M | Scene, ViewLayer | Updating Scene BVH | Building BVH 0%
Fra:1 Mem:35.46M (Peak 54.23M) | Time:00:00.06 | Mem:6.85M, Peak:8.85M | Scene, ViewLayer | Updating Scene BVH | Copying BVH to device
Fra:1 Mem:35.46M (Peak 54.23M) | Time:00:00.06 | Mem:6.85M, Peak:8.85M | Scene, ViewLayer | Updating Mesh | Computing normals
Fra:1 Mem:39.63M (Peak 54.23M) | Time:00:00.06 | Mem:6.85M, Peak:8.85M | Scene, ViewLayer | Updating Mesh | Copying Mesh to device
Fra:1 Mem:39.63M (Peak 54.23M) | Time:00:00.06 | Mem:11.02M, Peak:11.02M | Scene, ViewLayer | Updating Objects Flags
Fra:1 Mem:39.63M (Peak 54.23M) | Time:00:00.06 | Mem:11.02M, Peak:11.02M | Scene, ViewLayer | Updating Primitive Offsets
Fra:1 Mem:39.63M (Peak 54.23M) | Time:00:00.06 | Mem:11.02M, Peak:11.02M | Scene, ViewLayer | Updating Images
Fra:1 Mem:39.63M (Peak 54.23M) | Time:00:00.06 | Mem:11.02M, Peak:11.02M | Scene, ViewLayer | Updating Images | Loading 01260.exr
Fra:1 Mem:39.75M (Peak 54.23M) | Time:00:00.06 | Mem:11.02M, Peak:11.02M | Scene, ViewLayer | Updating Images | Loading grid_0060.jpg
Fra:1 Mem:40.70M (Peak 54.23M) | Time:00:00.08 | Mem:12.07M, Peak:12.07M | Scene, ViewLayer | Updating Camera Volume
Fra:1 Mem:40.70M (Peak 54.23M) | Time:00:00.08 | Mem:12.07M, Peak:12.07M | Scene, ViewLayer | Updating Lookup Tables
Fra:1 Mem:40.70M (Peak 54.23M) | Time:00:00.08 | Mem:12.32M, Peak:12.32M | Scene, ViewLayer | Updating Lights
Fra:1 Mem:40.70M (Peak 54.23M) | Time:00:00.08 | Mem:12.33M, Peak:12.33M | Scene, ViewLayer | Updating Lights | Computing distribution
Fra:1 Mem:40.70M (Peak 54.23M) | Time:00:00.08 | Mem:12.33M, Peak:12.33M | Scene, ViewLayer | Updating Lights | Importance map
Fra:1 Mem:104.73M (Peak 392.83M) | Time:00:00.22 | Mem:76.37M, Peak:236.34M | Scene, ViewLayer | Updating Integrator
Fra:1 Mem:104.74M (Peak 392.83M) | Time:00:00.22 | Mem:76.38M, Peak:236.34M | Scene, ViewLayer | Updating Film
Fra:1 Mem:104.74M (Peak 392.83M) | Time:00:00.22 | Mem:76.13M, Peak:236.34M | Scene, ViewLayer | Updating Lookup Tables
Fra:1 Mem:104.74M (Peak 392.83M) | Time:00:00.22 | Mem:76.38M, Peak:236.34M | Scene, ViewLayer | Updating Baking
Fra:1 Mem:104.74M (Peak 392.83M) | Time:00:00.22 | Mem:76.38M, Peak:236.34M | Scene, ViewLayer | Updating Device | Writing constant memory
Fra:1 Mem:104.74M (Peak 392.83M) | Time:00:00.22 | Mem:76.38M, Peak:236.34M | Scene, ViewLayer | Sample 0/32
Fra:1 Mem:123.83M (Peak 392.83M) | Time:00:00.23 | Remaining:00:00.18 | Mem:95.38M, Peak:236.34M | Scene, ViewLayer | Sample 1/32
Fra:1 Mem:131.83M (Peak 392.83M) | Time:00:00.46 | Mem:95.38M, Peak:236.34M | Scene, ViewLayer | Sample 32/32
Fra:1 Mem:131.83M (Peak 392.83M) | Time:00:00.46 | Mem:95.38M, Peak:236.34M | Scene, ViewLayer | Finished
Saved: '/home/janus/iwi9-datasets/objaverse-rendering/no_textures_5/7a5c1ff0afe246cb8009c1d36742c205/009.png'
 Time: 00:00.49 (Saving: 00:00.03)

Fra:1 Mem:38.45M (Peak 45.57M) | Time:00:00.01 | Mem:0.00M, Peak:0.00M | Scene, ViewLayer | Synchronizing object | Object_2
Fra:1 Mem:38.62M (Peak 45.57M) | Time:00:00.01 | Mem:0.00M, Peak:0.00M | Scene, ViewLayer | Synchronizing object | Object_4
Fra:1 Mem:42.36M (Peak 54.35M) | Time:00:00.04 | Mem:0.00M, Peak:0.00M | Scene, ViewLayer | Initializing
Fra:1 Mem:32.67M (Peak 54.35M) | Time:00:00.04 | Mem:0.00M, Peak:0.00M | Scene, ViewLayer | Waiting for render to start
Fra:1 Mem:32.68M (Peak 54.35M) | Time:00:00.04 | Mem:0.00M, Peak:0.00M | Scene, ViewLayer | Loading render kernels (may take a few minutes the first time)
Fra:1 Mem:32.68M (Peak 54.35M) | Time:00:00.04 | Mem:0.00M, Peak:0.00M | Scene, ViewLayer | Updating Scene
Fra:1 Mem:32.68M (Peak 54.35M) | Time:00:00.04 | Mem:0.00M, Peak:0.00M | Scene, ViewLayer | Updating Shaders
Fra:1 Mem:32.93M (Peak 54.35M) | Time:00:00.05 | Mem:0.00M, Peak:0.00M | Scene, ViewLayer | Updating Procedurals
Fra:1 Mem:32.93M (Peak 54.35M) | Time:00:00.05 | Mem:0.00M, Peak:0.00M | Scene, ViewLayer | Updating Background
Fra:1 Mem:32.93M (Peak 54.35M) | Time:00:00.05 | Mem:0.00M, Peak:0.00M | Scene, ViewLayer | Updating Camera
Fra:1 Mem:32.93M (Peak 54.35M) | Time:00:00.05 | Mem:0.00M, Peak:0.00M | Scene, ViewLayer | Updating Meshes Flags
Fra:1 Mem:32.93M (Peak 54.35M) | Time:00:00.05 | Mem:0.00M, Peak:0.00M | Scene, ViewLayer | Updating Objects
Fra:1 Mem:32.93M (Peak 54.35M) | Time:00:00.05 | Mem:0.00M, Peak:0.00M | Scene, ViewLayer | Updating Objects | Copying Transformations to device
Fra:1 Mem:32.93M (Peak 54.35M) | Time:00:00.05 | Mem:0.00M, Peak:0.00M | Scene, ViewLayer | Updating Objects | Applying Static Transformations
Fra:1 Mem:32.93M (Peak 54.35M) | Time:00:00.05 | Mem:0.00M, Peak:0.00M | Scene, ViewLayer | Updating Particle Systems
Fra:1 Mem:32.93M (Peak 54.35M) | Time:00:00.05 | Mem:0.00M, Peak:0.00M | Scene, ViewLayer | Updating Particle Systems | Copying Particles to device
Fra:1 Mem:32.93M (Peak 54.35M) | Time:00:00.05 | Mem:0.00M, Peak:0.00M | Scene, ViewLayer | Updating Meshes
Fra:1 Mem:33.85M (Peak 54.35M) | Time:00:00.05 | Mem:0.00M, Peak:0.00M | Scene, ViewLayer | Updating Mesh | Computing attributes
Fra:1 Mem:35.53M (Peak 54.35M) | Time:00:00.05 | Mem:0.00M, Peak:0.00M | Scene, ViewLayer | Updating Mesh | Copying Attributes to device
Fra:1 Mem:35.53M (Peak 54.35M) | Time:00:00.05 | Mem:1.68M, Peak:1.68M | Scene, ViewLayer | Updating Scene BVH | Building
Fra:1 Mem:35.53M (Peak 54.35M) | Time:00:00.05 | Mem:1.68M, Peak:1.68M | Scene, ViewLayer | Updating Scene BVH | Building BVH
Fra:1 Mem:35.53M (Peak 54.35M) | Time:00:00.05 | Mem:4.79M, Peak:4.79M | Scene, ViewLayer | Updating Scene BVH | Building BVH 0%
Fra:1 Mem:35.53M (Peak 54.35M) | Time:00:00.06 | Mem:6.85M, Peak:8.85M | Scene, ViewLayer | Updating Scene BVH | Copying BVH to device
Fra:1 Mem:35.53M (Peak 54.35M) | Time:00:00.06 | Mem:6.85M, Peak:8.85M | Scene, ViewLayer | Updating Mesh | Computing normals
Fra:1 Mem:39.70M (Peak 54.35M) | Time:00:00.06 | Mem:6.85M, Peak:8.85M | Scene, ViewLayer | Updating Mesh | Copying Mesh to device
Fra:1 Mem:39.70M (Peak 54.35M) | Time:00:00.06 | Mem:11.02M, Peak:11.02M | Scene, ViewLayer | Updating Objects Flags
Fra:1 Mem:39.70M (Peak 54.35M) | Time:00:00.06 | Mem:11.02M, Peak:11.02M | Scene, ViewLayer | Updating Primitive Offsets
Fra:1 Mem:39.70M (Peak 54.35M) | Time:00:00.06 | Mem:11.02M, Peak:11.02M | Scene, ViewLayer | Updating Images
Fra:1 Mem:39.70M (Peak 54.35M) | Time:00:00.06 | Mem:11.02M, Peak:11.02M | Scene, ViewLayer | Updating Images | Loading 01260.exr
Fra:1 Mem:39.82M (Peak 54.35M) | Time:00:00.06 | Mem:11.02M, Peak:11.02M | Scene, ViewLayer | Updating Images | Loading paisley_0009.jpg
Fra:1 Mem:40.44M (Peak 54.35M) | Time:00:00.08 | Mem:11.75M, Peak:11.75M | Scene, ViewLayer | Updating Camera Volume
Fra:1 Mem:40.44M (Peak 54.35M) | Time:00:00.08 | Mem:11.75M, Peak:11.75M | Scene, ViewLayer | Updating Lookup Tables
Fra:1 Mem:40.44M (Peak 54.35M) | Time:00:00.08 | Mem:12.00M, Peak:12.00M | Scene, ViewLayer | Updating Lights
Fra:1 Mem:40.44M (Peak 54.35M) | Time:00:00.08 | Mem:12.00M, Peak:12.00M | Scene, ViewLayer | Updating Lights | Computing distribution
Fra:1 Mem:40.44M (Peak 54.35M) | Time:00:00.08 | Mem:12.00M, Peak:12.00M | Scene, ViewLayer | Updating Lights | Importance map
Fra:1 Mem:104.47M (Peak 392.57M) | Time:00:00.22 | Mem:76.04M, Peak:236.01M | Scene, ViewLayer | Updating Integrator
Fra:1 Mem:104.48M (Peak 392.57M) | Time:00:00.22 | Mem:76.05M, Peak:236.01M | Scene, ViewLayer | Updating Film
Fra:1 Mem:104.48M (Peak 392.57M) | Time:00:00.22 | Mem:75.80M, Peak:236.01M | Scene, ViewLayer | Updating Lookup Tables
Fra:1 Mem:104.48M (Peak 392.57M) | Time:00:00.22 | Mem:76.05M, Peak:236.01M | Scene, ViewLayer | Updating Baking
Fra:1 Mem:104.48M (Peak 392.57M) | Time:00:00.22 | Mem:76.05M, Peak:236.01M | Scene, ViewLayer | Updating Device | Writing constant memory
Fra:1 Mem:104.48M (Peak 392.57M) | Time:00:00.22 | Mem:76.05M, Peak:236.01M | Scene, ViewLayer | Sample 0/32
Fra:1 Mem:123.57M (Peak 392.57M) | Time:00:00.22 | Remaining:00:00.17 | Mem:95.05M, Peak:236.01M | Scene, ViewLayer | Sample 1/32
Fra:1 Mem:131.57M (Peak 392.57M) | Time:00:00.44 | Mem:95.05M, Peak:236.01M | Scene, ViewLayer | Sample 32/32
Fra:1 Mem:131.57M (Peak 392.57M) | Time:00:00.44 | Mem:95.05M, Peak:236.01M | Scene, ViewLayer | Finished
Saved: '/home/janus/iwi9-datasets/objaverse-rendering/no_textures_5/7a5c1ff0afe246cb8009c1d36742c205/010.png'
 Time: 00:00.47 (Saving: 00:00.03)

Fra:1 Mem:38.51M (Peak 45.63M) | Time:00:00.01 | Mem:0.00M, Peak:0.00M | Scene, ViewLayer | Synchronizing object | Object_2
Fra:1 Mem:38.82M (Peak 45.63M) | Time:00:00.01 | Mem:0.00M, Peak:0.00M | Scene, ViewLayer | Synchronizing object | Object_4
Fra:1 Mem:42.43M (Peak 54.77M) | Time:00:00.04 | Mem:0.00M, Peak:0.00M | Scene, ViewLayer | Initializing
Fra:1 Mem:32.74M (Peak 54.77M) | Time:00:00.04 | Mem:0.00M, Peak:0.00M | Scene, ViewLayer | Waiting for render to start
Fra:1 Mem:32.74M (Peak 54.77M) | Time:00:00.04 | Mem:0.00M, Peak:0.00M | Scene, ViewLayer | Loading render kernels (may take a few minutes the first time)
Fra:1 Mem:32.74M (Peak 54.77M) | Time:00:00.04 | Mem:0.00M, Peak:0.00M | Scene, ViewLayer | Updating Scene
Fra:1 Mem:32.74M (Peak 54.77M) | Time:00:00.04 | Mem:0.00M, Peak:0.00M | Scene, ViewLayer | Updating Shaders
Fra:1 Mem:33.00M (Peak 54.77M) | Time:00:00.04 | Mem:0.00M, Peak:0.00M | Scene, ViewLayer | Updating Procedurals
Fra:1 Mem:33.00M (Peak 54.77M) | Time:00:00.04 | Mem:0.00M, Peak:0.00M | Scene, ViewLayer | Updating Background
Fra:1 Mem:33.00M (Peak 54.77M) | Time:00:00.04 | Mem:0.00M, Peak:0.00M | Scene, ViewLayer | Updating Camera
Fra:1 Mem:33.00M (Peak 54.77M) | Time:00:00.04 | Mem:0.00M, Peak:0.00M | Scene, ViewLayer | Updating Meshes Flags
Fra:1 Mem:33.00M (Peak 54.77M) | Time:00:00.04 | Mem:0.00M, Peak:0.00M | Scene, ViewLayer | Updating Objects
Fra:1 Mem:33.00M (Peak 54.77M) | Time:00:00.04 | Mem:0.00M, Peak:0.00M | Scene, ViewLayer | Updating Objects | Copying Transformations to device
Fra:1 Mem:33.00M (Peak 54.77M) | Time:00:00.04 | Mem:0.00M, Peak:0.00M | Scene, ViewLayer | Updating Objects | Applying Static Transformations
Fra:1 Mem:33.00M (Peak 54.77M) | Time:00:00.04 | Mem:0.00M, Peak:0.00M | Scene, ViewLayer | Updating Particle Systems
Fra:1 Mem:33.00M (Peak 54.77M) | Time:00:00.04 | Mem:0.00M, Peak:0.00M | Scene, ViewLayer | Updating Particle Systems | Copying Particles to device
Fra:1 Mem:33.00M (Peak 54.77M) | Time:00:00.04 | Mem:0.00M, Peak:0.00M | Scene, ViewLayer | Updating Meshes
Fra:1 Mem:33.92M (Peak 54.77M) | Time:00:00.05 | Mem:0.00M, Peak:0.00M | Scene, ViewLayer | Updating Mesh | Computing attributes
Fra:1 Mem:35.60M (Peak 54.77M) | Time:00:00.05 | Mem:0.00M, Peak:0.00M | Scene, ViewLayer | Updating Mesh | Copying Attributes to device
Fra:1 Mem:35.60M (Peak 54.77M) | Time:00:00.05 | Mem:1.68M, Peak:1.68M | Scene, ViewLayer | Updating Scene BVH | Building
Fra:1 Mem:35.60M (Peak 54.77M) | Time:00:00.05 | Mem:1.68M, Peak:1.68M | Scene, ViewLayer | Updating Scene BVH | Building BVH
Fra:1 Mem:35.60M (Peak 54.77M) | Time:00:00.05 | Mem:4.79M, Peak:4.79M | Scene, ViewLayer | Updating Scene BVH | Building BVH 0%
Fra:1 Mem:35.60M (Peak 54.77M) | Time:00:00.05 | Mem:6.85M, Peak:8.85M | Scene, ViewLayer | Updating Scene BVH | Copying BVH to device
Fra:1 Mem:35.60M (Peak 54.77M) | Time:00:00.05 | Mem:6.85M, Peak:8.85M | Scene, ViewLayer | Updating Mesh | Computing normals
Fra:1 Mem:39.76M (Peak 54.77M) | Time:00:00.05 | Mem:6.85M, Peak:8.85M | Scene, ViewLayer | Updating Mesh | Copying Mesh to device
Fra:1 Mem:39.76M (Peak 54.77M) | Time:00:00.05 | Mem:11.02M, Peak:11.02M | Scene, ViewLayer | Updating Objects Flags
Fra:1 Mem:39.76M (Peak 54.77M) | Time:00:00.05 | Mem:11.02M, Peak:11.02M | Scene, ViewLayer | Updating Primitive Offsets
Fra:1 Mem:39.76M (Peak 54.77M) | Time:00:00.05 | Mem:11.02M, Peak:11.02M | Scene, ViewLayer | Updating Images
Fra:1 Mem:39.76M (Peak 54.77M) | Time:00:00.05 | Mem:11.02M, Peak:11.02M | Scene, ViewLayer | Updating Images | Loading 01260.exr
Fra:1 Mem:39.89M (Peak 54.77M) | Time:00:00.05 | Mem:11.02M, Peak:11.02M | Scene, ViewLayer | Updating Images | Loading crosshatched_0078.jpg
Fra:1 Mem:40.48M (Peak 54.77M) | Time:00:00.06 | Mem:11.72M, Peak:11.72M | Scene, ViewLayer | Updating Camera Volume
Fra:1 Mem:40.48M (Peak 54.77M) | Time:00:00.06 | Mem:11.72M, Peak:11.72M | Scene, ViewLayer | Updating Lookup Tables
Fra:1 Mem:40.48M (Peak 54.77M) | Time:00:00.06 | Mem:11.97M, Peak:11.97M | Scene, ViewLayer | Updating Lights
Fra:1 Mem:40.48M (Peak 54.77M) | Time:00:00.06 | Mem:11.97M, Peak:11.97M | Scene, ViewLayer | Updating Lights | Computing distribution
Fra:1 Mem:40.48M (Peak 54.77M) | Time:00:00.06 | Mem:11.97M, Peak:11.97M | Scene, ViewLayer | Updating Lights | Importance map
Fra:1 Mem:104.51M (Peak 392.61M) | Time:00:00.20 | Mem:76.01M, Peak:235.98M | Scene, ViewLayer | Updating Integrator
Fra:1 Mem:104.52M (Peak 392.61M) | Time:00:00.20 | Mem:76.02M, Peak:235.98M | Scene, ViewLayer | Updating Film
Fra:1 Mem:104.52M (Peak 392.61M) | Time:00:00.20 | Mem:75.77M, Peak:235.98M | Scene, ViewLayer | Updating Lookup Tables
Fra:1 Mem:104.52M (Peak 392.61M) | Time:00:00.20 | Mem:76.02M, Peak:235.98M | Scene, ViewLayer | Updating Baking
Fra:1 Mem:104.52M (Peak 392.61M) | Time:00:00.20 | Mem:76.02M, Peak:235.98M | Scene, ViewLayer | Updating Device | Writing constant memory
Fra:1 Mem:104.52M (Peak 392.61M) | Time:00:00.20 | Mem:76.02M, Peak:235.98M | Scene, ViewLayer | Sample 0/32
Fra:1 Mem:123.61M (Peak 392.61M) | Time:00:00.21 | Remaining:00:00.19 | Mem:95.02M, Peak:235.98M | Scene, ViewLayer | Sample 1/32
Fra:1 Mem:131.61M (Peak 392.61M) | Time:00:00.43 | Mem:95.02M, Peak:235.98M | Scene, ViewLayer | Sample 32/32
Fra:1 Mem:131.61M (Peak 392.61M) | Time:00:00.43 | Mem:95.02M, Peak:235.98M | Scene, ViewLayer | Finished
Saved: '/home/janus/iwi9-datasets/objaverse-rendering/no_textures_5/7a5c1ff0afe246cb8009c1d36742c205/011.png'
 Time: 00:00.46 (Saving: 00:00.03)

Data are loaded, start creating Blender stuff
glTF import finished in 0.14s
Finished /home/janus/iwi9-datasets/objaverse-objects/hf-objaverse-v1/glbs/000-088/7a5c1ff0afe246cb8009c1d36742c205.glb in 6.603092193603516 seconds

Blender quit
/home/janus/iwi9-datasets/objaverse-objects/hf-objaverse-v1/glbs/000-147/a804ea3d188143869699ce7c9cda3a5f.glb
Blender 3.3.1 (hash b292cfe5a936 built 2022-10-05 00:14:35)
/run/user/210289/gvfs/ non-existent directory
Fra:1 Mem:126.48M (Peak 157.37M) | Time:00:00.03 | Mem:0.00M, Peak:0.00M | Scene, ViewLayer | Synchronizing object | Object_2
Fra:1 Mem:126.48M (Peak 157.37M) | Time:00:00.03 | Mem:0.00M, Peak:0.00M | Scene, ViewLayer | Synchronizing object | Object_4
Fra:1 Mem:141.58M (Peak 202.05M) | Time:00:00.11 | Mem:0.00M, Peak:0.00M | Scene, ViewLayer | Initializing
Fra:1 Mem:102.24M (Peak 202.05M) | Time:00:00.11 | Mem:0.00M, Peak:0.00M | Scene, ViewLayer | Waiting for render to start
Fra:1 Mem:102.24M (Peak 202.05M) | Time:00:00.11 | Mem:0.00M, Peak:0.00M | Scene, ViewLayer | Loading render kernels (may take a few minutes the first time)
Fra:1 Mem:102.24M (Peak 202.05M) | Time:00:00.11 | Mem:0.00M, Peak:0.00M | Scene, ViewLayer | Updating Scene
Fra:1 Mem:102.24M (Peak 202.05M) | Time:00:00.11 | Mem:0.00M, Peak:0.00M | Scene, ViewLayer | Updating Shaders
Fra:1 Mem:102.74M (Peak 202.05M) | Time:00:00.15 | Mem:0.00M, Peak:0.00M | Scene, ViewLayer | Updating Procedurals
Fra:1 Mem:102.74M (Peak 202.05M) | Time:00:00.15 | Mem:0.00M, Peak:0.00M | Scene, ViewLayer | Updating Background
Fra:1 Mem:102.74M (Peak 202.05M) | Time:00:00.15 | Mem:0.00M, Peak:0.00M | Scene, ViewLayer | Updating Camera
Fra:1 Mem:102.74M (Peak 202.05M) | Time:00:00.15 | Mem:0.00M, Peak:0.00M | Scene, ViewLayer | Updating Meshes Flags
Fra:1 Mem:102.74M (Peak 202.05M) | Time:00:00.15 | Mem:0.00M, Peak:0.00M | Scene, ViewLayer | Updating Objects
Fra:1 Mem:102.74M (Peak 202.05M) | Time:00:00.15 | Mem:0.00M, Peak:0.00M | Scene, ViewLayer | Updating Objects | Copying Transformations to device
Fra:1 Mem:102.74M (Peak 202.05M) | Time:00:00.15 | Mem:0.00M, Peak:0.00M | Scene, ViewLayer | Updating Objects | Applying Static Transformations
Fra:1 Mem:102.74M (Peak 202.05M) | Time:00:00.15 | Mem:0.00M, Peak:0.00M | Scene, ViewLayer | Updating Particle Systems
Fra:1 Mem:102.74M (Peak 202.05M) | Time:00:00.15 | Mem:0.00M, Peak:0.00M | Scene, ViewLayer | Updating Particle Systems | Copying Particles to device
Fra:1 Mem:102.74M (Peak 202.05M) | Time:00:00.15 | Mem:0.00M, Peak:0.00M | Scene, ViewLayer | Updating Meshes
Fra:1 Mem:106.23M (Peak 202.05M) | Time:00:00.16 | Mem:0.00M, Peak:0.00M | Scene, ViewLayer | Updating Mesh | Computing attributes
Fra:1 Mem:112.99M (Peak 202.05M) | Time:00:00.16 | Mem:0.00M, Peak:0.00M | Scene, ViewLayer | Updating Mesh | Copying Attributes to device
Fra:1 Mem:112.99M (Peak 202.05M) | Time:00:00.16 | Mem:6.77M, Peak:6.77M | Scene, ViewLayer | Updating Scene BVH | Building
Fra:1 Mem:112.99M (Peak 202.05M) | Time:00:00.16 | Mem:6.77M, Peak:6.77M | Scene, ViewLayer | Updating Scene BVH | Building BVH
Fra:1 Mem:112.99M (Peak 202.05M) | Time:00:00.16 | Mem:18.93M, Peak:18.93M | Scene, ViewLayer | Updating Scene BVH | Building BVH 0%
Fra:1 Mem:112.99M (Peak 202.05M) | Time:00:00.17 | Mem:26.19M, Peak:34.19M | Scene, ViewLayer | Updating Scene BVH | Copying BVH to device
Fra:1 Mem:112.99M (Peak 202.05M) | Time:00:00.17 | Mem:26.19M, Peak:34.19M | Scene, ViewLayer | Updating Mesh | Computing normals
Fra:1 Mem:128.62M (Peak 202.05M) | Time:00:00.17 | Mem:26.19M, Peak:34.19M | Scene, ViewLayer | Updating Mesh | Copying Mesh to device
Fra:1 Mem:128.62M (Peak 202.05M) | Time:00:00.17 | Mem:41.82M, Peak:41.82M | Scene, ViewLayer | Updating Objects Flags
Fra:1 Mem:128.62M (Peak 202.05M) | Time:00:00.17 | Mem:41.82M, Peak:41.82M | Scene, ViewLayer | Updating Primitive Offsets
Fra:1 Mem:128.62M (Peak 202.05M) | Time:00:00.17 | Mem:41.82M, Peak:41.82M | Scene, ViewLayer | Updating Images
Fra:1 Mem:128.62M (Peak 202.05M) | Time:00:00.17 | Mem:41.82M, Peak:41.82M | Scene, ViewLayer | Updating Images | Loading 00832.exr
Fra:1 Mem:128.75M (Peak 202.05M) | Time:00:00.17 | Mem:41.82M, Peak:41.82M | Scene, ViewLayer | Updating Images | Loading grooved_0103.jpg
Fra:1 Mem:129.55M (Peak 202.05M) | Time:00:00.19 | Mem:42.74M, Peak:42.74M | Scene, ViewLayer | Updating Camera Volume
Fra:1 Mem:129.55M (Peak 202.05M) | Time:00:00.19 | Mem:42.74M, Peak:42.74M | Scene, ViewLayer | Updating Lookup Tables
Fra:1 Mem:129.55M (Peak 202.05M) | Time:00:00.19 | Mem:42.99M, Peak:42.99M | Scene, ViewLayer | Updating Lights
Fra:1 Mem:129.55M (Peak 202.05M) | Time:00:00.19 | Mem:42.99M, Peak:42.99M | Scene, ViewLayer | Updating Lights | Computing distribution
Fra:1 Mem:129.55M (Peak 202.05M) | Time:00:00.19 | Mem:42.99M, Peak:42.99M | Scene, ViewLayer | Updating Lights | Importance map
Fra:1 Mem:193.58M (Peak 481.68M) | Time:00:00.33 | Mem:107.03M, Peak:267.00M | Scene, ViewLayer | Updating Integrator
Fra:1 Mem:193.59M (Peak 481.68M) | Time:00:00.33 | Mem:107.04M, Peak:267.00M | Scene, ViewLayer | Updating Film
Fra:1 Mem:193.60M (Peak 481.68M) | Time:00:00.33 | Mem:106.79M, Peak:267.00M | Scene, ViewLayer | Updating Lookup Tables
Fra:1 Mem:193.60M (Peak 481.68M) | Time:00:00.33 | Mem:107.04M, Peak:267.00M | Scene, ViewLayer | Updating Baking
Fra:1 Mem:193.60M (Peak 481.68M) | Time:00:00.33 | Mem:107.04M, Peak:267.00M | Scene, ViewLayer | Updating Device | Writing constant memory
Fra:1 Mem:193.60M (Peak 481.68M) | Time:00:00.33 | Mem:107.04M, Peak:267.00M | Scene, ViewLayer | Sample 0/32
Fra:1 Mem:212.69M (Peak 481.68M) | Time:00:00.34 | Remaining:00:00.22 | Mem:126.04M, Peak:267.00M | Scene, ViewLayer | Sample 1/32
Fra:1 Mem:220.69M (Peak 481.68M) | Time:00:00.59 | Mem:126.04M, Peak:267.00M | Scene, ViewLayer | Sample 32/32
Fra:1 Mem:220.69M (Peak 481.68M) | Time:00:00.59 | Mem:126.04M, Peak:267.00M | Scene, ViewLayer | Finished
Saved: '/home/janus/iwi9-datasets/objaverse-rendering/no_textures_5/a804ea3d188143869699ce7c9cda3a5f/000.png'
 Time: 00:00.78 (Saving: 00:00.18)

Fra:1 Mem:126.80M (Peak 157.56M) | Time:00:00.03 | Mem:0.00M, Peak:0.00M | Scene, ViewLayer | Synchronizing object | Object_2
Fra:1 Mem:126.80M (Peak 157.56M) | Time:00:00.03 | Mem:0.00M, Peak:0.00M | Scene, ViewLayer | Synchronizing object | Object_4
Fra:1 Mem:141.90M (Peak 202.37M) | Time:00:00.12 | Mem:0.00M, Peak:0.00M | Scene, ViewLayer | Initializing
Fra:1 Mem:102.56M (Peak 202.37M) | Time:00:00.12 | Mem:0.00M, Peak:0.00M | Scene, ViewLayer | Waiting for render to start
Fra:1 Mem:102.56M (Peak 202.37M) | Time:00:00.12 | Mem:0.00M, Peak:0.00M | Scene, ViewLayer | Loading render kernels (may take a few minutes the first time)
Fra:1 Mem:102.56M (Peak 202.37M) | Time:00:00.12 | Mem:0.00M, Peak:0.00M | Scene, ViewLayer | Updating Scene
Fra:1 Mem:102.56M (Peak 202.37M) | Time:00:00.12 | Mem:0.00M, Peak:0.00M | Scene, ViewLayer | Updating Shaders
Fra:1 Mem:102.81M (Peak 202.37M) | Time:00:00.12 | Mem:0.00M, Peak:0.00M | Scene, ViewLayer | Updating Procedurals
Fra:1 Mem:102.81M (Peak 202.37M) | Time:00:00.12 | Mem:0.00M, Peak:0.00M | Scene, ViewLayer | Updating Background
Fra:1 Mem:102.81M (Peak 202.37M) | Time:00:00.12 | Mem:0.00M, Peak:0.00M | Scene, ViewLayer | Updating Camera
Fra:1 Mem:102.81M (Peak 202.37M) | Time:00:00.12 | Mem:0.00M, Peak:0.00M | Scene, ViewLayer | Updating Meshes Flags
Fra:1 Mem:102.81M (Peak 202.37M) | Time:00:00.12 | Mem:0.00M, Peak:0.00M | Scene, ViewLayer | Updating Objects
Fra:1 Mem:102.81M (Peak 202.37M) | Time:00:00.12 | Mem:0.00M, Peak:0.00M | Scene, ViewLayer | Updating Objects | Copying Transformations to device
Fra:1 Mem:102.81M (Peak 202.37M) | Time:00:00.12 | Mem:0.00M, Peak:0.00M | Scene, ViewLayer | Updating Objects | Applying Static Transformations
Fra:1 Mem:102.81M (Peak 202.37M) | Time:00:00.12 | Mem:0.00M, Peak:0.00M | Scene, ViewLayer | Updating Particle Systems
Fra:1 Mem:102.81M (Peak 202.37M) | Time:00:00.12 | Mem:0.00M, Peak:0.00M | Scene, ViewLayer | Updating Particle Systems | Copying Particles to device
Fra:1 Mem:102.81M (Peak 202.37M) | Time:00:00.12 | Mem:0.00M, Peak:0.00M | Scene, ViewLayer | Updating Meshes
Fra:1 Mem:106.30M (Peak 202.37M) | Time:00:00.13 | Mem:0.00M, Peak:0.00M | Scene, ViewLayer | Updating Mesh | Computing attributes
Fra:1 Mem:113.06M (Peak 202.37M) | Time:00:00.13 | Mem:0.00M, Peak:0.00M | Scene, ViewLayer | Updating Mesh | Copying Attributes to device
Fra:1 Mem:113.06M (Peak 202.37M) | Time:00:00.13 | Mem:6.77M, Peak:6.77M | Scene, ViewLayer | Updating Scene BVH | Building
Fra:1 Mem:113.06M (Peak 202.37M) | Time:00:00.13 | Mem:6.77M, Peak:6.77M | Scene, ViewLayer | Updating Scene BVH | Building BVH
Fra:1 Mem:113.06M (Peak 202.37M) | Time:00:00.13 | Mem:18.93M, Peak:18.93M | Scene, ViewLayer | Updating Scene BVH | Building BVH 0%
Fra:1 Mem:113.06M (Peak 202.37M) | Time:00:00.14 | Mem:26.19M, Peak:34.19M | Scene, ViewLayer | Updating Scene BVH | Copying BVH to device
Fra:1 Mem:113.06M (Peak 202.37M) | Time:00:00.14 | Mem:26.19M, Peak:34.19M | Scene, ViewLayer | Updating Mesh | Computing normals
Fra:1 Mem:128.69M (Peak 202.37M) | Time:00:00.14 | Mem:26.19M, Peak:34.19M | Scene, ViewLayer | Updating Mesh | Copying Mesh to device
Fra:1 Mem:128.69M (Peak 202.37M) | Time:00:00.14 | Mem:41.82M, Peak:41.82M | Scene, ViewLayer | Updating Objects Flags
Fra:1 Mem:128.69M (Peak 202.37M) | Time:00:00.14 | Mem:41.82M, Peak:41.82M | Scene, ViewLayer | Updating Primitive Offsets
Fra:1 Mem:128.69M (Peak 202.37M) | Time:00:00.14 | Mem:41.82M, Peak:41.82M | Scene, ViewLayer | Updating Images
Fra:1 Mem:128.69M (Peak 202.37M) | Time:00:00.14 | Mem:41.82M, Peak:41.82M | Scene, ViewLayer | Updating Images | Loading 00832.exr
Fra:1 Mem:128.82M (Peak 202.37M) | Time:00:00.14 | Mem:41.82M, Peak:41.82M | Scene, ViewLayer | Updating Images | Loading flecked_0123.jpg
Fra:1 Mem:129.50M (Peak 202.37M) | Time:00:00.14 | Mem:42.62M, Peak:42.62M | Scene, ViewLayer | Updating Camera Volume
Fra:1 Mem:129.50M (Peak 202.37M) | Time:00:00.14 | Mem:42.62M, Peak:42.62M | Scene, ViewLayer | Updating Lookup Tables
Fra:1 Mem:129.50M (Peak 202.37M) | Time:00:00.14 | Mem:42.87M, Peak:42.87M | Scene, ViewLayer | Updating Lights
Fra:1 Mem:129.50M (Peak 202.37M) | Time:00:00.14 | Mem:42.87M, Peak:42.87M | Scene, ViewLayer | Updating Lights | Computing distribution
Fra:1 Mem:129.50M (Peak 202.37M) | Time:00:00.14 | Mem:42.87M, Peak:42.87M | Scene, ViewLayer | Updating Lights | Importance map
Fra:1 Mem:193.53M (Peak 481.63M) | Time:00:00.28 | Mem:106.91M, Peak:266.88M | Scene, ViewLayer | Updating Integrator
Fra:1 Mem:193.54M (Peak 481.63M) | Time:00:00.28 | Mem:106.92M, Peak:266.88M | Scene, ViewLayer | Updating Film
Fra:1 Mem:193.54M (Peak 481.63M) | Time:00:00.28 | Mem:106.67M, Peak:266.88M | Scene, ViewLayer | Updating Lookup Tables
Fra:1 Mem:193.54M (Peak 481.63M) | Time:00:00.28 | Mem:106.92M, Peak:266.88M | Scene, ViewLayer | Updating Baking
Fra:1 Mem:193.54M (Peak 481.63M) | Time:00:00.28 | Mem:106.92M, Peak:266.88M | Scene, ViewLayer | Updating Device | Writing constant memory
Fra:1 Mem:193.55M (Peak 481.63M) | Time:00:00.28 | Mem:106.92M, Peak:266.88M | Scene, ViewLayer | Sample 0/32
Fra:1 Mem:212.63M (Peak 481.63M) | Time:00:00.29 | Remaining:00:00.23 | Mem:125.92M, Peak:266.88M | Scene, ViewLayer | Sample 1/32
Fra:1 Mem:220.63M (Peak 481.63M) | Time:00:00.53 | Mem:125.92M, Peak:266.88M | Scene, ViewLayer | Sample 32/32
Fra:1 Mem:220.63M (Peak 481.63M) | Time:00:00.53 | Mem:125.92M, Peak:266.88M | Scene, ViewLayer | Finished
Saved: '/home/janus/iwi9-datasets/objaverse-rendering/no_textures_5/a804ea3d188143869699ce7c9cda3a5f/001.png'
 Time: 00:00.57 (Saving: 00:00.03)

Fra:1 Mem:126.87M (Peak 157.68M) | Time:00:00.03 | Mem:0.00M, Peak:0.00M | Scene, ViewLayer | Synchronizing object | Object_2
Fra:1 Mem:127.87M (Peak 157.68M) | Time:00:00.03 | Mem:0.00M, Peak:0.00M | Scene, ViewLayer | Synchronizing object | Object_4
Fra:1 Mem:141.97M (Peak 202.43M) | Time:00:00.11 | Mem:0.00M, Peak:0.00M | Scene, ViewLayer | Initializing
Fra:1 Mem:102.63M (Peak 202.43M) | Time:00:00.11 | Mem:0.00M, Peak:0.00M | Scene, ViewLayer | Waiting for render to start
Fra:1 Mem:102.63M (Peak 202.43M) | Time:00:00.11 | Mem:0.00M, Peak:0.00M | Scene, ViewLayer | Loading render kernels (may take a few minutes the first time)
Fra:1 Mem:102.63M (Peak 202.43M) | Time:00:00.11 | Mem:0.00M, Peak:0.00M | Scene, ViewLayer | Updating Scene
Fra:1 Mem:102.63M (Peak 202.43M) | Time:00:00.11 | Mem:0.00M, Peak:0.00M | Scene, ViewLayer | Updating Shaders
Fra:1 Mem:102.88M (Peak 202.43M) | Time:00:00.11 | Mem:0.00M, Peak:0.00M | Scene, ViewLayer | Updating Procedurals
Fra:1 Mem:102.88M (Peak 202.43M) | Time:00:00.11 | Mem:0.00M, Peak:0.00M | Scene, ViewLayer | Updating Background
Fra:1 Mem:102.88M (Peak 202.43M) | Time:00:00.11 | Mem:0.00M, Peak:0.00M | Scene, ViewLayer | Updating Camera
Fra:1 Mem:102.88M (Peak 202.43M) | Time:00:00.11 | Mem:0.00M, Peak:0.00M | Scene, ViewLayer | Updating Meshes Flags
Fra:1 Mem:102.88M (Peak 202.43M) | Time:00:00.11 | Mem:0.00M, Peak:0.00M | Scene, ViewLayer | Updating Objects
Fra:1 Mem:102.88M (Peak 202.43M) | Time:00:00.11 | Mem:0.00M, Peak:0.00M | Scene, ViewLayer | Updating Objects | Copying Transformations to device
Fra:1 Mem:102.88M (Peak 202.43M) | Time:00:00.11 | Mem:0.00M, Peak:0.00M | Scene, ViewLayer | Updating Objects | Applying Static Transformations
Fra:1 Mem:102.88M (Peak 202.43M) | Time:00:00.11 | Mem:0.00M, Peak:0.00M | Scene, ViewLayer | Updating Particle Systems
Fra:1 Mem:102.88M (Peak 202.43M) | Time:00:00.11 | Mem:0.00M, Peak:0.00M | Scene, ViewLayer | Updating Particle Systems | Copying Particles to device
Fra:1 Mem:102.88M (Peak 202.43M) | Time:00:00.11 | Mem:0.00M, Peak:0.00M | Scene, ViewLayer | Updating Meshes
Fra:1 Mem:106.36M (Peak 202.43M) | Time:00:00.12 | Mem:0.00M, Peak:0.00M | Scene, ViewLayer | Updating Mesh | Computing attributes
Fra:1 Mem:113.13M (Peak 202.43M) | Time:00:00.12 | Mem:0.00M, Peak:0.00M | Scene, ViewLayer | Updating Mesh | Copying Attributes to device
Fra:1 Mem:113.13M (Peak 202.43M) | Time:00:00.12 | Mem:6.77M, Peak:6.77M | Scene, ViewLayer | Updating Scene BVH | Building
Fra:1 Mem:113.13M (Peak 202.43M) | Time:00:00.12 | Mem:6.77M, Peak:6.77M | Scene, ViewLayer | Updating Scene BVH | Building BVH
Fra:1 Mem:113.13M (Peak 202.43M) | Time:00:00.12 | Mem:18.93M, Peak:18.93M | Scene, ViewLayer | Updating Scene BVH | Building BVH 0%
Fra:1 Mem:113.13M (Peak 202.43M) | Time:00:00.13 | Mem:26.19M, Peak:34.19M | Scene, ViewLayer | Updating Scene BVH | Copying BVH to device
Fra:1 Mem:113.13M (Peak 202.43M) | Time:00:00.13 | Mem:26.19M, Peak:34.19M | Scene, ViewLayer | Updating Mesh | Computing normals
Fra:1 Mem:128.76M (Peak 202.43M) | Time:00:00.13 | Mem:26.19M, Peak:34.19M | Scene, ViewLayer | Updating Mesh | Copying Mesh to device
Fra:1 Mem:128.76M (Peak 202.43M) | Time:00:00.13 | Mem:41.82M, Peak:41.82M | Scene, ViewLayer | Updating Objects Flags
Fra:1 Mem:128.76M (Peak 202.43M) | Time:00:00.13 | Mem:41.82M, Peak:41.82M | Scene, ViewLayer | Updating Primitive Offsets
Fra:1 Mem:128.76M (Peak 202.43M) | Time:00:00.13 | Mem:41.82M, Peak:41.82M | Scene, ViewLayer | Updating Images
Fra:1 Mem:128.76M (Peak 202.43M) | Time:00:00.13 | Mem:41.82M, Peak:41.82M | Scene, ViewLayer | Updating Images | Loading 00832.exr
Fra:1 Mem:128.89M (Peak 202.43M) | Time:00:00.13 | Mem:41.82M, Peak:41.82M | Scene, ViewLayer | Updating Images | Loading grooved_0001.jpg
Fra:1 Mem:130.44M (Peak 202.43M) | Time:00:00.14 | Mem:43.48M, Peak:43.48M | Scene, ViewLayer | Updating Camera Volume
Fra:1 Mem:130.44M (Peak 202.43M) | Time:00:00.14 | Mem:43.48M, Peak:43.48M | Scene, ViewLayer | Updating Lookup Tables
Fra:1 Mem:130.44M (Peak 202.43M) | Time:00:00.14 | Mem:43.73M, Peak:43.73M | Scene, ViewLayer | Updating Lights
Fra:1 Mem:130.44M (Peak 202.43M) | Time:00:00.14 | Mem:43.73M, Peak:43.73M | Scene, ViewLayer | Updating Lights | Computing distribution
Fra:1 Mem:130.44M (Peak 202.43M) | Time:00:00.14 | Mem:43.73M, Peak:43.73M | Scene, ViewLayer | Updating Lights | Importance map
Fra:1 Mem:194.47M (Peak 482.56M) | Time:00:00.28 | Mem:107.78M, Peak:267.75M | Scene, ViewLayer | Updating Integrator
Fra:1 Mem:194.47M (Peak 482.56M) | Time:00:00.28 | Mem:107.78M, Peak:267.75M | Scene, ViewLayer | Updating Film
Fra:1 Mem:194.48M (Peak 482.56M) | Time:00:00.28 | Mem:107.53M, Peak:267.75M | Scene, ViewLayer | Updating Lookup Tables
Fra:1 Mem:194.48M (Peak 482.56M) | Time:00:00.28 | Mem:107.79M, Peak:267.75M | Scene, ViewLayer | Updating Baking
Fra:1 Mem:194.48M (Peak 482.56M) | Time:00:00.28 | Mem:107.79M, Peak:267.75M | Scene, ViewLayer | Updating Device | Writing constant memory
Fra:1 Mem:194.48M (Peak 482.56M) | Time:00:00.28 | Mem:107.79M, Peak:267.75M | Scene, ViewLayer | Sample 0/32
Fra:1 Mem:213.57M (Peak 482.56M) | Time:00:00.28 | Remaining:00:00.23 | Mem:126.79M, Peak:267.75M | Scene, ViewLayer | Sample 1/32
Fra:1 Mem:221.57M (Peak 482.56M) | Time:00:00.55 | Mem:126.79M, Peak:267.75M | Scene, ViewLayer | Sample 32/32
Fra:1 Mem:221.57M (Peak 482.56M) | Time:00:00.55 | Mem:126.79M, Peak:267.75M | Scene, ViewLayer | Finished
Saved: '/home/janus/iwi9-datasets/objaverse-rendering/no_textures_5/a804ea3d188143869699ce7c9cda3a5f/002.png'
 Time: 00:00.59 (Saving: 00:00.03)

Fra:1 Mem:126.94M (Peak 157.81M) | Time:00:00.03 | Mem:0.00M, Peak:0.00M | Scene, ViewLayer | Synchronizing object | Object_4
Fra:1 Mem:127.11M (Peak 157.81M) | Time:00:00.03 | Mem:0.00M, Peak:0.00M | Scene, ViewLayer | Synchronizing object | Object_3
Fra:1 Mem:142.04M (Peak 202.50M) | Time:00:00.11 | Mem:0.00M, Peak:0.00M | Scene, ViewLayer | Initializing
Fra:1 Mem:102.69M (Peak 202.50M) | Time:00:00.11 | Mem:0.00M, Peak:0.00M | Scene, ViewLayer | Waiting for render to start
Fra:1 Mem:102.70M (Peak 202.50M) | Time:00:00.11 | Mem:0.00M, Peak:0.00M | Scene, ViewLayer | Loading render kernels (may take a few minutes the first time)
Fra:1 Mem:102.70M (Peak 202.50M) | Time:00:00.11 | Mem:0.00M, Peak:0.00M | Scene, ViewLayer | Updating Scene
Fra:1 Mem:102.70M (Peak 202.50M) | Time:00:00.11 | Mem:0.00M, Peak:0.00M | Scene, ViewLayer | Updating Shaders
Fra:1 Mem:102.95M (Peak 202.50M) | Time:00:00.11 | Mem:0.00M, Peak:0.00M | Scene, ViewLayer | Updating Procedurals
Fra:1 Mem:102.95M (Peak 202.50M) | Time:00:00.11 | Mem:0.00M, Peak:0.00M | Scene, ViewLayer | Updating Background
Fra:1 Mem:102.95M (Peak 202.50M) | Time:00:00.11 | Mem:0.00M, Peak:0.00M | Scene, ViewLayer | Updating Camera
Fra:1 Mem:102.95M (Peak 202.50M) | Time:00:00.11 | Mem:0.00M, Peak:0.00M | Scene, ViewLayer | Updating Meshes Flags
Fra:1 Mem:102.95M (Peak 202.50M) | Time:00:00.11 | Mem:0.00M, Peak:0.00M | Scene, ViewLayer | Updating Objects
Fra:1 Mem:102.95M (Peak 202.50M) | Time:00:00.11 | Mem:0.00M, Peak:0.00M | Scene, ViewLayer | Updating Objects | Copying Transformations to device
Fra:1 Mem:102.95M (Peak 202.50M) | Time:00:00.11 | Mem:0.00M, Peak:0.00M | Scene, ViewLayer | Updating Objects | Applying Static Transformations
Fra:1 Mem:102.95M (Peak 202.50M) | Time:00:00.11 | Mem:0.00M, Peak:0.00M | Scene, ViewLayer | Updating Particle Systems
Fra:1 Mem:102.95M (Peak 202.50M) | Time:00:00.11 | Mem:0.00M, Peak:0.00M | Scene, ViewLayer | Updating Particle Systems | Copying Particles to device
Fra:1 Mem:102.95M (Peak 202.50M) | Time:00:00.11 | Mem:0.00M, Peak:0.00M | Scene, ViewLayer | Updating Meshes
Fra:1 Mem:106.43M (Peak 202.50M) | Time:00:00.12 | Mem:0.00M, Peak:0.00M | Scene, ViewLayer | Updating Mesh | Computing attributes
Fra:1 Mem:113.20M (Peak 202.50M) | Time:00:00.12 | Mem:0.00M, Peak:0.00M | Scene, ViewLayer | Updating Mesh | Copying Attributes to device
Fra:1 Mem:113.20M (Peak 202.50M) | Time:00:00.12 | Mem:6.77M, Peak:6.77M | Scene, ViewLayer | Updating Scene BVH | Building
Fra:1 Mem:113.20M (Peak 202.50M) | Time:00:00.12 | Mem:6.77M, Peak:6.77M | Scene, ViewLayer | Updating Scene BVH | Building BVH
Fra:1 Mem:113.20M (Peak 202.50M) | Time:00:00.12 | Mem:18.93M, Peak:18.93M | Scene, ViewLayer | Updating Scene BVH | Building BVH 0%
Fra:1 Mem:113.20M (Peak 202.50M) | Time:00:00.13 | Mem:26.19M, Peak:34.19M | Scene, ViewLayer | Updating Scene BVH | Copying BVH to device
Fra:1 Mem:113.20M (Peak 202.50M) | Time:00:00.13 | Mem:26.19M, Peak:34.19M | Scene, ViewLayer | Updating Mesh | Computing normals
Fra:1 Mem:128.83M (Peak 202.50M) | Time:00:00.13 | Mem:26.19M, Peak:34.19M | Scene, ViewLayer | Updating Mesh | Copying Mesh to device
Fra:1 Mem:128.83M (Peak 202.50M) | Time:00:00.13 | Mem:41.82M, Peak:41.82M | Scene, ViewLayer | Updating Objects Flags
Fra:1 Mem:128.83M (Peak 202.50M) | Time:00:00.13 | Mem:41.82M, Peak:41.82M | Scene, ViewLayer | Updating Primitive Offsets
Fra:1 Mem:128.83M (Peak 202.50M) | Time:00:00.13 | Mem:41.82M, Peak:41.82M | Scene, ViewLayer | Updating Images
Fra:1 Mem:128.83M (Peak 202.50M) | Time:00:00.13 | Mem:41.82M, Peak:41.82M | Scene, ViewLayer | Updating Images | Loading 00832.exr
Fra:1 Mem:128.95M (Peak 202.50M) | Time:00:00.13 | Mem:41.82M, Peak:41.82M | Scene, ViewLayer | Updating Images | Loading smeared_0028.jpg
Fra:1 Mem:129.93M (Peak 202.50M) | Time:00:00.14 | Mem:42.91M, Peak:42.91M | Scene, ViewLayer | Updating Camera Volume
Fra:1 Mem:129.93M (Peak 202.50M) | Time:00:00.14 | Mem:42.91M, Peak:42.91M | Scene, ViewLayer | Updating Lookup Tables
Fra:1 Mem:129.93M (Peak 202.50M) | Time:00:00.14 | Mem:43.16M, Peak:43.16M | Scene, ViewLayer | Updating Lights
Fra:1 Mem:129.93M (Peak 202.50M) | Time:00:00.14 | Mem:43.16M, Peak:43.16M | Scene, ViewLayer | Updating Lights | Computing distribution
Fra:1 Mem:129.93M (Peak 202.50M) | Time:00:00.14 | Mem:43.16M, Peak:43.16M | Scene, ViewLayer | Updating Lights | Importance map
Fra:1 Mem:193.96M (Peak 482.06M) | Time:00:00.28 | Mem:107.21M, Peak:267.17M | Scene, ViewLayer | Updating Integrator
Fra:1 Mem:193.97M (Peak 482.06M) | Time:00:00.28 | Mem:107.21M, Peak:267.17M | Scene, ViewLayer | Updating Film
Fra:1 Mem:193.97M (Peak 482.06M) | Time:00:00.28 | Mem:106.96M, Peak:267.17M | Scene, ViewLayer | Updating Lookup Tables
Fra:1 Mem:193.97M (Peak 482.06M) | Time:00:00.28 | Mem:107.22M, Peak:267.17M | Scene, ViewLayer | Updating Baking
Fra:1 Mem:193.97M (Peak 482.06M) | Time:00:00.28 | Mem:107.22M, Peak:267.17M | Scene, ViewLayer | Updating Device | Writing constant memory
Fra:1 Mem:193.97M (Peak 482.06M) | Time:00:00.28 | Mem:107.22M, Peak:267.17M | Scene, ViewLayer | Sample 0/32
Fra:1 Mem:213.06M (Peak 482.06M) | Time:00:00.28 | Remaining:00:00.23 | Mem:126.22M, Peak:267.17M | Scene, ViewLayer | Sample 1/32
Fra:1 Mem:221.06M (Peak 482.06M) | Time:00:00.53 | Mem:126.22M, Peak:267.17M | Scene, ViewLayer | Sample 32/32
Fra:1 Mem:221.06M (Peak 482.06M) | Time:00:00.53 | Mem:126.22M, Peak:267.17M | Scene, ViewLayer | Finished
Saved: '/home/janus/iwi9-datasets/objaverse-rendering/no_textures_5/a804ea3d188143869699ce7c9cda3a5f/003.png'
 Time: 00:00.57 (Saving: 00:00.03)

Fra:1 Mem:127.01M (Peak 157.99M) | Time:00:00.03 | Mem:0.00M, Peak:0.00M | Scene, ViewLayer | Synchronizing object | Object_2
Fra:1 Mem:128.01M (Peak 157.99M) | Time:00:00.03 | Mem:0.00M, Peak:0.00M | Scene, ViewLayer | Synchronizing object | Object_4
Fra:1 Mem:142.10M (Peak 202.57M) | Time:00:00.11 | Mem:0.00M, Peak:0.00M | Scene, ViewLayer | Initializing
Fra:1 Mem:102.76M (Peak 202.57M) | Time:00:00.11 | Mem:0.00M, Peak:0.00M | Scene, ViewLayer | Waiting for render to start
Fra:1 Mem:102.76M (Peak 202.57M) | Time:00:00.11 | Mem:0.00M, Peak:0.00M | Scene, ViewLayer | Loading render kernels (may take a few minutes the first time)
Fra:1 Mem:102.76M (Peak 202.57M) | Time:00:00.11 | Mem:0.00M, Peak:0.00M | Scene, ViewLayer | Updating Scene
Fra:1 Mem:102.76M (Peak 202.57M) | Time:00:00.11 | Mem:0.00M, Peak:0.00M | Scene, ViewLayer | Updating Shaders
Fra:1 Mem:103.02M (Peak 202.57M) | Time:00:00.11 | Mem:0.00M, Peak:0.00M | Scene, ViewLayer | Updating Procedurals
Fra:1 Mem:103.02M (Peak 202.57M) | Time:00:00.11 | Mem:0.00M, Peak:0.00M | Scene, ViewLayer | Updating Background
Fra:1 Mem:103.02M (Peak 202.57M) | Time:00:00.11 | Mem:0.00M, Peak:0.00M | Scene, ViewLayer | Updating Camera
Fra:1 Mem:103.02M (Peak 202.57M) | Time:00:00.11 | Mem:0.00M, Peak:0.00M | Scene, ViewLayer | Updating Meshes Flags
Fra:1 Mem:103.02M (Peak 202.57M) | Time:00:00.11 | Mem:0.00M, Peak:0.00M | Scene, ViewLayer | Updating Objects
Fra:1 Mem:103.02M (Peak 202.57M) | Time:00:00.11 | Mem:0.00M, Peak:0.00M | Scene, ViewLayer | Updating Objects | Copying Transformations to device
Fra:1 Mem:103.02M (Peak 202.57M) | Time:00:00.11 | Mem:0.00M, Peak:0.00M | Scene, ViewLayer | Updating Objects | Applying Static Transformations
Fra:1 Mem:103.02M (Peak 202.57M) | Time:00:00.11 | Mem:0.00M, Peak:0.00M | Scene, ViewLayer | Updating Particle Systems
Fra:1 Mem:103.02M (Peak 202.57M) | Time:00:00.11 | Mem:0.00M, Peak:0.00M | Scene, ViewLayer | Updating Particle Systems | Copying Particles to device
Fra:1 Mem:103.02M (Peak 202.57M) | Time:00:00.11 | Mem:0.00M, Peak:0.00M | Scene, ViewLayer | Updating Meshes
Fra:1 Mem:106.50M (Peak 202.57M) | Time:00:00.12 | Mem:0.00M, Peak:0.00M | Scene, ViewLayer | Updating Mesh | Computing attributes
Fra:1 Mem:113.27M (Peak 202.57M) | Time:00:00.12 | Mem:0.00M, Peak:0.00M | Scene, ViewLayer | Updating Mesh | Copying Attributes to device
Fra:1 Mem:113.27M (Peak 202.57M) | Time:00:00.12 | Mem:6.77M, Peak:6.77M | Scene, ViewLayer | Updating Scene BVH | Building
Fra:1 Mem:113.27M (Peak 202.57M) | Time:00:00.12 | Mem:6.77M, Peak:6.77M | Scene, ViewLayer | Updating Scene BVH | Building BVH
Fra:1 Mem:113.27M (Peak 202.57M) | Time:00:00.12 | Mem:18.93M, Peak:18.93M | Scene, ViewLayer | Updating Scene BVH | Building BVH 0%
Fra:1 Mem:113.27M (Peak 202.57M) | Time:00:00.13 | Mem:26.19M, Peak:34.19M | Scene, ViewLayer | Updating Scene BVH | Copying BVH to device
Fra:1 Mem:113.27M (Peak 202.57M) | Time:00:00.13 | Mem:26.19M, Peak:34.19M | Scene, ViewLayer | Updating Mesh | Computing normals
Fra:1 Mem:128.90M (Peak 202.57M) | Time:00:00.13 | Mem:26.19M, Peak:34.19M | Scene, ViewLayer | Updating Mesh | Copying Mesh to device
Fra:1 Mem:128.90M (Peak 202.57M) | Time:00:00.13 | Mem:41.82M, Peak:41.82M | Scene, ViewLayer | Updating Objects Flags
Fra:1 Mem:128.90M (Peak 202.57M) | Time:00:00.13 | Mem:41.82M, Peak:41.82M | Scene, ViewLayer | Updating Primitive Offsets
Fra:1 Mem:128.90M (Peak 202.57M) | Time:00:00.13 | Mem:41.82M, Peak:41.82M | Scene, ViewLayer | Updating Images
Fra:1 Mem:128.90M (Peak 202.57M) | Time:00:00.13 | Mem:41.82M, Peak:41.82M | Scene, ViewLayer | Updating Images | Loading 00832.exr
Fra:1 Mem:129.02M (Peak 202.57M) | Time:00:00.13 | Mem:41.82M, Peak:41.82M | Scene, ViewLayer | Updating Images | Loading blotchy_0033.jpg
Fra:1 Mem:130.20M (Peak 202.57M) | Time:00:00.14 | Mem:43.12M, Peak:43.12M | Scene, ViewLayer | Updating Camera Volume
Fra:1 Mem:130.20M (Peak 202.57M) | Time:00:00.14 | Mem:43.12M, Peak:43.12M | Scene, ViewLayer | Updating Lookup Tables
Fra:1 Mem:130.20M (Peak 202.57M) | Time:00:00.14 | Mem:43.37M, Peak:43.37M | Scene, ViewLayer | Updating Lights
Fra:1 Mem:130.20M (Peak 202.57M) | Time:00:00.14 | Mem:43.37M, Peak:43.37M | Scene, ViewLayer | Updating Lights | Computing distribution
Fra:1 Mem:130.20M (Peak 202.57M) | Time:00:00.14 | Mem:43.37M, Peak:43.37M | Scene, ViewLayer | Updating Lights | Importance map
Fra:1 Mem:194.23M (Peak 482.33M) | Time:00:00.28 | Mem:107.41M, Peak:267.38M | Scene, ViewLayer | Updating Integrator
Fra:1 Mem:194.24M (Peak 482.33M) | Time:00:00.28 | Mem:107.42M, Peak:267.38M | Scene, ViewLayer | Updating Film
Fra:1 Mem:194.25M (Peak 482.33M) | Time:00:00.28 | Mem:107.17M, Peak:267.38M | Scene, ViewLayer | Updating Lookup Tables
Fra:1 Mem:194.25M (Peak 482.33M) | Time:00:00.28 | Mem:107.42M, Peak:267.38M | Scene, ViewLayer | Updating Baking
Fra:1 Mem:194.25M (Peak 482.33M) | Time:00:00.28 | Mem:107.42M, Peak:267.38M | Scene, ViewLayer | Updating Device | Writing constant memory
Fra:1 Mem:194.25M (Peak 482.33M) | Time:00:00.28 | Mem:107.42M, Peak:267.38M | Scene, ViewLayer | Sample 0/32
Fra:1 Mem:213.33M (Peak 482.33M) | Time:00:00.28 | Remaining:00:00.23 | Mem:126.42M, Peak:267.38M | Scene, ViewLayer | Sample 1/32
Fra:1 Mem:221.34M (Peak 482.33M) | Time:00:00.55 | Mem:126.42M, Peak:267.38M | Scene, ViewLayer | Sample 32/32
Fra:1 Mem:221.34M (Peak 482.33M) | Time:00:00.55 | Mem:126.42M, Peak:267.38M | Scene, ViewLayer | Finished
Saved: '/home/janus/iwi9-datasets/objaverse-rendering/no_textures_5/a804ea3d188143869699ce7c9cda3a5f/004.png'
 Time: 00:00.58 (Saving: 00:00.03)

Fra:1 Mem:127.08M (Peak 157.88M) | Time:00:00.03 | Mem:0.00M, Peak:0.00M | Scene, ViewLayer | Synchronizing object | Object_2
Fra:1 Mem:128.08M (Peak 157.88M) | Time:00:00.03 | Mem:0.00M, Peak:0.00M | Scene, ViewLayer | Synchronizing object | Object_4
Fra:1 Mem:142.18M (Peak 202.64M) | Time:00:00.11 | Mem:0.00M, Peak:0.00M | Scene, ViewLayer | Initializing
Fra:1 Mem:102.83M (Peak 202.64M) | Time:00:00.11 | Mem:0.00M, Peak:0.00M | Scene, ViewLayer | Waiting for render to start
Fra:1 Mem:102.84M (Peak 202.64M) | Time:00:00.11 | Mem:0.00M, Peak:0.00M | Scene, ViewLayer | Loading render kernels (may take a few minutes the first time)
Fra:1 Mem:102.84M (Peak 202.64M) | Time:00:00.11 | Mem:0.00M, Peak:0.00M | Scene, ViewLayer | Updating Scene
Fra:1 Mem:102.84M (Peak 202.64M) | Time:00:00.11 | Mem:0.00M, Peak:0.00M | Scene, ViewLayer | Updating Shaders
Fra:1 Mem:103.09M (Peak 202.64M) | Time:00:00.11 | Mem:0.00M, Peak:0.00M | Scene, ViewLayer | Updating Procedurals
Fra:1 Mem:103.09M (Peak 202.64M) | Time:00:00.11 | Mem:0.00M, Peak:0.00M | Scene, ViewLayer | Updating Background
Fra:1 Mem:103.09M (Peak 202.64M) | Time:00:00.11 | Mem:0.00M, Peak:0.00M | Scene, ViewLayer | Updating Camera
Fra:1 Mem:103.09M (Peak 202.64M) | Time:00:00.11 | Mem:0.00M, Peak:0.00M | Scene, ViewLayer | Updating Meshes Flags
Fra:1 Mem:103.09M (Peak 202.64M) | Time:00:00.11 | Mem:0.00M, Peak:0.00M | Scene, ViewLayer | Updating Objects
Fra:1 Mem:103.09M (Peak 202.64M) | Time:00:00.11 | Mem:0.00M, Peak:0.00M | Scene, ViewLayer | Updating Objects | Copying Transformations to device
Fra:1 Mem:103.09M (Peak 202.64M) | Time:00:00.11 | Mem:0.00M, Peak:0.00M | Scene, ViewLayer | Updating Objects | Applying Static Transformations
Fra:1 Mem:103.09M (Peak 202.64M) | Time:00:00.11 | Mem:0.00M, Peak:0.00M | Scene, ViewLayer | Updating Particle Systems
Fra:1 Mem:103.09M (Peak 202.64M) | Time:00:00.11 | Mem:0.00M, Peak:0.00M | Scene, ViewLayer | Updating Particle Systems | Copying Particles to device
Fra:1 Mem:103.09M (Peak 202.64M) | Time:00:00.11 | Mem:0.00M, Peak:0.00M | Scene, ViewLayer | Updating Meshes
Fra:1 Mem:106.57M (Peak 202.64M) | Time:00:00.12 | Mem:0.00M, Peak:0.00M | Scene, ViewLayer | Updating Mesh | Computing attributes
Fra:1 Mem:113.34M (Peak 202.64M) | Time:00:00.12 | Mem:0.00M, Peak:0.00M | Scene, ViewLayer | Updating Mesh | Copying Attributes to device
Fra:1 Mem:113.34M (Peak 202.64M) | Time:00:00.12 | Mem:6.77M, Peak:6.77M | Scene, ViewLayer | Updating Scene BVH | Building
Fra:1 Mem:113.34M (Peak 202.64M) | Time:00:00.12 | Mem:6.77M, Peak:6.77M | Scene, ViewLayer | Updating Scene BVH | Building BVH
Fra:1 Mem:113.34M (Peak 202.64M) | Time:00:00.12 | Mem:18.93M, Peak:18.93M | Scene, ViewLayer | Updating Scene BVH | Building BVH 0%
Fra:1 Mem:113.34M (Peak 202.64M) | Time:00:00.13 | Mem:26.19M, Peak:34.19M | Scene, ViewLayer | Updating Scene BVH | Copying BVH to device
Fra:1 Mem:113.34M (Peak 202.64M) | Time:00:00.13 | Mem:26.19M, Peak:34.19M | Scene, ViewLayer | Updating Mesh | Computing normals
Fra:1 Mem:128.97M (Peak 202.64M) | Time:00:00.13 | Mem:26.19M, Peak:34.19M | Scene, ViewLayer | Updating Mesh | Copying Mesh to device
Fra:1 Mem:128.97M (Peak 202.64M) | Time:00:00.13 | Mem:41.82M, Peak:41.82M | Scene, ViewLayer | Updating Objects Flags
Fra:1 Mem:128.97M (Peak 202.64M) | Time:00:00.13 | Mem:41.82M, Peak:41.82M | Scene, ViewLayer | Updating Primitive Offsets
Fra:1 Mem:128.97M (Peak 202.64M) | Time:00:00.13 | Mem:41.82M, Peak:41.82M | Scene, ViewLayer | Updating Images
Fra:1 Mem:128.97M (Peak 202.64M) | Time:00:00.13 | Mem:41.82M, Peak:41.82M | Scene, ViewLayer | Updating Images | Loading 00832.exr
Fra:1 Mem:129.09M (Peak 202.64M) | Time:00:00.13 | Mem:41.82M, Peak:41.82M | Scene, ViewLayer | Updating Images | Loading swirly_0165.jpg
Fra:1 Mem:129.53M (Peak 202.64M) | Time:00:00.13 | Mem:42.37M, Peak:42.37M | Scene, ViewLayer | Updating Camera Volume
Fra:1 Mem:129.53M (Peak 202.64M) | Time:00:00.13 | Mem:42.37M, Peak:42.37M | Scene, ViewLayer | Updating Lookup Tables
Fra:1 Mem:129.53M (Peak 202.64M) | Time:00:00.13 | Mem:42.62M, Peak:42.62M | Scene, ViewLayer | Updating Lights
Fra:1 Mem:129.53M (Peak 202.64M) | Time:00:00.13 | Mem:42.62M, Peak:42.62M | Scene, ViewLayer | Updating Lights | Computing distribution
Fra:1 Mem:129.53M (Peak 202.64M) | Time:00:00.13 | Mem:42.62M, Peak:42.62M | Scene, ViewLayer | Updating Lights | Importance map
Fra:1 Mem:193.56M (Peak 481.65M) | Time:00:00.27 | Mem:106.66M, Peak:266.63M | Scene, ViewLayer | Updating Integrator
Fra:1 Mem:193.57M (Peak 481.65M) | Time:00:00.27 | Mem:106.67M, Peak:266.63M | Scene, ViewLayer | Updating Film
Fra:1 Mem:193.57M (Peak 481.65M) | Time:00:00.27 | Mem:106.42M, Peak:266.63M | Scene, ViewLayer | Updating Lookup Tables
Fra:1 Mem:193.57M (Peak 481.65M) | Time:00:00.27 | Mem:106.67M, Peak:266.63M | Scene, ViewLayer | Updating Baking
Fra:1 Mem:193.57M (Peak 481.65M) | Time:00:00.27 | Mem:106.67M, Peak:266.63M | Scene, ViewLayer | Updating Device | Writing constant memory
Fra:1 Mem:193.57M (Peak 481.65M) | Time:00:00.27 | Mem:106.67M, Peak:266.63M | Scene, ViewLayer | Sample 0/32
Fra:1 Mem:212.66M (Peak 481.65M) | Time:00:00.28 | Remaining:00:00.22 | Mem:125.67M, Peak:266.63M | Scene, ViewLayer | Sample 1/32
Fra:1 Mem:220.66M (Peak 481.65M) | Time:00:00.51 | Mem:125.67M, Peak:266.63M | Scene, ViewLayer | Sample 32/32
Fra:1 Mem:220.66M (Peak 481.65M) | Time:00:00.51 | Mem:125.67M, Peak:266.63M | Scene, ViewLayer | Finished
Saved: '/home/janus/iwi9-datasets/objaverse-rendering/no_textures_5/a804ea3d188143869699ce7c9cda3a5f/005.png'
 Time: 00:00.55 (Saving: 00:00.03)

Fra:1 Mem:127.14M (Peak 158.01M) | Time:00:00.03 | Mem:0.00M, Peak:0.00M | Scene, ViewLayer | Synchronizing object | Object_2
Fra:1 Mem:128.15M (Peak 158.01M) | Time:00:00.03 | Mem:0.00M, Peak:0.00M | Scene, ViewLayer | Synchronizing object | Object_4
Fra:1 Mem:142.24M (Peak 202.71M) | Time:00:00.11 | Mem:0.00M, Peak:0.00M | Scene, ViewLayer | Initializing
Fra:1 Mem:102.90M (Peak 202.71M) | Time:00:00.11 | Mem:0.00M, Peak:0.00M | Scene, ViewLayer | Waiting for render to start
Fra:1 Mem:102.90M (Peak 202.71M) | Time:00:00.11 | Mem:0.00M, Peak:0.00M | Scene, ViewLayer | Loading render kernels (may take a few minutes the first time)
Fra:1 Mem:102.90M (Peak 202.71M) | Time:00:00.11 | Mem:0.00M, Peak:0.00M | Scene, ViewLayer | Updating Scene
Fra:1 Mem:102.90M (Peak 202.71M) | Time:00:00.11 | Mem:0.00M, Peak:0.00M | Scene, ViewLayer | Updating Shaders
Fra:1 Mem:103.15M (Peak 202.71M) | Time:00:00.12 | Mem:0.00M, Peak:0.00M | Scene, ViewLayer | Updating Procedurals
Fra:1 Mem:103.15M (Peak 202.71M) | Time:00:00.12 | Mem:0.00M, Peak:0.00M | Scene, ViewLayer | Updating Background
Fra:1 Mem:103.15M (Peak 202.71M) | Time:00:00.12 | Mem:0.00M, Peak:0.00M | Scene, ViewLayer | Updating Camera
Fra:1 Mem:103.15M (Peak 202.71M) | Time:00:00.12 | Mem:0.00M, Peak:0.00M | Scene, ViewLayer | Updating Meshes Flags
Fra:1 Mem:103.15M (Peak 202.71M) | Time:00:00.12 | Mem:0.00M, Peak:0.00M | Scene, ViewLayer | Updating Objects
Fra:1 Mem:103.15M (Peak 202.71M) | Time:00:00.12 | Mem:0.00M, Peak:0.00M | Scene, ViewLayer | Updating Objects | Copying Transformations to device
Fra:1 Mem:103.16M (Peak 202.71M) | Time:00:00.12 | Mem:0.00M, Peak:0.00M | Scene, ViewLayer | Updating Objects | Applying Static Transformations
Fra:1 Mem:103.16M (Peak 202.71M) | Time:00:00.12 | Mem:0.00M, Peak:0.00M | Scene, ViewLayer | Updating Particle Systems
Fra:1 Mem:103.16M (Peak 202.71M) | Time:00:00.12 | Mem:0.00M, Peak:0.00M | Scene, ViewLayer | Updating Particle Systems | Copying Particles to device
Fra:1 Mem:103.16M (Peak 202.71M) | Time:00:00.12 | Mem:0.00M, Peak:0.00M | Scene, ViewLayer | Updating Meshes
Fra:1 Mem:106.64M (Peak 202.71M) | Time:00:00.12 | Mem:0.00M, Peak:0.00M | Scene, ViewLayer | Updating Mesh | Computing attributes
Fra:1 Mem:113.40M (Peak 202.71M) | Time:00:00.12 | Mem:0.00M, Peak:0.00M | Scene, ViewLayer | Updating Mesh | Copying Attributes to device
Fra:1 Mem:113.40M (Peak 202.71M) | Time:00:00.12 | Mem:6.77M, Peak:6.77M | Scene, ViewLayer | Updating Scene BVH | Building
Fra:1 Mem:113.40M (Peak 202.71M) | Time:00:00.12 | Mem:6.77M, Peak:6.77M | Scene, ViewLayer | Updating Scene BVH | Building BVH
Fra:1 Mem:113.40M (Peak 202.71M) | Time:00:00.12 | Mem:18.93M, Peak:18.93M | Scene, ViewLayer | Updating Scene BVH | Building BVH 0%
Fra:1 Mem:113.40M (Peak 202.71M) | Time:00:00.13 | Mem:26.19M, Peak:34.19M | Scene, ViewLayer | Updating Scene BVH | Copying BVH to device
Fra:1 Mem:113.40M (Peak 202.71M) | Time:00:00.13 | Mem:26.19M, Peak:34.19M | Scene, ViewLayer | Updating Mesh | Computing normals
Fra:1 Mem:129.03M (Peak 202.71M) | Time:00:00.13 | Mem:26.19M, Peak:34.19M | Scene, ViewLayer | Updating Mesh | Copying Mesh to device
Fra:1 Mem:129.03M (Peak 202.71M) | Time:00:00.13 | Mem:41.82M, Peak:41.82M | Scene, ViewLayer | Updating Objects Flags
Fra:1 Mem:129.03M (Peak 202.71M) | Time:00:00.13 | Mem:41.82M, Peak:41.82M | Scene, ViewLayer | Updating Primitive Offsets
Fra:1 Mem:129.03M (Peak 202.71M) | Time:00:00.13 | Mem:41.82M, Peak:41.82M | Scene, ViewLayer | Updating Images
Fra:1 Mem:129.03M (Peak 202.71M) | Time:00:00.13 | Mem:41.82M, Peak:41.82M | Scene, ViewLayer | Updating Images | Loading 00832.exr
Fra:1 Mem:129.16M (Peak 202.71M) | Time:00:00.13 | Mem:41.82M, Peak:41.82M | Scene, ViewLayer | Updating Images | Loading polka-dotted_0142.jpg
Fra:1 Mem:130.35M (Peak 202.71M) | Time:00:00.14 | Mem:43.13M, Peak:43.13M | Scene, ViewLayer | Updating Camera Volume
Fra:1 Mem:130.35M (Peak 202.71M) | Time:00:00.14 | Mem:43.13M, Peak:43.13M | Scene, ViewLayer | Updating Lookup Tables
Fra:1 Mem:130.35M (Peak 202.71M) | Time:00:00.14 | Mem:43.38M, Peak:43.38M | Scene, ViewLayer | Updating Lights
Fra:1 Mem:130.35M (Peak 202.71M) | Time:00:00.14 | Mem:43.38M, Peak:43.38M | Scene, ViewLayer | Updating Lights | Computing distribution
Fra:1 Mem:130.35M (Peak 202.71M) | Time:00:00.14 | Mem:43.38M, Peak:43.38M | Scene, ViewLayer | Updating Lights | Importance map
Fra:1 Mem:194.38M (Peak 482.48M) | Time:00:00.28 | Mem:107.42M, Peak:267.39M | Scene, ViewLayer | Updating Integrator
Fra:1 Mem:194.39M (Peak 482.48M) | Time:00:00.28 | Mem:107.43M, Peak:267.39M | Scene, ViewLayer | Updating Film
Fra:1 Mem:194.39M (Peak 482.48M) | Time:00:00.28 | Mem:107.18M, Peak:267.39M | Scene, ViewLayer | Updating Lookup Tables
Fra:1 Mem:194.39M (Peak 482.48M) | Time:00:00.28 | Mem:107.43M, Peak:267.39M | Scene, ViewLayer | Updating Baking
Fra:1 Mem:194.39M (Peak 482.48M) | Time:00:00.28 | Mem:107.43M, Peak:267.39M | Scene, ViewLayer | Updating Device | Writing constant memory
Fra:1 Mem:194.40M (Peak 482.48M) | Time:00:00.28 | Mem:107.43M, Peak:267.39M | Scene, ViewLayer | Sample 0/32
Fra:1 Mem:213.48M (Peak 482.48M) | Time:00:00.29 | Remaining:00:00.22 | Mem:126.43M, Peak:267.39M | Scene, ViewLayer | Sample 1/32
Fra:1 Mem:221.48M (Peak 482.48M) | Time:00:00.58 | Mem:126.43M, Peak:267.39M | Scene, ViewLayer | Sample 32/32
Fra:1 Mem:221.48M (Peak 482.48M) | Time:00:00.58 | Mem:126.43M, Peak:267.39M | Scene, ViewLayer | Finished
Saved: '/home/janus/iwi9-datasets/objaverse-rendering/no_textures_5/a804ea3d188143869699ce7c9cda3a5f/006.png'
 Time: 00:00.62 (Saving: 00:00.03)

Fra:1 Mem:127.21M (Peak 158.22M) | Time:00:00.03 | Mem:0.00M, Peak:0.00M | Scene, ViewLayer | Synchronizing object | Object_2
Fra:1 Mem:128.21M (Peak 158.22M) | Time:00:00.03 | Mem:0.00M, Peak:0.00M | Scene, ViewLayer | Synchronizing object | Object_4
Fra:1 Mem:142.31M (Peak 202.77M) | Time:00:00.11 | Mem:0.00M, Peak:0.00M | Scene, ViewLayer | Initializing
Fra:1 Mem:102.97M (Peak 202.77M) | Time:00:00.11 | Mem:0.00M, Peak:0.00M | Scene, ViewLayer | Waiting for render to start
Fra:1 Mem:102.97M (Peak 202.77M) | Time:00:00.11 | Mem:0.00M, Peak:0.00M | Scene, ViewLayer | Loading render kernels (may take a few minutes the first time)
Fra:1 Mem:102.97M (Peak 202.77M) | Time:00:00.11 | Mem:0.00M, Peak:0.00M | Scene, ViewLayer | Updating Scene
Fra:1 Mem:102.97M (Peak 202.77M) | Time:00:00.11 | Mem:0.00M, Peak:0.00M | Scene, ViewLayer | Updating Shaders
Fra:1 Mem:103.22M (Peak 202.77M) | Time:00:00.11 | Mem:0.00M, Peak:0.00M | Scene, ViewLayer | Updating Procedurals
Fra:1 Mem:103.22M (Peak 202.77M) | Time:00:00.11 | Mem:0.00M, Peak:0.00M | Scene, ViewLayer | Updating Background
Fra:1 Mem:103.22M (Peak 202.77M) | Time:00:00.11 | Mem:0.00M, Peak:0.00M | Scene, ViewLayer | Updating Camera
Fra:1 Mem:103.22M (Peak 202.77M) | Time:00:00.11 | Mem:0.00M, Peak:0.00M | Scene, ViewLayer | Updating Meshes Flags
Fra:1 Mem:103.22M (Peak 202.77M) | Time:00:00.11 | Mem:0.00M, Peak:0.00M | Scene, ViewLayer | Updating Objects
Fra:1 Mem:103.22M (Peak 202.77M) | Time:00:00.11 | Mem:0.00M, Peak:0.00M | Scene, ViewLayer | Updating Objects | Copying Transformations to device
Fra:1 Mem:103.22M (Peak 202.77M) | Time:00:00.11 | Mem:0.00M, Peak:0.00M | Scene, ViewLayer | Updating Objects | Applying Static Transformations
Fra:1 Mem:103.22M (Peak 202.77M) | Time:00:00.11 | Mem:0.00M, Peak:0.00M | Scene, ViewLayer | Updating Particle Systems
Fra:1 Mem:103.22M (Peak 202.77M) | Time:00:00.11 | Mem:0.00M, Peak:0.00M | Scene, ViewLayer | Updating Particle Systems | Copying Particles to device
Fra:1 Mem:103.22M (Peak 202.77M) | Time:00:00.11 | Mem:0.00M, Peak:0.00M | Scene, ViewLayer | Updating Meshes
Fra:1 Mem:106.70M (Peak 202.77M) | Time:00:00.12 | Mem:0.00M, Peak:0.00M | Scene, ViewLayer | Updating Mesh | Computing attributes
Fra:1 Mem:113.47M (Peak 202.77M) | Time:00:00.12 | Mem:0.00M, Peak:0.00M | Scene, ViewLayer | Updating Mesh | Copying Attributes to device
Fra:1 Mem:113.47M (Peak 202.77M) | Time:00:00.12 | Mem:6.77M, Peak:6.77M | Scene, ViewLayer | Updating Scene BVH | Building
Fra:1 Mem:113.47M (Peak 202.77M) | Time:00:00.12 | Mem:6.77M, Peak:6.77M | Scene, ViewLayer | Updating Scene BVH | Building BVH
Fra:1 Mem:113.47M (Peak 202.77M) | Time:00:00.12 | Mem:18.93M, Peak:18.93M | Scene, ViewLayer | Updating Scene BVH | Building BVH 0%
Fra:1 Mem:113.47M (Peak 202.77M) | Time:00:00.13 | Mem:26.19M, Peak:34.19M | Scene, ViewLayer | Updating Scene BVH | Copying BVH to device
Fra:1 Mem:113.47M (Peak 202.77M) | Time:00:00.13 | Mem:26.19M, Peak:34.19M | Scene, ViewLayer | Updating Mesh | Computing normals
Fra:1 Mem:129.10M (Peak 202.77M) | Time:00:00.13 | Mem:26.19M, Peak:34.19M | Scene, ViewLayer | Updating Mesh | Copying Mesh to device
Fra:1 Mem:129.10M (Peak 202.77M) | Time:00:00.13 | Mem:41.82M, Peak:41.82M | Scene, ViewLayer | Updating Objects Flags
Fra:1 Mem:129.10M (Peak 202.77M) | Time:00:00.13 | Mem:41.82M, Peak:41.82M | Scene, ViewLayer | Updating Primitive Offsets
Fra:1 Mem:129.10M (Peak 202.77M) | Time:00:00.13 | Mem:41.82M, Peak:41.82M | Scene, ViewLayer | Updating Images
Fra:1 Mem:129.10M (Peak 202.77M) | Time:00:00.13 | Mem:41.82M, Peak:41.82M | Scene, ViewLayer | Updating Images | Loading 00832.exr
Fra:1 Mem:129.23M (Peak 202.77M) | Time:00:00.13 | Mem:41.82M, Peak:41.82M | Scene, ViewLayer | Updating Images | Loading lacelike_0036.jpg
Fra:1 Mem:130.41M (Peak 202.77M) | Time:00:00.14 | Mem:43.12M, Peak:43.12M | Scene, ViewLayer | Updating Camera Volume
Fra:1 Mem:130.41M (Peak 202.77M) | Time:00:00.14 | Mem:43.12M, Peak:43.12M | Scene, ViewLayer | Updating Lookup Tables
Fra:1 Mem:130.41M (Peak 202.77M) | Time:00:00.14 | Mem:43.37M, Peak:43.37M | Scene, ViewLayer | Updating Lights
Fra:1 Mem:130.41M (Peak 202.77M) | Time:00:00.14 | Mem:43.37M, Peak:43.37M | Scene, ViewLayer | Updating Lights | Computing distribution
Fra:1 Mem:130.41M (Peak 202.77M) | Time:00:00.14 | Mem:43.37M, Peak:43.37M | Scene, ViewLayer | Updating Lights | Importance map
Fra:1 Mem:194.44M (Peak 482.54M) | Time:00:00.27 | Mem:107.41M, Peak:267.38M | Scene, ViewLayer | Updating Integrator
Fra:1 Mem:194.45M (Peak 482.54M) | Time:00:00.27 | Mem:107.42M, Peak:267.38M | Scene, ViewLayer | Updating Film
Fra:1 Mem:194.45M (Peak 482.54M) | Time:00:00.27 | Mem:107.17M, Peak:267.38M | Scene, ViewLayer | Updating Lookup Tables
Fra:1 Mem:194.45M (Peak 482.54M) | Time:00:00.27 | Mem:107.42M, Peak:267.38M | Scene, ViewLayer | Updating Baking
Fra:1 Mem:194.45M (Peak 482.54M) | Time:00:00.27 | Mem:107.42M, Peak:267.38M | Scene, ViewLayer | Updating Device | Writing constant memory
Fra:1 Mem:194.45M (Peak 482.54M) | Time:00:00.27 | Mem:107.42M, Peak:267.38M | Scene, ViewLayer | Sample 0/32
Fra:1 Mem:213.54M (Peak 482.54M) | Time:00:00.28 | Remaining:00:00.23 | Mem:126.42M, Peak:267.38M | Scene, ViewLayer | Sample 1/32
Fra:1 Mem:221.54M (Peak 482.54M) | Time:00:00.57 | Mem:126.42M, Peak:267.38M | Scene, ViewLayer | Sample 32/32
Fra:1 Mem:221.54M (Peak 482.54M) | Time:00:00.57 | Mem:126.42M, Peak:267.38M | Scene, ViewLayer | Finished
Saved: '/home/janus/iwi9-datasets/objaverse-rendering/no_textures_5/a804ea3d188143869699ce7c9cda3a5f/007.png'
 Time: 00:00.61 (Saving: 00:00.03)

Fra:1 Mem:127.28M (Peak 158.42M) | Time:00:00.03 | Mem:0.00M, Peak:0.00M | Scene, ViewLayer | Synchronizing object | Object_2
Fra:1 Mem:128.28M (Peak 158.42M) | Time:00:00.03 | Mem:0.00M, Peak:0.00M | Scene, ViewLayer | Synchronizing object | Object_4
Fra:1 Mem:142.38M (Peak 202.84M) | Time:00:00.11 | Mem:0.00M, Peak:0.00M | Scene, ViewLayer | Initializing
Fra:1 Mem:103.03M (Peak 202.84M) | Time:00:00.11 | Mem:0.00M, Peak:0.00M | Scene, ViewLayer | Waiting for render to start
Fra:1 Mem:103.04M (Peak 202.84M) | Time:00:00.11 | Mem:0.00M, Peak:0.00M | Scene, ViewLayer | Loading render kernels (may take a few minutes the first time)
Fra:1 Mem:103.04M (Peak 202.84M) | Time:00:00.11 | Mem:0.00M, Peak:0.00M | Scene, ViewLayer | Updating Scene
Fra:1 Mem:103.04M (Peak 202.84M) | Time:00:00.11 | Mem:0.00M, Peak:0.00M | Scene, ViewLayer | Updating Shaders
Fra:1 Mem:103.29M (Peak 202.84M) | Time:00:00.11 | Mem:0.00M, Peak:0.00M | Scene, ViewLayer | Updating Procedurals
Fra:1 Mem:103.29M (Peak 202.84M) | Time:00:00.11 | Mem:0.00M, Peak:0.00M | Scene, ViewLayer | Updating Background
Fra:1 Mem:103.29M (Peak 202.84M) | Time:00:00.11 | Mem:0.00M, Peak:0.00M | Scene, ViewLayer | Updating Camera
Fra:1 Mem:103.29M (Peak 202.84M) | Time:00:00.11 | Mem:0.00M, Peak:0.00M | Scene, ViewLayer | Updating Meshes Flags
Fra:1 Mem:103.29M (Peak 202.84M) | Time:00:00.11 | Mem:0.00M, Peak:0.00M | Scene, ViewLayer | Updating Objects
Fra:1 Mem:103.29M (Peak 202.84M) | Time:00:00.11 | Mem:0.00M, Peak:0.00M | Scene, ViewLayer | Updating Objects | Copying Transformations to device
Fra:1 Mem:103.29M (Peak 202.84M) | Time:00:00.11 | Mem:0.00M, Peak:0.00M | Scene, ViewLayer | Updating Objects | Applying Static Transformations
Fra:1 Mem:103.29M (Peak 202.84M) | Time:00:00.11 | Mem:0.00M, Peak:0.00M | Scene, ViewLayer | Updating Particle Systems
Fra:1 Mem:103.29M (Peak 202.84M) | Time:00:00.11 | Mem:0.00M, Peak:0.00M | Scene, ViewLayer | Updating Particle Systems | Copying Particles to device
Fra:1 Mem:103.29M (Peak 202.84M) | Time:00:00.11 | Mem:0.00M, Peak:0.00M | Scene, ViewLayer | Updating Meshes
Fra:1 Mem:106.77M (Peak 202.84M) | Time:00:00.12 | Mem:0.00M, Peak:0.00M | Scene, ViewLayer | Updating Mesh | Computing attributes
Fra:1 Mem:113.54M (Peak 202.84M) | Time:00:00.12 | Mem:0.00M, Peak:0.00M | Scene, ViewLayer | Updating Mesh | Copying Attributes to device
Fra:1 Mem:113.54M (Peak 202.84M) | Time:00:00.12 | Mem:6.77M, Peak:6.77M | Scene, ViewLayer | Updating Scene BVH | Building
Fra:1 Mem:113.54M (Peak 202.84M) | Time:00:00.12 | Mem:6.77M, Peak:6.77M | Scene, ViewLayer | Updating Scene BVH | Building BVH
Fra:1 Mem:113.54M (Peak 202.84M) | Time:00:00.12 | Mem:18.93M, Peak:18.93M | Scene, ViewLayer | Updating Scene BVH | Building BVH 0%
Fra:1 Mem:113.54M (Peak 202.84M) | Time:00:00.13 | Mem:26.19M, Peak:34.19M | Scene, ViewLayer | Updating Scene BVH | Copying BVH to device
Fra:1 Mem:113.54M (Peak 202.84M) | Time:00:00.13 | Mem:26.19M, Peak:34.19M | Scene, ViewLayer | Updating Mesh | Computing normals
Fra:1 Mem:129.17M (Peak 202.84M) | Time:00:00.13 | Mem:26.19M, Peak:34.19M | Scene, ViewLayer | Updating Mesh | Copying Mesh to device
Fra:1 Mem:129.17M (Peak 202.84M) | Time:00:00.13 | Mem:41.82M, Peak:41.82M | Scene, ViewLayer | Updating Objects Flags
Fra:1 Mem:129.17M (Peak 202.84M) | Time:00:00.13 | Mem:41.82M, Peak:41.82M | Scene, ViewLayer | Updating Primitive Offsets
Fra:1 Mem:129.17M (Peak 202.84M) | Time:00:00.13 | Mem:41.82M, Peak:41.82M | Scene, ViewLayer | Updating Images
Fra:1 Mem:129.17M (Peak 202.84M) | Time:00:00.13 | Mem:41.82M, Peak:41.82M | Scene, ViewLayer | Updating Images | Loading 00832.exr
Fra:1 Mem:129.29M (Peak 202.84M) | Time:00:00.13 | Mem:41.82M, Peak:41.82M | Scene, ViewLayer | Updating Images | Loading meshed_0090.jpg
Fra:1 Mem:130.03M (Peak 202.84M) | Time:00:00.13 | Mem:42.67M, Peak:42.67M | Scene, ViewLayer | Updating Camera Volume
Fra:1 Mem:130.03M (Peak 202.84M) | Time:00:00.13 | Mem:42.67M, Peak:42.67M | Scene, ViewLayer | Updating Lookup Tables
Fra:1 Mem:130.03M (Peak 202.84M) | Time:00:00.13 | Mem:42.92M, Peak:42.92M | Scene, ViewLayer | Updating Lights
Fra:1 Mem:130.03M (Peak 202.84M) | Time:00:00.13 | Mem:42.92M, Peak:42.92M | Scene, ViewLayer | Updating Lights | Computing distribution
Fra:1 Mem:130.03M (Peak 202.84M) | Time:00:00.13 | Mem:42.92M, Peak:42.92M | Scene, ViewLayer | Updating Lights | Importance map
Fra:1 Mem:194.06M (Peak 482.16M) | Time:00:00.27 | Mem:106.96M, Peak:266.93M | Scene, ViewLayer | Updating Integrator
Fra:1 Mem:194.07M (Peak 482.16M) | Time:00:00.27 | Mem:106.97M, Peak:266.93M | Scene, ViewLayer | Updating Film
Fra:1 Mem:194.07M (Peak 482.16M) | Time:00:00.27 | Mem:106.72M, Peak:266.93M | Scene, ViewLayer | Updating Lookup Tables
Fra:1 Mem:194.07M (Peak 482.16M) | Time:00:00.27 | Mem:106.98M, Peak:266.93M | Scene, ViewLayer | Updating Baking
Fra:1 Mem:194.07M (Peak 482.16M) | Time:00:00.27 | Mem:106.98M, Peak:266.93M | Scene, ViewLayer | Updating Device | Writing constant memory
Fra:1 Mem:194.07M (Peak 482.16M) | Time:00:00.27 | Mem:106.98M, Peak:266.93M | Scene, ViewLayer | Sample 0/32
Fra:1 Mem:213.16M (Peak 482.16M) | Time:00:00.28 | Remaining:00:00.26 | Mem:125.98M, Peak:266.93M | Scene, ViewLayer | Sample 1/32
Fra:1 Mem:221.16M (Peak 482.16M) | Time:00:00.55 | Mem:125.98M, Peak:266.93M | Scene, ViewLayer | Sample 32/32
Fra:1 Mem:221.16M (Peak 482.16M) | Time:00:00.55 | Mem:125.98M, Peak:266.93M | Scene, ViewLayer | Finished
Saved: '/home/janus/iwi9-datasets/objaverse-rendering/no_textures_5/a804ea3d188143869699ce7c9cda3a5f/008.png'
 Time: 00:00.58 (Saving: 00:00.03)

Fra:1 Mem:127.35M (Peak 158.46M) | Time:00:00.03 | Mem:0.00M, Peak:0.00M | Scene, ViewLayer | Synchronizing object | Object_2
Fra:1 Mem:127.35M (Peak 158.46M) | Time:00:00.03 | Mem:0.00M, Peak:0.00M | Scene, ViewLayer | Synchronizing object | Object_4
Fra:1 Mem:142.45M (Peak 202.91M) | Time:00:00.11 | Mem:0.00M, Peak:0.00M | Scene, ViewLayer | Initializing
Fra:1 Mem:103.10M (Peak 202.91M) | Time:00:00.11 | Mem:0.00M, Peak:0.00M | Scene, ViewLayer | Waiting for render to start
Fra:1 Mem:103.11M (Peak 202.91M) | Time:00:00.11 | Mem:0.00M, Peak:0.00M | Scene, ViewLayer | Loading render kernels (may take a few minutes the first time)
Fra:1 Mem:103.11M (Peak 202.91M) | Time:00:00.11 | Mem:0.00M, Peak:0.00M | Scene, ViewLayer | Updating Scene
Fra:1 Mem:103.11M (Peak 202.91M) | Time:00:00.11 | Mem:0.00M, Peak:0.00M | Scene, ViewLayer | Updating Shaders
Fra:1 Mem:103.36M (Peak 202.91M) | Time:00:00.11 | Mem:0.00M, Peak:0.00M | Scene, ViewLayer | Updating Procedurals
Fra:1 Mem:103.36M (Peak 202.91M) | Time:00:00.11 | Mem:0.00M, Peak:0.00M | Scene, ViewLayer | Updating Background
Fra:1 Mem:103.36M (Peak 202.91M) | Time:00:00.11 | Mem:0.00M, Peak:0.00M | Scene, ViewLayer | Updating Camera
Fra:1 Mem:103.36M (Peak 202.91M) | Time:00:00.11 | Mem:0.00M, Peak:0.00M | Scene, ViewLayer | Updating Meshes Flags
Fra:1 Mem:103.36M (Peak 202.91M) | Time:00:00.11 | Mem:0.00M, Peak:0.00M | Scene, ViewLayer | Updating Objects
Fra:1 Mem:103.36M (Peak 202.91M) | Time:00:00.11 | Mem:0.00M, Peak:0.00M | Scene, ViewLayer | Updating Objects | Copying Transformations to device
Fra:1 Mem:103.36M (Peak 202.91M) | Time:00:00.11 | Mem:0.00M, Peak:0.00M | Scene, ViewLayer | Updating Objects | Applying Static Transformations
Fra:1 Mem:103.36M (Peak 202.91M) | Time:00:00.11 | Mem:0.00M, Peak:0.00M | Scene, ViewLayer | Updating Particle Systems
Fra:1 Mem:103.36M (Peak 202.91M) | Time:00:00.11 | Mem:0.00M, Peak:0.00M | Scene, ViewLayer | Updating Particle Systems | Copying Particles to device
Fra:1 Mem:103.36M (Peak 202.91M) | Time:00:00.11 | Mem:0.00M, Peak:0.00M | Scene, ViewLayer | Updating Meshes
Fra:1 Mem:106.84M (Peak 202.91M) | Time:00:00.12 | Mem:0.00M, Peak:0.00M | Scene, ViewLayer | Updating Mesh | Computing attributes
Fra:1 Mem:113.61M (Peak 202.91M) | Time:00:00.12 | Mem:0.00M, Peak:0.00M | Scene, ViewLayer | Updating Mesh | Copying Attributes to device
Fra:1 Mem:113.61M (Peak 202.91M) | Time:00:00.12 | Mem:6.77M, Peak:6.77M | Scene, ViewLayer | Updating Scene BVH | Building
Fra:1 Mem:113.61M (Peak 202.91M) | Time:00:00.12 | Mem:6.77M, Peak:6.77M | Scene, ViewLayer | Updating Scene BVH | Building BVH
Fra:1 Mem:113.61M (Peak 202.91M) | Time:00:00.12 | Mem:18.93M, Peak:18.93M | Scene, ViewLayer | Updating Scene BVH | Building BVH 0%
Fra:1 Mem:113.61M (Peak 202.91M) | Time:00:00.13 | Mem:26.19M, Peak:34.19M | Scene, ViewLayer | Updating Scene BVH | Copying BVH to device
Fra:1 Mem:113.61M (Peak 202.91M) | Time:00:00.13 | Mem:26.19M, Peak:34.19M | Scene, ViewLayer | Updating Mesh | Computing normals
Fra:1 Mem:129.24M (Peak 202.91M) | Time:00:00.13 | Mem:26.19M, Peak:34.19M | Scene, ViewLayer | Updating Mesh | Copying Mesh to device
Fra:1 Mem:129.24M (Peak 202.91M) | Time:00:00.13 | Mem:41.82M, Peak:41.82M | Scene, ViewLayer | Updating Objects Flags
Fra:1 Mem:129.24M (Peak 202.91M) | Time:00:00.13 | Mem:41.82M, Peak:41.82M | Scene, ViewLayer | Updating Primitive Offsets
Fra:1 Mem:129.24M (Peak 202.91M) | Time:00:00.13 | Mem:41.82M, Peak:41.82M | Scene, ViewLayer | Updating Images
Fra:1 Mem:129.24M (Peak 202.91M) | Time:00:00.13 | Mem:41.82M, Peak:41.82M | Scene, ViewLayer | Updating Images | Loading 00832.exr
Fra:1 Mem:129.36M (Peak 202.91M) | Time:00:00.13 | Mem:41.82M, Peak:41.82M | Scene, ViewLayer | Updating Images | Loading fibrous_0207.jpg
Fra:1 Mem:129.82M (Peak 202.91M) | Time:00:00.14 | Mem:42.40M, Peak:42.40M | Scene, ViewLayer | Updating Camera Volume
Fra:1 Mem:129.82M (Peak 202.91M) | Time:00:00.14 | Mem:42.40M, Peak:42.40M | Scene, ViewLayer | Updating Lookup Tables
Fra:1 Mem:129.82M (Peak 202.91M) | Time:00:00.14 | Mem:42.65M, Peak:42.65M | Scene, ViewLayer | Updating Lights
Fra:1 Mem:129.82M (Peak 202.91M) | Time:00:00.14 | Mem:42.65M, Peak:42.65M | Scene, ViewLayer | Updating Lights | Computing distribution
Fra:1 Mem:129.82M (Peak 202.91M) | Time:00:00.14 | Mem:42.65M, Peak:42.65M | Scene, ViewLayer | Updating Lights | Importance map
Fra:1 Mem:193.86M (Peak 481.95M) | Time:00:00.27 | Mem:106.69M, Peak:266.66M | Scene, ViewLayer | Updating Integrator
Fra:1 Mem:193.86M (Peak 481.95M) | Time:00:00.27 | Mem:106.70M, Peak:266.66M | Scene, ViewLayer | Updating Film
Fra:1 Mem:193.87M (Peak 481.95M) | Time:00:00.27 | Mem:106.45M, Peak:266.66M | Scene, ViewLayer | Updating Lookup Tables
Fra:1 Mem:193.87M (Peak 481.95M) | Time:00:00.27 | Mem:106.70M, Peak:266.66M | Scene, ViewLayer | Updating Baking
Fra:1 Mem:193.87M (Peak 481.95M) | Time:00:00.27 | Mem:106.70M, Peak:266.66M | Scene, ViewLayer | Updating Device | Writing constant memory
Fra:1 Mem:193.87M (Peak 481.95M) | Time:00:00.27 | Mem:106.70M, Peak:266.66M | Scene, ViewLayer | Sample 0/32
Fra:1 Mem:212.96M (Peak 481.95M) | Time:00:00.28 | Remaining:00:00.25 | Mem:125.70M, Peak:266.66M | Scene, ViewLayer | Sample 1/32
Fra:1 Mem:220.96M (Peak 481.95M) | Time:00:00.55 | Mem:125.70M, Peak:266.66M | Scene, ViewLayer | Sample 32/32
Fra:1 Mem:220.96M (Peak 481.95M) | Time:00:00.55 | Mem:125.70M, Peak:266.66M | Scene, ViewLayer | Finished
Saved: '/home/janus/iwi9-datasets/objaverse-rendering/no_textures_5/a804ea3d188143869699ce7c9cda3a5f/009.png'
 Time: 00:00.59 (Saving: 00:00.03)

Fra:1 Mem:127.42M (Peak 158.46M) | Time:00:00.03 | Mem:0.00M, Peak:0.00M | Scene, ViewLayer | Synchronizing object | Object_2
Fra:1 Mem:127.42M (Peak 158.46M) | Time:00:00.03 | Mem:0.00M, Peak:0.00M | Scene, ViewLayer | Synchronizing object | Object_4
Fra:1 Mem:142.52M (Peak 202.98M) | Time:00:00.11 | Mem:0.00M, Peak:0.00M | Scene, ViewLayer | Initializing
Fra:1 Mem:103.17M (Peak 202.98M) | Time:00:00.11 | Mem:0.00M, Peak:0.00M | Scene, ViewLayer | Waiting for render to start
Fra:1 Mem:103.18M (Peak 202.98M) | Time:00:00.11 | Mem:0.00M, Peak:0.00M | Scene, ViewLayer | Loading render kernels (may take a few minutes the first time)
Fra:1 Mem:103.18M (Peak 202.98M) | Time:00:00.11 | Mem:0.00M, Peak:0.00M | Scene, ViewLayer | Updating Scene
Fra:1 Mem:103.18M (Peak 202.98M) | Time:00:00.11 | Mem:0.00M, Peak:0.00M | Scene, ViewLayer | Updating Shaders
Fra:1 Mem:103.43M (Peak 202.98M) | Time:00:00.12 | Mem:0.00M, Peak:0.00M | Scene, ViewLayer | Updating Procedurals
Fra:1 Mem:103.43M (Peak 202.98M) | Time:00:00.12 | Mem:0.00M, Peak:0.00M | Scene, ViewLayer | Updating Background
Fra:1 Mem:103.43M (Peak 202.98M) | Time:00:00.12 | Mem:0.00M, Peak:0.00M | Scene, ViewLayer | Updating Camera
Fra:1 Mem:103.43M (Peak 202.98M) | Time:00:00.12 | Mem:0.00M, Peak:0.00M | Scene, ViewLayer | Updating Meshes Flags
Fra:1 Mem:103.43M (Peak 202.98M) | Time:00:00.12 | Mem:0.00M, Peak:0.00M | Scene, ViewLayer | Updating Objects
Fra:1 Mem:103.43M (Peak 202.98M) | Time:00:00.12 | Mem:0.00M, Peak:0.00M | Scene, ViewLayer | Updating Objects | Copying Transformations to device
Fra:1 Mem:103.43M (Peak 202.98M) | Time:00:00.12 | Mem:0.00M, Peak:0.00M | Scene, ViewLayer | Updating Objects | Applying Static Transformations
Fra:1 Mem:103.43M (Peak 202.98M) | Time:00:00.12 | Mem:0.00M, Peak:0.00M | Scene, ViewLayer | Updating Particle Systems
Fra:1 Mem:103.43M (Peak 202.98M) | Time:00:00.12 | Mem:0.00M, Peak:0.00M | Scene, ViewLayer | Updating Particle Systems | Copying Particles to device
Fra:1 Mem:103.43M (Peak 202.98M) | Time:00:00.12 | Mem:0.00M, Peak:0.00M | Scene, ViewLayer | Updating Meshes
Fra:1 Mem:106.91M (Peak 202.98M) | Time:00:00.12 | Mem:0.00M, Peak:0.00M | Scene, ViewLayer | Updating Mesh | Computing attributes
Fra:1 Mem:113.68M (Peak 202.98M) | Time:00:00.12 | Mem:0.00M, Peak:0.00M | Scene, ViewLayer | Updating Mesh | Copying Attributes to device
Fra:1 Mem:113.68M (Peak 202.98M) | Time:00:00.12 | Mem:6.77M, Peak:6.77M | Scene, ViewLayer | Updating Scene BVH | Building
Fra:1 Mem:113.68M (Peak 202.98M) | Time:00:00.12 | Mem:6.77M, Peak:6.77M | Scene, ViewLayer | Updating Scene BVH | Building BVH
Fra:1 Mem:113.68M (Peak 202.98M) | Time:00:00.12 | Mem:18.93M, Peak:18.93M | Scene, ViewLayer | Updating Scene BVH | Building BVH 0%
Fra:1 Mem:113.68M (Peak 202.98M) | Time:00:00.13 | Mem:26.19M, Peak:34.19M | Scene, ViewLayer | Updating Scene BVH | Copying BVH to device
Fra:1 Mem:113.68M (Peak 202.98M) | Time:00:00.13 | Mem:26.19M, Peak:34.19M | Scene, ViewLayer | Updating Mesh | Computing normals
Fra:1 Mem:129.31M (Peak 202.98M) | Time:00:00.13 | Mem:26.19M, Peak:34.19M | Scene, ViewLayer | Updating Mesh | Copying Mesh to device
Fra:1 Mem:129.31M (Peak 202.98M) | Time:00:00.13 | Mem:41.82M, Peak:41.82M | Scene, ViewLayer | Updating Objects Flags
Fra:1 Mem:129.31M (Peak 202.98M) | Time:00:00.13 | Mem:41.82M, Peak:41.82M | Scene, ViewLayer | Updating Primitive Offsets
Fra:1 Mem:129.31M (Peak 202.98M) | Time:00:00.13 | Mem:41.82M, Peak:41.82M | Scene, ViewLayer | Updating Images
Fra:1 Mem:129.31M (Peak 202.98M) | Time:00:00.13 | Mem:41.82M, Peak:41.82M | Scene, ViewLayer | Updating Images | Loading 00832.exr
Fra:1 Mem:129.43M (Peak 202.98M) | Time:00:00.13 | Mem:41.82M, Peak:41.82M | Scene, ViewLayer | Updating Images | Loading knitted_0104.jpg
Fra:1 Mem:130.66M (Peak 202.98M) | Time:00:00.14 | Mem:43.16M, Peak:43.16M | Scene, ViewLayer | Updating Camera Volume
Fra:1 Mem:130.66M (Peak 202.98M) | Time:00:00.14 | Mem:43.16M, Peak:43.16M | Scene, ViewLayer | Updating Lookup Tables
Fra:1 Mem:130.66M (Peak 202.98M) | Time:00:00.14 | Mem:43.41M, Peak:43.41M | Scene, ViewLayer | Updating Lights
Fra:1 Mem:130.66M (Peak 202.98M) | Time:00:00.14 | Mem:43.41M, Peak:43.41M | Scene, ViewLayer | Updating Lights | Computing distribution
Fra:1 Mem:130.66M (Peak 202.98M) | Time:00:00.14 | Mem:43.41M, Peak:43.41M | Scene, ViewLayer | Updating Lights | Importance map
Fra:1 Mem:194.69M (Peak 482.79M) | Time:00:00.28 | Mem:107.45M, Peak:267.42M | Scene, ViewLayer | Updating Integrator
Fra:1 Mem:194.70M (Peak 482.79M) | Time:00:00.28 | Mem:107.46M, Peak:267.42M | Scene, ViewLayer | Updating Film
Fra:1 Mem:194.70M (Peak 482.79M) | Time:00:00.28 | Mem:107.21M, Peak:267.42M | Scene, ViewLayer | Updating Lookup Tables
Fra:1 Mem:194.70M (Peak 482.79M) | Time:00:00.28 | Mem:107.47M, Peak:267.42M | Scene, ViewLayer | Updating Baking
Fra:1 Mem:194.70M (Peak 482.79M) | Time:00:00.28 | Mem:107.47M, Peak:267.42M | Scene, ViewLayer | Updating Device | Writing constant memory
Fra:1 Mem:194.70M (Peak 482.79M) | Time:00:00.28 | Mem:107.47M, Peak:267.42M | Scene, ViewLayer | Sample 0/32
Fra:1 Mem:213.79M (Peak 482.79M) | Time:00:00.28 | Remaining:00:00.25 | Mem:126.47M, Peak:267.42M | Scene, ViewLayer | Sample 1/32
Fra:1 Mem:221.79M (Peak 482.79M) | Time:00:00.58 | Mem:126.47M, Peak:267.42M | Scene, ViewLayer | Sample 32/32
Fra:1 Mem:221.79M (Peak 482.79M) | Time:00:00.58 | Mem:126.47M, Peak:267.42M | Scene, ViewLayer | Finished
Saved: '/home/janus/iwi9-datasets/objaverse-rendering/no_textures_5/a804ea3d188143869699ce7c9cda3a5f/010.png'
 Time: 00:00.62 (Saving: 00:00.03)

Fra:1 Mem:127.49M (Peak 158.32M) | Time:00:00.03 | Mem:0.00M, Peak:0.00M | Scene, ViewLayer | Synchronizing object | Object_2
Fra:1 Mem:127.49M (Peak 158.32M) | Time:00:00.03 | Mem:0.00M, Peak:0.00M | Scene, ViewLayer | Synchronizing object | Object_4
Fra:1 Mem:142.58M (Peak 203.05M) | Time:00:00.11 | Mem:0.00M, Peak:0.00M | Scene, ViewLayer | Initializing
Fra:1 Mem:103.24M (Peak 203.05M) | Time:00:00.11 | Mem:0.00M, Peak:0.00M | Scene, ViewLayer | Waiting for render to start
Fra:1 Mem:103.24M (Peak 203.05M) | Time:00:00.11 | Mem:0.00M, Peak:0.00M | Scene, ViewLayer | Loading render kernels (may take a few minutes the first time)
Fra:1 Mem:103.24M (Peak 203.05M) | Time:00:00.11 | Mem:0.00M, Peak:0.00M | Scene, ViewLayer | Updating Scene
Fra:1 Mem:103.24M (Peak 203.05M) | Time:00:00.11 | Mem:0.00M, Peak:0.00M | Scene, ViewLayer | Updating Shaders
Fra:1 Mem:103.50M (Peak 203.05M) | Time:00:00.12 | Mem:0.00M, Peak:0.00M | Scene, ViewLayer | Updating Procedurals
Fra:1 Mem:103.50M (Peak 203.05M) | Time:00:00.12 | Mem:0.00M, Peak:0.00M | Scene, ViewLayer | Updating Background
Fra:1 Mem:103.50M (Peak 203.05M) | Time:00:00.12 | Mem:0.00M, Peak:0.00M | Scene, ViewLayer | Updating Camera
Fra:1 Mem:103.50M (Peak 203.05M) | Time:00:00.12 | Mem:0.00M, Peak:0.00M | Scene, ViewLayer | Updating Meshes Flags
Fra:1 Mem:103.50M (Peak 203.05M) | Time:00:00.12 | Mem:0.00M, Peak:0.00M | Scene, ViewLayer | Updating Objects
Fra:1 Mem:103.50M (Peak 203.05M) | Time:00:00.12 | Mem:0.00M, Peak:0.00M | Scene, ViewLayer | Updating Objects | Copying Transformations to device
Fra:1 Mem:103.50M (Peak 203.05M) | Time:00:00.12 | Mem:0.00M, Peak:0.00M | Scene, ViewLayer | Updating Objects | Applying Static Transformations
Fra:1 Mem:103.50M (Peak 203.05M) | Time:00:00.12 | Mem:0.00M, Peak:0.00M | Scene, ViewLayer | Updating Particle Systems
Fra:1 Mem:103.50M (Peak 203.05M) | Time:00:00.12 | Mem:0.00M, Peak:0.00M | Scene, ViewLayer | Updating Particle Systems | Copying Particles to device
Fra:1 Mem:103.50M (Peak 203.05M) | Time:00:00.12 | Mem:0.00M, Peak:0.00M | Scene, ViewLayer | Updating Meshes
Fra:1 Mem:106.98M (Peak 203.05M) | Time:00:00.12 | Mem:0.00M, Peak:0.00M | Scene, ViewLayer | Updating Mesh | Computing attributes
Fra:1 Mem:113.75M (Peak 203.05M) | Time:00:00.12 | Mem:0.00M, Peak:0.00M | Scene, ViewLayer | Updating Mesh | Copying Attributes to device
Fra:1 Mem:113.74M (Peak 203.05M) | Time:00:00.12 | Mem:6.77M, Peak:6.77M | Scene, ViewLayer | Updating Scene BVH | Building
Fra:1 Mem:113.74M (Peak 203.05M) | Time:00:00.12 | Mem:6.77M, Peak:6.77M | Scene, ViewLayer | Updating Scene BVH | Building BVH
Fra:1 Mem:113.74M (Peak 203.05M) | Time:00:00.12 | Mem:18.93M, Peak:18.93M | Scene, ViewLayer | Updating Scene BVH | Building BVH 0%
Fra:1 Mem:113.74M (Peak 203.05M) | Time:00:00.13 | Mem:26.19M, Peak:34.19M | Scene, ViewLayer | Updating Scene BVH | Copying BVH to device
Fra:1 Mem:113.74M (Peak 203.05M) | Time:00:00.13 | Mem:26.19M, Peak:34.19M | Scene, ViewLayer | Updating Mesh | Computing normals
Fra:1 Mem:129.37M (Peak 203.05M) | Time:00:00.13 | Mem:26.19M, Peak:34.19M | Scene, ViewLayer | Updating Mesh | Copying Mesh to device
Fra:1 Mem:129.37M (Peak 203.05M) | Time:00:00.13 | Mem:41.82M, Peak:41.82M | Scene, ViewLayer | Updating Objects Flags
Fra:1 Mem:129.37M (Peak 203.05M) | Time:00:00.13 | Mem:41.82M, Peak:41.82M | Scene, ViewLayer | Updating Primitive Offsets
Fra:1 Mem:129.37M (Peak 203.05M) | Time:00:00.13 | Mem:41.82M, Peak:41.82M | Scene, ViewLayer | Updating Images
Fra:1 Mem:129.37M (Peak 203.05M) | Time:00:00.13 | Mem:41.82M, Peak:41.82M | Scene, ViewLayer | Updating Images | Loading 00832.exr
Fra:1 Mem:129.50M (Peak 203.05M) | Time:00:00.13 | Mem:41.82M, Peak:41.82M | Scene, ViewLayer | Updating Images | Loading chequered_0133.jpg
Fra:1 Mem:130.72M (Peak 203.05M) | Time:00:00.14 | Mem:43.15M, Peak:43.15M | Scene, ViewLayer | Updating Camera Volume
Fra:1 Mem:130.72M (Peak 203.05M) | Time:00:00.14 | Mem:43.15M, Peak:43.15M | Scene, ViewLayer | Updating Lookup Tables
Fra:1 Mem:130.72M (Peak 203.05M) | Time:00:00.14 | Mem:43.40M, Peak:43.40M | Scene, ViewLayer | Updating Lights
Fra:1 Mem:130.72M (Peak 203.05M) | Time:00:00.14 | Mem:43.40M, Peak:43.40M | Scene, ViewLayer | Updating Lights | Computing distribution
Fra:1 Mem:130.72M (Peak 203.05M) | Time:00:00.14 | Mem:43.40M, Peak:43.40M | Scene, ViewLayer | Updating Lights | Importance map
Fra:1 Mem:194.75M (Peak 482.85M) | Time:00:00.28 | Mem:107.44M, Peak:267.41M | Scene, ViewLayer | Updating Integrator
Fra:1 Mem:194.76M (Peak 482.85M) | Time:00:00.28 | Mem:107.45M, Peak:267.41M | Scene, ViewLayer | Updating Film
Fra:1 Mem:194.76M (Peak 482.85M) | Time:00:00.28 | Mem:107.20M, Peak:267.41M | Scene, ViewLayer | Updating Lookup Tables
Fra:1 Mem:194.76M (Peak 482.85M) | Time:00:00.28 | Mem:107.46M, Peak:267.41M | Scene, ViewLayer | Updating Baking
Fra:1 Mem:194.76M (Peak 482.85M) | Time:00:00.28 | Mem:107.46M, Peak:267.41M | Scene, ViewLayer | Updating Device | Writing constant memory
Fra:1 Mem:194.76M (Peak 482.85M) | Time:00:00.28 | Mem:107.46M, Peak:267.41M | Scene, ViewLayer | Sample 0/32
Fra:1 Mem:213.85M (Peak 482.85M) | Time:00:00.28 | Remaining:00:00.24 | Mem:126.46M, Peak:267.41M | Scene, ViewLayer | Sample 1/32
Fra:1 Mem:221.85M (Peak 482.85M) | Time:00:00.54 | Mem:126.46M, Peak:267.41M | Scene, ViewLayer | Sample 32/32
Fra:1 Mem:221.85M (Peak 482.85M) | Time:00:00.54 | Mem:126.46M, Peak:267.41M | Scene, ViewLayer | Finished
Saved: '/home/janus/iwi9-datasets/objaverse-rendering/no_textures_5/a804ea3d188143869699ce7c9cda3a5f/011.png'
 Time: 00:00.57 (Saving: 00:00.03)

Data are loaded, start creating Blender stuff
glTF import finished in 0.55s
Finished /home/janus/iwi9-datasets/objaverse-objects/hf-objaverse-v1/glbs/000-147/a804ea3d188143869699ce7c9cda3a5f.glb in 8.58947205543518 seconds

Blender quit
/home/janus/iwi9-datasets/objaverse-objects/hf-objaverse-v1/glbs/000-037/cb729816037a4628b3675bf0d3ce1183.glb
Blender 3.3.1 (hash b292cfe5a936 built 2022-10-05 00:14:35)
/run/user/210289/gvfs/ non-existent directory
Fra:1 Mem:26.86M (Peak 31.14M) | Time:00:00.00 | Mem:0.00M, Peak:0.00M | Scene, ViewLayer | Synchronizing object | Object_4
Fra:1 Mem:28.78M (Peak 36.82M) | Time:00:00.02 | Mem:0.00M, Peak:0.00M | Scene, ViewLayer | Initializing
Fra:1 Mem:23.39M (Peak 36.82M) | Time:00:00.02 | Mem:0.00M, Peak:0.00M | Scene, ViewLayer | Waiting for render to start
Fra:1 Mem:23.39M (Peak 36.82M) | Time:00:00.02 | Mem:0.00M, Peak:0.00M | Scene, ViewLayer | Loading render kernels (may take a few minutes the first time)
Fra:1 Mem:23.39M (Peak 36.82M) | Time:00:00.02 | Mem:0.00M, Peak:0.00M | Scene, ViewLayer | Updating Scene
Fra:1 Mem:23.39M (Peak 36.82M) | Time:00:00.02 | Mem:0.00M, Peak:0.00M | Scene, ViewLayer | Updating Shaders
Fra:1 Mem:23.89M (Peak 36.82M) | Time:00:00.06 | Mem:0.00M, Peak:0.00M | Scene, ViewLayer | Updating Procedurals
Fra:1 Mem:23.89M (Peak 36.82M) | Time:00:00.06 | Mem:0.00M, Peak:0.00M | Scene, ViewLayer | Updating Background
Fra:1 Mem:23.89M (Peak 36.82M) | Time:00:00.06 | Mem:0.00M, Peak:0.00M | Scene, ViewLayer | Updating Camera
Fra:1 Mem:23.89M (Peak 36.82M) | Time:00:00.06 | Mem:0.00M, Peak:0.00M | Scene, ViewLayer | Updating Meshes Flags
Fra:1 Mem:23.89M (Peak 36.82M) | Time:00:00.06 | Mem:0.00M, Peak:0.00M | Scene, ViewLayer | Updating Objects
Fra:1 Mem:23.89M (Peak 36.82M) | Time:00:00.06 | Mem:0.00M, Peak:0.00M | Scene, ViewLayer | Updating Objects | Copying Transformations to device
Fra:1 Mem:23.89M (Peak 36.82M) | Time:00:00.06 | Mem:0.00M, Peak:0.00M | Scene, ViewLayer | Updating Objects | Applying Static Transformations
Fra:1 Mem:23.89M (Peak 36.82M) | Time:00:00.06 | Mem:0.00M, Peak:0.00M | Scene, ViewLayer | Updating Particle Systems
Fra:1 Mem:23.89M (Peak 36.82M) | Time:00:00.06 | Mem:0.00M, Peak:0.00M | Scene, ViewLayer | Updating Particle Systems | Copying Particles to device
Fra:1 Mem:23.89M (Peak 36.82M) | Time:00:00.06 | Mem:0.00M, Peak:0.00M | Scene, ViewLayer | Updating Meshes
Fra:1 Mem:24.22M (Peak 36.82M) | Time:00:00.06 | Mem:0.00M, Peak:0.00M | Scene, ViewLayer | Updating Mesh | Computing attributes
Fra:1 Mem:24.99M (Peak 36.82M) | Time:00:00.06 | Mem:0.00M, Peak:0.00M | Scene, ViewLayer | Updating Mesh | Copying Attributes to device
Fra:1 Mem:24.99M (Peak 36.82M) | Time:00:00.06 | Mem:0.77M, Peak:0.77M | Scene, ViewLayer | Updating Scene BVH | Building
Fra:1 Mem:24.99M (Peak 36.82M) | Time:00:00.06 | Mem:0.77M, Peak:0.77M | Scene, ViewLayer | Updating Scene BVH | Building BVH
Fra:1 Mem:24.99M (Peak 36.82M) | Time:00:00.06 | Mem:2.28M, Peak:2.28M | Scene, ViewLayer | Updating Scene BVH | Building BVH 0%
Fra:1 Mem:24.99M (Peak 36.82M) | Time:00:00.06 | Mem:2.74M, Peak:3.74M | Scene, ViewLayer | Updating Scene BVH | Copying BVH to device
Fra:1 Mem:24.99M (Peak 36.82M) | Time:00:00.06 | Mem:2.74M, Peak:3.74M | Scene, ViewLayer | Updating Mesh | Computing normals
Fra:1 Mem:26.68M (Peak 36.82M) | Time:00:00.06 | Mem:2.74M, Peak:3.74M | Scene, ViewLayer | Updating Mesh | Copying Mesh to device
Fra:1 Mem:26.68M (Peak 36.82M) | Time:00:00.06 | Mem:4.43M, Peak:4.43M | Scene, ViewLayer | Updating Objects Flags
Fra:1 Mem:26.68M (Peak 36.82M) | Time:00:00.06 | Mem:4.43M, Peak:4.43M | Scene, ViewLayer | Updating Primitive Offsets
Fra:1 Mem:26.68M (Peak 36.82M) | Time:00:00.06 | Mem:4.43M, Peak:4.43M | Scene, ViewLayer | Updating Images
Fra:1 Mem:26.68M (Peak 36.82M) | Time:00:00.06 | Mem:4.43M, Peak:4.43M | Scene, ViewLayer | Updating Images | Loading 00831.exr
Fra:1 Mem:26.80M (Peak 36.82M) | Time:00:00.06 | Mem:4.43M, Peak:4.43M | Scene, ViewLayer | Updating Images | Loading spiralled_0097.jpg
Fra:1 Mem:28.38M (Peak 36.82M) | Time:00:00.09 | Mem:6.12M, Peak:6.12M | Scene, ViewLayer | Updating Camera Volume
Fra:1 Mem:28.38M (Peak 36.82M) | Time:00:00.09 | Mem:6.12M, Peak:6.12M | Scene, ViewLayer | Updating Lookup Tables
Fra:1 Mem:28.38M (Peak 36.82M) | Time:00:00.09 | Mem:6.37M, Peak:6.37M | Scene, ViewLayer | Updating Lights
Fra:1 Mem:28.38M (Peak 36.82M) | Time:00:00.09 | Mem:6.37M, Peak:6.37M | Scene, ViewLayer | Updating Lights | Computing distribution
Fra:1 Mem:28.38M (Peak 36.82M) | Time:00:00.09 | Mem:6.37M, Peak:6.37M | Scene, ViewLayer | Updating Lights | Importance map
Fra:1 Mem:92.41M (Peak 380.51M) | Time:00:00.23 | Mem:70.41M, Peak:230.38M | Scene, ViewLayer | Updating Integrator
Fra:1 Mem:92.42M (Peak 380.51M) | Time:00:00.23 | Mem:70.42M, Peak:230.38M | Scene, ViewLayer | Updating Film
Fra:1 Mem:92.42M (Peak 380.51M) | Time:00:00.23 | Mem:70.17M, Peak:230.38M | Scene, ViewLayer | Updating Lookup Tables
Fra:1 Mem:92.42M (Peak 380.51M) | Time:00:00.23 | Mem:70.42M, Peak:230.38M | Scene, ViewLayer | Updating Baking
Fra:1 Mem:92.42M (Peak 380.51M) | Time:00:00.23 | Mem:70.42M, Peak:230.38M | Scene, ViewLayer | Updating Device | Writing constant memory
Fra:1 Mem:92.42M (Peak 380.51M) | Time:00:00.23 | Mem:70.42M, Peak:230.38M | Scene, ViewLayer | Sample 0/32
Fra:1 Mem:111.51M (Peak 380.51M) | Time:00:00.24 | Remaining:00:00.26 | Mem:89.42M, Peak:230.38M | Scene, ViewLayer | Sample 1/32
Fra:1 Mem:119.51M (Peak 380.51M) | Time:00:00.51 | Mem:89.42M, Peak:230.38M | Scene, ViewLayer | Sample 32/32
Fra:1 Mem:119.51M (Peak 380.51M) | Time:00:00.51 | Mem:89.42M, Peak:230.38M | Scene, ViewLayer | Finished
Saved: '/home/janus/iwi9-datasets/objaverse-rendering/no_textures_5/cb729816037a4628b3675bf0d3ce1183/000.png'
 Time: 00:00.70 (Saving: 00:00.19)

Fra:1 Mem:27.14M (Peak 31.25M) | Time:00:00.00 | Mem:0.00M, Peak:0.00M | Scene, ViewLayer | Synchronizing object | Object_4
Fra:1 Mem:29.06M (Peak 37.09M) | Time:00:00.02 | Mem:0.00M, Peak:0.00M | Scene, ViewLayer | Initializing
Fra:1 Mem:23.66M (Peak 37.09M) | Time:00:00.02 | Mem:0.00M, Peak:0.00M | Scene, ViewLayer | Waiting for render to start
Fra:1 Mem:23.66M (Peak 37.09M) | Time:00:00.02 | Mem:0.00M, Peak:0.00M | Scene, ViewLayer | Loading render kernels (may take a few minutes the first time)
Fra:1 Mem:23.66M (Peak 37.09M) | Time:00:00.02 | Mem:0.00M, Peak:0.00M | Scene, ViewLayer | Updating Scene
Fra:1 Mem:23.66M (Peak 37.09M) | Time:00:00.02 | Mem:0.00M, Peak:0.00M | Scene, ViewLayer | Updating Shaders
Fra:1 Mem:23.92M (Peak 37.09M) | Time:00:00.02 | Mem:0.00M, Peak:0.00M | Scene, ViewLayer | Updating Procedurals
Fra:1 Mem:23.92M (Peak 37.09M) | Time:00:00.02 | Mem:0.00M, Peak:0.00M | Scene, ViewLayer | Updating Background
Fra:1 Mem:23.92M (Peak 37.09M) | Time:00:00.02 | Mem:0.00M, Peak:0.00M | Scene, ViewLayer | Updating Camera
Fra:1 Mem:23.92M (Peak 37.09M) | Time:00:00.02 | Mem:0.00M, Peak:0.00M | Scene, ViewLayer | Updating Meshes Flags
Fra:1 Mem:23.92M (Peak 37.09M) | Time:00:00.02 | Mem:0.00M, Peak:0.00M | Scene, ViewLayer | Updating Objects
Fra:1 Mem:23.92M (Peak 37.09M) | Time:00:00.02 | Mem:0.00M, Peak:0.00M | Scene, ViewLayer | Updating Objects | Copying Transformations to device
Fra:1 Mem:23.92M (Peak 37.09M) | Time:00:00.02 | Mem:0.00M, Peak:0.00M | Scene, ViewLayer | Updating Objects | Applying Static Transformations
Fra:1 Mem:23.92M (Peak 37.09M) | Time:00:00.02 | Mem:0.00M, Peak:0.00M | Scene, ViewLayer | Updating Particle Systems
Fra:1 Mem:23.92M (Peak 37.09M) | Time:00:00.02 | Mem:0.00M, Peak:0.00M | Scene, ViewLayer | Updating Particle Systems | Copying Particles to device
Fra:1 Mem:23.92M (Peak 37.09M) | Time:00:00.02 | Mem:0.00M, Peak:0.00M | Scene, ViewLayer | Updating Meshes
Fra:1 Mem:24.25M (Peak 37.09M) | Time:00:00.02 | Mem:0.00M, Peak:0.00M | Scene, ViewLayer | Updating Mesh | Computing attributes
Fra:1 Mem:25.01M (Peak 37.09M) | Time:00:00.02 | Mem:0.00M, Peak:0.00M | Scene, ViewLayer | Updating Mesh | Copying Attributes to device
Fra:1 Mem:25.01M (Peak 37.09M) | Time:00:00.02 | Mem:0.77M, Peak:0.77M | Scene, ViewLayer | Updating Scene BVH | Building
Fra:1 Mem:25.01M (Peak 37.09M) | Time:00:00.02 | Mem:0.77M, Peak:0.77M | Scene, ViewLayer | Updating Scene BVH | Building BVH
Fra:1 Mem:25.01M (Peak 37.09M) | Time:00:00.02 | Mem:2.28M, Peak:2.28M | Scene, ViewLayer | Updating Scene BVH | Building BVH 0%
Fra:1 Mem:25.01M (Peak 37.09M) | Time:00:00.03 | Mem:2.74M, Peak:3.74M | Scene, ViewLayer | Updating Scene BVH | Copying BVH to device
Fra:1 Mem:25.01M (Peak 37.09M) | Time:00:00.03 | Mem:2.74M, Peak:3.74M | Scene, ViewLayer | Updating Mesh | Computing normals
Fra:1 Mem:26.70M (Peak 37.09M) | Time:00:00.03 | Mem:2.74M, Peak:3.74M | Scene, ViewLayer | Updating Mesh | Copying Mesh to device
Fra:1 Mem:26.70M (Peak 37.09M) | Time:00:00.03 | Mem:4.43M, Peak:4.43M | Scene, ViewLayer | Updating Objects Flags
Fra:1 Mem:26.70M (Peak 37.09M) | Time:00:00.03 | Mem:4.43M, Peak:4.43M | Scene, ViewLayer | Updating Primitive Offsets
Fra:1 Mem:26.70M (Peak 37.09M) | Time:00:00.03 | Mem:4.43M, Peak:4.43M | Scene, ViewLayer | Updating Images
Fra:1 Mem:26.70M (Peak 37.09M) | Time:00:00.03 | Mem:4.43M, Peak:4.43M | Scene, ViewLayer | Updating Images | Loading 00831.exr
Fra:1 Mem:26.83M (Peak 37.09M) | Time:00:00.03 | Mem:4.43M, Peak:4.43M | Scene, ViewLayer | Updating Images | Loading meshed_0133.jpg
Fra:1 Mem:28.32M (Peak 37.09M) | Time:00:00.03 | Mem:6.04M, Peak:6.04M | Scene, ViewLayer | Updating Camera Volume
Fra:1 Mem:28.32M (Peak 37.09M) | Time:00:00.03 | Mem:6.04M, Peak:6.04M | Scene, ViewLayer | Updating Lookup Tables
Fra:1 Mem:28.32M (Peak 37.09M) | Time:00:00.03 | Mem:6.29M, Peak:6.29M | Scene, ViewLayer | Updating Lights
Fra:1 Mem:28.32M (Peak 37.09M) | Time:00:00.03 | Mem:6.29M, Peak:6.29M | Scene, ViewLayer | Updating Lights | Computing distribution
Fra:1 Mem:28.32M (Peak 37.09M) | Time:00:00.03 | Mem:6.29M, Peak:6.29M | Scene, ViewLayer | Updating Lights | Importance map
Fra:1 Mem:92.35M (Peak 380.45M) | Time:00:00.17 | Mem:70.33M, Peak:230.30M | Scene, ViewLayer | Updating Integrator
Fra:1 Mem:92.36M (Peak 380.45M) | Time:00:00.17 | Mem:70.34M, Peak:230.30M | Scene, ViewLayer | Updating Film
Fra:1 Mem:92.36M (Peak 380.45M) | Time:00:00.17 | Mem:70.09M, Peak:230.30M | Scene, ViewLayer | Updating Lookup Tables
Fra:1 Mem:92.36M (Peak 380.45M) | Time:00:00.17 | Mem:70.34M, Peak:230.30M | Scene, ViewLayer | Updating Baking
Fra:1 Mem:92.36M (Peak 380.45M) | Time:00:00.17 | Mem:70.34M, Peak:230.30M | Scene, ViewLayer | Updating Device | Writing constant memory
Fra:1 Mem:92.36M (Peak 380.45M) | Time:00:00.17 | Mem:70.34M, Peak:230.30M | Scene, ViewLayer | Sample 0/32
Fra:1 Mem:111.45M (Peak 380.45M) | Time:00:00.18 | Remaining:00:00.27 | Mem:89.34M, Peak:230.30M | Scene, ViewLayer | Sample 1/32
Fra:1 Mem:119.45M (Peak 380.45M) | Time:00:00.46 | Mem:89.34M, Peak:230.30M | Scene, ViewLayer | Sample 32/32
Fra:1 Mem:119.45M (Peak 380.45M) | Time:00:00.46 | Mem:89.34M, Peak:230.30M | Scene, ViewLayer | Finished
Saved: '/home/janus/iwi9-datasets/objaverse-rendering/no_textures_5/cb729816037a4628b3675bf0d3ce1183/001.png'
 Time: 00:00.50 (Saving: 00:00.03)

Fra:1 Mem:27.16M (Peak 31.27M) | Time:00:00.00 | Mem:0.00M, Peak:0.00M | Scene, ViewLayer | Synchronizing object | Object_4
Fra:1 Mem:29.08M (Peak 37.11M) | Time:00:00.02 | Mem:0.00M, Peak:0.00M | Scene, ViewLayer | Initializing
Fra:1 Mem:23.69M (Peak 37.11M) | Time:00:00.02 | Mem:0.00M, Peak:0.00M | Scene, ViewLayer | Waiting for render to start
Fra:1 Mem:23.69M (Peak 37.11M) | Time:00:00.02 | Mem:0.00M, Peak:0.00M | Scene, ViewLayer | Loading render kernels (may take a few minutes the first time)
Fra:1 Mem:23.69M (Peak 37.11M) | Time:00:00.02 | Mem:0.00M, Peak:0.00M | Scene, ViewLayer | Updating Scene
Fra:1 Mem:23.69M (Peak 37.11M) | Time:00:00.02 | Mem:0.00M, Peak:0.00M | Scene, ViewLayer | Updating Shaders
Fra:1 Mem:23.94M (Peak 37.11M) | Time:00:00.02 | Mem:0.00M, Peak:0.00M | Scene, ViewLayer | Updating Procedurals
Fra:1 Mem:23.94M (Peak 37.11M) | Time:00:00.02 | Mem:0.00M, Peak:0.00M | Scene, ViewLayer | Updating Background
Fra:1 Mem:23.94M (Peak 37.11M) | Time:00:00.02 | Mem:0.00M, Peak:0.00M | Scene, ViewLayer | Updating Camera
Fra:1 Mem:23.94M (Peak 37.11M) | Time:00:00.02 | Mem:0.00M, Peak:0.00M | Scene, ViewLayer | Updating Meshes Flags
Fra:1 Mem:23.94M (Peak 37.11M) | Time:00:00.02 | Mem:0.00M, Peak:0.00M | Scene, ViewLayer | Updating Objects
Fra:1 Mem:23.94M (Peak 37.11M) | Time:00:00.02 | Mem:0.00M, Peak:0.00M | Scene, ViewLayer | Updating Objects | Copying Transformations to device
Fra:1 Mem:23.94M (Peak 37.11M) | Time:00:00.02 | Mem:0.00M, Peak:0.00M | Scene, ViewLayer | Updating Objects | Applying Static Transformations
Fra:1 Mem:23.94M (Peak 37.11M) | Time:00:00.02 | Mem:0.00M, Peak:0.00M | Scene, ViewLayer | Updating Particle Systems
Fra:1 Mem:23.94M (Peak 37.11M) | Time:00:00.02 | Mem:0.00M, Peak:0.00M | Scene, ViewLayer | Updating Particle Systems | Copying Particles to device
Fra:1 Mem:23.94M (Peak 37.11M) | Time:00:00.02 | Mem:0.00M, Peak:0.00M | Scene, ViewLayer | Updating Meshes
Fra:1 Mem:24.27M (Peak 37.11M) | Time:00:00.02 | Mem:0.00M, Peak:0.00M | Scene, ViewLayer | Updating Mesh | Computing attributes
Fra:1 Mem:25.04M (Peak 37.11M) | Time:00:00.02 | Mem:0.00M, Peak:0.00M | Scene, ViewLayer | Updating Mesh | Copying Attributes to device
Fra:1 Mem:25.04M (Peak 37.11M) | Time:00:00.02 | Mem:0.77M, Peak:0.77M | Scene, ViewLayer | Updating Scene BVH | Building
Fra:1 Mem:25.04M (Peak 37.11M) | Time:00:00.02 | Mem:0.77M, Peak:0.77M | Scene, ViewLayer | Updating Scene BVH | Building BVH
Fra:1 Mem:25.04M (Peak 37.11M) | Time:00:00.02 | Mem:2.28M, Peak:2.28M | Scene, ViewLayer | Updating Scene BVH | Building BVH 0%
Fra:1 Mem:25.04M (Peak 37.11M) | Time:00:00.03 | Mem:2.67M, Peak:3.67M | Scene, ViewLayer | Updating Scene BVH | Copying BVH to device
Fra:1 Mem:25.04M (Peak 37.11M) | Time:00:00.03 | Mem:2.67M, Peak:3.67M | Scene, ViewLayer | Updating Mesh | Computing normals
Fra:1 Mem:26.73M (Peak 37.11M) | Time:00:00.03 | Mem:2.67M, Peak:3.67M | Scene, ViewLayer | Updating Mesh | Copying Mesh to device
Fra:1 Mem:26.73M (Peak 37.11M) | Time:00:00.03 | Mem:4.36M, Peak:4.36M | Scene, ViewLayer | Updating Objects Flags
Fra:1 Mem:26.73M (Peak 37.11M) | Time:00:00.03 | Mem:4.36M, Peak:4.36M | Scene, ViewLayer | Updating Primitive Offsets
Fra:1 Mem:26.73M (Peak 37.11M) | Time:00:00.03 | Mem:4.36M, Peak:4.36M | Scene, ViewLayer | Updating Images
Fra:1 Mem:26.73M (Peak 37.11M) | Time:00:00.03 | Mem:4.36M, Peak:4.36M | Scene, ViewLayer | Updating Images | Loading 00831.exr
Fra:1 Mem:26.85M (Peak 37.11M) | Time:00:00.03 | Mem:4.36M, Peak:4.36M | Scene, ViewLayer | Updating Images | Loading bumpy_0187.jpg
Fra:1 Mem:27.26M (Peak 37.11M) | Time:00:00.03 | Mem:4.88M, Peak:4.88M | Scene, ViewLayer | Updating Camera Volume
Fra:1 Mem:27.26M (Peak 37.11M) | Time:00:00.03 | Mem:4.88M, Peak:4.88M | Scene, ViewLayer | Updating Lookup Tables
Fra:1 Mem:27.26M (Peak 37.11M) | Time:00:00.03 | Mem:5.13M, Peak:5.13M | Scene, ViewLayer | Updating Lights
Fra:1 Mem:27.26M (Peak 37.11M) | Time:00:00.03 | Mem:5.13M, Peak:5.13M | Scene, ViewLayer | Updating Lights | Computing distribution
Fra:1 Mem:27.26M (Peak 37.11M) | Time:00:00.03 | Mem:5.13M, Peak:5.13M | Scene, ViewLayer | Updating Lights | Importance map
Fra:1 Mem:91.29M (Peak 379.39M) | Time:00:00.17 | Mem:69.18M, Peak:229.15M | Scene, ViewLayer | Updating Integrator
Fra:1 Mem:91.30M (Peak 379.39M) | Time:00:00.17 | Mem:69.18M, Peak:229.15M | Scene, ViewLayer | Updating Film
Fra:1 Mem:91.30M (Peak 379.39M) | Time:00:00.17 | Mem:68.93M, Peak:229.15M | Scene, ViewLayer | Updating Lookup Tables
Fra:1 Mem:91.30M (Peak 379.39M) | Time:00:00.17 | Mem:69.19M, Peak:229.15M | Scene, ViewLayer | Updating Baking
Fra:1 Mem:91.30M (Peak 379.39M) | Time:00:00.17 | Mem:69.19M, Peak:229.15M | Scene, ViewLayer | Updating Device | Writing constant memory
Fra:1 Mem:91.30M (Peak 379.39M) | Time:00:00.17 | Mem:69.19M, Peak:229.15M | Scene, ViewLayer | Sample 0/32
Fra:1 Mem:110.39M (Peak 379.39M) | Time:00:00.18 | Remaining:00:00.24 | Mem:88.19M, Peak:229.15M | Scene, ViewLayer | Sample 1/32
Fra:1 Mem:118.39M (Peak 379.39M) | Time:00:00.45 | Mem:88.19M, Peak:229.15M | Scene, ViewLayer | Sample 32/32
Fra:1 Mem:118.39M (Peak 379.39M) | Time:00:00.45 | Mem:88.19M, Peak:229.15M | Scene, ViewLayer | Finished
Saved: '/home/janus/iwi9-datasets/objaverse-rendering/no_textures_5/cb729816037a4628b3675bf0d3ce1183/002.png'
 Time: 00:00.49 (Saving: 00:00.03)

Fra:1 Mem:27.19M (Peak 31.28M) | Time:00:00.00 | Mem:0.00M, Peak:0.00M | Scene, ViewLayer | Synchronizing object | Object_4
Fra:1 Mem:29.10M (Peak 37.14M) | Time:00:00.02 | Mem:0.00M, Peak:0.00M | Scene, ViewLayer | Initializing
Fra:1 Mem:23.71M (Peak 37.14M) | Time:00:00.02 | Mem:0.00M, Peak:0.00M | Scene, ViewLayer | Waiting for render to start
Fra:1 Mem:23.71M (Peak 37.14M) | Time:00:00.02 | Mem:0.00M, Peak:0.00M | Scene, ViewLayer | Loading render kernels (may take a few minutes the first time)
Fra:1 Mem:23.71M (Peak 37.14M) | Time:00:00.02 | Mem:0.00M, Peak:0.00M | Scene, ViewLayer | Updating Scene
Fra:1 Mem:23.71M (Peak 37.14M) | Time:00:00.02 | Mem:0.00M, Peak:0.00M | Scene, ViewLayer | Updating Shaders
Fra:1 Mem:23.96M (Peak 37.14M) | Time:00:00.02 | Mem:0.00M, Peak:0.00M | Scene, ViewLayer | Updating Procedurals
Fra:1 Mem:23.96M (Peak 37.14M) | Time:00:00.02 | Mem:0.00M, Peak:0.00M | Scene, ViewLayer | Updating Background
Fra:1 Mem:23.96M (Peak 37.14M) | Time:00:00.02 | Mem:0.00M, Peak:0.00M | Scene, ViewLayer | Updating Camera
Fra:1 Mem:23.96M (Peak 37.14M) | Time:00:00.02 | Mem:0.00M, Peak:0.00M | Scene, ViewLayer | Updating Meshes Flags
Fra:1 Mem:23.96M (Peak 37.14M) | Time:00:00.02 | Mem:0.00M, Peak:0.00M | Scene, ViewLayer | Updating Objects
Fra:1 Mem:23.96M (Peak 37.14M) | Time:00:00.02 | Mem:0.00M, Peak:0.00M | Scene, ViewLayer | Updating Objects | Copying Transformations to device
Fra:1 Mem:23.96M (Peak 37.14M) | Time:00:00.02 | Mem:0.00M, Peak:0.00M | Scene, ViewLayer | Updating Objects | Applying Static Transformations
Fra:1 Mem:23.96M (Peak 37.14M) | Time:00:00.02 | Mem:0.00M, Peak:0.00M | Scene, ViewLayer | Updating Particle Systems
Fra:1 Mem:23.96M (Peak 37.14M) | Time:00:00.02 | Mem:0.00M, Peak:0.00M | Scene, ViewLayer | Updating Particle Systems | Copying Particles to device
Fra:1 Mem:23.96M (Peak 37.14M) | Time:00:00.02 | Mem:0.00M, Peak:0.00M | Scene, ViewLayer | Updating Meshes
Fra:1 Mem:24.30M (Peak 37.14M) | Time:00:00.02 | Mem:0.00M, Peak:0.00M | Scene, ViewLayer | Updating Mesh | Computing attributes
Fra:1 Mem:25.06M (Peak 37.14M) | Time:00:00.02 | Mem:0.00M, Peak:0.00M | Scene, ViewLayer | Updating Mesh | Copying Attributes to device
Fra:1 Mem:25.06M (Peak 37.14M) | Time:00:00.02 | Mem:0.77M, Peak:0.77M | Scene, ViewLayer | Updating Scene BVH | Building
Fra:1 Mem:25.06M (Peak 37.14M) | Time:00:00.02 | Mem:0.77M, Peak:0.77M | Scene, ViewLayer | Updating Scene BVH | Building BVH
Fra:1 Mem:25.06M (Peak 37.14M) | Time:00:00.02 | Mem:2.28M, Peak:2.28M | Scene, ViewLayer | Updating Scene BVH | Building BVH 0%
Fra:1 Mem:25.06M (Peak 37.14M) | Time:00:00.02 | Mem:2.67M, Peak:3.67M | Scene, ViewLayer | Updating Scene BVH | Copying BVH to device
Fra:1 Mem:25.06M (Peak 37.14M) | Time:00:00.02 | Mem:2.67M, Peak:3.67M | Scene, ViewLayer | Updating Mesh | Computing normals
Fra:1 Mem:26.75M (Peak 37.14M) | Time:00:00.03 | Mem:2.67M, Peak:3.67M | Scene, ViewLayer | Updating Mesh | Copying Mesh to device
Fra:1 Mem:26.75M (Peak 37.14M) | Time:00:00.03 | Mem:4.36M, Peak:4.36M | Scene, ViewLayer | Updating Objects Flags
Fra:1 Mem:26.75M (Peak 37.14M) | Time:00:00.03 | Mem:4.36M, Peak:4.36M | Scene, ViewLayer | Updating Primitive Offsets
Fra:1 Mem:26.75M (Peak 37.14M) | Time:00:00.03 | Mem:4.36M, Peak:4.36M | Scene, ViewLayer | Updating Images
Fra:1 Mem:26.75M (Peak 37.14M) | Time:00:00.03 | Mem:4.36M, Peak:4.36M | Scene, ViewLayer | Updating Images | Loading 00831.exr
Fra:1 Mem:26.88M (Peak 37.14M) | Time:00:00.03 | Mem:4.36M, Peak:4.36M | Scene, ViewLayer | Updating Images | Loading freckled_0113.jpg
Fra:1 Mem:28.33M (Peak 37.14M) | Time:00:00.03 | Mem:5.93M, Peak:5.93M | Scene, ViewLayer | Updating Camera Volume
Fra:1 Mem:28.33M (Peak 37.14M) | Time:00:00.03 | Mem:5.93M, Peak:5.93M | Scene, ViewLayer | Updating Lookup Tables
Fra:1 Mem:28.33M (Peak 37.14M) | Time:00:00.03 | Mem:6.18M, Peak:6.18M | Scene, ViewLayer | Updating Lights
Fra:1 Mem:28.33M (Peak 37.14M) | Time:00:00.03 | Mem:6.18M, Peak:6.18M | Scene, ViewLayer | Updating Lights | Computing distribution
Fra:1 Mem:28.33M (Peak 37.14M) | Time:00:00.03 | Mem:6.18M, Peak:6.18M | Scene, ViewLayer | Updating Lights | Importance map
Fra:1 Mem:92.36M (Peak 380.46M) | Time:00:00.17 | Mem:70.22M, Peak:230.19M | Scene, ViewLayer | Updating Integrator
Fra:1 Mem:92.37M (Peak 380.46M) | Time:00:00.17 | Mem:70.23M, Peak:230.19M | Scene, ViewLayer | Updating Film
Fra:1 Mem:92.37M (Peak 380.46M) | Time:00:00.17 | Mem:69.98M, Peak:230.19M | Scene, ViewLayer | Updating Lookup Tables
Fra:1 Mem:92.37M (Peak 380.46M) | Time:00:00.17 | Mem:70.23M, Peak:230.19M | Scene, ViewLayer | Updating Baking
Fra:1 Mem:92.37M (Peak 380.46M) | Time:00:00.17 | Mem:70.23M, Peak:230.19M | Scene, ViewLayer | Updating Device | Writing constant memory
Fra:1 Mem:92.37M (Peak 380.46M) | Time:00:00.17 | Mem:70.23M, Peak:230.19M | Scene, ViewLayer | Sample 0/32
Fra:1 Mem:111.46M (Peak 380.46M) | Time:00:00.18 | Remaining:00:00.25 | Mem:89.23M, Peak:230.19M | Scene, ViewLayer | Sample 1/32
Fra:1 Mem:119.46M (Peak 380.46M) | Time:00:00.45 | Mem:89.23M, Peak:230.19M | Scene, ViewLayer | Sample 32/32
Fra:1 Mem:119.46M (Peak 380.46M) | Time:00:00.45 | Mem:89.23M, Peak:230.19M | Scene, ViewLayer | Finished
Saved: '/home/janus/iwi9-datasets/objaverse-rendering/no_textures_5/cb729816037a4628b3675bf0d3ce1183/003.png'
 Time: 00:00.48 (Saving: 00:00.03)

Fra:1 Mem:27.21M (Peak 31.33M) | Time:00:00.00 | Mem:0.00M, Peak:0.00M | Scene, ViewLayer | Synchronizing object | Object_4
Fra:1 Mem:29.13M (Peak 37.16M) | Time:00:00.02 | Mem:0.00M, Peak:0.00M | Scene, ViewLayer | Initializing
Fra:1 Mem:23.73M (Peak 37.16M) | Time:00:00.02 | Mem:0.00M, Peak:0.00M | Scene, ViewLayer | Waiting for render to start
Fra:1 Mem:23.73M (Peak 37.16M) | Time:00:00.02 | Mem:0.00M, Peak:0.00M | Scene, ViewLayer | Loading render kernels (may take a few minutes the first time)
Fra:1 Mem:23.73M (Peak 37.16M) | Time:00:00.02 | Mem:0.00M, Peak:0.00M | Scene, ViewLayer | Updating Scene
Fra:1 Mem:23.73M (Peak 37.16M) | Time:00:00.02 | Mem:0.00M, Peak:0.00M | Scene, ViewLayer | Updating Shaders
Fra:1 Mem:23.99M (Peak 37.16M) | Time:00:00.02 | Mem:0.00M, Peak:0.00M | Scene, ViewLayer | Updating Procedurals
Fra:1 Mem:23.99M (Peak 37.16M) | Time:00:00.02 | Mem:0.00M, Peak:0.00M | Scene, ViewLayer | Updating Background
Fra:1 Mem:23.99M (Peak 37.16M) | Time:00:00.02 | Mem:0.00M, Peak:0.00M | Scene, ViewLayer | Updating Camera
Fra:1 Mem:23.99M (Peak 37.16M) | Time:00:00.02 | Mem:0.00M, Peak:0.00M | Scene, ViewLayer | Updating Meshes Flags
Fra:1 Mem:23.99M (Peak 37.16M) | Time:00:00.02 | Mem:0.00M, Peak:0.00M | Scene, ViewLayer | Updating Objects
Fra:1 Mem:23.99M (Peak 37.16M) | Time:00:00.02 | Mem:0.00M, Peak:0.00M | Scene, ViewLayer | Updating Objects | Copying Transformations to device
Fra:1 Mem:23.99M (Peak 37.16M) | Time:00:00.02 | Mem:0.00M, Peak:0.00M | Scene, ViewLayer | Updating Objects | Applying Static Transformations
Fra:1 Mem:23.99M (Peak 37.16M) | Time:00:00.02 | Mem:0.00M, Peak:0.00M | Scene, ViewLayer | Updating Particle Systems
Fra:1 Mem:23.99M (Peak 37.16M) | Time:00:00.02 | Mem:0.00M, Peak:0.00M | Scene, ViewLayer | Updating Particle Systems | Copying Particles to device
Fra:1 Mem:23.99M (Peak 37.16M) | Time:00:00.02 | Mem:0.00M, Peak:0.00M | Scene, ViewLayer | Updating Meshes
Fra:1 Mem:24.32M (Peak 37.16M) | Time:00:00.02 | Mem:0.00M, Peak:0.00M | Scene, ViewLayer | Updating Mesh | Computing attributes
Fra:1 Mem:25.08M (Peak 37.16M) | Time:00:00.02 | Mem:0.00M, Peak:0.00M | Scene, ViewLayer | Updating Mesh | Copying Attributes to device
Fra:1 Mem:25.08M (Peak 37.16M) | Time:00:00.02 | Mem:0.77M, Peak:0.77M | Scene, ViewLayer | Updating Scene BVH | Building
Fra:1 Mem:25.08M (Peak 37.16M) | Time:00:00.02 | Mem:0.77M, Peak:0.77M | Scene, ViewLayer | Updating Scene BVH | Building BVH
Fra:1 Mem:25.08M (Peak 37.16M) | Time:00:00.02 | Mem:2.28M, Peak:2.28M | Scene, ViewLayer | Updating Scene BVH | Building BVH 0%
Fra:1 Mem:25.08M (Peak 37.16M) | Time:00:00.03 | Mem:2.67M, Peak:3.67M | Scene, ViewLayer | Updating Scene BVH | Copying BVH to device
Fra:1 Mem:25.08M (Peak 37.16M) | Time:00:00.03 | Mem:2.67M, Peak:3.67M | Scene, ViewLayer | Updating Mesh | Computing normals
Fra:1 Mem:26.77M (Peak 37.16M) | Time:00:00.03 | Mem:2.67M, Peak:3.67M | Scene, ViewLayer | Updating Mesh | Copying Mesh to device
Fra:1 Mem:26.77M (Peak 37.16M) | Time:00:00.03 | Mem:4.36M, Peak:4.36M | Scene, ViewLayer | Updating Objects Flags
Fra:1 Mem:26.77M (Peak 37.16M) | Time:00:00.03 | Mem:4.36M, Peak:4.36M | Scene, ViewLayer | Updating Primitive Offsets
Fra:1 Mem:26.77M (Peak 37.16M) | Time:00:00.03 | Mem:4.36M, Peak:4.36M | Scene, ViewLayer | Updating Images
Fra:1 Mem:26.77M (Peak 37.16M) | Time:00:00.03 | Mem:4.36M, Peak:4.36M | Scene, ViewLayer | Updating Images | Loading 00831.exr
Fra:1 Mem:26.90M (Peak 37.16M) | Time:00:00.03 | Mem:4.36M, Peak:4.36M | Scene, ViewLayer | Updating Images | Loading freckled_0123.jpg
Fra:1 Mem:27.44M (Peak 37.16M) | Time:00:00.03 | Mem:5.02M, Peak:5.02M | Scene, ViewLayer | Updating Camera Volume
Fra:1 Mem:27.44M (Peak 37.16M) | Time:00:00.03 | Mem:5.02M, Peak:5.02M | Scene, ViewLayer | Updating Lookup Tables
Fra:1 Mem:27.44M (Peak 37.16M) | Time:00:00.03 | Mem:5.27M, Peak:5.27M | Scene, ViewLayer | Updating Lights
Fra:1 Mem:27.44M (Peak 37.16M) | Time:00:00.03 | Mem:5.27M, Peak:5.27M | Scene, ViewLayer | Updating Lights | Computing distribution
Fra:1 Mem:27.44M (Peak 37.16M) | Time:00:00.03 | Mem:5.27M, Peak:5.27M | Scene, ViewLayer | Updating Lights | Importance map
Fra:1 Mem:91.47M (Peak 379.57M) | Time:00:00.17 | Mem:69.31M, Peak:229.28M | Scene, ViewLayer | Updating Integrator
Fra:1 Mem:91.48M (Peak 379.57M) | Time:00:00.17 | Mem:69.32M, Peak:229.28M | Scene, ViewLayer | Updating Film
Fra:1 Mem:91.49M (Peak 379.57M) | Time:00:00.17 | Mem:69.07M, Peak:229.28M | Scene, ViewLayer | Updating Lookup Tables
Fra:1 Mem:91.49M (Peak 379.57M) | Time:00:00.17 | Mem:69.32M, Peak:229.28M | Scene, ViewLayer | Updating Baking
Fra:1 Mem:91.49M (Peak 379.57M) | Time:00:00.17 | Mem:69.32M, Peak:229.28M | Scene, ViewLayer | Updating Device | Writing constant memory
Fra:1 Mem:91.49M (Peak 379.57M) | Time:00:00.17 | Mem:69.32M, Peak:229.28M | Scene, ViewLayer | Sample 0/32
Fra:1 Mem:110.57M (Peak 379.57M) | Time:00:00.18 | Remaining:00:00.26 | Mem:88.32M, Peak:229.28M | Scene, ViewLayer | Sample 1/32
Fra:1 Mem:118.58M (Peak 379.57M) | Time:00:00.45 | Mem:88.32M, Peak:229.28M | Scene, ViewLayer | Sample 32/32
Fra:1 Mem:118.58M (Peak 379.57M) | Time:00:00.45 | Mem:88.32M, Peak:229.28M | Scene, ViewLayer | Finished
Saved: '/home/janus/iwi9-datasets/objaverse-rendering/no_textures_5/cb729816037a4628b3675bf0d3ce1183/004.png'
 Time: 00:00.49 (Saving: 00:00.03)

Fra:1 Mem:27.23M (Peak 31.36M) | Time:00:00.00 | Mem:0.00M, Peak:0.00M | Scene, ViewLayer | Synchronizing object | Object_4
Fra:1 Mem:29.15M (Peak 37.18M) | Time:00:00.02 | Mem:0.00M, Peak:0.00M | Scene, ViewLayer | Initializing
Fra:1 Mem:23.75M (Peak 37.18M) | Time:00:00.02 | Mem:0.00M, Peak:0.00M | Scene, ViewLayer | Waiting for render to start
Fra:1 Mem:23.76M (Peak 37.18M) | Time:00:00.02 | Mem:0.00M, Peak:0.00M | Scene, ViewLayer | Loading render kernels (may take a few minutes the first time)
Fra:1 Mem:23.76M (Peak 37.18M) | Time:00:00.02 | Mem:0.00M, Peak:0.00M | Scene, ViewLayer | Updating Scene
Fra:1 Mem:23.76M (Peak 37.18M) | Time:00:00.02 | Mem:0.00M, Peak:0.00M | Scene, ViewLayer | Updating Shaders
Fra:1 Mem:24.01M (Peak 37.18M) | Time:00:00.02 | Mem:0.00M, Peak:0.00M | Scene, ViewLayer | Updating Procedurals
Fra:1 Mem:24.01M (Peak 37.18M) | Time:00:00.02 | Mem:0.00M, Peak:0.00M | Scene, ViewLayer | Updating Background
Fra:1 Mem:24.01M (Peak 37.18M) | Time:00:00.02 | Mem:0.00M, Peak:0.00M | Scene, ViewLayer | Updating Camera
Fra:1 Mem:24.01M (Peak 37.18M) | Time:00:00.02 | Mem:0.00M, Peak:0.00M | Scene, ViewLayer | Updating Meshes Flags
Fra:1 Mem:24.01M (Peak 37.18M) | Time:00:00.02 | Mem:0.00M, Peak:0.00M | Scene, ViewLayer | Updating Objects
Fra:1 Mem:24.01M (Peak 37.18M) | Time:00:00.02 | Mem:0.00M, Peak:0.00M | Scene, ViewLayer | Updating Objects | Copying Transformations to device
Fra:1 Mem:24.01M (Peak 37.18M) | Time:00:00.02 | Mem:0.00M, Peak:0.00M | Scene, ViewLayer | Updating Objects | Applying Static Transformations
Fra:1 Mem:24.01M (Peak 37.18M) | Time:00:00.02 | Mem:0.00M, Peak:0.00M | Scene, ViewLayer | Updating Particle Systems
Fra:1 Mem:24.01M (Peak 37.18M) | Time:00:00.02 | Mem:0.00M, Peak:0.00M | Scene, ViewLayer | Updating Particle Systems | Copying Particles to device
Fra:1 Mem:24.01M (Peak 37.18M) | Time:00:00.02 | Mem:0.00M, Peak:0.00M | Scene, ViewLayer | Updating Meshes
Fra:1 Mem:24.34M (Peak 37.18M) | Time:00:00.02 | Mem:0.00M, Peak:0.00M | Scene, ViewLayer | Updating Mesh | Computing attributes
Fra:1 Mem:25.11M (Peak 37.18M) | Time:00:00.02 | Mem:0.00M, Peak:0.00M | Scene, ViewLayer | Updating Mesh | Copying Attributes to device
Fra:1 Mem:25.11M (Peak 37.18M) | Time:00:00.02 | Mem:0.77M, Peak:0.77M | Scene, ViewLayer | Updating Scene BVH | Building
Fra:1 Mem:25.11M (Peak 37.18M) | Time:00:00.02 | Mem:0.77M, Peak:0.77M | Scene, ViewLayer | Updating Scene BVH | Building BVH
Fra:1 Mem:25.11M (Peak 37.18M) | Time:00:00.02 | Mem:2.28M, Peak:2.28M | Scene, ViewLayer | Updating Scene BVH | Building BVH 0%
Fra:1 Mem:25.11M (Peak 37.18M) | Time:00:00.03 | Mem:2.74M, Peak:3.74M | Scene, ViewLayer | Updating Scene BVH | Copying BVH to device
Fra:1 Mem:25.11M (Peak 37.18M) | Time:00:00.03 | Mem:2.74M, Peak:3.74M | Scene, ViewLayer | Updating Mesh | Computing normals
Fra:1 Mem:26.80M (Peak 37.18M) | Time:00:00.03 | Mem:2.74M, Peak:3.74M | Scene, ViewLayer | Updating Mesh | Copying Mesh to device
Fra:1 Mem:26.80M (Peak 37.18M) | Time:00:00.03 | Mem:4.43M, Peak:4.43M | Scene, ViewLayer | Updating Objects Flags
Fra:1 Mem:26.80M (Peak 37.18M) | Time:00:00.03 | Mem:4.43M, Peak:4.43M | Scene, ViewLayer | Updating Primitive Offsets
Fra:1 Mem:26.80M (Peak 37.18M) | Time:00:00.03 | Mem:4.43M, Peak:4.43M | Scene, ViewLayer | Updating Images
Fra:1 Mem:26.80M (Peak 37.18M) | Time:00:00.03 | Mem:4.43M, Peak:4.43M | Scene, ViewLayer | Updating Images | Loading 00831.exr
Fra:1 Mem:26.92M (Peak 37.18M) | Time:00:00.03 | Mem:4.43M, Peak:4.43M | Scene, ViewLayer | Updating Images | Loading porous_0131.jpg
Fra:1 Mem:28.10M (Peak 37.18M) | Time:00:00.03 | Mem:5.73M, Peak:5.73M | Scene, ViewLayer | Updating Camera Volume
Fra:1 Mem:28.10M (Peak 37.18M) | Time:00:00.03 | Mem:5.73M, Peak:5.73M | Scene, ViewLayer | Updating Lookup Tables
Fra:1 Mem:28.10M (Peak 37.18M) | Time:00:00.03 | Mem:5.98M, Peak:5.98M | Scene, ViewLayer | Updating Lights
Fra:1 Mem:28.10M (Peak 37.18M) | Time:00:00.03 | Mem:5.98M, Peak:5.98M | Scene, ViewLayer | Updating Lights | Computing distribution
Fra:1 Mem:28.10M (Peak 37.18M) | Time:00:00.03 | Mem:5.98M, Peak:5.98M | Scene, ViewLayer | Updating Lights | Importance map
Fra:1 Mem:92.14M (Peak 380.23M) | Time:00:00.17 | Mem:70.02M, Peak:229.99M | Scene, ViewLayer | Updating Integrator
Fra:1 Mem:92.14M (Peak 380.23M) | Time:00:00.17 | Mem:70.03M, Peak:229.99M | Scene, ViewLayer | Updating Film
Fra:1 Mem:92.15M (Peak 380.23M) | Time:00:00.17 | Mem:69.78M, Peak:229.99M | Scene, ViewLayer | Updating Lookup Tables
Fra:1 Mem:92.15M (Peak 380.23M) | Time:00:00.17 | Mem:70.03M, Peak:229.99M | Scene, ViewLayer | Updating Baking
Fra:1 Mem:92.15M (Peak 380.23M) | Time:00:00.17 | Mem:70.03M, Peak:229.99M | Scene, ViewLayer | Updating Device | Writing constant memory
Fra:1 Mem:92.15M (Peak 380.23M) | Time:00:00.17 | Mem:70.03M, Peak:229.99M | Scene, ViewLayer | Sample 0/32
Fra:1 Mem:111.24M (Peak 380.23M) | Time:00:00.18 | Remaining:00:00.21 | Mem:89.03M, Peak:229.99M | Scene, ViewLayer | Sample 1/32
Fra:1 Mem:119.24M (Peak 380.23M) | Time:00:00.44 | Mem:89.03M, Peak:229.99M | Scene, ViewLayer | Sample 32/32
Fra:1 Mem:119.24M (Peak 380.23M) | Time:00:00.44 | Mem:89.03M, Peak:229.99M | Scene, ViewLayer | Finished
Saved: '/home/janus/iwi9-datasets/objaverse-rendering/no_textures_5/cb729816037a4628b3675bf0d3ce1183/005.png'
 Time: 00:00.48 (Saving: 00:00.03)

Fra:1 Mem:27.25M (Peak 31.36M) | Time:00:00.00 | Mem:0.00M, Peak:0.00M | Scene, ViewLayer | Synchronizing object | Object_4
Fra:1 Mem:29.17M (Peak 37.20M) | Time:00:00.02 | Mem:0.00M, Peak:0.00M | Scene, ViewLayer | Initializing
Fra:1 Mem:23.78M (Peak 37.20M) | Time:00:00.02 | Mem:0.00M, Peak:0.00M | Scene, ViewLayer | Waiting for render to start
Fra:1 Mem:23.78M (Peak 37.20M) | Time:00:00.02 | Mem:0.00M, Peak:0.00M | Scene, ViewLayer | Loading render kernels (may take a few minutes the first time)
Fra:1 Mem:23.78M (Peak 37.20M) | Time:00:00.02 | Mem:0.00M, Peak:0.00M | Scene, ViewLayer | Updating Scene
Fra:1 Mem:23.78M (Peak 37.20M) | Time:00:00.02 | Mem:0.00M, Peak:0.00M | Scene, ViewLayer | Updating Shaders
Fra:1 Mem:24.03M (Peak 37.20M) | Time:00:00.02 | Mem:0.00M, Peak:0.00M | Scene, ViewLayer | Updating Procedurals
Fra:1 Mem:24.03M (Peak 37.20M) | Time:00:00.02 | Mem:0.00M, Peak:0.00M | Scene, ViewLayer | Updating Background
Fra:1 Mem:24.03M (Peak 37.20M) | Time:00:00.02 | Mem:0.00M, Peak:0.00M | Scene, ViewLayer | Updating Camera
Fra:1 Mem:24.03M (Peak 37.20M) | Time:00:00.02 | Mem:0.00M, Peak:0.00M | Scene, ViewLayer | Updating Meshes Flags
Fra:1 Mem:24.03M (Peak 37.20M) | Time:00:00.02 | Mem:0.00M, Peak:0.00M | Scene, ViewLayer | Updating Objects
Fra:1 Mem:24.03M (Peak 37.20M) | Time:00:00.02 | Mem:0.00M, Peak:0.00M | Scene, ViewLayer | Updating Objects | Copying Transformations to device
Fra:1 Mem:24.03M (Peak 37.20M) | Time:00:00.02 | Mem:0.00M, Peak:0.00M | Scene, ViewLayer | Updating Objects | Applying Static Transformations
Fra:1 Mem:24.03M (Peak 37.20M) | Time:00:00.02 | Mem:0.00M, Peak:0.00M | Scene, ViewLayer | Updating Particle Systems
Fra:1 Mem:24.03M (Peak 37.20M) | Time:00:00.02 | Mem:0.00M, Peak:0.00M | Scene, ViewLayer | Updating Particle Systems | Copying Particles to device
Fra:1 Mem:24.03M (Peak 37.20M) | Time:00:00.02 | Mem:0.00M, Peak:0.00M | Scene, ViewLayer | Updating Meshes
Fra:1 Mem:24.36M (Peak 37.20M) | Time:00:00.02 | Mem:0.00M, Peak:0.00M | Scene, ViewLayer | Updating Mesh | Computing attributes
Fra:1 Mem:25.13M (Peak 37.20M) | Time:00:00.02 | Mem:0.00M, Peak:0.00M | Scene, ViewLayer | Updating Mesh | Copying Attributes to device
Fra:1 Mem:25.13M (Peak 37.20M) | Time:00:00.02 | Mem:0.77M, Peak:0.77M | Scene, ViewLayer | Updating Scene BVH | Building
Fra:1 Mem:25.13M (Peak 37.20M) | Time:00:00.02 | Mem:0.77M, Peak:0.77M | Scene, ViewLayer | Updating Scene BVH | Building BVH
Fra:1 Mem:25.13M (Peak 37.20M) | Time:00:00.02 | Mem:2.28M, Peak:2.28M | Scene, ViewLayer | Updating Scene BVH | Building BVH 0%
Fra:1 Mem:25.13M (Peak 37.20M) | Time:00:00.03 | Mem:2.74M, Peak:3.74M | Scene, ViewLayer | Updating Scene BVH | Copying BVH to device
Fra:1 Mem:25.13M (Peak 37.20M) | Time:00:00.03 | Mem:2.74M, Peak:3.74M | Scene, ViewLayer | Updating Mesh | Computing normals
Fra:1 Mem:26.82M (Peak 37.20M) | Time:00:00.03 | Mem:2.74M, Peak:3.74M | Scene, ViewLayer | Updating Mesh | Copying Mesh to device
Fra:1 Mem:26.82M (Peak 37.20M) | Time:00:00.03 | Mem:4.43M, Peak:4.43M | Scene, ViewLayer | Updating Objects Flags
Fra:1 Mem:26.82M (Peak 37.20M) | Time:00:00.03 | Mem:4.43M, Peak:4.43M | Scene, ViewLayer | Updating Primitive Offsets
Fra:1 Mem:26.82M (Peak 37.20M) | Time:00:00.03 | Mem:4.43M, Peak:4.43M | Scene, ViewLayer | Updating Images
Fra:1 Mem:26.82M (Peak 37.20M) | Time:00:00.03 | Mem:4.43M, Peak:4.43M | Scene, ViewLayer | Updating Images | Loading 00831.exr
Fra:1 Mem:26.94M (Peak 37.20M) | Time:00:00.03 | Mem:4.43M, Peak:4.43M | Scene, ViewLayer | Updating Images | Loading wrinkled_0125.jpg
Fra:1 Mem:27.95M (Peak 37.20M) | Time:00:00.03 | Mem:5.56M, Peak:5.56M | Scene, ViewLayer | Updating Camera Volume
Fra:1 Mem:27.95M (Peak 37.20M) | Time:00:00.03 | Mem:5.56M, Peak:5.56M | Scene, ViewLayer | Updating Lookup Tables
Fra:1 Mem:27.95M (Peak 37.20M) | Time:00:00.03 | Mem:5.81M, Peak:5.81M | Scene, ViewLayer | Updating Lights
Fra:1 Mem:27.95M (Peak 37.20M) | Time:00:00.03 | Mem:5.81M, Peak:5.81M | Scene, ViewLayer | Updating Lights | Computing distribution
Fra:1 Mem:27.95M (Peak 37.20M) | Time:00:00.03 | Mem:5.81M, Peak:5.81M | Scene, ViewLayer | Updating Lights | Importance map
Fra:1 Mem:91.99M (Peak 380.08M) | Time:00:00.17 | Mem:69.85M, Peak:229.82M | Scene, ViewLayer | Updating Integrator
Fra:1 Mem:91.99M (Peak 380.08M) | Time:00:00.17 | Mem:69.86M, Peak:229.82M | Scene, ViewLayer | Updating Film
Fra:1 Mem:92.00M (Peak 380.08M) | Time:00:00.17 | Mem:69.61M, Peak:229.82M | Scene, ViewLayer | Updating Lookup Tables
Fra:1 Mem:92.00M (Peak 380.08M) | Time:00:00.17 | Mem:69.86M, Peak:229.82M | Scene, ViewLayer | Updating Baking
Fra:1 Mem:92.00M (Peak 380.08M) | Time:00:00.17 | Mem:69.86M, Peak:229.82M | Scene, ViewLayer | Updating Device | Writing constant memory
Fra:1 Mem:92.00M (Peak 380.08M) | Time:00:00.17 | Mem:69.86M, Peak:229.82M | Scene, ViewLayer | Sample 0/32
Fra:1 Mem:111.09M (Peak 380.08M) | Time:00:00.18 | Remaining:00:00.24 | Mem:88.86M, Peak:229.82M | Scene, ViewLayer | Sample 1/32
Fra:1 Mem:119.09M (Peak 380.08M) | Time:00:00.44 | Mem:88.86M, Peak:229.82M | Scene, ViewLayer | Sample 32/32
Fra:1 Mem:119.09M (Peak 380.08M) | Time:00:00.44 | Mem:88.86M, Peak:229.82M | Scene, ViewLayer | Finished
Saved: '/home/janus/iwi9-datasets/objaverse-rendering/no_textures_5/cb729816037a4628b3675bf0d3ce1183/006.png'
 Time: 00:00.48 (Saving: 00:00.03)

Fra:1 Mem:27.28M (Peak 31.34M) | Time:00:00.00 | Mem:0.00M, Peak:0.00M | Scene, ViewLayer | Synchronizing object | Object_4
Fra:1 Mem:29.19M (Peak 37.23M) | Time:00:00.02 | Mem:0.00M, Peak:0.00M | Scene, ViewLayer | Initializing
Fra:1 Mem:23.80M (Peak 37.23M) | Time:00:00.02 | Mem:0.00M, Peak:0.00M | Scene, ViewLayer | Waiting for render to start
Fra:1 Mem:23.80M (Peak 37.23M) | Time:00:00.02 | Mem:0.00M, Peak:0.00M | Scene, ViewLayer | Loading render kernels (may take a few minutes the first time)
Fra:1 Mem:23.80M (Peak 37.23M) | Time:00:00.02 | Mem:0.00M, Peak:0.00M | Scene, ViewLayer | Updating Scene
Fra:1 Mem:23.80M (Peak 37.23M) | Time:00:00.02 | Mem:0.00M, Peak:0.00M | Scene, ViewLayer | Updating Shaders
Fra:1 Mem:24.05M (Peak 37.23M) | Time:00:00.03 | Mem:0.00M, Peak:0.00M | Scene, ViewLayer | Updating Procedurals
Fra:1 Mem:24.05M (Peak 37.23M) | Time:00:00.03 | Mem:0.00M, Peak:0.00M | Scene, ViewLayer | Updating Background
Fra:1 Mem:24.05M (Peak 37.23M) | Time:00:00.03 | Mem:0.00M, Peak:0.00M | Scene, ViewLayer | Updating Camera
Fra:1 Mem:24.05M (Peak 37.23M) | Time:00:00.03 | Mem:0.00M, Peak:0.00M | Scene, ViewLayer | Updating Meshes Flags
Fra:1 Mem:24.05M (Peak 37.23M) | Time:00:00.03 | Mem:0.00M, Peak:0.00M | Scene, ViewLayer | Updating Objects
Fra:1 Mem:24.05M (Peak 37.23M) | Time:00:00.03 | Mem:0.00M, Peak:0.00M | Scene, ViewLayer | Updating Objects | Copying Transformations to device
Fra:1 Mem:24.05M (Peak 37.23M) | Time:00:00.03 | Mem:0.00M, Peak:0.00M | Scene, ViewLayer | Updating Objects | Applying Static Transformations
Fra:1 Mem:24.05M (Peak 37.23M) | Time:00:00.03 | Mem:0.00M, Peak:0.00M | Scene, ViewLayer | Updating Particle Systems
Fra:1 Mem:24.05M (Peak 37.23M) | Time:00:00.03 | Mem:0.00M, Peak:0.00M | Scene, ViewLayer | Updating Particle Systems | Copying Particles to device
Fra:1 Mem:24.05M (Peak 37.23M) | Time:00:00.03 | Mem:0.00M, Peak:0.00M | Scene, ViewLayer | Updating Meshes
Fra:1 Mem:24.39M (Peak 37.23M) | Time:00:00.03 | Mem:0.00M, Peak:0.00M | Scene, ViewLayer | Updating Mesh | Computing attributes
Fra:1 Mem:25.15M (Peak 37.23M) | Time:00:00.03 | Mem:0.00M, Peak:0.00M | Scene, ViewLayer | Updating Mesh | Copying Attributes to device
Fra:1 Mem:25.15M (Peak 37.23M) | Time:00:00.03 | Mem:0.77M, Peak:0.77M | Scene, ViewLayer | Updating Scene BVH | Building
Fra:1 Mem:25.15M (Peak 37.23M) | Time:00:00.03 | Mem:0.77M, Peak:0.77M | Scene, ViewLayer | Updating Scene BVH | Building BVH
Fra:1 Mem:25.15M (Peak 37.23M) | Time:00:00.03 | Mem:2.28M, Peak:2.28M | Scene, ViewLayer | Updating Scene BVH | Building BVH 0%
Fra:1 Mem:25.15M (Peak 37.23M) | Time:00:00.03 | Mem:2.74M, Peak:3.74M | Scene, ViewLayer | Updating Scene BVH | Copying BVH to device
Fra:1 Mem:25.15M (Peak 37.23M) | Time:00:00.03 | Mem:2.74M, Peak:3.74M | Scene, ViewLayer | Updating Mesh | Computing normals
Fra:1 Mem:26.84M (Peak 37.23M) | Time:00:00.03 | Mem:2.74M, Peak:3.74M | Scene, ViewLayer | Updating Mesh | Copying Mesh to device
Fra:1 Mem:26.84M (Peak 37.23M) | Time:00:00.03 | Mem:4.43M, Peak:4.43M | Scene, ViewLayer | Updating Objects Flags
Fra:1 Mem:26.84M (Peak 37.23M) | Time:00:00.03 | Mem:4.43M, Peak:4.43M | Scene, ViewLayer | Updating Primitive Offsets
Fra:1 Mem:26.84M (Peak 37.23M) | Time:00:00.03 | Mem:4.43M, Peak:4.43M | Scene, ViewLayer | Updating Images
Fra:1 Mem:26.84M (Peak 37.23M) | Time:00:00.03 | Mem:4.43M, Peak:4.43M | Scene, ViewLayer | Updating Images | Loading 00831.exr
Fra:1 Mem:26.97M (Peak 37.23M) | Time:00:00.03 | Mem:4.43M, Peak:4.43M | Scene, ViewLayer | Updating Images | Loading stained_0088.jpg
Fra:1 Mem:27.36M (Peak 37.23M) | Time:00:00.03 | Mem:4.93M, Peak:4.93M | Scene, ViewLayer | Updating Camera Volume
Fra:1 Mem:27.36M (Peak 37.23M) | Time:00:00.03 | Mem:4.93M, Peak:4.93M | Scene, ViewLayer | Updating Lookup Tables
Fra:1 Mem:27.36M (Peak 37.23M) | Time:00:00.03 | Mem:5.18M, Peak:5.18M | Scene, ViewLayer | Updating Lights
Fra:1 Mem:27.36M (Peak 37.23M) | Time:00:00.03 | Mem:5.18M, Peak:5.18M | Scene, ViewLayer | Updating Lights | Computing distribution
Fra:1 Mem:27.36M (Peak 37.23M) | Time:00:00.03 | Mem:5.18M, Peak:5.18M | Scene, ViewLayer | Updating Lights | Importance map
Fra:1 Mem:91.39M (Peak 379.48M) | Time:00:00.17 | Mem:69.23M, Peak:229.20M | Scene, ViewLayer | Updating Integrator
Fra:1 Mem:91.39M (Peak 379.48M) | Time:00:00.17 | Mem:69.23M, Peak:229.20M | Scene, ViewLayer | Updating Film
Fra:1 Mem:91.40M (Peak 379.48M) | Time:00:00.17 | Mem:68.98M, Peak:229.20M | Scene, ViewLayer | Updating Lookup Tables
Fra:1 Mem:91.40M (Peak 379.48M) | Time:00:00.17 | Mem:69.24M, Peak:229.20M | Scene, ViewLayer | Updating Baking
Fra:1 Mem:91.40M (Peak 379.48M) | Time:00:00.17 | Mem:69.24M, Peak:229.20M | Scene, ViewLayer | Updating Device | Writing constant memory
Fra:1 Mem:91.40M (Peak 379.48M) | Time:00:00.17 | Mem:69.24M, Peak:229.20M | Scene, ViewLayer | Sample 0/32
Fra:1 Mem:110.49M (Peak 379.48M) | Time:00:00.18 | Remaining:00:00.24 | Mem:88.24M, Peak:229.20M | Scene, ViewLayer | Sample 1/32
Fra:1 Mem:118.49M (Peak 379.48M) | Time:00:00.44 | Mem:88.24M, Peak:229.20M | Scene, ViewLayer | Sample 32/32
Fra:1 Mem:118.49M (Peak 379.48M) | Time:00:00.44 | Mem:88.24M, Peak:229.20M | Scene, ViewLayer | Finished
Saved: '/home/janus/iwi9-datasets/objaverse-rendering/no_textures_5/cb729816037a4628b3675bf0d3ce1183/007.png'
 Time: 00:00.48 (Saving: 00:00.03)

Fra:1 Mem:27.30M (Peak 31.65M) | Time:00:00.00 | Mem:0.00M, Peak:0.00M | Scene, ViewLayer | Synchronizing object | Object_4
Fra:1 Mem:29.22M (Peak 37.25M) | Time:00:00.02 | Mem:0.00M, Peak:0.00M | Scene, ViewLayer | Initializing
Fra:1 Mem:23.82M (Peak 37.25M) | Time:00:00.02 | Mem:0.00M, Peak:0.00M | Scene, ViewLayer | Waiting for render to start
Fra:1 Mem:23.82M (Peak 37.25M) | Time:00:00.02 | Mem:0.00M, Peak:0.00M | Scene, ViewLayer | Loading render kernels (may take a few minutes the first time)
Fra:1 Mem:23.82M (Peak 37.25M) | Time:00:00.02 | Mem:0.00M, Peak:0.00M | Scene, ViewLayer | Updating Scene
Fra:1 Mem:23.82M (Peak 37.25M) | Time:00:00.02 | Mem:0.00M, Peak:0.00M | Scene, ViewLayer | Updating Shaders
Fra:1 Mem:24.08M (Peak 37.25M) | Time:00:00.02 | Mem:0.00M, Peak:0.00M | Scene, ViewLayer | Updating Procedurals
Fra:1 Mem:24.08M (Peak 37.25M) | Time:00:00.02 | Mem:0.00M, Peak:0.00M | Scene, ViewLayer | Updating Background
Fra:1 Mem:24.08M (Peak 37.25M) | Time:00:00.02 | Mem:0.00M, Peak:0.00M | Scene, ViewLayer | Updating Camera
Fra:1 Mem:24.08M (Peak 37.25M) | Time:00:00.02 | Mem:0.00M, Peak:0.00M | Scene, ViewLayer | Updating Meshes Flags
Fra:1 Mem:24.08M (Peak 37.25M) | Time:00:00.02 | Mem:0.00M, Peak:0.00M | Scene, ViewLayer | Updating Objects
Fra:1 Mem:24.08M (Peak 37.25M) | Time:00:00.02 | Mem:0.00M, Peak:0.00M | Scene, ViewLayer | Updating Objects | Copying Transformations to device
Fra:1 Mem:24.08M (Peak 37.25M) | Time:00:00.02 | Mem:0.00M, Peak:0.00M | Scene, ViewLayer | Updating Objects | Applying Static Transformations
Fra:1 Mem:24.08M (Peak 37.25M) | Time:00:00.02 | Mem:0.00M, Peak:0.00M | Scene, ViewLayer | Updating Particle Systems
Fra:1 Mem:24.08M (Peak 37.25M) | Time:00:00.02 | Mem:0.00M, Peak:0.00M | Scene, ViewLayer | Updating Particle Systems | Copying Particles to device
Fra:1 Mem:24.08M (Peak 37.25M) | Time:00:00.02 | Mem:0.00M, Peak:0.00M | Scene, ViewLayer | Updating Meshes
Fra:1 Mem:24.41M (Peak 37.25M) | Time:00:00.02 | Mem:0.00M, Peak:0.00M | Scene, ViewLayer | Updating Mesh | Computing attributes
Fra:1 Mem:25.17M (Peak 37.25M) | Time:00:00.02 | Mem:0.00M, Peak:0.00M | Scene, ViewLayer | Updating Mesh | Copying Attributes to device
Fra:1 Mem:25.17M (Peak 37.25M) | Time:00:00.02 | Mem:0.77M, Peak:0.77M | Scene, ViewLayer | Updating Scene BVH | Building
Fra:1 Mem:25.17M (Peak 37.25M) | Time:00:00.02 | Mem:0.77M, Peak:0.77M | Scene, ViewLayer | Updating Scene BVH | Building BVH
Fra:1 Mem:25.17M (Peak 37.25M) | Time:00:00.02 | Mem:2.28M, Peak:2.28M | Scene, ViewLayer | Updating Scene BVH | Building BVH 0%
Fra:1 Mem:25.17M (Peak 37.25M) | Time:00:00.03 | Mem:2.74M, Peak:3.74M | Scene, ViewLayer | Updating Scene BVH | Copying BVH to device
Fra:1 Mem:25.17M (Peak 37.25M) | Time:00:00.03 | Mem:2.74M, Peak:3.74M | Scene, ViewLayer | Updating Mesh | Computing normals
Fra:1 Mem:26.86M (Peak 37.25M) | Time:00:00.03 | Mem:2.74M, Peak:3.74M | Scene, ViewLayer | Updating Mesh | Copying Mesh to device
Fra:1 Mem:26.86M (Peak 37.25M) | Time:00:00.03 | Mem:4.43M, Peak:4.43M | Scene, ViewLayer | Updating Objects Flags
Fra:1 Mem:26.86M (Peak 37.25M) | Time:00:00.03 | Mem:4.43M, Peak:4.43M | Scene, ViewLayer | Updating Primitive Offsets
Fra:1 Mem:26.86M (Peak 37.25M) | Time:00:00.03 | Mem:4.43M, Peak:4.43M | Scene, ViewLayer | Updating Images
Fra:1 Mem:26.86M (Peak 37.25M) | Time:00:00.03 | Mem:4.43M, Peak:4.43M | Scene, ViewLayer | Updating Images | Loading 00831.exr
Fra:1 Mem:26.99M (Peak 37.25M) | Time:00:00.03 | Mem:4.43M, Peak:4.43M | Scene, ViewLayer | Updating Images | Loading cobwebbed_0065.jpg
Fra:1 Mem:28.49M (Peak 37.25M) | Time:00:00.03 | Mem:6.05M, Peak:6.05M | Scene, ViewLayer | Updating Camera Volume
Fra:1 Mem:28.49M (Peak 37.25M) | Time:00:00.03 | Mem:6.05M, Peak:6.05M | Scene, ViewLayer | Updating Lookup Tables
Fra:1 Mem:28.49M (Peak 37.25M) | Time:00:00.03 | Mem:6.30M, Peak:6.30M | Scene, ViewLayer | Updating Lights
Fra:1 Mem:28.49M (Peak 37.25M) | Time:00:00.03 | Mem:6.30M, Peak:6.30M | Scene, ViewLayer | Updating Lights | Computing distribution
Fra:1 Mem:28.49M (Peak 37.25M) | Time:00:00.03 | Mem:6.30M, Peak:6.30M | Scene, ViewLayer | Updating Lights | Importance map
Fra:1 Mem:92.52M (Peak 380.62M) | Time:00:00.17 | Mem:70.34M, Peak:230.31M | Scene, ViewLayer | Updating Integrator
Fra:1 Mem:92.53M (Peak 380.62M) | Time:00:00.17 | Mem:70.35M, Peak:230.31M | Scene, ViewLayer | Updating Film
Fra:1 Mem:92.53M (Peak 380.62M) | Time:00:00.17 | Mem:70.10M, Peak:230.31M | Scene, ViewLayer | Updating Lookup Tables
Fra:1 Mem:92.53M (Peak 380.62M) | Time:00:00.17 | Mem:70.35M, Peak:230.31M | Scene, ViewLayer | Updating Baking
Fra:1 Mem:92.53M (Peak 380.62M) | Time:00:00.17 | Mem:70.35M, Peak:230.31M | Scene, ViewLayer | Updating Device | Writing constant memory
Fra:1 Mem:92.53M (Peak 380.62M) | Time:00:00.17 | Mem:70.35M, Peak:230.31M | Scene, ViewLayer | Sample 0/32
Fra:1 Mem:111.62M (Peak 380.62M) | Time:00:00.18 | Remaining:00:00.24 | Mem:89.35M, Peak:230.31M | Scene, ViewLayer | Sample 1/32
Fra:1 Mem:119.62M (Peak 380.62M) | Time:00:00.45 | Mem:89.35M, Peak:230.31M | Scene, ViewLayer | Sample 32/32
Fra:1 Mem:119.62M (Peak 380.62M) | Time:00:00.45 | Mem:89.35M, Peak:230.31M | Scene, ViewLayer | Finished
Saved: '/home/janus/iwi9-datasets/objaverse-rendering/no_textures_5/cb729816037a4628b3675bf0d3ce1183/008.png'
 Time: 00:00.49 (Saving: 00:00.03)

Fra:1 Mem:27.32M (Peak 31.57M) | Time:00:00.00 | Mem:0.00M, Peak:0.00M | Scene, ViewLayer | Synchronizing object | Object_4
Fra:1 Mem:29.24M (Peak 37.27M) | Time:00:00.02 | Mem:0.00M, Peak:0.00M | Scene, ViewLayer | Initializing
Fra:1 Mem:23.85M (Peak 37.27M) | Time:00:00.02 | Mem:0.00M, Peak:0.00M | Scene, ViewLayer | Waiting for render to start
Fra:1 Mem:23.85M (Peak 37.27M) | Time:00:00.02 | Mem:0.00M, Peak:0.00M | Scene, ViewLayer | Loading render kernels (may take a few minutes the first time)
Fra:1 Mem:23.85M (Peak 37.27M) | Time:00:00.02 | Mem:0.00M, Peak:0.00M | Scene, ViewLayer | Updating Scene
Fra:1 Mem:23.85M (Peak 37.27M) | Time:00:00.02 | Mem:0.00M, Peak:0.00M | Scene, ViewLayer | Updating Shaders
Fra:1 Mem:24.10M (Peak 37.27M) | Time:00:00.02 | Mem:0.00M, Peak:0.00M | Scene, ViewLayer | Updating Procedurals
Fra:1 Mem:24.10M (Peak 37.27M) | Time:00:00.02 | Mem:0.00M, Peak:0.00M | Scene, ViewLayer | Updating Background
Fra:1 Mem:24.10M (Peak 37.27M) | Time:00:00.02 | Mem:0.00M, Peak:0.00M | Scene, ViewLayer | Updating Camera
Fra:1 Mem:24.10M (Peak 37.27M) | Time:00:00.02 | Mem:0.00M, Peak:0.00M | Scene, ViewLayer | Updating Meshes Flags
Fra:1 Mem:24.10M (Peak 37.27M) | Time:00:00.02 | Mem:0.00M, Peak:0.00M | Scene, ViewLayer | Updating Objects
Fra:1 Mem:24.10M (Peak 37.27M) | Time:00:00.02 | Mem:0.00M, Peak:0.00M | Scene, ViewLayer | Updating Objects | Copying Transformations to device
Fra:1 Mem:24.10M (Peak 37.27M) | Time:00:00.02 | Mem:0.00M, Peak:0.00M | Scene, ViewLayer | Updating Objects | Applying Static Transformations
Fra:1 Mem:24.10M (Peak 37.27M) | Time:00:00.02 | Mem:0.00M, Peak:0.00M | Scene, ViewLayer | Updating Particle Systems
Fra:1 Mem:24.10M (Peak 37.27M) | Time:00:00.02 | Mem:0.00M, Peak:0.00M | Scene, ViewLayer | Updating Particle Systems | Copying Particles to device
Fra:1 Mem:24.10M (Peak 37.27M) | Time:00:00.02 | Mem:0.00M, Peak:0.00M | Scene, ViewLayer | Updating Meshes
Fra:1 Mem:24.43M (Peak 37.27M) | Time:00:00.03 | Mem:0.00M, Peak:0.00M | Scene, ViewLayer | Updating Mesh | Computing attributes
Fra:1 Mem:25.20M (Peak 37.27M) | Time:00:00.03 | Mem:0.00M, Peak:0.00M | Scene, ViewLayer | Updating Mesh | Copying Attributes to device
Fra:1 Mem:25.20M (Peak 37.27M) | Time:00:00.03 | Mem:0.77M, Peak:0.77M | Scene, ViewLayer | Updating Scene BVH | Building
Fra:1 Mem:25.20M (Peak 37.27M) | Time:00:00.03 | Mem:0.77M, Peak:0.77M | Scene, ViewLayer | Updating Scene BVH | Building BVH
Fra:1 Mem:25.20M (Peak 37.27M) | Time:00:00.03 | Mem:2.28M, Peak:2.28M | Scene, ViewLayer | Updating Scene BVH | Building BVH 0%
Fra:1 Mem:25.20M (Peak 37.27M) | Time:00:00.03 | Mem:2.67M, Peak:3.67M | Scene, ViewLayer | Updating Scene BVH | Copying BVH to device
Fra:1 Mem:25.20M (Peak 37.27M) | Time:00:00.03 | Mem:2.67M, Peak:3.67M | Scene, ViewLayer | Updating Mesh | Computing normals
Fra:1 Mem:26.89M (Peak 37.27M) | Time:00:00.03 | Mem:2.67M, Peak:3.67M | Scene, ViewLayer | Updating Mesh | Copying Mesh to device
Fra:1 Mem:26.89M (Peak 37.27M) | Time:00:00.03 | Mem:4.36M, Peak:4.36M | Scene, ViewLayer | Updating Objects Flags
Fra:1 Mem:26.89M (Peak 37.27M) | Time:00:00.03 | Mem:4.36M, Peak:4.36M | Scene, ViewLayer | Updating Primitive Offsets
Fra:1 Mem:26.89M (Peak 37.27M) | Time:00:00.03 | Mem:4.36M, Peak:4.36M | Scene, ViewLayer | Updating Images
Fra:1 Mem:26.89M (Peak 37.27M) | Time:00:00.03 | Mem:4.36M, Peak:4.36M | Scene, ViewLayer | Updating Images | Loading 00831.exr
Fra:1 Mem:27.01M (Peak 37.27M) | Time:00:00.03 | Mem:4.36M, Peak:4.36M | Scene, ViewLayer | Updating Images | Loading veined_0183.jpg
Fra:1 Mem:27.79M (Peak 37.27M) | Time:00:00.03 | Mem:5.26M, Peak:5.26M | Scene, ViewLayer | Updating Camera Volume
Fra:1 Mem:27.79M (Peak 37.27M) | Time:00:00.03 | Mem:5.26M, Peak:5.26M | Scene, ViewLayer | Updating Lookup Tables
Fra:1 Mem:27.79M (Peak 37.27M) | Time:00:00.03 | Mem:5.51M, Peak:5.51M | Scene, ViewLayer | Updating Lights
Fra:1 Mem:27.79M (Peak 37.27M) | Time:00:00.03 | Mem:5.51M, Peak:5.51M | Scene, ViewLayer | Updating Lights | Computing distribution
Fra:1 Mem:27.79M (Peak 37.27M) | Time:00:00.03 | Mem:5.51M, Peak:5.51M | Scene, ViewLayer | Updating Lights | Importance map
Fra:1 Mem:91.83M (Peak 379.92M) | Time:00:00.17 | Mem:69.55M, Peak:229.52M | Scene, ViewLayer | Updating Integrator
Fra:1 Mem:91.83M (Peak 379.92M) | Time:00:00.17 | Mem:69.56M, Peak:229.52M | Scene, ViewLayer | Updating Film
Fra:1 Mem:91.84M (Peak 379.92M) | Time:00:00.17 | Mem:69.31M, Peak:229.52M | Scene, ViewLayer | Updating Lookup Tables
Fra:1 Mem:91.84M (Peak 379.92M) | Time:00:00.17 | Mem:69.56M, Peak:229.52M | Scene, ViewLayer | Updating Baking
Fra:1 Mem:91.84M (Peak 379.92M) | Time:00:00.17 | Mem:69.56M, Peak:229.52M | Scene, ViewLayer | Updating Device | Writing constant memory
Fra:1 Mem:91.84M (Peak 379.92M) | Time:00:00.17 | Mem:69.56M, Peak:229.52M | Scene, ViewLayer | Sample 0/32
Fra:1 Mem:110.93M (Peak 379.92M) | Time:00:00.18 | Remaining:00:00.25 | Mem:88.56M, Peak:229.52M | Scene, ViewLayer | Sample 1/32
Fra:1 Mem:118.93M (Peak 379.92M) | Time:00:00.45 | Mem:88.56M, Peak:229.52M | Scene, ViewLayer | Sample 32/32
Fra:1 Mem:118.93M (Peak 379.92M) | Time:00:00.45 | Mem:88.56M, Peak:229.52M | Scene, ViewLayer | Finished
Saved: '/home/janus/iwi9-datasets/objaverse-rendering/no_textures_5/cb729816037a4628b3675bf0d3ce1183/009.png'
 Time: 00:00.49 (Saving: 00:00.03)

Fra:1 Mem:27.35M (Peak 31.55M) | Time:00:00.00 | Mem:0.00M, Peak:0.00M | Scene, ViewLayer | Synchronizing object | Object_4
Fra:1 Mem:29.27M (Peak 37.30M) | Time:00:00.02 | Mem:0.00M, Peak:0.00M | Scene, ViewLayer | Initializing
Fra:1 Mem:23.87M (Peak 37.30M) | Time:00:00.02 | Mem:0.00M, Peak:0.00M | Scene, ViewLayer | Waiting for render to start
Fra:1 Mem:23.88M (Peak 37.30M) | Time:00:00.02 | Mem:0.00M, Peak:0.00M | Scene, ViewLayer | Loading render kernels (may take a few minutes the first time)
Fra:1 Mem:23.88M (Peak 37.30M) | Time:00:00.02 | Mem:0.00M, Peak:0.00M | Scene, ViewLayer | Updating Scene
Fra:1 Mem:23.88M (Peak 37.30M) | Time:00:00.02 | Mem:0.00M, Peak:0.00M | Scene, ViewLayer | Updating Shaders
Fra:1 Mem:24.13M (Peak 37.30M) | Time:00:00.03 | Mem:0.00M, Peak:0.00M | Scene, ViewLayer | Updating Procedurals
Fra:1 Mem:24.13M (Peak 37.30M) | Time:00:00.03 | Mem:0.00M, Peak:0.00M | Scene, ViewLayer | Updating Background
Fra:1 Mem:24.13M (Peak 37.30M) | Time:00:00.03 | Mem:0.00M, Peak:0.00M | Scene, ViewLayer | Updating Camera
Fra:1 Mem:24.13M (Peak 37.30M) | Time:00:00.03 | Mem:0.00M, Peak:0.00M | Scene, ViewLayer | Updating Meshes Flags
Fra:1 Mem:24.13M (Peak 37.30M) | Time:00:00.03 | Mem:0.00M, Peak:0.00M | Scene, ViewLayer | Updating Objects
Fra:1 Mem:24.13M (Peak 37.30M) | Time:00:00.03 | Mem:0.00M, Peak:0.00M | Scene, ViewLayer | Updating Objects | Copying Transformations to device
Fra:1 Mem:24.13M (Peak 37.30M) | Time:00:00.03 | Mem:0.00M, Peak:0.00M | Scene, ViewLayer | Updating Objects | Applying Static Transformations
Fra:1 Mem:24.13M (Peak 37.30M) | Time:00:00.03 | Mem:0.00M, Peak:0.00M | Scene, ViewLayer | Updating Particle Systems
Fra:1 Mem:24.13M (Peak 37.30M) | Time:00:00.03 | Mem:0.00M, Peak:0.00M | Scene, ViewLayer | Updating Particle Systems | Copying Particles to device
Fra:1 Mem:24.13M (Peak 37.30M) | Time:00:00.03 | Mem:0.00M, Peak:0.00M | Scene, ViewLayer | Updating Meshes
Fra:1 Mem:24.46M (Peak 37.30M) | Time:00:00.03 | Mem:0.00M, Peak:0.00M | Scene, ViewLayer | Updating Mesh | Computing attributes
Fra:1 Mem:25.23M (Peak 37.30M) | Time:00:00.03 | Mem:0.00M, Peak:0.00M | Scene, ViewLayer | Updating Mesh | Copying Attributes to device
Fra:1 Mem:25.23M (Peak 37.30M) | Time:00:00.03 | Mem:0.77M, Peak:0.77M | Scene, ViewLayer | Updating Scene BVH | Building
Fra:1 Mem:25.23M (Peak 37.30M) | Time:00:00.03 | Mem:0.77M, Peak:0.77M | Scene, ViewLayer | Updating Scene BVH | Building BVH
Fra:1 Mem:25.23M (Peak 37.30M) | Time:00:00.03 | Mem:2.28M, Peak:2.28M | Scene, ViewLayer | Updating Scene BVH | Building BVH 0%
Fra:1 Mem:25.23M (Peak 37.30M) | Time:00:00.03 | Mem:2.74M, Peak:3.74M | Scene, ViewLayer | Updating Scene BVH | Copying BVH to device
Fra:1 Mem:25.23M (Peak 37.30M) | Time:00:00.03 | Mem:2.74M, Peak:3.74M | Scene, ViewLayer | Updating Mesh | Computing normals
Fra:1 Mem:26.92M (Peak 37.30M) | Time:00:00.03 | Mem:2.74M, Peak:3.74M | Scene, ViewLayer | Updating Mesh | Copying Mesh to device
Fra:1 Mem:26.92M (Peak 37.30M) | Time:00:00.03 | Mem:4.43M, Peak:4.43M | Scene, ViewLayer | Updating Objects Flags
Fra:1 Mem:26.92M (Peak 37.30M) | Time:00:00.03 | Mem:4.43M, Peak:4.43M | Scene, ViewLayer | Updating Primitive Offsets
Fra:1 Mem:26.92M (Peak 37.30M) | Time:00:00.03 | Mem:4.43M, Peak:4.43M | Scene, ViewLayer | Updating Images
Fra:1 Mem:26.92M (Peak 37.30M) | Time:00:00.03 | Mem:4.43M, Peak:4.43M | Scene, ViewLayer | Updating Images | Loading 00831.exr
Fra:1 Mem:27.04M (Peak 37.30M) | Time:00:00.03 | Mem:4.43M, Peak:4.43M | Scene, ViewLayer | Updating Images | Loading grooved_0079.jpg
Fra:1 Mem:27.48M (Peak 37.30M) | Time:00:00.03 | Mem:4.99M, Peak:4.99M | Scene, ViewLayer | Updating Camera Volume
Fra:1 Mem:27.48M (Peak 37.30M) | Time:00:00.03 | Mem:4.99M, Peak:4.99M | Scene, ViewLayer | Updating Lookup Tables
Fra:1 Mem:27.48M (Peak 37.30M) | Time:00:00.03 | Mem:5.24M, Peak:5.24M | Scene, ViewLayer | Updating Lights
Fra:1 Mem:27.48M (Peak 37.30M) | Time:00:00.03 | Mem:5.24M, Peak:5.24M | Scene, ViewLayer | Updating Lights | Computing distribution
Fra:1 Mem:27.48M (Peak 37.30M) | Time:00:00.03 | Mem:5.24M, Peak:5.24M | Scene, ViewLayer | Updating Lights | Importance map
Fra:1 Mem:91.52M (Peak 379.61M) | Time:00:00.17 | Mem:69.28M, Peak:229.25M | Scene, ViewLayer | Updating Integrator
Fra:1 Mem:91.52M (Peak 379.61M) | Time:00:00.17 | Mem:69.29M, Peak:229.25M | Scene, ViewLayer | Updating Film
Fra:1 Mem:91.53M (Peak 379.61M) | Time:00:00.17 | Mem:69.04M, Peak:229.25M | Scene, ViewLayer | Updating Lookup Tables
Fra:1 Mem:91.53M (Peak 379.61M) | Time:00:00.17 | Mem:69.29M, Peak:229.25M | Scene, ViewLayer | Updating Baking
Fra:1 Mem:91.53M (Peak 379.61M) | Time:00:00.17 | Mem:69.29M, Peak:229.25M | Scene, ViewLayer | Updating Device | Writing constant memory
Fra:1 Mem:91.53M (Peak 379.61M) | Time:00:00.17 | Mem:69.29M, Peak:229.25M | Scene, ViewLayer | Sample 0/32
Fra:1 Mem:110.62M (Peak 379.61M) | Time:00:00.18 | Remaining:00:00.23 | Mem:88.29M, Peak:229.25M | Scene, ViewLayer | Sample 1/32
Fra:1 Mem:118.62M (Peak 379.61M) | Time:00:00.45 | Mem:88.29M, Peak:229.25M | Scene, ViewLayer | Sample 32/32
Fra:1 Mem:118.62M (Peak 379.61M) | Time:00:00.45 | Mem:88.29M, Peak:229.25M | Scene, ViewLayer | Finished
Saved: '/home/janus/iwi9-datasets/objaverse-rendering/no_textures_5/cb729816037a4628b3675bf0d3ce1183/010.png'
 Time: 00:00.49 (Saving: 00:00.03)

Fra:1 Mem:27.37M (Peak 31.50M) | Time:00:00.00 | Mem:0.00M, Peak:0.00M | Scene, ViewLayer | Synchronizing object | Object_4
Fra:1 Mem:29.29M (Peak 37.32M) | Time:00:00.02 | Mem:0.00M, Peak:0.00M | Scene, ViewLayer | Initializing
Fra:1 Mem:23.90M (Peak 37.32M) | Time:00:00.02 | Mem:0.00M, Peak:0.00M | Scene, ViewLayer | Waiting for render to start
Fra:1 Mem:23.90M (Peak 37.32M) | Time:00:00.02 | Mem:0.00M, Peak:0.00M | Scene, ViewLayer | Loading render kernels (may take a few minutes the first time)
Fra:1 Mem:23.90M (Peak 37.32M) | Time:00:00.02 | Mem:0.00M, Peak:0.00M | Scene, ViewLayer | Updating Scene
Fra:1 Mem:23.90M (Peak 37.32M) | Time:00:00.02 | Mem:0.00M, Peak:0.00M | Scene, ViewLayer | Updating Shaders
Fra:1 Mem:24.15M (Peak 37.32M) | Time:00:00.02 | Mem:0.00M, Peak:0.00M | Scene, ViewLayer | Updating Procedurals
Fra:1 Mem:24.15M (Peak 37.32M) | Time:00:00.02 | Mem:0.00M, Peak:0.00M | Scene, ViewLayer | Updating Background
Fra:1 Mem:24.15M (Peak 37.32M) | Time:00:00.02 | Mem:0.00M, Peak:0.00M | Scene, ViewLayer | Updating Camera
Fra:1 Mem:24.15M (Peak 37.32M) | Time:00:00.02 | Mem:0.00M, Peak:0.00M | Scene, ViewLayer | Updating Meshes Flags
Fra:1 Mem:24.15M (Peak 37.32M) | Time:00:00.02 | Mem:0.00M, Peak:0.00M | Scene, ViewLayer | Updating Objects
Fra:1 Mem:24.15M (Peak 37.32M) | Time:00:00.02 | Mem:0.00M, Peak:0.00M | Scene, ViewLayer | Updating Objects | Copying Transformations to device
Fra:1 Mem:24.15M (Peak 37.32M) | Time:00:00.02 | Mem:0.00M, Peak:0.00M | Scene, ViewLayer | Updating Objects | Applying Static Transformations
Fra:1 Mem:24.15M (Peak 37.32M) | Time:00:00.02 | Mem:0.00M, Peak:0.00M | Scene, ViewLayer | Updating Particle Systems
Fra:1 Mem:24.15M (Peak 37.32M) | Time:00:00.02 | Mem:0.00M, Peak:0.00M | Scene, ViewLayer | Updating Particle Systems | Copying Particles to device
Fra:1 Mem:24.15M (Peak 37.32M) | Time:00:00.02 | Mem:0.00M, Peak:0.00M | Scene, ViewLayer | Updating Meshes
Fra:1 Mem:24.48M (Peak 37.32M) | Time:00:00.02 | Mem:0.00M, Peak:0.00M | Scene, ViewLayer | Updating Mesh | Computing attributes
Fra:1 Mem:25.25M (Peak 37.32M) | Time:00:00.02 | Mem:0.00M, Peak:0.00M | Scene, ViewLayer | Updating Mesh | Copying Attributes to device
Fra:1 Mem:25.25M (Peak 37.32M) | Time:00:00.02 | Mem:0.77M, Peak:0.77M | Scene, ViewLayer | Updating Scene BVH | Building
Fra:1 Mem:25.25M (Peak 37.32M) | Time:00:00.02 | Mem:0.77M, Peak:0.77M | Scene, ViewLayer | Updating Scene BVH | Building BVH
Fra:1 Mem:25.25M (Peak 37.32M) | Time:00:00.02 | Mem:2.28M, Peak:2.28M | Scene, ViewLayer | Updating Scene BVH | Building BVH 0%
Fra:1 Mem:25.25M (Peak 37.32M) | Time:00:00.03 | Mem:2.74M, Peak:3.74M | Scene, ViewLayer | Updating Scene BVH | Copying BVH to device
Fra:1 Mem:25.25M (Peak 37.32M) | Time:00:00.03 | Mem:2.74M, Peak:3.74M | Scene, ViewLayer | Updating Mesh | Computing normals
Fra:1 Mem:26.94M (Peak 37.32M) | Time:00:00.03 | Mem:2.74M, Peak:3.74M | Scene, ViewLayer | Updating Mesh | Copying Mesh to device
Fra:1 Mem:26.94M (Peak 37.32M) | Time:00:00.03 | Mem:4.43M, Peak:4.43M | Scene, ViewLayer | Updating Objects Flags
Fra:1 Mem:26.94M (Peak 37.32M) | Time:00:00.03 | Mem:4.43M, Peak:4.43M | Scene, ViewLayer | Updating Primitive Offsets
Fra:1 Mem:26.94M (Peak 37.32M) | Time:00:00.03 | Mem:4.43M, Peak:4.43M | Scene, ViewLayer | Updating Images
Fra:1 Mem:26.94M (Peak 37.32M) | Time:00:00.03 | Mem:4.43M, Peak:4.43M | Scene, ViewLayer | Updating Images | Loading 00831.exr
Fra:1 Mem:27.06M (Peak 37.32M) | Time:00:00.03 | Mem:4.43M, Peak:4.43M | Scene, ViewLayer | Updating Images | Loading perforated_0169.jpg
Fra:1 Mem:27.46M (Peak 37.32M) | Time:00:00.03 | Mem:4.94M, Peak:4.94M | Scene, ViewLayer | Updating Camera Volume
Fra:1 Mem:27.46M (Peak 37.32M) | Time:00:00.03 | Mem:4.94M, Peak:4.94M | Scene, ViewLayer | Updating Lookup Tables
Fra:1 Mem:27.46M (Peak 37.32M) | Time:00:00.03 | Mem:5.19M, Peak:5.19M | Scene, ViewLayer | Updating Lights
Fra:1 Mem:27.46M (Peak 37.32M) | Time:00:00.03 | Mem:5.19M, Peak:5.19M | Scene, ViewLayer | Updating Lights | Computing distribution
Fra:1 Mem:27.46M (Peak 37.32M) | Time:00:00.03 | Mem:5.19M, Peak:5.19M | Scene, ViewLayer | Updating Lights | Importance map
Fra:1 Mem:91.49M (Peak 379.59M) | Time:00:00.17 | Mem:69.23M, Peak:229.20M | Scene, ViewLayer | Updating Integrator
Fra:1 Mem:91.50M (Peak 379.59M) | Time:00:00.17 | Mem:69.24M, Peak:229.20M | Scene, ViewLayer | Updating Film
Fra:1 Mem:91.50M (Peak 379.59M) | Time:00:00.17 | Mem:68.99M, Peak:229.20M | Scene, ViewLayer | Updating Lookup Tables
Fra:1 Mem:91.50M (Peak 379.59M) | Time:00:00.17 | Mem:69.24M, Peak:229.20M | Scene, ViewLayer | Updating Baking
Fra:1 Mem:91.50M (Peak 379.59M) | Time:00:00.17 | Mem:69.24M, Peak:229.20M | Scene, ViewLayer | Updating Device | Writing constant memory
Fra:1 Mem:91.50M (Peak 379.59M) | Time:00:00.17 | Mem:69.24M, Peak:229.20M | Scene, ViewLayer | Sample 0/32
Fra:1 Mem:110.59M (Peak 379.59M) | Time:00:00.18 | Remaining:00:00.24 | Mem:88.24M, Peak:229.20M | Scene, ViewLayer | Sample 1/32
Fra:1 Mem:118.59M (Peak 379.59M) | Time:00:00.45 | Mem:88.24M, Peak:229.20M | Scene, ViewLayer | Sample 32/32
Fra:1 Mem:118.59M (Peak 379.59M) | Time:00:00.45 | Mem:88.24M, Peak:229.20M | Scene, ViewLayer | Finished
Saved: '/home/janus/iwi9-datasets/objaverse-rendering/no_textures_5/cb729816037a4628b3675bf0d3ce1183/011.png'
 Time: 00:00.48 (Saving: 00:00.03)

Data are loaded, start creating Blender stuff
glTF import finished in 0.07s
Finished /home/janus/iwi9-datasets/objaverse-objects/hf-objaverse-v1/glbs/000-037/cb729816037a4628b3675bf0d3ce1183.glb in 6.612957239151001 seconds

Blender quit
/home/janus/iwi9-datasets/objaverse-objects/hf-objaverse-v1/glbs/000-016/ce0bbc9ee005477991633c7497ea4dd2.glb
Blender 3.3.1 (hash b292cfe5a936 built 2022-10-05 00:14:35)
/run/user/210289/gvfs/ non-existent directory
Fra:1 Mem:12.64M (Peak 13.06M) | Time:00:00.00 | Mem:0.00M, Peak:0.00M | Scene, ViewLayer | Synchronizing object | SM_ChesterfieldSofa_M_Chesterfield_Inst_0
Fra:1 Mem:12.81M (Peak 13.62M) | Time:00:00.00 | Mem:0.00M, Peak:0.00M | Scene, ViewLayer | Initializing
Fra:1 Mem:12.06M (Peak 13.62M) | Time:00:00.00 | Mem:0.00M, Peak:0.00M | Scene, ViewLayer | Waiting for render to start
Fra:1 Mem:12.06M (Peak 13.62M) | Time:00:00.00 | Mem:0.00M, Peak:0.00M | Scene, ViewLayer | Loading render kernels (may take a few minutes the first time)
Fra:1 Mem:12.06M (Peak 13.62M) | Time:00:00.00 | Mem:0.00M, Peak:0.00M | Scene, ViewLayer | Updating Scene
Fra:1 Mem:12.06M (Peak 13.62M) | Time:00:00.00 | Mem:0.00M, Peak:0.00M | Scene, ViewLayer | Updating Shaders
Fra:1 Mem:12.56M (Peak 13.62M) | Time:00:00.04 | Mem:0.00M, Peak:0.00M | Scene, ViewLayer | Updating Procedurals
Fra:1 Mem:12.56M (Peak 13.62M) | Time:00:00.04 | Mem:0.00M, Peak:0.00M | Scene, ViewLayer | Updating Background
Fra:1 Mem:12.56M (Peak 13.62M) | Time:00:00.04 | Mem:0.00M, Peak:0.00M | Scene, ViewLayer | Updating Camera
Fra:1 Mem:12.56M (Peak 13.62M) | Time:00:00.04 | Mem:0.00M, Peak:0.00M | Scene, ViewLayer | Updating Meshes Flags
Fra:1 Mem:12.56M (Peak 13.62M) | Time:00:00.04 | Mem:0.00M, Peak:0.00M | Scene, ViewLayer | Updating Objects
Fra:1 Mem:12.56M (Peak 13.62M) | Time:00:00.04 | Mem:0.00M, Peak:0.00M | Scene, ViewLayer | Updating Objects | Copying Transformations to device
Fra:1 Mem:12.56M (Peak 13.62M) | Time:00:00.04 | Mem:0.00M, Peak:0.00M | Scene, ViewLayer | Updating Objects | Applying Static Transformations
Fra:1 Mem:12.56M (Peak 13.62M) | Time:00:00.04 | Mem:0.00M, Peak:0.00M | Scene, ViewLayer | Updating Particle Systems
Fra:1 Mem:12.56M (Peak 13.62M) | Time:00:00.04 | Mem:0.00M, Peak:0.00M | Scene, ViewLayer | Updating Particle Systems | Copying Particles to device
Fra:1 Mem:12.56M (Peak 13.62M) | Time:00:00.04 | Mem:0.00M, Peak:0.00M | Scene, ViewLayer | Updating Meshes
Fra:1 Mem:12.60M (Peak 13.62M) | Time:00:00.04 | Mem:0.00M, Peak:0.00M | Scene, ViewLayer | Updating Mesh | Computing attributes
Fra:1 Mem:12.68M (Peak 13.62M) | Time:00:00.04 | Mem:0.00M, Peak:0.00M | Scene, ViewLayer | Updating Mesh | Copying Attributes to device
Fra:1 Mem:12.67M (Peak 13.62M) | Time:00:00.04 | Mem:0.08M, Peak:0.08M | Scene, ViewLayer | Updating Scene BVH | Building
Fra:1 Mem:12.67M (Peak 13.62M) | Time:00:00.04 | Mem:0.08M, Peak:0.08M | Scene, ViewLayer | Updating Scene BVH | Building BVH
Fra:1 Mem:12.67M (Peak 13.62M) | Time:00:00.04 | Mem:0.25M, Peak:0.25M | Scene, ViewLayer | Updating Scene BVH | Building BVH 0%
Fra:1 Mem:12.67M (Peak 13.62M) | Time:00:00.04 | Mem:0.29M, Peak:0.41M | Scene, ViewLayer | Updating Scene BVH | Copying BVH to device
Fra:1 Mem:12.67M (Peak 13.62M) | Time:00:00.04 | Mem:0.29M, Peak:0.41M | Scene, ViewLayer | Updating Mesh | Computing normals
Fra:1 Mem:12.85M (Peak 13.62M) | Time:00:00.04 | Mem:0.29M, Peak:0.41M | Scene, ViewLayer | Updating Mesh | Copying Mesh to device
Fra:1 Mem:12.85M (Peak 13.62M) | Time:00:00.04 | Mem:0.46M, Peak:0.46M | Scene, ViewLayer | Updating Objects Flags
Fra:1 Mem:12.85M (Peak 13.62M) | Time:00:00.04 | Mem:0.46M, Peak:0.46M | Scene, ViewLayer | Updating Primitive Offsets
Fra:1 Mem:12.85M (Peak 13.62M) | Time:00:00.04 | Mem:0.46M, Peak:0.46M | Scene, ViewLayer | Updating Images
Fra:1 Mem:12.85M (Peak 13.62M) | Time:00:00.04 | Mem:0.46M, Peak:0.46M | Scene, ViewLayer | Updating Images | Loading 01649.exr
Fra:1 Mem:12.97M (Peak 13.62M) | Time:00:00.04 | Mem:0.46M, Peak:0.46M | Scene, ViewLayer | Updating Images | Loading stained_0056.jpg
Fra:1 Mem:13.86M (Peak 13.86M) | Time:00:00.06 | Mem:1.46M, Peak:1.46M | Scene, ViewLayer | Updating Camera Volume
Fra:1 Mem:13.86M (Peak 13.86M) | Time:00:00.06 | Mem:1.46M, Peak:1.46M | Scene, ViewLayer | Updating Lookup Tables
Fra:1 Mem:13.86M (Peak 13.86M) | Time:00:00.06 | Mem:1.71M, Peak:1.71M | Scene, ViewLayer | Updating Lights
Fra:1 Mem:13.86M (Peak 13.86M) | Time:00:00.06 | Mem:1.71M, Peak:1.71M | Scene, ViewLayer | Updating Lights | Computing distribution
Fra:1 Mem:13.86M (Peak 13.86M) | Time:00:00.06 | Mem:1.71M, Peak:1.71M | Scene, ViewLayer | Updating Lights | Importance map
Fra:1 Mem:77.89M (Peak 365.99M) | Time:00:00.20 | Mem:65.75M, Peak:225.72M | Scene, ViewLayer | Updating Integrator
Fra:1 Mem:77.90M (Peak 365.99M) | Time:00:00.20 | Mem:65.76M, Peak:225.72M | Scene, ViewLayer | Updating Film
Fra:1 Mem:77.91M (Peak 365.99M) | Time:00:00.20 | Mem:65.51M, Peak:225.72M | Scene, ViewLayer | Updating Lookup Tables
Fra:1 Mem:77.91M (Peak 365.99M) | Time:00:00.20 | Mem:65.77M, Peak:225.72M | Scene, ViewLayer | Updating Baking
Fra:1 Mem:77.91M (Peak 365.99M) | Time:00:00.20 | Mem:65.77M, Peak:225.72M | Scene, ViewLayer | Updating Device | Writing constant memory
Fra:1 Mem:77.91M (Peak 365.99M) | Time:00:00.20 | Mem:65.77M, Peak:225.72M | Scene, ViewLayer | Sample 0/32
Fra:1 Mem:96.99M (Peak 365.99M) | Time:00:00.21 | Remaining:00:00.23 | Mem:84.77M, Peak:225.72M | Scene, ViewLayer | Sample 1/32
Fra:1 Mem:105.00M (Peak 365.99M) | Time:00:00.47 | Mem:84.77M, Peak:225.72M | Scene, ViewLayer | Sample 32/32
Fra:1 Mem:105.00M (Peak 365.99M) | Time:00:00.47 | Mem:84.77M, Peak:225.72M | Scene, ViewLayer | Finished
Saved: '/home/janus/iwi9-datasets/objaverse-rendering/no_textures_5/ce0bbc9ee005477991633c7497ea4dd2/000.png'
 Time: 00:00.66 (Saving: 00:00.19)

Fra:1 Mem:12.91M (Peak 13.33M) | Time:00:00.00 | Mem:0.00M, Peak:0.00M | Scene, ViewLayer | Synchronizing object | SM_ChesterfieldSofa_M_Chesterfield_Inst_0
Fra:1 Mem:13.08M (Peak 13.89M) | Time:00:00.00 | Mem:0.00M, Peak:0.00M | Scene, ViewLayer | Initializing
Fra:1 Mem:12.33M (Peak 13.89M) | Time:00:00.00 | Mem:0.00M, Peak:0.00M | Scene, ViewLayer | Waiting for render to start
Fra:1 Mem:12.33M (Peak 13.89M) | Time:00:00.00 | Mem:0.00M, Peak:0.00M | Scene, ViewLayer | Loading render kernels (may take a few minutes the first time)
Fra:1 Mem:12.33M (Peak 13.89M) | Time:00:00.00 | Mem:0.00M, Peak:0.00M | Scene, ViewLayer | Updating Scene
Fra:1 Mem:12.33M (Peak 13.89M) | Time:00:00.00 | Mem:0.00M, Peak:0.00M | Scene, ViewLayer | Updating Shaders
Fra:1 Mem:12.59M (Peak 13.89M) | Time:00:00.00 | Mem:0.00M, Peak:0.00M | Scene, ViewLayer | Updating Procedurals
Fra:1 Mem:12.59M (Peak 13.89M) | Time:00:00.00 | Mem:0.00M, Peak:0.00M | Scene, ViewLayer | Updating Background
Fra:1 Mem:12.59M (Peak 13.89M) | Time:00:00.00 | Mem:0.00M, Peak:0.00M | Scene, ViewLayer | Updating Camera
Fra:1 Mem:12.59M (Peak 13.89M) | Time:00:00.00 | Mem:0.00M, Peak:0.00M | Scene, ViewLayer | Updating Meshes Flags
Fra:1 Mem:12.59M (Peak 13.89M) | Time:00:00.00 | Mem:0.00M, Peak:0.00M | Scene, ViewLayer | Updating Objects
Fra:1 Mem:12.59M (Peak 13.89M) | Time:00:00.00 | Mem:0.00M, Peak:0.00M | Scene, ViewLayer | Updating Objects | Copying Transformations to device
Fra:1 Mem:12.59M (Peak 13.89M) | Time:00:00.00 | Mem:0.00M, Peak:0.00M | Scene, ViewLayer | Updating Objects | Applying Static Transformations
Fra:1 Mem:12.59M (Peak 13.89M) | Time:00:00.00 | Mem:0.00M, Peak:0.00M | Scene, ViewLayer | Updating Particle Systems
Fra:1 Mem:12.59M (Peak 13.89M) | Time:00:00.00 | Mem:0.00M, Peak:0.00M | Scene, ViewLayer | Updating Particle Systems | Copying Particles to device
Fra:1 Mem:12.59M (Peak 13.89M) | Time:00:00.00 | Mem:0.00M, Peak:0.00M | Scene, ViewLayer | Updating Meshes
Fra:1 Mem:12.62M (Peak 13.89M) | Time:00:00.00 | Mem:0.00M, Peak:0.00M | Scene, ViewLayer | Updating Mesh | Computing attributes
Fra:1 Mem:12.70M (Peak 13.89M) | Time:00:00.00 | Mem:0.00M, Peak:0.00M | Scene, ViewLayer | Updating Mesh | Copying Attributes to device
Fra:1 Mem:12.70M (Peak 13.89M) | Time:00:00.00 | Mem:0.08M, Peak:0.08M | Scene, ViewLayer | Updating Scene BVH | Building
Fra:1 Mem:12.70M (Peak 13.89M) | Time:00:00.00 | Mem:0.08M, Peak:0.08M | Scene, ViewLayer | Updating Scene BVH | Building BVH
Fra:1 Mem:12.70M (Peak 13.89M) | Time:00:00.00 | Mem:0.25M, Peak:0.25M | Scene, ViewLayer | Updating Scene BVH | Building BVH 0%
Fra:1 Mem:12.70M (Peak 13.89M) | Time:00:00.00 | Mem:0.29M, Peak:0.41M | Scene, ViewLayer | Updating Scene BVH | Copying BVH to device
Fra:1 Mem:12.70M (Peak 13.89M) | Time:00:00.00 | Mem:0.29M, Peak:0.41M | Scene, ViewLayer | Updating Mesh | Computing normals
Fra:1 Mem:12.87M (Peak 13.89M) | Time:00:00.00 | Mem:0.29M, Peak:0.41M | Scene, ViewLayer | Updating Mesh | Copying Mesh to device
Fra:1 Mem:12.87M (Peak 13.89M) | Time:00:00.00 | Mem:0.46M, Peak:0.46M | Scene, ViewLayer | Updating Objects Flags
Fra:1 Mem:12.87M (Peak 13.89M) | Time:00:00.00 | Mem:0.46M, Peak:0.46M | Scene, ViewLayer | Updating Primitive Offsets
Fra:1 Mem:12.87M (Peak 13.89M) | Time:00:00.00 | Mem:0.46M, Peak:0.46M | Scene, ViewLayer | Updating Images
Fra:1 Mem:12.87M (Peak 13.89M) | Time:00:00.00 | Mem:0.46M, Peak:0.46M | Scene, ViewLayer | Updating Images | Loading 01649.exr
Fra:1 Mem:12.99M (Peak 13.89M) | Time:00:00.00 | Mem:0.46M, Peak:0.46M | Scene, ViewLayer | Updating Images | Loading grooved_0137.jpg
Fra:1 Mem:13.91M (Peak 13.91M) | Time:00:00.01 | Mem:1.48M, Peak:1.48M | Scene, ViewLayer | Updating Camera Volume
Fra:1 Mem:13.91M (Peak 13.91M) | Time:00:00.01 | Mem:1.48M, Peak:1.48M | Scene, ViewLayer | Updating Lookup Tables
Fra:1 Mem:13.91M (Peak 13.91M) | Time:00:00.01 | Mem:1.73M, Peak:1.73M | Scene, ViewLayer | Updating Lights
Fra:1 Mem:13.91M (Peak 13.91M) | Time:00:00.01 | Mem:1.73M, Peak:1.73M | Scene, ViewLayer | Updating Lights | Computing distribution
Fra:1 Mem:13.91M (Peak 13.91M) | Time:00:00.01 | Mem:1.73M, Peak:1.73M | Scene, ViewLayer | Updating Lights | Importance map
Fra:1 Mem:77.94M (Peak 366.04M) | Time:00:00.15 | Mem:65.78M, Peak:225.75M | Scene, ViewLayer | Updating Integrator
Fra:1 Mem:77.95M (Peak 366.04M) | Time:00:00.15 | Mem:65.79M, Peak:225.75M | Scene, ViewLayer | Updating Film
Fra:1 Mem:77.95M (Peak 366.04M) | Time:00:00.15 | Mem:65.54M, Peak:225.75M | Scene, ViewLayer | Updating Lookup Tables
Fra:1 Mem:77.95M (Peak 366.04M) | Time:00:00.15 | Mem:65.79M, Peak:225.75M | Scene, ViewLayer | Updating Baking
Fra:1 Mem:77.95M (Peak 366.04M) | Time:00:00.15 | Mem:65.79M, Peak:225.75M | Scene, ViewLayer | Updating Device | Writing constant memory
Fra:1 Mem:77.95M (Peak 366.04M) | Time:00:00.15 | Mem:65.79M, Peak:225.75M | Scene, ViewLayer | Sample 0/32
Fra:1 Mem:97.04M (Peak 366.04M) | Time:00:00.15 | Remaining:00:00.21 | Mem:84.79M, Peak:225.75M | Scene, ViewLayer | Sample 1/32
Fra:1 Mem:105.04M (Peak 366.04M) | Time:00:00.40 | Mem:84.79M, Peak:225.75M | Scene, ViewLayer | Sample 32/32
Fra:1 Mem:105.04M (Peak 366.04M) | Time:00:00.40 | Mem:84.79M, Peak:225.75M | Scene, ViewLayer | Finished
Saved: '/home/janus/iwi9-datasets/objaverse-rendering/no_textures_5/ce0bbc9ee005477991633c7497ea4dd2/001.png'
 Time: 00:00.43 (Saving: 00:00.03)

Fra:1 Mem:12.94M (Peak 13.36M) | Time:00:00.00 | Mem:0.00M, Peak:0.00M | Scene, ViewLayer | Synchronizing object | SM_ChesterfieldSofa_M_Chesterfield_Inst_0
Fra:1 Mem:13.10M (Peak 13.91M) | Time:00:00.00 | Mem:0.00M, Peak:0.00M | Scene, ViewLayer | Initializing
Fra:1 Mem:12.35M (Peak 13.91M) | Time:00:00.00 | Mem:0.00M, Peak:0.00M | Scene, ViewLayer | Waiting for render to start
Fra:1 Mem:12.36M (Peak 13.91M) | Time:00:00.00 | Mem:0.00M, Peak:0.00M | Scene, ViewLayer | Loading render kernels (may take a few minutes the first time)
Fra:1 Mem:12.36M (Peak 13.91M) | Time:00:00.00 | Mem:0.00M, Peak:0.00M | Scene, ViewLayer | Updating Scene
Fra:1 Mem:12.36M (Peak 13.91M) | Time:00:00.00 | Mem:0.00M, Peak:0.00M | Scene, ViewLayer | Updating Shaders
Fra:1 Mem:12.61M (Peak 13.91M) | Time:00:00.00 | Mem:0.00M, Peak:0.00M | Scene, ViewLayer | Updating Procedurals
Fra:1 Mem:12.61M (Peak 13.91M) | Time:00:00.00 | Mem:0.00M, Peak:0.00M | Scene, ViewLayer | Updating Background
Fra:1 Mem:12.61M (Peak 13.91M) | Time:00:00.00 | Mem:0.00M, Peak:0.00M | Scene, ViewLayer | Updating Camera
Fra:1 Mem:12.61M (Peak 13.91M) | Time:00:00.00 | Mem:0.00M, Peak:0.00M | Scene, ViewLayer | Updating Meshes Flags
Fra:1 Mem:12.61M (Peak 13.91M) | Time:00:00.00 | Mem:0.00M, Peak:0.00M | Scene, ViewLayer | Updating Objects
Fra:1 Mem:12.61M (Peak 13.91M) | Time:00:00.00 | Mem:0.00M, Peak:0.00M | Scene, ViewLayer | Updating Objects | Copying Transformations to device
Fra:1 Mem:12.61M (Peak 13.91M) | Time:00:00.00 | Mem:0.00M, Peak:0.00M | Scene, ViewLayer | Updating Objects | Applying Static Transformations
Fra:1 Mem:12.61M (Peak 13.91M) | Time:00:00.00 | Mem:0.00M, Peak:0.00M | Scene, ViewLayer | Updating Particle Systems
Fra:1 Mem:12.61M (Peak 13.91M) | Time:00:00.00 | Mem:0.00M, Peak:0.00M | Scene, ViewLayer | Updating Particle Systems | Copying Particles to device
Fra:1 Mem:12.61M (Peak 13.91M) | Time:00:00.00 | Mem:0.00M, Peak:0.00M | Scene, ViewLayer | Updating Meshes
Fra:1 Mem:12.65M (Peak 13.91M) | Time:00:00.00 | Mem:0.00M, Peak:0.00M | Scene, ViewLayer | Updating Mesh | Computing attributes
Fra:1 Mem:12.72M (Peak 13.91M) | Time:00:00.00 | Mem:0.00M, Peak:0.00M | Scene, ViewLayer | Updating Mesh | Copying Attributes to device
Fra:1 Mem:12.72M (Peak 13.91M) | Time:00:00.00 | Mem:0.08M, Peak:0.08M | Scene, ViewLayer | Updating Scene BVH | Building
Fra:1 Mem:12.72M (Peak 13.91M) | Time:00:00.00 | Mem:0.08M, Peak:0.08M | Scene, ViewLayer | Updating Scene BVH | Building BVH
Fra:1 Mem:12.72M (Peak 13.91M) | Time:00:00.00 | Mem:0.25M, Peak:0.25M | Scene, ViewLayer | Updating Scene BVH | Building BVH 0%
Fra:1 Mem:12.72M (Peak 13.91M) | Time:00:00.00 | Mem:0.29M, Peak:0.41M | Scene, ViewLayer | Updating Scene BVH | Copying BVH to device
Fra:1 Mem:12.72M (Peak 13.91M) | Time:00:00.00 | Mem:0.29M, Peak:0.41M | Scene, ViewLayer | Updating Mesh | Computing normals
Fra:1 Mem:12.89M (Peak 13.91M) | Time:00:00.00 | Mem:0.29M, Peak:0.41M | Scene, ViewLayer | Updating Mesh | Copying Mesh to device
Fra:1 Mem:12.89M (Peak 13.91M) | Time:00:00.00 | Mem:0.46M, Peak:0.46M | Scene, ViewLayer | Updating Objects Flags
Fra:1 Mem:12.89M (Peak 13.91M) | Time:00:00.00 | Mem:0.46M, Peak:0.46M | Scene, ViewLayer | Updating Primitive Offsets
Fra:1 Mem:12.89M (Peak 13.91M) | Time:00:00.00 | Mem:0.46M, Peak:0.46M | Scene, ViewLayer | Updating Images
Fra:1 Mem:12.89M (Peak 13.91M) | Time:00:00.00 | Mem:0.46M, Peak:0.46M | Scene, ViewLayer | Updating Images | Loading 01649.exr
Fra:1 Mem:13.02M (Peak 13.91M) | Time:00:00.00 | Mem:0.46M, Peak:0.46M | Scene, ViewLayer | Updating Images | Loading chequered_0191.jpg
Fra:1 Mem:14.00M (Peak 14.00M) | Time:00:00.01 | Mem:1.56M, Peak:1.56M | Scene, ViewLayer | Updating Camera Volume
Fra:1 Mem:14.00M (Peak 14.00M) | Time:00:00.01 | Mem:1.56M, Peak:1.56M | Scene, ViewLayer | Updating Lookup Tables
Fra:1 Mem:14.00M (Peak 14.00M) | Time:00:00.01 | Mem:1.81M, Peak:1.81M | Scene, ViewLayer | Updating Lights
Fra:1 Mem:14.00M (Peak 14.00M) | Time:00:00.01 | Mem:1.81M, Peak:1.81M | Scene, ViewLayer | Updating Lights | Computing distribution
Fra:1 Mem:14.00M (Peak 14.00M) | Time:00:00.01 | Mem:1.81M, Peak:1.81M | Scene, ViewLayer | Updating Lights | Importance map
Fra:1 Mem:78.04M (Peak 366.13M) | Time:00:00.15 | Mem:65.85M, Peak:225.82M | Scene, ViewLayer | Updating Integrator
Fra:1 Mem:78.04M (Peak 366.13M) | Time:00:00.15 | Mem:65.86M, Peak:225.82M | Scene, ViewLayer | Updating Film
Fra:1 Mem:78.05M (Peak 366.13M) | Time:00:00.15 | Mem:65.61M, Peak:225.82M | Scene, ViewLayer | Updating Lookup Tables
Fra:1 Mem:78.05M (Peak 366.13M) | Time:00:00.15 | Mem:65.86M, Peak:225.82M | Scene, ViewLayer | Updating Baking
Fra:1 Mem:78.05M (Peak 366.13M) | Time:00:00.15 | Mem:65.86M, Peak:225.82M | Scene, ViewLayer | Updating Device | Writing constant memory
Fra:1 Mem:78.05M (Peak 366.13M) | Time:00:00.15 | Mem:65.86M, Peak:225.82M | Scene, ViewLayer | Sample 0/32
Fra:1 Mem:97.14M (Peak 366.13M) | Time:00:00.16 | Remaining:00:00.22 | Mem:84.86M, Peak:225.82M | Scene, ViewLayer | Sample 1/32
Fra:1 Mem:105.14M (Peak 366.13M) | Time:00:00.44 | Mem:84.86M, Peak:225.82M | Scene, ViewLayer | Sample 32/32
Fra:1 Mem:105.14M (Peak 366.13M) | Time:00:00.44 | Mem:84.86M, Peak:225.82M | Scene, ViewLayer | Finished
Saved: '/home/janus/iwi9-datasets/objaverse-rendering/no_textures_5/ce0bbc9ee005477991633c7497ea4dd2/002.png'
 Time: 00:00.47 (Saving: 00:00.03)

Fra:1 Mem:12.96M (Peak 13.38M) | Time:00:00.00 | Mem:0.00M, Peak:0.00M | Scene, ViewLayer | Synchronizing object | SM_ChesterfieldSofa_M_Chesterfield_Inst_0
Fra:1 Mem:13.13M (Peak 13.94M) | Time:00:00.00 | Mem:0.00M, Peak:0.00M | Scene, ViewLayer | Initializing
Fra:1 Mem:12.38M (Peak 13.94M) | Time:00:00.00 | Mem:0.00M, Peak:0.00M | Scene, ViewLayer | Waiting for render to start
Fra:1 Mem:12.38M (Peak 13.94M) | Time:00:00.00 | Mem:0.00M, Peak:0.00M | Scene, ViewLayer | Loading render kernels (may take a few minutes the first time)
Fra:1 Mem:12.38M (Peak 13.94M) | Time:00:00.00 | Mem:0.00M, Peak:0.00M | Scene, ViewLayer | Updating Scene
Fra:1 Mem:12.38M (Peak 13.94M) | Time:00:00.00 | Mem:0.00M, Peak:0.00M | Scene, ViewLayer | Updating Shaders
Fra:1 Mem:12.63M (Peak 13.94M) | Time:00:00.00 | Mem:0.00M, Peak:0.00M | Scene, ViewLayer | Updating Procedurals
Fra:1 Mem:12.63M (Peak 13.94M) | Time:00:00.00 | Mem:0.00M, Peak:0.00M | Scene, ViewLayer | Updating Background
Fra:1 Mem:12.63M (Peak 13.94M) | Time:00:00.00 | Mem:0.00M, Peak:0.00M | Scene, ViewLayer | Updating Camera
Fra:1 Mem:12.63M (Peak 13.94M) | Time:00:00.00 | Mem:0.00M, Peak:0.00M | Scene, ViewLayer | Updating Meshes Flags
Fra:1 Mem:12.63M (Peak 13.94M) | Time:00:00.00 | Mem:0.00M, Peak:0.00M | Scene, ViewLayer | Updating Objects
Fra:1 Mem:12.63M (Peak 13.94M) | Time:00:00.00 | Mem:0.00M, Peak:0.00M | Scene, ViewLayer | Updating Objects | Copying Transformations to device
Fra:1 Mem:12.63M (Peak 13.94M) | Time:00:00.00 | Mem:0.00M, Peak:0.00M | Scene, ViewLayer | Updating Objects | Applying Static Transformations
Fra:1 Mem:12.63M (Peak 13.94M) | Time:00:00.00 | Mem:0.00M, Peak:0.00M | Scene, ViewLayer | Updating Particle Systems
Fra:1 Mem:12.63M (Peak 13.94M) | Time:00:00.00 | Mem:0.00M, Peak:0.00M | Scene, ViewLayer | Updating Particle Systems | Copying Particles to device
Fra:1 Mem:12.63M (Peak 13.94M) | Time:00:00.00 | Mem:0.00M, Peak:0.00M | Scene, ViewLayer | Updating Meshes
Fra:1 Mem:12.67M (Peak 13.94M) | Time:00:00.00 | Mem:0.00M, Peak:0.00M | Scene, ViewLayer | Updating Mesh | Computing attributes
Fra:1 Mem:12.75M (Peak 13.94M) | Time:00:00.00 | Mem:0.00M, Peak:0.00M | Scene, ViewLayer | Updating Mesh | Copying Attributes to device
Fra:1 Mem:12.75M (Peak 13.94M) | Time:00:00.00 | Mem:0.08M, Peak:0.08M | Scene, ViewLayer | Updating Scene BVH | Building
Fra:1 Mem:12.75M (Peak 13.94M) | Time:00:00.00 | Mem:0.08M, Peak:0.08M | Scene, ViewLayer | Updating Scene BVH | Building BVH
Fra:1 Mem:12.75M (Peak 13.94M) | Time:00:00.00 | Mem:0.25M, Peak:0.25M | Scene, ViewLayer | Updating Scene BVH | Building BVH 0%
Fra:1 Mem:12.75M (Peak 13.94M) | Time:00:00.00 | Mem:0.29M, Peak:0.41M | Scene, ViewLayer | Updating Scene BVH | Copying BVH to device
Fra:1 Mem:12.75M (Peak 13.94M) | Time:00:00.00 | Mem:0.29M, Peak:0.41M | Scene, ViewLayer | Updating Mesh | Computing normals
Fra:1 Mem:12.92M (Peak 13.94M) | Time:00:00.00 | Mem:0.29M, Peak:0.41M | Scene, ViewLayer | Updating Mesh | Copying Mesh to device
Fra:1 Mem:12.92M (Peak 13.94M) | Time:00:00.00 | Mem:0.46M, Peak:0.46M | Scene, ViewLayer | Updating Objects Flags
Fra:1 Mem:12.92M (Peak 13.94M) | Time:00:00.00 | Mem:0.46M, Peak:0.46M | Scene, ViewLayer | Updating Primitive Offsets
Fra:1 Mem:12.92M (Peak 13.94M) | Time:00:00.00 | Mem:0.46M, Peak:0.46M | Scene, ViewLayer | Updating Images
Fra:1 Mem:12.92M (Peak 13.94M) | Time:00:00.00 | Mem:0.46M, Peak:0.46M | Scene, ViewLayer | Updating Images | Loading 01649.exr
Fra:1 Mem:13.04M (Peak 13.94M) | Time:00:00.00 | Mem:0.46M, Peak:0.46M | Scene, ViewLayer | Updating Images | Loading perforated_0104.jpg
Fra:1 Mem:14.47M (Peak 14.47M) | Time:00:00.01 | Mem:1.99M, Peak:1.99M | Scene, ViewLayer | Updating Camera Volume
Fra:1 Mem:14.47M (Peak 14.47M) | Time:00:00.01 | Mem:1.99M, Peak:1.99M | Scene, ViewLayer | Updating Lookup Tables
Fra:1 Mem:14.47M (Peak 14.47M) | Time:00:00.01 | Mem:2.24M, Peak:2.24M | Scene, ViewLayer | Updating Lights
Fra:1 Mem:14.47M (Peak 14.47M) | Time:00:00.01 | Mem:2.24M, Peak:2.24M | Scene, ViewLayer | Updating Lights | Computing distribution
Fra:1 Mem:14.47M (Peak 14.47M) | Time:00:00.01 | Mem:2.24M, Peak:2.24M | Scene, ViewLayer | Updating Lights | Importance map
Fra:1 Mem:78.50M (Peak 366.60M) | Time:00:00.15 | Mem:66.29M, Peak:226.25M | Scene, ViewLayer | Updating Integrator
Fra:1 Mem:78.51M (Peak 366.60M) | Time:00:00.15 | Mem:66.29M, Peak:226.25M | Scene, ViewLayer | Updating Film
Fra:1 Mem:78.51M (Peak 366.60M) | Time:00:00.15 | Mem:66.04M, Peak:226.25M | Scene, ViewLayer | Updating Lookup Tables
Fra:1 Mem:78.51M (Peak 366.60M) | Time:00:00.15 | Mem:66.30M, Peak:226.25M | Scene, ViewLayer | Updating Baking
Fra:1 Mem:78.51M (Peak 366.60M) | Time:00:00.15 | Mem:66.30M, Peak:226.25M | Scene, ViewLayer | Updating Device | Writing constant memory
Fra:1 Mem:78.51M (Peak 366.60M) | Time:00:00.15 | Mem:66.30M, Peak:226.25M | Scene, ViewLayer | Sample 0/32
Fra:1 Mem:97.60M (Peak 366.60M) | Time:00:00.16 | Remaining:00:00.24 | Mem:85.30M, Peak:226.25M | Scene, ViewLayer | Sample 1/32
Fra:1 Mem:105.60M (Peak 366.60M) | Time:00:00.41 | Mem:85.30M, Peak:226.25M | Scene, ViewLayer | Sample 32/32
Fra:1 Mem:105.60M (Peak 366.60M) | Time:00:00.41 | Mem:85.30M, Peak:226.25M | Scene, ViewLayer | Finished
Saved: '/home/janus/iwi9-datasets/objaverse-rendering/no_textures_5/ce0bbc9ee005477991633c7497ea4dd2/003.png'
 Time: 00:00.44 (Saving: 00:00.03)

Fra:1 Mem:12.99M (Peak 13.40M) | Time:00:00.00 | Mem:0.00M, Peak:0.00M | Scene, ViewLayer | Synchronizing object | SM_ChesterfieldSofa_M_Chesterfield_Inst_0
Fra:1 Mem:13.15M (Peak 13.96M) | Time:00:00.00 | Mem:0.00M, Peak:0.00M | Scene, ViewLayer | Initializing
Fra:1 Mem:12.40M (Peak 13.96M) | Time:00:00.00 | Mem:0.00M, Peak:0.00M | Scene, ViewLayer | Waiting for render to start
Fra:1 Mem:12.41M (Peak 13.96M) | Time:00:00.00 | Mem:0.00M, Peak:0.00M | Scene, ViewLayer | Loading render kernels (may take a few minutes the first time)
Fra:1 Mem:12.41M (Peak 13.96M) | Time:00:00.00 | Mem:0.00M, Peak:0.00M | Scene, ViewLayer | Updating Scene
Fra:1 Mem:12.41M (Peak 13.96M) | Time:00:00.00 | Mem:0.00M, Peak:0.00M | Scene, ViewLayer | Updating Shaders
Fra:1 Mem:12.66M (Peak 13.96M) | Time:00:00.00 | Mem:0.00M, Peak:0.00M | Scene, ViewLayer | Updating Procedurals
Fra:1 Mem:12.66M (Peak 13.96M) | Time:00:00.00 | Mem:0.00M, Peak:0.00M | Scene, ViewLayer | Updating Background
Fra:1 Mem:12.66M (Peak 13.96M) | Time:00:00.00 | Mem:0.00M, Peak:0.00M | Scene, ViewLayer | Updating Camera
Fra:1 Mem:12.66M (Peak 13.96M) | Time:00:00.00 | Mem:0.00M, Peak:0.00M | Scene, ViewLayer | Updating Meshes Flags
Fra:1 Mem:12.66M (Peak 13.96M) | Time:00:00.00 | Mem:0.00M, Peak:0.00M | Scene, ViewLayer | Updating Objects
Fra:1 Mem:12.66M (Peak 13.96M) | Time:00:00.00 | Mem:0.00M, Peak:0.00M | Scene, ViewLayer | Updating Objects | Copying Transformations to device
Fra:1 Mem:12.66M (Peak 13.96M) | Time:00:00.00 | Mem:0.00M, Peak:0.00M | Scene, ViewLayer | Updating Objects | Applying Static Transformations
Fra:1 Mem:12.66M (Peak 13.96M) | Time:00:00.00 | Mem:0.00M, Peak:0.00M | Scene, ViewLayer | Updating Particle Systems
Fra:1 Mem:12.66M (Peak 13.96M) | Time:00:00.00 | Mem:0.00M, Peak:0.00M | Scene, ViewLayer | Updating Particle Systems | Copying Particles to device
Fra:1 Mem:12.66M (Peak 13.96M) | Time:00:00.00 | Mem:0.00M, Peak:0.00M | Scene, ViewLayer | Updating Meshes
Fra:1 Mem:12.70M (Peak 13.96M) | Time:00:00.00 | Mem:0.00M, Peak:0.00M | Scene, ViewLayer | Updating Mesh | Computing attributes
Fra:1 Mem:12.77M (Peak 13.96M) | Time:00:00.00 | Mem:0.00M, Peak:0.00M | Scene, ViewLayer | Updating Mesh | Copying Attributes to device
Fra:1 Mem:12.77M (Peak 13.96M) | Time:00:00.00 | Mem:0.08M, Peak:0.08M | Scene, ViewLayer | Updating Scene BVH | Building
Fra:1 Mem:12.77M (Peak 13.96M) | Time:00:00.00 | Mem:0.08M, Peak:0.08M | Scene, ViewLayer | Updating Scene BVH | Building BVH
Fra:1 Mem:12.77M (Peak 13.96M) | Time:00:00.00 | Mem:0.25M, Peak:0.25M | Scene, ViewLayer | Updating Scene BVH | Building BVH 0%
Fra:1 Mem:12.77M (Peak 13.96M) | Time:00:00.01 | Mem:0.29M, Peak:0.41M | Scene, ViewLayer | Updating Scene BVH | Copying BVH to device
Fra:1 Mem:12.77M (Peak 13.96M) | Time:00:00.01 | Mem:0.29M, Peak:0.41M | Scene, ViewLayer | Updating Mesh | Computing normals
Fra:1 Mem:12.94M (Peak 13.96M) | Time:00:00.01 | Mem:0.29M, Peak:0.41M | Scene, ViewLayer | Updating Mesh | Copying Mesh to device
Fra:1 Mem:12.94M (Peak 13.96M) | Time:00:00.01 | Mem:0.46M, Peak:0.46M | Scene, ViewLayer | Updating Objects Flags
Fra:1 Mem:12.94M (Peak 13.96M) | Time:00:00.01 | Mem:0.46M, Peak:0.46M | Scene, ViewLayer | Updating Primitive Offsets
Fra:1 Mem:12.94M (Peak 13.96M) | Time:00:00.01 | Mem:0.46M, Peak:0.46M | Scene, ViewLayer | Updating Images
Fra:1 Mem:12.94M (Peak 13.96M) | Time:00:00.01 | Mem:0.46M, Peak:0.46M | Scene, ViewLayer | Updating Images | Loading 01649.exr
Fra:1 Mem:13.07M (Peak 13.96M) | Time:00:00.01 | Mem:0.46M, Peak:0.46M | Scene, ViewLayer | Updating Images | Loading stained_0050.jpg
Fra:1 Mem:14.10M (Peak 14.10M) | Time:00:00.01 | Mem:1.61M, Peak:1.61M | Scene, ViewLayer | Updating Camera Volume
Fra:1 Mem:14.10M (Peak 14.10M) | Time:00:00.01 | Mem:1.61M, Peak:1.61M | Scene, ViewLayer | Updating Lookup Tables
Fra:1 Mem:14.10M (Peak 14.10M) | Time:00:00.01 | Mem:1.86M, Peak:1.86M | Scene, ViewLayer | Updating Lights
Fra:1 Mem:14.10M (Peak 14.10M) | Time:00:00.01 | Mem:1.86M, Peak:1.86M | Scene, ViewLayer | Updating Lights | Computing distribution
Fra:1 Mem:14.10M (Peak 14.10M) | Time:00:00.01 | Mem:1.86M, Peak:1.86M | Scene, ViewLayer | Updating Lights | Importance map
Fra:1 Mem:78.13M (Peak 366.23M) | Time:00:00.15 | Mem:65.90M, Peak:225.87M | Scene, ViewLayer | Updating Integrator
Fra:1 Mem:78.14M (Peak 366.23M) | Time:00:00.15 | Mem:65.91M, Peak:225.87M | Scene, ViewLayer | Updating Film
Fra:1 Mem:78.15M (Peak 366.23M) | Time:00:00.15 | Mem:65.66M, Peak:225.87M | Scene, ViewLayer | Updating Lookup Tables
Fra:1 Mem:78.15M (Peak 366.23M) | Time:00:00.15 | Mem:65.91M, Peak:225.87M | Scene, ViewLayer | Updating Baking
Fra:1 Mem:78.15M (Peak 366.23M) | Time:00:00.15 | Mem:65.91M, Peak:225.87M | Scene, ViewLayer | Updating Device | Writing constant memory
Fra:1 Mem:78.15M (Peak 366.23M) | Time:00:00.15 | Mem:65.91M, Peak:225.87M | Scene, ViewLayer | Sample 0/32
Fra:1 Mem:97.24M (Peak 366.23M) | Time:00:00.16 | Remaining:00:00.22 | Mem:84.91M, Peak:225.87M | Scene, ViewLayer | Sample 1/32
Fra:1 Mem:105.24M (Peak 366.23M) | Time:00:00.47 | Mem:84.91M, Peak:225.87M | Scene, ViewLayer | Sample 32/32
Fra:1 Mem:105.24M (Peak 366.23M) | Time:00:00.47 | Mem:84.91M, Peak:225.87M | Scene, ViewLayer | Finished
Saved: '/home/janus/iwi9-datasets/objaverse-rendering/no_textures_5/ce0bbc9ee005477991633c7497ea4dd2/004.png'
 Time: 00:00.51 (Saving: 00:00.03)

Fra:1 Mem:13.01M (Peak 13.43M) | Time:00:00.00 | Mem:0.00M, Peak:0.00M | Scene, ViewLayer | Synchronizing object | SM_ChesterfieldSofa_M_Chesterfield_Inst_0
Fra:1 Mem:13.17M (Peak 13.98M) | Time:00:00.00 | Mem:0.00M, Peak:0.00M | Scene, ViewLayer | Initializing
Fra:1 Mem:12.42M (Peak 13.98M) | Time:00:00.00 | Mem:0.00M, Peak:0.00M | Scene, ViewLayer | Waiting for render to start
Fra:1 Mem:12.43M (Peak 13.98M) | Time:00:00.00 | Mem:0.00M, Peak:0.00M | Scene, ViewLayer | Loading render kernels (may take a few minutes the first time)
Fra:1 Mem:12.43M (Peak 13.98M) | Time:00:00.00 | Mem:0.00M, Peak:0.00M | Scene, ViewLayer | Updating Scene
Fra:1 Mem:12.43M (Peak 13.98M) | Time:00:00.00 | Mem:0.00M, Peak:0.00M | Scene, ViewLayer | Updating Shaders
Fra:1 Mem:12.68M (Peak 13.98M) | Time:00:00.00 | Mem:0.00M, Peak:0.00M | Scene, ViewLayer | Updating Procedurals
Fra:1 Mem:12.68M (Peak 13.98M) | Time:00:00.00 | Mem:0.00M, Peak:0.00M | Scene, ViewLayer | Updating Background
Fra:1 Mem:12.68M (Peak 13.98M) | Time:00:00.00 | Mem:0.00M, Peak:0.00M | Scene, ViewLayer | Updating Camera
Fra:1 Mem:12.68M (Peak 13.98M) | Time:00:00.00 | Mem:0.00M, Peak:0.00M | Scene, ViewLayer | Updating Meshes Flags
Fra:1 Mem:12.68M (Peak 13.98M) | Time:00:00.00 | Mem:0.00M, Peak:0.00M | Scene, ViewLayer | Updating Objects
Fra:1 Mem:12.68M (Peak 13.98M) | Time:00:00.00 | Mem:0.00M, Peak:0.00M | Scene, ViewLayer | Updating Objects | Copying Transformations to device
Fra:1 Mem:12.68M (Peak 13.98M) | Time:00:00.00 | Mem:0.00M, Peak:0.00M | Scene, ViewLayer | Updating Objects | Applying Static Transformations
Fra:1 Mem:12.68M (Peak 13.98M) | Time:00:00.00 | Mem:0.00M, Peak:0.00M | Scene, ViewLayer | Updating Particle Systems
Fra:1 Mem:12.68M (Peak 13.98M) | Time:00:00.00 | Mem:0.00M, Peak:0.00M | Scene, ViewLayer | Updating Particle Systems | Copying Particles to device
Fra:1 Mem:12.68M (Peak 13.98M) | Time:00:00.00 | Mem:0.00M, Peak:0.00M | Scene, ViewLayer | Updating Meshes
Fra:1 Mem:12.72M (Peak 13.98M) | Time:00:00.00 | Mem:0.00M, Peak:0.00M | Scene, ViewLayer | Updating Mesh | Computing attributes
Fra:1 Mem:12.79M (Peak 13.98M) | Time:00:00.00 | Mem:0.00M, Peak:0.00M | Scene, ViewLayer | Updating Mesh | Copying Attributes to device
Fra:1 Mem:12.79M (Peak 13.98M) | Time:00:00.00 | Mem:0.08M, Peak:0.08M | Scene, ViewLayer | Updating Scene BVH | Building
Fra:1 Mem:12.79M (Peak 13.98M) | Time:00:00.00 | Mem:0.08M, Peak:0.08M | Scene, ViewLayer | Updating Scene BVH | Building BVH
Fra:1 Mem:12.79M (Peak 13.98M) | Time:00:00.00 | Mem:0.25M, Peak:0.25M | Scene, ViewLayer | Updating Scene BVH | Building BVH 0%
Fra:1 Mem:12.79M (Peak 13.98M) | Time:00:00.00 | Mem:0.29M, Peak:0.41M | Scene, ViewLayer | Updating Scene BVH | Copying BVH to device
Fra:1 Mem:12.79M (Peak 13.98M) | Time:00:00.00 | Mem:0.29M, Peak:0.41M | Scene, ViewLayer | Updating Mesh | Computing normals
Fra:1 Mem:12.96M (Peak 13.98M) | Time:00:00.00 | Mem:0.29M, Peak:0.41M | Scene, ViewLayer | Updating Mesh | Copying Mesh to device
Fra:1 Mem:12.96M (Peak 13.98M) | Time:00:00.00 | Mem:0.46M, Peak:0.46M | Scene, ViewLayer | Updating Objects Flags
Fra:1 Mem:12.96M (Peak 13.98M) | Time:00:00.00 | Mem:0.46M, Peak:0.46M | Scene, ViewLayer | Updating Primitive Offsets
Fra:1 Mem:12.96M (Peak 13.98M) | Time:00:00.00 | Mem:0.46M, Peak:0.46M | Scene, ViewLayer | Updating Images
Fra:1 Mem:12.96M (Peak 13.98M) | Time:00:00.00 | Mem:0.46M, Peak:0.46M | Scene, ViewLayer | Updating Images | Loading 01649.exr
Fra:1 Mem:13.09M (Peak 13.98M) | Time:00:00.00 | Mem:0.46M, Peak:0.46M | Scene, ViewLayer | Updating Images | Loading interlaced_0185.jpg
Fra:1 Mem:14.10M (Peak 14.10M) | Time:00:00.01 | Mem:1.58M, Peak:1.58M | Scene, ViewLayer | Updating Camera Volume
Fra:1 Mem:14.10M (Peak 14.10M) | Time:00:00.01 | Mem:1.58M, Peak:1.58M | Scene, ViewLayer | Updating Lookup Tables
Fra:1 Mem:14.10M (Peak 14.10M) | Time:00:00.01 | Mem:1.83M, Peak:1.83M | Scene, ViewLayer | Updating Lights
Fra:1 Mem:14.10M (Peak 14.10M) | Time:00:00.01 | Mem:1.83M, Peak:1.83M | Scene, ViewLayer | Updating Lights | Computing distribution
Fra:1 Mem:14.10M (Peak 14.10M) | Time:00:00.01 | Mem:1.83M, Peak:1.83M | Scene, ViewLayer | Updating Lights | Importance map
Fra:1 Mem:78.13M (Peak 366.23M) | Time:00:00.15 | Mem:65.87M, Peak:225.84M | Scene, ViewLayer | Updating Integrator
Fra:1 Mem:78.14M (Peak 366.23M) | Time:00:00.15 | Mem:65.88M, Peak:225.84M | Scene, ViewLayer | Updating Film
Fra:1 Mem:78.14M (Peak 366.23M) | Time:00:00.15 | Mem:65.63M, Peak:225.84M | Scene, ViewLayer | Updating Lookup Tables
Fra:1 Mem:78.14M (Peak 366.23M) | Time:00:00.15 | Mem:65.89M, Peak:225.84M | Scene, ViewLayer | Updating Baking
Fra:1 Mem:78.14M (Peak 366.23M) | Time:00:00.15 | Mem:65.89M, Peak:225.84M | Scene, ViewLayer | Updating Device | Writing constant memory
Fra:1 Mem:78.14M (Peak 366.23M) | Time:00:00.15 | Mem:65.89M, Peak:225.84M | Scene, ViewLayer | Sample 0/32
Fra:1 Mem:97.23M (Peak 366.23M) | Time:00:00.16 | Remaining:00:00.22 | Mem:84.89M, Peak:225.84M | Scene, ViewLayer | Sample 1/32
Fra:1 Mem:105.23M (Peak 366.23M) | Time:00:00.44 | Mem:84.89M, Peak:225.84M | Scene, ViewLayer | Sample 32/32
Fra:1 Mem:105.23M (Peak 366.23M) | Time:00:00.44 | Mem:84.89M, Peak:225.84M | Scene, ViewLayer | Finished
Saved: '/home/janus/iwi9-datasets/objaverse-rendering/no_textures_5/ce0bbc9ee005477991633c7497ea4dd2/005.png'
 Time: 00:00.48 (Saving: 00:00.03)

Fra:1 Mem:13.03M (Peak 13.45M) | Time:00:00.00 | Mem:0.00M, Peak:0.00M | Scene, ViewLayer | Synchronizing object | SM_ChesterfieldSofa_M_Chesterfield_Inst_0
Fra:1 Mem:13.20M (Peak 14.00M) | Time:00:00.00 | Mem:0.00M, Peak:0.00M | Scene, ViewLayer | Initializing
Fra:1 Mem:12.45M (Peak 14.00M) | Time:00:00.00 | Mem:0.00M, Peak:0.00M | Scene, ViewLayer | Waiting for render to start
Fra:1 Mem:12.45M (Peak 14.00M) | Time:00:00.00 | Mem:0.00M, Peak:0.00M | Scene, ViewLayer | Loading render kernels (may take a few minutes the first time)
Fra:1 Mem:12.45M (Peak 14.00M) | Time:00:00.00 | Mem:0.00M, Peak:0.00M | Scene, ViewLayer | Updating Scene
Fra:1 Mem:12.45M (Peak 14.00M) | Time:00:00.00 | Mem:0.00M, Peak:0.00M | Scene, ViewLayer | Updating Shaders
Fra:1 Mem:12.70M (Peak 14.00M) | Time:00:00.01 | Mem:0.00M, Peak:0.00M | Scene, ViewLayer | Updating Procedurals
Fra:1 Mem:12.70M (Peak 14.00M) | Time:00:00.01 | Mem:0.00M, Peak:0.00M | Scene, ViewLayer | Updating Background
Fra:1 Mem:12.70M (Peak 14.00M) | Time:00:00.01 | Mem:0.00M, Peak:0.00M | Scene, ViewLayer | Updating Camera
Fra:1 Mem:12.70M (Peak 14.00M) | Time:00:00.01 | Mem:0.00M, Peak:0.00M | Scene, ViewLayer | Updating Meshes Flags
Fra:1 Mem:12.70M (Peak 14.00M) | Time:00:00.01 | Mem:0.00M, Peak:0.00M | Scene, ViewLayer | Updating Objects
Fra:1 Mem:12.70M (Peak 14.00M) | Time:00:00.01 | Mem:0.00M, Peak:0.00M | Scene, ViewLayer | Updating Objects | Copying Transformations to device
Fra:1 Mem:12.70M (Peak 14.00M) | Time:00:00.01 | Mem:0.00M, Peak:0.00M | Scene, ViewLayer | Updating Objects | Applying Static Transformations
Fra:1 Mem:12.70M (Peak 14.00M) | Time:00:00.01 | Mem:0.00M, Peak:0.00M | Scene, ViewLayer | Updating Particle Systems
Fra:1 Mem:12.70M (Peak 14.00M) | Time:00:00.01 | Mem:0.00M, Peak:0.00M | Scene, ViewLayer | Updating Particle Systems | Copying Particles to device
Fra:1 Mem:12.70M (Peak 14.00M) | Time:00:00.01 | Mem:0.00M, Peak:0.00M | Scene, ViewLayer | Updating Meshes
Fra:1 Mem:12.74M (Peak 14.00M) | Time:00:00.01 | Mem:0.00M, Peak:0.00M | Scene, ViewLayer | Updating Mesh | Computing attributes
Fra:1 Mem:12.81M (Peak 14.00M) | Time:00:00.01 | Mem:0.00M, Peak:0.00M | Scene, ViewLayer | Updating Mesh | Copying Attributes to device
Fra:1 Mem:12.81M (Peak 14.00M) | Time:00:00.01 | Mem:0.08M, Peak:0.08M | Scene, ViewLayer | Updating Scene BVH | Building
Fra:1 Mem:12.81M (Peak 14.00M) | Time:00:00.01 | Mem:0.08M, Peak:0.08M | Scene, ViewLayer | Updating Scene BVH | Building BVH
Fra:1 Mem:12.81M (Peak 14.00M) | Time:00:00.01 | Mem:0.25M, Peak:0.25M | Scene, ViewLayer | Updating Scene BVH | Building BVH 0%
Fra:1 Mem:12.81M (Peak 14.00M) | Time:00:00.01 | Mem:0.29M, Peak:0.41M | Scene, ViewLayer | Updating Scene BVH | Copying BVH to device
Fra:1 Mem:12.81M (Peak 14.00M) | Time:00:00.01 | Mem:0.29M, Peak:0.41M | Scene, ViewLayer | Updating Mesh | Computing normals
Fra:1 Mem:12.99M (Peak 14.00M) | Time:00:00.01 | Mem:0.29M, Peak:0.41M | Scene, ViewLayer | Updating Mesh | Copying Mesh to device
Fra:1 Mem:12.99M (Peak 14.00M) | Time:00:00.01 | Mem:0.46M, Peak:0.46M | Scene, ViewLayer | Updating Objects Flags
Fra:1 Mem:12.99M (Peak 14.00M) | Time:00:00.01 | Mem:0.46M, Peak:0.46M | Scene, ViewLayer | Updating Primitive Offsets
Fra:1 Mem:12.99M (Peak 14.00M) | Time:00:00.01 | Mem:0.46M, Peak:0.46M | Scene, ViewLayer | Updating Images
Fra:1 Mem:12.99M (Peak 14.00M) | Time:00:00.01 | Mem:0.46M, Peak:0.46M | Scene, ViewLayer | Updating Images | Loading 01649.exr
Fra:1 Mem:13.11M (Peak 14.00M) | Time:00:00.01 | Mem:0.46M, Peak:0.46M | Scene, ViewLayer | Updating Images | Loading meshed_0181.jpg
Fra:1 Mem:13.81M (Peak 14.00M) | Time:00:00.01 | Mem:1.27M, Peak:1.27M | Scene, ViewLayer | Updating Camera Volume
Fra:1 Mem:13.81M (Peak 14.00M) | Time:00:00.01 | Mem:1.27M, Peak:1.27M | Scene, ViewLayer | Updating Lookup Tables
Fra:1 Mem:13.81M (Peak 14.00M) | Time:00:00.01 | Mem:1.52M, Peak:1.52M | Scene, ViewLayer | Updating Lights
Fra:1 Mem:13.81M (Peak 14.00M) | Time:00:00.01 | Mem:1.52M, Peak:1.52M | Scene, ViewLayer | Updating Lights | Computing distribution
Fra:1 Mem:13.81M (Peak 14.00M) | Time:00:00.01 | Mem:1.52M, Peak:1.52M | Scene, ViewLayer | Updating Lights | Importance map
Fra:1 Mem:77.84M (Peak 365.94M) | Time:00:00.15 | Mem:65.56M, Peak:225.53M | Scene, ViewLayer | Updating Integrator
Fra:1 Mem:77.85M (Peak 365.94M) | Time:00:00.15 | Mem:65.57M, Peak:225.53M | Scene, ViewLayer | Updating Film
Fra:1 Mem:77.85M (Peak 365.94M) | Time:00:00.15 | Mem:65.32M, Peak:225.53M | Scene, ViewLayer | Updating Lookup Tables
Fra:1 Mem:77.85M (Peak 365.94M) | Time:00:00.15 | Mem:65.57M, Peak:225.53M | Scene, ViewLayer | Updating Baking
Fra:1 Mem:77.85M (Peak 365.94M) | Time:00:00.15 | Mem:65.57M, Peak:225.53M | Scene, ViewLayer | Updating Device | Writing constant memory
Fra:1 Mem:77.85M (Peak 365.94M) | Time:00:00.15 | Mem:65.57M, Peak:225.53M | Scene, ViewLayer | Sample 0/32
Fra:1 Mem:96.94M (Peak 365.94M) | Time:00:00.16 | Remaining:00:00.21 | Mem:84.57M, Peak:225.53M | Scene, ViewLayer | Sample 1/32
Fra:1 Mem:104.94M (Peak 365.94M) | Time:00:00.41 | Mem:84.57M, Peak:225.53M | Scene, ViewLayer | Sample 32/32
Fra:1 Mem:104.94M (Peak 365.94M) | Time:00:00.41 | Mem:84.57M, Peak:225.53M | Scene, ViewLayer | Finished
Saved: '/home/janus/iwi9-datasets/objaverse-rendering/no_textures_5/ce0bbc9ee005477991633c7497ea4dd2/006.png'
 Time: 00:00.45 (Saving: 00:00.03)

Fra:1 Mem:13.05M (Peak 13.47M) | Time:00:00.00 | Mem:0.00M, Peak:0.00M | Scene, ViewLayer | Synchronizing object | SM_ChesterfieldSofa_M_Chesterfield_Inst_0
Fra:1 Mem:13.22M (Peak 14.03M) | Time:00:00.00 | Mem:0.00M, Peak:0.00M | Scene, ViewLayer | Initializing
Fra:1 Mem:12.47M (Peak 14.03M) | Time:00:00.00 | Mem:0.00M, Peak:0.00M | Scene, ViewLayer | Waiting for render to start
Fra:1 Mem:12.47M (Peak 14.03M) | Time:00:00.00 | Mem:0.00M, Peak:0.00M | Scene, ViewLayer | Loading render kernels (may take a few minutes the first time)
Fra:1 Mem:12.47M (Peak 14.03M) | Time:00:00.00 | Mem:0.00M, Peak:0.00M | Scene, ViewLayer | Updating Scene
Fra:1 Mem:12.47M (Peak 14.03M) | Time:00:00.00 | Mem:0.00M, Peak:0.00M | Scene, ViewLayer | Updating Shaders
Fra:1 Mem:12.72M (Peak 14.03M) | Time:00:00.00 | Mem:0.00M, Peak:0.00M | Scene, ViewLayer | Updating Procedurals
Fra:1 Mem:12.72M (Peak 14.03M) | Time:00:00.00 | Mem:0.00M, Peak:0.00M | Scene, ViewLayer | Updating Background
Fra:1 Mem:12.72M (Peak 14.03M) | Time:00:00.00 | Mem:0.00M, Peak:0.00M | Scene, ViewLayer | Updating Camera
Fra:1 Mem:12.72M (Peak 14.03M) | Time:00:00.00 | Mem:0.00M, Peak:0.00M | Scene, ViewLayer | Updating Meshes Flags
Fra:1 Mem:12.72M (Peak 14.03M) | Time:00:00.00 | Mem:0.00M, Peak:0.00M | Scene, ViewLayer | Updating Objects
Fra:1 Mem:12.72M (Peak 14.03M) | Time:00:00.00 | Mem:0.00M, Peak:0.00M | Scene, ViewLayer | Updating Objects | Copying Transformations to device
Fra:1 Mem:12.72M (Peak 14.03M) | Time:00:00.00 | Mem:0.00M, Peak:0.00M | Scene, ViewLayer | Updating Objects | Applying Static Transformations
Fra:1 Mem:12.72M (Peak 14.03M) | Time:00:00.00 | Mem:0.00M, Peak:0.00M | Scene, ViewLayer | Updating Particle Systems
Fra:1 Mem:12.72M (Peak 14.03M) | Time:00:00.00 | Mem:0.00M, Peak:0.00M | Scene, ViewLayer | Updating Particle Systems | Copying Particles to device
Fra:1 Mem:12.72M (Peak 14.03M) | Time:00:00.00 | Mem:0.00M, Peak:0.00M | Scene, ViewLayer | Updating Meshes
Fra:1 Mem:12.76M (Peak 14.03M) | Time:00:00.00 | Mem:0.00M, Peak:0.00M | Scene, ViewLayer | Updating Mesh | Computing attributes
Fra:1 Mem:12.84M (Peak 14.03M) | Time:00:00.00 | Mem:0.00M, Peak:0.00M | Scene, ViewLayer | Updating Mesh | Copying Attributes to device
Fra:1 Mem:12.84M (Peak 14.03M) | Time:00:00.00 | Mem:0.08M, Peak:0.08M | Scene, ViewLayer | Updating Scene BVH | Building
Fra:1 Mem:12.84M (Peak 14.03M) | Time:00:00.00 | Mem:0.08M, Peak:0.08M | Scene, ViewLayer | Updating Scene BVH | Building BVH
Fra:1 Mem:12.84M (Peak 14.03M) | Time:00:00.00 | Mem:0.25M, Peak:0.25M | Scene, ViewLayer | Updating Scene BVH | Building BVH 0%
Fra:1 Mem:12.84M (Peak 14.03M) | Time:00:00.01 | Mem:0.29M, Peak:0.41M | Scene, ViewLayer | Updating Scene BVH | Copying BVH to device
Fra:1 Mem:12.84M (Peak 14.03M) | Time:00:00.01 | Mem:0.29M, Peak:0.41M | Scene, ViewLayer | Updating Mesh | Computing normals
Fra:1 Mem:13.01M (Peak 14.03M) | Time:00:00.01 | Mem:0.29M, Peak:0.41M | Scene, ViewLayer | Updating Mesh | Copying Mesh to device
Fra:1 Mem:13.01M (Peak 14.03M) | Time:00:00.01 | Mem:0.46M, Peak:0.46M | Scene, ViewLayer | Updating Objects Flags
Fra:1 Mem:13.01M (Peak 14.03M) | Time:00:00.01 | Mem:0.46M, Peak:0.46M | Scene, ViewLayer | Updating Primitive Offsets
Fra:1 Mem:13.01M (Peak 14.03M) | Time:00:00.01 | Mem:0.46M, Peak:0.46M | Scene, ViewLayer | Updating Images
Fra:1 Mem:13.01M (Peak 14.03M) | Time:00:00.01 | Mem:0.46M, Peak:0.46M | Scene, ViewLayer | Updating Images | Loading 01649.exr
Fra:1 Mem:13.13M (Peak 14.03M) | Time:00:00.01 | Mem:0.46M, Peak:0.46M | Scene, ViewLayer | Updating Images | Loading stratified_0087.jpg
Fra:1 Mem:14.10M (Peak 14.10M) | Time:00:00.01 | Mem:1.53M, Peak:1.53M | Scene, ViewLayer | Updating Camera Volume
Fra:1 Mem:14.10M (Peak 14.10M) | Time:00:00.01 | Mem:1.53M, Peak:1.53M | Scene, ViewLayer | Updating Lookup Tables
Fra:1 Mem:14.10M (Peak 14.10M) | Time:00:00.01 | Mem:1.78M, Peak:1.78M | Scene, ViewLayer | Updating Lights
Fra:1 Mem:14.10M (Peak 14.10M) | Time:00:00.01 | Mem:1.78M, Peak:1.78M | Scene, ViewLayer | Updating Lights | Computing distribution
Fra:1 Mem:14.10M (Peak 14.10M) | Time:00:00.01 | Mem:1.78M, Peak:1.78M | Scene, ViewLayer | Updating Lights | Importance map
Fra:1 Mem:78.13M (Peak 366.23M) | Time:00:00.15 | Mem:65.83M, Peak:225.79M | Scene, ViewLayer | Updating Integrator
Fra:1 Mem:78.14M (Peak 366.23M) | Time:00:00.15 | Mem:65.83M, Peak:225.79M | Scene, ViewLayer | Updating Film
Fra:1 Mem:78.14M (Peak 366.23M) | Time:00:00.15 | Mem:65.58M, Peak:225.79M | Scene, ViewLayer | Updating Lookup Tables
Fra:1 Mem:78.14M (Peak 366.23M) | Time:00:00.15 | Mem:65.84M, Peak:225.79M | Scene, ViewLayer | Updating Baking
Fra:1 Mem:78.14M (Peak 366.23M) | Time:00:00.15 | Mem:65.84M, Peak:225.79M | Scene, ViewLayer | Updating Device | Writing constant memory
Fra:1 Mem:78.14M (Peak 366.23M) | Time:00:00.15 | Mem:65.84M, Peak:225.79M | Scene, ViewLayer | Sample 0/32
Fra:1 Mem:97.23M (Peak 366.23M) | Time:00:00.16 | Remaining:00:00.24 | Mem:84.84M, Peak:225.79M | Scene, ViewLayer | Sample 1/32
Fra:1 Mem:105.23M (Peak 366.23M) | Time:00:00.43 | Mem:84.84M, Peak:225.79M | Scene, ViewLayer | Sample 32/32
Fra:1 Mem:105.23M (Peak 366.23M) | Time:00:00.43 | Mem:84.84M, Peak:225.79M | Scene, ViewLayer | Finished
Saved: '/home/janus/iwi9-datasets/objaverse-rendering/no_textures_5/ce0bbc9ee005477991633c7497ea4dd2/007.png'
 Time: 00:00.47 (Saving: 00:00.03)

Fra:1 Mem:13.07M (Peak 13.49M) | Time:00:00.00 | Mem:0.00M, Peak:0.00M | Scene, ViewLayer | Synchronizing object | SM_ChesterfieldSofa_M_Chesterfield_Inst_0
Fra:1 Mem:13.24M (Peak 14.05M) | Time:00:00.00 | Mem:0.00M, Peak:0.00M | Scene, ViewLayer | Initializing
Fra:1 Mem:12.49M (Peak 14.05M) | Time:00:00.00 | Mem:0.00M, Peak:0.00M | Scene, ViewLayer | Waiting for render to start
Fra:1 Mem:12.49M (Peak 14.05M) | Time:00:00.00 | Mem:0.00M, Peak:0.00M | Scene, ViewLayer | Loading render kernels (may take a few minutes the first time)
Fra:1 Mem:12.49M (Peak 14.05M) | Time:00:00.00 | Mem:0.00M, Peak:0.00M | Scene, ViewLayer | Updating Scene
Fra:1 Mem:12.49M (Peak 14.05M) | Time:00:00.00 | Mem:0.00M, Peak:0.00M | Scene, ViewLayer | Updating Shaders
Fra:1 Mem:12.75M (Peak 14.05M) | Time:00:00.00 | Mem:0.00M, Peak:0.00M | Scene, ViewLayer | Updating Procedurals
Fra:1 Mem:12.75M (Peak 14.05M) | Time:00:00.00 | Mem:0.00M, Peak:0.00M | Scene, ViewLayer | Updating Background
Fra:1 Mem:12.75M (Peak 14.05M) | Time:00:00.00 | Mem:0.00M, Peak:0.00M | Scene, ViewLayer | Updating Camera
Fra:1 Mem:12.75M (Peak 14.05M) | Time:00:00.00 | Mem:0.00M, Peak:0.00M | Scene, ViewLayer | Updating Meshes Flags
Fra:1 Mem:12.75M (Peak 14.05M) | Time:00:00.00 | Mem:0.00M, Peak:0.00M | Scene, ViewLayer | Updating Objects
Fra:1 Mem:12.75M (Peak 14.05M) | Time:00:00.00 | Mem:0.00M, Peak:0.00M | Scene, ViewLayer | Updating Objects | Copying Transformations to device
Fra:1 Mem:12.75M (Peak 14.05M) | Time:00:00.00 | Mem:0.00M, Peak:0.00M | Scene, ViewLayer | Updating Objects | Applying Static Transformations
Fra:1 Mem:12.75M (Peak 14.05M) | Time:00:00.00 | Mem:0.00M, Peak:0.00M | Scene, ViewLayer | Updating Particle Systems
Fra:1 Mem:12.75M (Peak 14.05M) | Time:00:00.00 | Mem:0.00M, Peak:0.00M | Scene, ViewLayer | Updating Particle Systems | Copying Particles to device
Fra:1 Mem:12.75M (Peak 14.05M) | Time:00:00.00 | Mem:0.00M, Peak:0.00M | Scene, ViewLayer | Updating Meshes
Fra:1 Mem:12.78M (Peak 14.05M) | Time:00:00.00 | Mem:0.00M, Peak:0.00M | Scene, ViewLayer | Updating Mesh | Computing attributes
Fra:1 Mem:12.86M (Peak 14.05M) | Time:00:00.00 | Mem:0.00M, Peak:0.00M | Scene, ViewLayer | Updating Mesh | Copying Attributes to device
Fra:1 Mem:12.86M (Peak 14.05M) | Time:00:00.00 | Mem:0.08M, Peak:0.08M | Scene, ViewLayer | Updating Scene BVH | Building
Fra:1 Mem:12.86M (Peak 14.05M) | Time:00:00.00 | Mem:0.08M, Peak:0.08M | Scene, ViewLayer | Updating Scene BVH | Building BVH
Fra:1 Mem:12.86M (Peak 14.05M) | Time:00:00.00 | Mem:0.25M, Peak:0.25M | Scene, ViewLayer | Updating Scene BVH | Building BVH 0%
Fra:1 Mem:12.86M (Peak 14.05M) | Time:00:00.01 | Mem:0.29M, Peak:0.41M | Scene, ViewLayer | Updating Scene BVH | Copying BVH to device
Fra:1 Mem:12.86M (Peak 14.05M) | Time:00:00.01 | Mem:0.29M, Peak:0.41M | Scene, ViewLayer | Updating Mesh | Computing normals
Fra:1 Mem:13.03M (Peak 14.05M) | Time:00:00.01 | Mem:0.29M, Peak:0.41M | Scene, ViewLayer | Updating Mesh | Copying Mesh to device
Fra:1 Mem:13.03M (Peak 14.05M) | Time:00:00.01 | Mem:0.46M, Peak:0.46M | Scene, ViewLayer | Updating Objects Flags
Fra:1 Mem:13.03M (Peak 14.05M) | Time:00:00.01 | Mem:0.46M, Peak:0.46M | Scene, ViewLayer | Updating Primitive Offsets
Fra:1 Mem:13.03M (Peak 14.05M) | Time:00:00.01 | Mem:0.46M, Peak:0.46M | Scene, ViewLayer | Updating Images
Fra:1 Mem:13.03M (Peak 14.05M) | Time:00:00.01 | Mem:0.46M, Peak:0.46M | Scene, ViewLayer | Updating Images | Loading 01649.exr
Fra:1 Mem:13.16M (Peak 14.05M) | Time:00:00.01 | Mem:0.46M, Peak:0.46M | Scene, ViewLayer | Updating Images | Loading banded_0049.jpg
Fra:1 Mem:13.80M (Peak 14.05M) | Time:00:00.01 | Mem:1.21M, Peak:1.21M | Scene, ViewLayer | Updating Camera Volume
Fra:1 Mem:13.80M (Peak 14.05M) | Time:00:00.01 | Mem:1.21M, Peak:1.21M | Scene, ViewLayer | Updating Lookup Tables
Fra:1 Mem:13.80M (Peak 14.05M) | Time:00:00.01 | Mem:1.46M, Peak:1.46M | Scene, ViewLayer | Updating Lights
Fra:1 Mem:13.80M (Peak 14.05M) | Time:00:00.01 | Mem:1.46M, Peak:1.46M | Scene, ViewLayer | Updating Lights | Computing distribution
Fra:1 Mem:13.80M (Peak 14.05M) | Time:00:00.01 | Mem:1.46M, Peak:1.46M | Scene, ViewLayer | Updating Lights | Importance map
Fra:1 Mem:77.83M (Peak 365.93M) | Time:00:00.15 | Mem:65.51M, Peak:225.48M | Scene, ViewLayer | Updating Integrator
Fra:1 Mem:77.84M (Peak 365.93M) | Time:00:00.15 | Mem:65.51M, Peak:225.48M | Scene, ViewLayer | Updating Film
Fra:1 Mem:77.84M (Peak 365.93M) | Time:00:00.15 | Mem:65.26M, Peak:225.48M | Scene, ViewLayer | Updating Lookup Tables
Fra:1 Mem:77.84M (Peak 365.93M) | Time:00:00.15 | Mem:65.52M, Peak:225.48M | Scene, ViewLayer | Updating Baking
Fra:1 Mem:77.84M (Peak 365.93M) | Time:00:00.15 | Mem:65.52M, Peak:225.48M | Scene, ViewLayer | Updating Device | Writing constant memory
Fra:1 Mem:77.84M (Peak 365.93M) | Time:00:00.15 | Mem:65.52M, Peak:225.48M | Scene, ViewLayer | Sample 0/32
Fra:1 Mem:96.93M (Peak 365.93M) | Time:00:00.16 | Remaining:00:00.25 | Mem:84.52M, Peak:225.48M | Scene, ViewLayer | Sample 1/32
Fra:1 Mem:104.93M (Peak 365.93M) | Time:00:00.46 | Mem:84.52M, Peak:225.48M | Scene, ViewLayer | Sample 32/32
Fra:1 Mem:104.93M (Peak 365.93M) | Time:00:00.46 | Mem:84.52M, Peak:225.48M | Scene, ViewLayer | Finished
Saved: '/home/janus/iwi9-datasets/objaverse-rendering/no_textures_5/ce0bbc9ee005477991633c7497ea4dd2/008.png'
 Time: 00:00.50 (Saving: 00:00.03)

Fra:1 Mem:13.10M (Peak 13.52M) | Time:00:00.00 | Mem:0.00M, Peak:0.00M | Scene, ViewLayer | Synchronizing object | SM_ChesterfieldSofa_M_Chesterfield_Inst_0
Fra:1 Mem:13.26M (Peak 14.07M) | Time:00:00.00 | Mem:0.00M, Peak:0.00M | Scene, ViewLayer | Initializing
Fra:1 Mem:12.51M (Peak 14.07M) | Time:00:00.00 | Mem:0.00M, Peak:0.00M | Scene, ViewLayer | Waiting for render to start
Fra:1 Mem:12.52M (Peak 14.07M) | Time:00:00.00 | Mem:0.00M, Peak:0.00M | Scene, ViewLayer | Loading render kernels (may take a few minutes the first time)
Fra:1 Mem:12.52M (Peak 14.07M) | Time:00:00.00 | Mem:0.00M, Peak:0.00M | Scene, ViewLayer | Updating Scene
Fra:1 Mem:12.52M (Peak 14.07M) | Time:00:00.00 | Mem:0.00M, Peak:0.00M | Scene, ViewLayer | Updating Shaders
Fra:1 Mem:12.77M (Peak 14.07M) | Time:00:00.01 | Mem:0.00M, Peak:0.00M | Scene, ViewLayer | Updating Procedurals
Fra:1 Mem:12.77M (Peak 14.07M) | Time:00:00.01 | Mem:0.00M, Peak:0.00M | Scene, ViewLayer | Updating Background
Fra:1 Mem:12.77M (Peak 14.07M) | Time:00:00.01 | Mem:0.00M, Peak:0.00M | Scene, ViewLayer | Updating Camera
Fra:1 Mem:12.77M (Peak 14.07M) | Time:00:00.01 | Mem:0.00M, Peak:0.00M | Scene, ViewLayer | Updating Meshes Flags
Fra:1 Mem:12.77M (Peak 14.07M) | Time:00:00.01 | Mem:0.00M, Peak:0.00M | Scene, ViewLayer | Updating Objects
Fra:1 Mem:12.77M (Peak 14.07M) | Time:00:00.01 | Mem:0.00M, Peak:0.00M | Scene, ViewLayer | Updating Objects | Copying Transformations to device
Fra:1 Mem:12.77M (Peak 14.07M) | Time:00:00.01 | Mem:0.00M, Peak:0.00M | Scene, ViewLayer | Updating Objects | Applying Static Transformations
Fra:1 Mem:12.77M (Peak 14.07M) | Time:00:00.01 | Mem:0.00M, Peak:0.00M | Scene, ViewLayer | Updating Particle Systems
Fra:1 Mem:12.77M (Peak 14.07M) | Time:00:00.01 | Mem:0.00M, Peak:0.00M | Scene, ViewLayer | Updating Particle Systems | Copying Particles to device
Fra:1 Mem:12.77M (Peak 14.07M) | Time:00:00.01 | Mem:0.00M, Peak:0.00M | Scene, ViewLayer | Updating Meshes
Fra:1 Mem:12.81M (Peak 14.07M) | Time:00:00.01 | Mem:0.00M, Peak:0.00M | Scene, ViewLayer | Updating Mesh | Computing attributes
Fra:1 Mem:12.88M (Peak 14.07M) | Time:00:00.01 | Mem:0.00M, Peak:0.00M | Scene, ViewLayer | Updating Mesh | Copying Attributes to device
Fra:1 Mem:12.88M (Peak 14.07M) | Time:00:00.01 | Mem:0.08M, Peak:0.08M | Scene, ViewLayer | Updating Scene BVH | Building
Fra:1 Mem:12.88M (Peak 14.07M) | Time:00:00.01 | Mem:0.08M, Peak:0.08M | Scene, ViewLayer | Updating Scene BVH | Building BVH
Fra:1 Mem:12.88M (Peak 14.07M) | Time:00:00.01 | Mem:0.25M, Peak:0.25M | Scene, ViewLayer | Updating Scene BVH | Building BVH 0%
Fra:1 Mem:12.88M (Peak 14.07M) | Time:00:00.01 | Mem:0.29M, Peak:0.41M | Scene, ViewLayer | Updating Scene BVH | Copying BVH to device
Fra:1 Mem:12.88M (Peak 14.07M) | Time:00:00.01 | Mem:0.29M, Peak:0.41M | Scene, ViewLayer | Updating Mesh | Computing normals
Fra:1 Mem:13.05M (Peak 14.07M) | Time:00:00.01 | Mem:0.29M, Peak:0.41M | Scene, ViewLayer | Updating Mesh | Copying Mesh to device
Fra:1 Mem:13.05M (Peak 14.07M) | Time:00:00.01 | Mem:0.46M, Peak:0.46M | Scene, ViewLayer | Updating Objects Flags
Fra:1 Mem:13.05M (Peak 14.07M) | Time:00:00.01 | Mem:0.46M, Peak:0.46M | Scene, ViewLayer | Updating Primitive Offsets
Fra:1 Mem:13.05M (Peak 14.07M) | Time:00:00.01 | Mem:0.46M, Peak:0.46M | Scene, ViewLayer | Updating Images
Fra:1 Mem:13.05M (Peak 14.07M) | Time:00:00.01 | Mem:0.46M, Peak:0.46M | Scene, ViewLayer | Updating Images | Loading 01649.exr
Fra:1 Mem:13.18M (Peak 14.07M) | Time:00:00.01 | Mem:0.46M, Peak:0.46M | Scene, ViewLayer | Updating Images | Loading studded_0210.jpg
Fra:1 Mem:13.69M (Peak 14.07M) | Time:00:00.01 | Mem:1.08M, Peak:1.08M | Scene, ViewLayer | Updating Camera Volume
Fra:1 Mem:13.69M (Peak 14.07M) | Time:00:00.01 | Mem:1.08M, Peak:1.08M | Scene, ViewLayer | Updating Lookup Tables
Fra:1 Mem:13.69M (Peak 14.07M) | Time:00:00.01 | Mem:1.33M, Peak:1.33M | Scene, ViewLayer | Updating Lights
Fra:1 Mem:13.69M (Peak 14.07M) | Time:00:00.01 | Mem:1.33M, Peak:1.33M | Scene, ViewLayer | Updating Lights | Computing distribution
Fra:1 Mem:13.69M (Peak 14.07M) | Time:00:00.01 | Mem:1.33M, Peak:1.33M | Scene, ViewLayer | Updating Lights | Importance map
Fra:1 Mem:77.72M (Peak 365.81M) | Time:00:00.15 | Mem:65.37M, Peak:225.34M | Scene, ViewLayer | Updating Integrator
Fra:1 Mem:77.72M (Peak 365.81M) | Time:00:00.15 | Mem:65.38M, Peak:225.34M | Scene, ViewLayer | Updating Film
Fra:1 Mem:77.73M (Peak 365.81M) | Time:00:00.15 | Mem:65.13M, Peak:225.34M | Scene, ViewLayer | Updating Lookup Tables
Fra:1 Mem:77.73M (Peak 365.81M) | Time:00:00.15 | Mem:65.38M, Peak:225.34M | Scene, ViewLayer | Updating Baking
Fra:1 Mem:77.73M (Peak 365.81M) | Time:00:00.15 | Mem:65.38M, Peak:225.34M | Scene, ViewLayer | Updating Device | Writing constant memory
Fra:1 Mem:77.73M (Peak 365.81M) | Time:00:00.15 | Mem:65.38M, Peak:225.34M | Scene, ViewLayer | Sample 0/32
Fra:1 Mem:96.82M (Peak 365.81M) | Time:00:00.16 | Remaining:00:00.27 | Mem:84.38M, Peak:225.34M | Scene, ViewLayer | Sample 1/32
Fra:1 Mem:104.82M (Peak 365.81M) | Time:00:00.45 | Mem:84.38M, Peak:225.34M | Scene, ViewLayer | Sample 32/32
Fra:1 Mem:104.82M (Peak 365.81M) | Time:00:00.45 | Mem:84.38M, Peak:225.34M | Scene, ViewLayer | Finished
Saved: '/home/janus/iwi9-datasets/objaverse-rendering/no_textures_5/ce0bbc9ee005477991633c7497ea4dd2/009.png'
 Time: 00:00.48 (Saving: 00:00.03)

Fra:1 Mem:13.12M (Peak 13.54M) | Time:00:00.00 | Mem:0.00M, Peak:0.00M | Scene, ViewLayer | Synchronizing object | SM_ChesterfieldSofa_M_Chesterfield_Inst_0
Fra:1 Mem:13.29M (Peak 14.10M) | Time:00:00.00 | Mem:0.00M, Peak:0.00M | Scene, ViewLayer | Initializing
Fra:1 Mem:12.54M (Peak 14.10M) | Time:00:00.00 | Mem:0.00M, Peak:0.00M | Scene, ViewLayer | Waiting for render to start
Fra:1 Mem:12.54M (Peak 14.10M) | Time:00:00.00 | Mem:0.00M, Peak:0.00M | Scene, ViewLayer | Loading render kernels (may take a few minutes the first time)
Fra:1 Mem:12.54M (Peak 14.10M) | Time:00:00.00 | Mem:0.00M, Peak:0.00M | Scene, ViewLayer | Updating Scene
Fra:1 Mem:12.54M (Peak 14.10M) | Time:00:00.00 | Mem:0.00M, Peak:0.00M | Scene, ViewLayer | Updating Shaders
Fra:1 Mem:12.79M (Peak 14.10M) | Time:00:00.00 | Mem:0.00M, Peak:0.00M | Scene, ViewLayer | Updating Procedurals
Fra:1 Mem:12.79M (Peak 14.10M) | Time:00:00.00 | Mem:0.00M, Peak:0.00M | Scene, ViewLayer | Updating Background
Fra:1 Mem:12.79M (Peak 14.10M) | Time:00:00.00 | Mem:0.00M, Peak:0.00M | Scene, ViewLayer | Updating Camera
Fra:1 Mem:12.79M (Peak 14.10M) | Time:00:00.00 | Mem:0.00M, Peak:0.00M | Scene, ViewLayer | Updating Meshes Flags
Fra:1 Mem:12.79M (Peak 14.10M) | Time:00:00.00 | Mem:0.00M, Peak:0.00M | Scene, ViewLayer | Updating Objects
Fra:1 Mem:12.79M (Peak 14.10M) | Time:00:00.00 | Mem:0.00M, Peak:0.00M | Scene, ViewLayer | Updating Objects | Copying Transformations to device
Fra:1 Mem:12.79M (Peak 14.10M) | Time:00:00.00 | Mem:0.00M, Peak:0.00M | Scene, ViewLayer | Updating Objects | Applying Static Transformations
Fra:1 Mem:12.79M (Peak 14.10M) | Time:00:00.00 | Mem:0.00M, Peak:0.00M | Scene, ViewLayer | Updating Particle Systems
Fra:1 Mem:12.79M (Peak 14.10M) | Time:00:00.00 | Mem:0.00M, Peak:0.00M | Scene, ViewLayer | Updating Particle Systems | Copying Particles to device
Fra:1 Mem:12.79M (Peak 14.10M) | Time:00:00.00 | Mem:0.00M, Peak:0.00M | Scene, ViewLayer | Updating Meshes
Fra:1 Mem:12.83M (Peak 14.10M) | Time:00:00.00 | Mem:0.00M, Peak:0.00M | Scene, ViewLayer | Updating Mesh | Computing attributes
Fra:1 Mem:12.91M (Peak 14.10M) | Time:00:00.00 | Mem:0.00M, Peak:0.00M | Scene, ViewLayer | Updating Mesh | Copying Attributes to device
Fra:1 Mem:12.91M (Peak 14.10M) | Time:00:00.00 | Mem:0.08M, Peak:0.08M | Scene, ViewLayer | Updating Scene BVH | Building
Fra:1 Mem:12.91M (Peak 14.10M) | Time:00:00.00 | Mem:0.08M, Peak:0.08M | Scene, ViewLayer | Updating Scene BVH | Building BVH
Fra:1 Mem:12.91M (Peak 14.10M) | Time:00:00.00 | Mem:0.25M, Peak:0.25M | Scene, ViewLayer | Updating Scene BVH | Building BVH 0%
Fra:1 Mem:12.91M (Peak 14.10M) | Time:00:00.00 | Mem:0.29M, Peak:0.41M | Scene, ViewLayer | Updating Scene BVH | Copying BVH to device
Fra:1 Mem:12.91M (Peak 14.10M) | Time:00:00.00 | Mem:0.29M, Peak:0.41M | Scene, ViewLayer | Updating Mesh | Computing normals
Fra:1 Mem:13.08M (Peak 14.10M) | Time:00:00.00 | Mem:0.29M, Peak:0.41M | Scene, ViewLayer | Updating Mesh | Copying Mesh to device
Fra:1 Mem:13.08M (Peak 14.10M) | Time:00:00.00 | Mem:0.46M, Peak:0.46M | Scene, ViewLayer | Updating Objects Flags
Fra:1 Mem:13.08M (Peak 14.10M) | Time:00:00.00 | Mem:0.46M, Peak:0.46M | Scene, ViewLayer | Updating Primitive Offsets
Fra:1 Mem:13.08M (Peak 14.10M) | Time:00:00.00 | Mem:0.46M, Peak:0.46M | Scene, ViewLayer | Updating Images
Fra:1 Mem:13.08M (Peak 14.10M) | Time:00:00.00 | Mem:0.46M, Peak:0.46M | Scene, ViewLayer | Updating Images | Loading 01649.exr
Fra:1 Mem:13.20M (Peak 14.10M) | Time:00:00.00 | Mem:0.46M, Peak:0.46M | Scene, ViewLayer | Updating Images | Loading grid_0091.jpg
Fra:1 Mem:13.67M (Peak 14.10M) | Time:00:00.01 | Mem:1.04M, Peak:1.04M | Scene, ViewLayer | Updating Camera Volume
Fra:1 Mem:13.67M (Peak 14.10M) | Time:00:00.01 | Mem:1.04M, Peak:1.04M | Scene, ViewLayer | Updating Lookup Tables
Fra:1 Mem:13.67M (Peak 14.10M) | Time:00:00.01 | Mem:1.29M, Peak:1.29M | Scene, ViewLayer | Updating Lights
Fra:1 Mem:13.67M (Peak 14.10M) | Time:00:00.01 | Mem:1.29M, Peak:1.29M | Scene, ViewLayer | Updating Lights | Computing distribution
Fra:1 Mem:13.67M (Peak 14.10M) | Time:00:00.01 | Mem:1.29M, Peak:1.29M | Scene, ViewLayer | Updating Lights | Importance map
Fra:1 Mem:77.70M (Peak 365.80M) | Time:00:00.15 | Mem:65.33M, Peak:225.30M | Scene, ViewLayer | Updating Integrator
Fra:1 Mem:77.71M (Peak 365.80M) | Time:00:00.15 | Mem:65.34M, Peak:225.30M | Scene, ViewLayer | Updating Film
Fra:1 Mem:77.71M (Peak 365.80M) | Time:00:00.15 | Mem:65.09M, Peak:225.30M | Scene, ViewLayer | Updating Lookup Tables
Fra:1 Mem:77.71M (Peak 365.80M) | Time:00:00.15 | Mem:65.34M, Peak:225.30M | Scene, ViewLayer | Updating Baking
Fra:1 Mem:77.71M (Peak 365.80M) | Time:00:00.15 | Mem:65.34M, Peak:225.30M | Scene, ViewLayer | Updating Device | Writing constant memory
Fra:1 Mem:77.72M (Peak 365.80M) | Time:00:00.15 | Mem:65.34M, Peak:225.30M | Scene, ViewLayer | Sample 0/32
Fra:1 Mem:96.80M (Peak 365.80M) | Time:00:00.16 | Remaining:00:00.25 | Mem:84.34M, Peak:225.30M | Scene, ViewLayer | Sample 1/32
Fra:1 Mem:104.80M (Peak 365.80M) | Time:00:00.43 | Mem:84.34M, Peak:225.30M | Scene, ViewLayer | Sample 32/32
Fra:1 Mem:104.80M (Peak 365.80M) | Time:00:00.43 | Mem:84.34M, Peak:225.30M | Scene, ViewLayer | Finished
Saved: '/home/janus/iwi9-datasets/objaverse-rendering/no_textures_5/ce0bbc9ee005477991633c7497ea4dd2/010.png'
 Time: 00:00.47 (Saving: 00:00.03)

Fra:1 Mem:13.15M (Peak 13.57M) | Time:00:00.00 | Mem:0.00M, Peak:0.00M | Scene, ViewLayer | Synchronizing object | SM_ChesterfieldSofa_M_Chesterfield_Inst_0
Fra:1 Mem:13.32M (Peak 14.12M) | Time:00:00.00 | Mem:0.00M, Peak:0.00M | Scene, ViewLayer | Initializing
Fra:1 Mem:12.57M (Peak 14.12M) | Time:00:00.00 | Mem:0.00M, Peak:0.00M | Scene, ViewLayer | Waiting for render to start
Fra:1 Mem:12.57M (Peak 14.12M) | Time:00:00.00 | Mem:0.00M, Peak:0.00M | Scene, ViewLayer | Loading render kernels (may take a few minutes the first time)
Fra:1 Mem:12.57M (Peak 14.12M) | Time:00:00.00 | Mem:0.00M, Peak:0.00M | Scene, ViewLayer | Updating Scene
Fra:1 Mem:12.57M (Peak 14.12M) | Time:00:00.00 | Mem:0.00M, Peak:0.00M | Scene, ViewLayer | Updating Shaders
Fra:1 Mem:12.82M (Peak 14.12M) | Time:00:00.00 | Mem:0.00M, Peak:0.00M | Scene, ViewLayer | Updating Procedurals
Fra:1 Mem:12.82M (Peak 14.12M) | Time:00:00.00 | Mem:0.00M, Peak:0.00M | Scene, ViewLayer | Updating Background
Fra:1 Mem:12.82M (Peak 14.12M) | Time:00:00.00 | Mem:0.00M, Peak:0.00M | Scene, ViewLayer | Updating Camera
Fra:1 Mem:12.82M (Peak 14.12M) | Time:00:00.00 | Mem:0.00M, Peak:0.00M | Scene, ViewLayer | Updating Meshes Flags
Fra:1 Mem:12.82M (Peak 14.12M) | Time:00:00.00 | Mem:0.00M, Peak:0.00M | Scene, ViewLayer | Updating Objects
Fra:1 Mem:12.82M (Peak 14.12M) | Time:00:00.00 | Mem:0.00M, Peak:0.00M | Scene, ViewLayer | Updating Objects | Copying Transformations to device
Fra:1 Mem:12.82M (Peak 14.12M) | Time:00:00.00 | Mem:0.00M, Peak:0.00M | Scene, ViewLayer | Updating Objects | Applying Static Transformations
Fra:1 Mem:12.82M (Peak 14.12M) | Time:00:00.00 | Mem:0.00M, Peak:0.00M | Scene, ViewLayer | Updating Particle Systems
Fra:1 Mem:12.82M (Peak 14.12M) | Time:00:00.00 | Mem:0.00M, Peak:0.00M | Scene, ViewLayer | Updating Particle Systems | Copying Particles to device
Fra:1 Mem:12.82M (Peak 14.12M) | Time:00:00.00 | Mem:0.00M, Peak:0.00M | Scene, ViewLayer | Updating Meshes
Fra:1 Mem:12.86M (Peak 14.12M) | Time:00:00.00 | Mem:0.00M, Peak:0.00M | Scene, ViewLayer | Updating Mesh | Computing attributes
Fra:1 Mem:12.93M (Peak 14.12M) | Time:00:00.00 | Mem:0.00M, Peak:0.00M | Scene, ViewLayer | Updating Mesh | Copying Attributes to device
Fra:1 Mem:12.93M (Peak 14.12M) | Time:00:00.00 | Mem:0.08M, Peak:0.08M | Scene, ViewLayer | Updating Scene BVH | Building
Fra:1 Mem:12.93M (Peak 14.12M) | Time:00:00.00 | Mem:0.08M, Peak:0.08M | Scene, ViewLayer | Updating Scene BVH | Building BVH
Fra:1 Mem:12.93M (Peak 14.12M) | Time:00:00.00 | Mem:0.25M, Peak:0.25M | Scene, ViewLayer | Updating Scene BVH | Building BVH 0%
Fra:1 Mem:12.93M (Peak 14.12M) | Time:00:00.00 | Mem:0.29M, Peak:0.41M | Scene, ViewLayer | Updating Scene BVH | Copying BVH to device
Fra:1 Mem:12.93M (Peak 14.12M) | Time:00:00.00 | Mem:0.29M, Peak:0.41M | Scene, ViewLayer | Updating Mesh | Computing normals
Fra:1 Mem:13.11M (Peak 14.12M) | Time:00:00.00 | Mem:0.29M, Peak:0.41M | Scene, ViewLayer | Updating Mesh | Copying Mesh to device
Fra:1 Mem:13.11M (Peak 14.12M) | Time:00:00.00 | Mem:0.46M, Peak:0.46M | Scene, ViewLayer | Updating Objects Flags
Fra:1 Mem:13.11M (Peak 14.12M) | Time:00:00.00 | Mem:0.46M, Peak:0.46M | Scene, ViewLayer | Updating Primitive Offsets
Fra:1 Mem:13.11M (Peak 14.12M) | Time:00:00.00 | Mem:0.46M, Peak:0.46M | Scene, ViewLayer | Updating Images
Fra:1 Mem:13.11M (Peak 14.12M) | Time:00:00.00 | Mem:0.46M, Peak:0.46M | Scene, ViewLayer | Updating Images | Loading 01649.exr
Fra:1 Mem:13.23M (Peak 14.12M) | Time:00:00.00 | Mem:0.46M, Peak:0.46M | Scene, ViewLayer | Updating Images | Loading woven_0110.jpg
Fra:1 Mem:13.70M (Peak 14.12M) | Time:00:00.01 | Mem:1.04M, Peak:1.04M | Scene, ViewLayer | Updating Camera Volume
Fra:1 Mem:13.70M (Peak 14.12M) | Time:00:00.01 | Mem:1.04M, Peak:1.04M | Scene, ViewLayer | Updating Lookup Tables
Fra:1 Mem:13.70M (Peak 14.12M) | Time:00:00.01 | Mem:1.29M, Peak:1.29M | Scene, ViewLayer | Updating Lights
Fra:1 Mem:13.70M (Peak 14.12M) | Time:00:00.01 | Mem:1.29M, Peak:1.29M | Scene, ViewLayer | Updating Lights | Computing distribution
Fra:1 Mem:13.70M (Peak 14.12M) | Time:00:00.01 | Mem:1.29M, Peak:1.29M | Scene, ViewLayer | Updating Lights | Importance map
Fra:1 Mem:77.73M (Peak 365.83M) | Time:00:00.15 | Mem:65.33M, Peak:225.30M | Scene, ViewLayer | Updating Integrator
Fra:1 Mem:77.74M (Peak 365.83M) | Time:00:00.15 | Mem:65.34M, Peak:225.30M | Scene, ViewLayer | Updating Film
Fra:1 Mem:77.74M (Peak 365.83M) | Time:00:00.15 | Mem:65.09M, Peak:225.30M | Scene, ViewLayer | Updating Lookup Tables
Fra:1 Mem:77.74M (Peak 365.83M) | Time:00:00.15 | Mem:65.34M, Peak:225.30M | Scene, ViewLayer | Updating Baking
Fra:1 Mem:77.74M (Peak 365.83M) | Time:00:00.15 | Mem:65.34M, Peak:225.30M | Scene, ViewLayer | Updating Device | Writing constant memory
Fra:1 Mem:77.74M (Peak 365.83M) | Time:00:00.15 | Mem:65.34M, Peak:225.30M | Scene, ViewLayer | Sample 0/32
Fra:1 Mem:96.83M (Peak 365.83M) | Time:00:00.16 | Remaining:00:00.25 | Mem:84.34M, Peak:225.30M | Scene, ViewLayer | Sample 1/32
Fra:1 Mem:104.83M (Peak 365.83M) | Time:00:00.44 | Mem:84.34M, Peak:225.30M | Scene, ViewLayer | Sample 32/32
Fra:1 Mem:104.83M (Peak 365.83M) | Time:00:00.44 | Mem:84.34M, Peak:225.30M | Scene, ViewLayer | Finished
Saved: '/home/janus/iwi9-datasets/objaverse-rendering/no_textures_5/ce0bbc9ee005477991633c7497ea4dd2/011.png'
 Time: 00:00.48 (Saving: 00:00.03)

Data are loaded, start creating Blender stuff
glTF import finished in 0.01s
Finished /home/janus/iwi9-datasets/objaverse-objects/hf-objaverse-v1/glbs/000-016/ce0bbc9ee005477991633c7497ea4dd2.glb in 6.292572736740112 seconds

Blender quit
/home/janus/iwi9-datasets/objaverse-objects/hf-objaverse-v1/glbs/000-037/3576b80c459b43f285e7b0fc887554cb.glb
Blender 3.3.1 (hash b292cfe5a936 built 2022-10-05 00:14:35)
/run/user/210289/gvfs/ non-existent directory
Fra:1 Mem:15.80M (Peak 17.59M) | Time:00:00.00 | Mem:0.00M, Peak:0.00M | Scene, ViewLayer | Synchronizing object | Golem_LP_Material_0
Fra:1 Mem:16.34M (Peak 18.87M) | Time:00:00.00 | Mem:0.00M, Peak:0.00M | Scene, ViewLayer | Initializing
Fra:1 Mem:14.80M (Peak 18.87M) | Time:00:00.01 | Mem:0.00M, Peak:0.00M | Scene, ViewLayer | Waiting for render to start
Fra:1 Mem:14.80M (Peak 18.87M) | Time:00:00.01 | Mem:0.00M, Peak:0.00M | Scene, ViewLayer | Loading render kernels (may take a few minutes the first time)
Fra:1 Mem:14.80M (Peak 18.87M) | Time:00:00.01 | Mem:0.00M, Peak:0.00M | Scene, ViewLayer | Updating Scene
Fra:1 Mem:14.80M (Peak 18.87M) | Time:00:00.01 | Mem:0.00M, Peak:0.00M | Scene, ViewLayer | Updating Shaders
Fra:1 Mem:15.30M (Peak 18.87M) | Time:00:00.04 | Mem:0.00M, Peak:0.00M | Scene, ViewLayer | Updating Procedurals
Fra:1 Mem:15.30M (Peak 18.87M) | Time:00:00.04 | Mem:0.00M, Peak:0.00M | Scene, ViewLayer | Updating Background
Fra:1 Mem:15.30M (Peak 18.87M) | Time:00:00.04 | Mem:0.00M, Peak:0.00M | Scene, ViewLayer | Updating Camera
Fra:1 Mem:15.30M (Peak 18.87M) | Time:00:00.04 | Mem:0.00M, Peak:0.00M | Scene, ViewLayer | Updating Meshes Flags
Fra:1 Mem:15.30M (Peak 18.87M) | Time:00:00.04 | Mem:0.00M, Peak:0.00M | Scene, ViewLayer | Updating Objects
Fra:1 Mem:15.30M (Peak 18.87M) | Time:00:00.04 | Mem:0.00M, Peak:0.00M | Scene, ViewLayer | Updating Objects | Copying Transformations to device
Fra:1 Mem:15.30M (Peak 18.87M) | Time:00:00.04 | Mem:0.00M, Peak:0.00M | Scene, ViewLayer | Updating Objects | Applying Static Transformations
Fra:1 Mem:15.30M (Peak 18.87M) | Time:00:00.04 | Mem:0.00M, Peak:0.00M | Scene, ViewLayer | Updating Particle Systems
Fra:1 Mem:15.30M (Peak 18.87M) | Time:00:00.04 | Mem:0.00M, Peak:0.00M | Scene, ViewLayer | Updating Particle Systems | Copying Particles to device
Fra:1 Mem:15.30M (Peak 18.87M) | Time:00:00.04 | Mem:0.00M, Peak:0.00M | Scene, ViewLayer | Updating Meshes
Fra:1 Mem:15.44M (Peak 18.87M) | Time:00:00.04 | Mem:0.00M, Peak:0.00M | Scene, ViewLayer | Updating Mesh | Computing attributes
Fra:1 Mem:15.69M (Peak 18.87M) | Time:00:00.04 | Mem:0.00M, Peak:0.00M | Scene, ViewLayer | Updating Mesh | Copying Attributes to device
Fra:1 Mem:15.69M (Peak 18.87M) | Time:00:00.04 | Mem:0.25M, Peak:0.25M | Scene, ViewLayer | Updating Scene BVH | Building
Fra:1 Mem:15.69M (Peak 18.87M) | Time:00:00.04 | Mem:0.25M, Peak:0.25M | Scene, ViewLayer | Updating Scene BVH | Building BVH
Fra:1 Mem:15.69M (Peak 18.87M) | Time:00:00.04 | Mem:0.90M, Peak:0.90M | Scene, ViewLayer | Updating Scene BVH | Building BVH 0%
Fra:1 Mem:15.69M (Peak 18.87M) | Time:00:00.05 | Mem:0.96M, Peak:1.46M | Scene, ViewLayer | Updating Scene BVH | Copying BVH to device
Fra:1 Mem:15.69M (Peak 18.87M) | Time:00:00.05 | Mem:0.96M, Peak:1.46M | Scene, ViewLayer | Updating Mesh | Computing normals
Fra:1 Mem:16.26M (Peak 18.87M) | Time:00:00.05 | Mem:0.96M, Peak:1.46M | Scene, ViewLayer | Updating Mesh | Copying Mesh to device
Fra:1 Mem:16.26M (Peak 18.87M) | Time:00:00.05 | Mem:1.54M, Peak:1.54M | Scene, ViewLayer | Updating Objects Flags
Fra:1 Mem:16.26M (Peak 18.87M) | Time:00:00.05 | Mem:1.54M, Peak:1.54M | Scene, ViewLayer | Updating Primitive Offsets
Fra:1 Mem:16.26M (Peak 18.87M) | Time:00:00.05 | Mem:1.54M, Peak:1.54M | Scene, ViewLayer | Updating Images
Fra:1 Mem:16.26M (Peak 18.87M) | Time:00:00.05 | Mem:1.54M, Peak:1.54M | Scene, ViewLayer | Updating Images | Loading 01457.exr
Fra:1 Mem:16.39M (Peak 18.87M) | Time:00:00.05 | Mem:1.54M, Peak:1.54M | Scene, ViewLayer | Updating Images | Loading grid_0113.jpg
Fra:1 Mem:16.95M (Peak 18.87M) | Time:00:00.07 | Mem:2.21M, Peak:2.21M | Scene, ViewLayer | Updating Camera Volume
Fra:1 Mem:16.95M (Peak 18.87M) | Time:00:00.07 | Mem:2.21M, Peak:2.21M | Scene, ViewLayer | Updating Lookup Tables
Fra:1 Mem:16.95M (Peak 18.87M) | Time:00:00.07 | Mem:2.46M, Peak:2.46M | Scene, ViewLayer | Updating Lights
Fra:1 Mem:16.95M (Peak 18.87M) | Time:00:00.07 | Mem:2.46M, Peak:2.46M | Scene, ViewLayer | Updating Lights | Computing distribution
Fra:1 Mem:16.95M (Peak 18.87M) | Time:00:00.07 | Mem:2.46M, Peak:2.46M | Scene, ViewLayer | Updating Lights | Importance map
Fra:1 Mem:80.98M (Peak 369.08M) | Time:00:00.21 | Mem:66.50M, Peak:226.47M | Scene, ViewLayer | Updating Integrator
Fra:1 Mem:80.99M (Peak 369.08M) | Time:00:00.21 | Mem:66.51M, Peak:226.47M | Scene, ViewLayer | Updating Film
Fra:1 Mem:80.99M (Peak 369.08M) | Time:00:00.21 | Mem:66.26M, Peak:226.47M | Scene, ViewLayer | Updating Lookup Tables
Fra:1 Mem:80.99M (Peak 369.08M) | Time:00:00.21 | Mem:66.51M, Peak:226.47M | Scene, ViewLayer | Updating Baking
Fra:1 Mem:80.99M (Peak 369.08M) | Time:00:00.21 | Mem:66.51M, Peak:226.47M | Scene, ViewLayer | Updating Device | Writing constant memory
Fra:1 Mem:80.99M (Peak 369.08M) | Time:00:00.21 | Mem:66.51M, Peak:226.47M | Scene, ViewLayer | Sample 0/32
Fra:1 Mem:100.08M (Peak 369.08M) | Time:00:00.21 | Remaining:00:00.21 | Mem:85.51M, Peak:226.47M | Scene, ViewLayer | Sample 1/32
Fra:1 Mem:108.08M (Peak 369.08M) | Time:00:00.45 | Mem:85.51M, Peak:226.47M | Scene, ViewLayer | Sample 32/32
Fra:1 Mem:108.08M (Peak 369.08M) | Time:00:00.45 | Mem:85.51M, Peak:226.47M | Scene, ViewLayer | Finished
Saved: '/home/janus/iwi9-datasets/objaverse-rendering/no_textures_5/3576b80c459b43f285e7b0fc887554cb/000.png'
 Time: 00:00.64 (Saving: 00:00.19)

Fra:1 Mem:16.07M (Peak 17.79M) | Time:00:00.00 | Mem:0.00M, Peak:0.00M | Scene, ViewLayer | Synchronizing object | Golem_LP_Material_0
Fra:1 Mem:16.61M (Peak 19.21M) | Time:00:00.00 | Mem:0.00M, Peak:0.00M | Scene, ViewLayer | Initializing
Fra:1 Mem:15.07M (Peak 19.21M) | Time:00:00.00 | Mem:0.00M, Peak:0.00M | Scene, ViewLayer | Waiting for render to start
Fra:1 Mem:15.08M (Peak 19.21M) | Time:00:00.00 | Mem:0.00M, Peak:0.00M | Scene, ViewLayer | Loading render kernels (may take a few minutes the first time)
Fra:1 Mem:15.08M (Peak 19.21M) | Time:00:00.00 | Mem:0.00M, Peak:0.00M | Scene, ViewLayer | Updating Scene
Fra:1 Mem:15.08M (Peak 19.21M) | Time:00:00.00 | Mem:0.00M, Peak:0.00M | Scene, ViewLayer | Updating Shaders
Fra:1 Mem:15.33M (Peak 19.21M) | Time:00:00.01 | Mem:0.00M, Peak:0.00M | Scene, ViewLayer | Updating Procedurals
Fra:1 Mem:15.33M (Peak 19.21M) | Time:00:00.01 | Mem:0.00M, Peak:0.00M | Scene, ViewLayer | Updating Background
Fra:1 Mem:15.33M (Peak 19.21M) | Time:00:00.01 | Mem:0.00M, Peak:0.00M | Scene, ViewLayer | Updating Camera
Fra:1 Mem:15.33M (Peak 19.21M) | Time:00:00.01 | Mem:0.00M, Peak:0.00M | Scene, ViewLayer | Updating Meshes Flags
Fra:1 Mem:15.33M (Peak 19.21M) | Time:00:00.01 | Mem:0.00M, Peak:0.00M | Scene, ViewLayer | Updating Objects
Fra:1 Mem:15.33M (Peak 19.21M) | Time:00:00.01 | Mem:0.00M, Peak:0.00M | Scene, ViewLayer | Updating Objects | Copying Transformations to device
Fra:1 Mem:15.33M (Peak 19.21M) | Time:00:00.01 | Mem:0.00M, Peak:0.00M | Scene, ViewLayer | Updating Objects | Applying Static Transformations
Fra:1 Mem:15.33M (Peak 19.21M) | Time:00:00.01 | Mem:0.00M, Peak:0.00M | Scene, ViewLayer | Updating Particle Systems
Fra:1 Mem:15.33M (Peak 19.21M) | Time:00:00.01 | Mem:0.00M, Peak:0.00M | Scene, ViewLayer | Updating Particle Systems | Copying Particles to device
Fra:1 Mem:15.33M (Peak 19.21M) | Time:00:00.01 | Mem:0.00M, Peak:0.00M | Scene, ViewLayer | Updating Meshes
Fra:1 Mem:15.46M (Peak 19.21M) | Time:00:00.01 | Mem:0.00M, Peak:0.00M | Scene, ViewLayer | Updating Mesh | Computing attributes
Fra:1 Mem:15.71M (Peak 19.21M) | Time:00:00.01 | Mem:0.00M, Peak:0.00M | Scene, ViewLayer | Updating Mesh | Copying Attributes to device
Fra:1 Mem:15.71M (Peak 19.21M) | Time:00:00.01 | Mem:0.25M, Peak:0.25M | Scene, ViewLayer | Updating Scene BVH | Building
Fra:1 Mem:15.71M (Peak 19.21M) | Time:00:00.01 | Mem:0.25M, Peak:0.25M | Scene, ViewLayer | Updating Scene BVH | Building BVH
Fra:1 Mem:15.71M (Peak 19.21M) | Time:00:00.01 | Mem:0.90M, Peak:0.90M | Scene, ViewLayer | Updating Scene BVH | Building BVH 0%
Fra:1 Mem:15.71M (Peak 19.21M) | Time:00:00.01 | Mem:0.96M, Peak:1.46M | Scene, ViewLayer | Updating Scene BVH | Copying BVH to device
Fra:1 Mem:15.71M (Peak 19.21M) | Time:00:00.01 | Mem:0.96M, Peak:1.46M | Scene, ViewLayer | Updating Mesh | Computing normals
Fra:1 Mem:16.29M (Peak 19.21M) | Time:00:00.01 | Mem:0.96M, Peak:1.46M | Scene, ViewLayer | Updating Mesh | Copying Mesh to device
Fra:1 Mem:16.29M (Peak 19.21M) | Time:00:00.01 | Mem:1.54M, Peak:1.54M | Scene, ViewLayer | Updating Objects Flags
Fra:1 Mem:16.29M (Peak 19.21M) | Time:00:00.01 | Mem:1.54M, Peak:1.54M | Scene, ViewLayer | Updating Primitive Offsets
Fra:1 Mem:16.29M (Peak 19.21M) | Time:00:00.01 | Mem:1.54M, Peak:1.54M | Scene, ViewLayer | Updating Images
Fra:1 Mem:16.29M (Peak 19.21M) | Time:00:00.01 | Mem:1.54M, Peak:1.54M | Scene, ViewLayer | Updating Images | Loading 01457.exr
Fra:1 Mem:16.41M (Peak 19.21M) | Time:00:00.01 | Mem:1.54M, Peak:1.54M | Scene, ViewLayer | Updating Images | Loading lined_0127.jpg
Fra:1 Mem:17.25M (Peak 19.21M) | Time:00:00.01 | Mem:2.48M, Peak:2.48M | Scene, ViewLayer | Updating Camera Volume
Fra:1 Mem:17.25M (Peak 19.21M) | Time:00:00.01 | Mem:2.48M, Peak:2.48M | Scene, ViewLayer | Updating Lookup Tables
Fra:1 Mem:17.25M (Peak 19.21M) | Time:00:00.01 | Mem:2.73M, Peak:2.73M | Scene, ViewLayer | Updating Lights
Fra:1 Mem:17.25M (Peak 19.21M) | Time:00:00.01 | Mem:2.73M, Peak:2.73M | Scene, ViewLayer | Updating Lights | Computing distribution
Fra:1 Mem:17.25M (Peak 19.21M) | Time:00:00.01 | Mem:2.73M, Peak:2.73M | Scene, ViewLayer | Updating Lights | Importance map
Fra:1 Mem:81.28M (Peak 369.38M) | Time:00:00.16 | Mem:66.77M, Peak:226.74M | Scene, ViewLayer | Updating Integrator
Fra:1 Mem:81.29M (Peak 369.38M) | Time:00:00.16 | Mem:66.78M, Peak:226.74M | Scene, ViewLayer | Updating Film
Fra:1 Mem:81.29M (Peak 369.38M) | Time:00:00.16 | Mem:66.53M, Peak:226.74M | Scene, ViewLayer | Updating Lookup Tables
Fra:1 Mem:81.29M (Peak 369.38M) | Time:00:00.16 | Mem:66.79M, Peak:226.74M | Scene, ViewLayer | Updating Baking
Fra:1 Mem:81.29M (Peak 369.38M) | Time:00:00.16 | Mem:66.79M, Peak:226.74M | Scene, ViewLayer | Updating Device | Writing constant memory
Fra:1 Mem:81.29M (Peak 369.38M) | Time:00:00.16 | Mem:66.79M, Peak:226.74M | Scene, ViewLayer | Sample 0/32
Fra:1 Mem:100.38M (Peak 369.38M) | Time:00:00.16 | Remaining:00:00.22 | Mem:85.79M, Peak:226.74M | Scene, ViewLayer | Sample 1/32
Fra:1 Mem:108.38M (Peak 369.38M) | Time:00:00.44 | Mem:85.79M, Peak:226.74M | Scene, ViewLayer | Sample 32/32
Fra:1 Mem:108.38M (Peak 369.38M) | Time:00:00.44 | Mem:85.79M, Peak:226.74M | Scene, ViewLayer | Finished
Saved: '/home/janus/iwi9-datasets/objaverse-rendering/no_textures_5/3576b80c459b43f285e7b0fc887554cb/001.png'
 Time: 00:00.48 (Saving: 00:00.03)

Fra:1 Mem:16.10M (Peak 17.89M) | Time:00:00.00 | Mem:0.00M, Peak:0.00M | Scene, ViewLayer | Synchronizing object | Golem_LP_Material_0
Fra:1 Mem:16.64M (Peak 19.23M) | Time:00:00.00 | Mem:0.00M, Peak:0.00M | Scene, ViewLayer | Initializing
Fra:1 Mem:15.10M (Peak 19.23M) | Time:00:00.00 | Mem:0.00M, Peak:0.00M | Scene, ViewLayer | Waiting for render to start
Fra:1 Mem:15.10M (Peak 19.23M) | Time:00:00.00 | Mem:0.00M, Peak:0.00M | Scene, ViewLayer | Loading render kernels (may take a few minutes the first time)
Fra:1 Mem:15.10M (Peak 19.23M) | Time:00:00.00 | Mem:0.00M, Peak:0.00M | Scene, ViewLayer | Updating Scene
Fra:1 Mem:15.10M (Peak 19.23M) | Time:00:00.00 | Mem:0.00M, Peak:0.00M | Scene, ViewLayer | Updating Shaders
Fra:1 Mem:15.35M (Peak 19.23M) | Time:00:00.01 | Mem:0.00M, Peak:0.00M | Scene, ViewLayer | Updating Procedurals
Fra:1 Mem:15.35M (Peak 19.23M) | Time:00:00.01 | Mem:0.00M, Peak:0.00M | Scene, ViewLayer | Updating Background
Fra:1 Mem:15.35M (Peak 19.23M) | Time:00:00.01 | Mem:0.00M, Peak:0.00M | Scene, ViewLayer | Updating Camera
Fra:1 Mem:15.35M (Peak 19.23M) | Time:00:00.01 | Mem:0.00M, Peak:0.00M | Scene, ViewLayer | Updating Meshes Flags
Fra:1 Mem:15.35M (Peak 19.23M) | Time:00:00.01 | Mem:0.00M, Peak:0.00M | Scene, ViewLayer | Updating Objects
Fra:1 Mem:15.35M (Peak 19.23M) | Time:00:00.01 | Mem:0.00M, Peak:0.00M | Scene, ViewLayer | Updating Objects | Copying Transformations to device
Fra:1 Mem:15.35M (Peak 19.23M) | Time:00:00.01 | Mem:0.00M, Peak:0.00M | Scene, ViewLayer | Updating Objects | Applying Static Transformations
Fra:1 Mem:15.35M (Peak 19.23M) | Time:00:00.01 | Mem:0.00M, Peak:0.00M | Scene, ViewLayer | Updating Particle Systems
Fra:1 Mem:15.35M (Peak 19.23M) | Time:00:00.01 | Mem:0.00M, Peak:0.00M | Scene, ViewLayer | Updating Particle Systems | Copying Particles to device
Fra:1 Mem:15.35M (Peak 19.23M) | Time:00:00.01 | Mem:0.00M, Peak:0.00M | Scene, ViewLayer | Updating Meshes
Fra:1 Mem:15.49M (Peak 19.23M) | Time:00:00.01 | Mem:0.00M, Peak:0.00M | Scene, ViewLayer | Updating Mesh | Computing attributes
Fra:1 Mem:15.73M (Peak 19.23M) | Time:00:00.01 | Mem:0.00M, Peak:0.00M | Scene, ViewLayer | Updating Mesh | Copying Attributes to device
Fra:1 Mem:15.73M (Peak 19.23M) | Time:00:00.01 | Mem:0.25M, Peak:0.25M | Scene, ViewLayer | Updating Scene BVH | Building
Fra:1 Mem:15.73M (Peak 19.23M) | Time:00:00.01 | Mem:0.25M, Peak:0.25M | Scene, ViewLayer | Updating Scene BVH | Building BVH
Fra:1 Mem:15.73M (Peak 19.23M) | Time:00:00.01 | Mem:0.90M, Peak:0.90M | Scene, ViewLayer | Updating Scene BVH | Building BVH 0%
Fra:1 Mem:15.73M (Peak 19.23M) | Time:00:00.01 | Mem:0.96M, Peak:1.46M | Scene, ViewLayer | Updating Scene BVH | Copying BVH to device
Fra:1 Mem:15.73M (Peak 19.23M) | Time:00:00.01 | Mem:0.96M, Peak:1.46M | Scene, ViewLayer | Updating Mesh | Computing normals
Fra:1 Mem:16.31M (Peak 19.23M) | Time:00:00.01 | Mem:0.96M, Peak:1.46M | Scene, ViewLayer | Updating Mesh | Copying Mesh to device
Fra:1 Mem:16.31M (Peak 19.23M) | Time:00:00.01 | Mem:1.54M, Peak:1.54M | Scene, ViewLayer | Updating Objects Flags
Fra:1 Mem:16.31M (Peak 19.23M) | Time:00:00.01 | Mem:1.54M, Peak:1.54M | Scene, ViewLayer | Updating Primitive Offsets
Fra:1 Mem:16.31M (Peak 19.23M) | Time:00:00.01 | Mem:1.54M, Peak:1.54M | Scene, ViewLayer | Updating Images
Fra:1 Mem:16.31M (Peak 19.23M) | Time:00:00.01 | Mem:1.54M, Peak:1.54M | Scene, ViewLayer | Updating Images | Loading 01457.exr
Fra:1 Mem:16.44M (Peak 19.23M) | Time:00:00.01 | Mem:1.54M, Peak:1.54M | Scene, ViewLayer | Updating Images | Loading cracked_0094.jpg
Fra:1 Mem:17.23M (Peak 19.23M) | Time:00:00.02 | Mem:2.44M, Peak:2.44M | Scene, ViewLayer | Updating Camera Volume
Fra:1 Mem:17.23M (Peak 19.23M) | Time:00:00.02 | Mem:2.44M, Peak:2.44M | Scene, ViewLayer | Updating Lookup Tables
Fra:1 Mem:17.23M (Peak 19.23M) | Time:00:00.02 | Mem:2.69M, Peak:2.69M | Scene, ViewLayer | Updating Lights
Fra:1 Mem:17.23M (Peak 19.23M) | Time:00:00.02 | Mem:2.69M, Peak:2.69M | Scene, ViewLayer | Updating Lights | Computing distribution
Fra:1 Mem:17.23M (Peak 19.23M) | Time:00:00.02 | Mem:2.69M, Peak:2.69M | Scene, ViewLayer | Updating Lights | Importance map
Fra:1 Mem:81.26M (Peak 369.36M) | Time:00:00.16 | Mem:66.73M, Peak:226.70M | Scene, ViewLayer | Updating Integrator
Fra:1 Mem:81.27M (Peak 369.36M) | Time:00:00.16 | Mem:66.74M, Peak:226.70M | Scene, ViewLayer | Updating Film
Fra:1 Mem:81.27M (Peak 369.36M) | Time:00:00.16 | Mem:66.49M, Peak:226.70M | Scene, ViewLayer | Updating Lookup Tables
Fra:1 Mem:81.27M (Peak 369.36M) | Time:00:00.16 | Mem:66.74M, Peak:226.70M | Scene, ViewLayer | Updating Baking
Fra:1 Mem:81.27M (Peak 369.36M) | Time:00:00.16 | Mem:66.74M, Peak:226.70M | Scene, ViewLayer | Updating Device | Writing constant memory
Fra:1 Mem:81.27M (Peak 369.36M) | Time:00:00.16 | Mem:66.74M, Peak:226.70M | Scene, ViewLayer | Sample 0/32
Fra:1 Mem:100.36M (Peak 369.36M) | Time:00:00.17 | Remaining:00:00.22 | Mem:85.74M, Peak:226.70M | Scene, ViewLayer | Sample 1/32
Fra:1 Mem:108.36M (Peak 369.36M) | Time:00:00.41 | Mem:85.74M, Peak:226.70M | Scene, ViewLayer | Sample 32/32
Fra:1 Mem:108.36M (Peak 369.36M) | Time:00:00.41 | Mem:85.74M, Peak:226.70M | Scene, ViewLayer | Finished
Saved: '/home/janus/iwi9-datasets/objaverse-rendering/no_textures_5/3576b80c459b43f285e7b0fc887554cb/002.png'
 Time: 00:00.44 (Saving: 00:00.03)

Fra:1 Mem:16.12M (Peak 17.85M) | Time:00:00.00 | Mem:0.00M, Peak:0.00M | Scene, ViewLayer | Synchronizing object | Golem_LP_Material_0
Fra:1 Mem:16.66M (Peak 19.26M) | Time:00:00.00 | Mem:0.00M, Peak:0.00M | Scene, ViewLayer | Initializing
Fra:1 Mem:15.12M (Peak 19.26M) | Time:00:00.00 | Mem:0.00M, Peak:0.00M | Scene, ViewLayer | Waiting for render to start
Fra:1 Mem:15.12M (Peak 19.26M) | Time:00:00.00 | Mem:0.00M, Peak:0.00M | Scene, ViewLayer | Loading render kernels (may take a few minutes the first time)
Fra:1 Mem:15.12M (Peak 19.26M) | Time:00:00.00 | Mem:0.00M, Peak:0.00M | Scene, ViewLayer | Updating Scene
Fra:1 Mem:15.12M (Peak 19.26M) | Time:00:00.00 | Mem:0.00M, Peak:0.00M | Scene, ViewLayer | Updating Shaders
Fra:1 Mem:15.38M (Peak 19.26M) | Time:00:00.01 | Mem:0.00M, Peak:0.00M | Scene, ViewLayer | Updating Procedurals
Fra:1 Mem:15.38M (Peak 19.26M) | Time:00:00.01 | Mem:0.00M, Peak:0.00M | Scene, ViewLayer | Updating Background
Fra:1 Mem:15.38M (Peak 19.26M) | Time:00:00.01 | Mem:0.00M, Peak:0.00M | Scene, ViewLayer | Updating Camera
Fra:1 Mem:15.38M (Peak 19.26M) | Time:00:00.01 | Mem:0.00M, Peak:0.00M | Scene, ViewLayer | Updating Meshes Flags
Fra:1 Mem:15.38M (Peak 19.26M) | Time:00:00.01 | Mem:0.00M, Peak:0.00M | Scene, ViewLayer | Updating Objects
Fra:1 Mem:15.38M (Peak 19.26M) | Time:00:00.01 | Mem:0.00M, Peak:0.00M | Scene, ViewLayer | Updating Objects | Copying Transformations to device
Fra:1 Mem:15.38M (Peak 19.26M) | Time:00:00.01 | Mem:0.00M, Peak:0.00M | Scene, ViewLayer | Updating Objects | Applying Static Transformations
Fra:1 Mem:15.38M (Peak 19.26M) | Time:00:00.01 | Mem:0.00M, Peak:0.00M | Scene, ViewLayer | Updating Particle Systems
Fra:1 Mem:15.38M (Peak 19.26M) | Time:00:00.01 | Mem:0.00M, Peak:0.00M | Scene, ViewLayer | Updating Particle Systems | Copying Particles to device
Fra:1 Mem:15.38M (Peak 19.26M) | Time:00:00.01 | Mem:0.00M, Peak:0.00M | Scene, ViewLayer | Updating Meshes
Fra:1 Mem:15.51M (Peak 19.26M) | Time:00:00.01 | Mem:0.00M, Peak:0.00M | Scene, ViewLayer | Updating Mesh | Computing attributes
Fra:1 Mem:15.76M (Peak 19.26M) | Time:00:00.01 | Mem:0.00M, Peak:0.00M | Scene, ViewLayer | Updating Mesh | Copying Attributes to device
Fra:1 Mem:15.76M (Peak 19.26M) | Time:00:00.01 | Mem:0.25M, Peak:0.25M | Scene, ViewLayer | Updating Scene BVH | Building
Fra:1 Mem:15.76M (Peak 19.26M) | Time:00:00.01 | Mem:0.25M, Peak:0.25M | Scene, ViewLayer | Updating Scene BVH | Building BVH
Fra:1 Mem:15.76M (Peak 19.26M) | Time:00:00.01 | Mem:0.90M, Peak:0.90M | Scene, ViewLayer | Updating Scene BVH | Building BVH 0%
Fra:1 Mem:15.76M (Peak 19.26M) | Time:00:00.01 | Mem:0.96M, Peak:1.46M | Scene, ViewLayer | Updating Scene BVH | Copying BVH to device
Fra:1 Mem:15.76M (Peak 19.26M) | Time:00:00.01 | Mem:0.96M, Peak:1.46M | Scene, ViewLayer | Updating Mesh | Computing normals
Fra:1 Mem:16.34M (Peak 19.26M) | Time:00:00.01 | Mem:0.96M, Peak:1.46M | Scene, ViewLayer | Updating Mesh | Copying Mesh to device
Fra:1 Mem:16.34M (Peak 19.26M) | Time:00:00.01 | Mem:1.54M, Peak:1.54M | Scene, ViewLayer | Updating Objects Flags
Fra:1 Mem:16.34M (Peak 19.26M) | Time:00:00.01 | Mem:1.54M, Peak:1.54M | Scene, ViewLayer | Updating Primitive Offsets
Fra:1 Mem:16.34M (Peak 19.26M) | Time:00:00.01 | Mem:1.54M, Peak:1.54M | Scene, ViewLayer | Updating Images
Fra:1 Mem:16.34M (Peak 19.26M) | Time:00:00.01 | Mem:1.54M, Peak:1.54M | Scene, ViewLayer | Updating Images | Loading 01457.exr
Fra:1 Mem:16.46M (Peak 19.26M) | Time:00:00.01 | Mem:1.54M, Peak:1.54M | Scene, ViewLayer | Updating Images | Loading flecked_0103.jpg
Fra:1 Mem:17.63M (Peak 19.26M) | Time:00:00.02 | Mem:2.82M, Peak:2.82M | Scene, ViewLayer | Updating Camera Volume
Fra:1 Mem:17.63M (Peak 19.26M) | Time:00:00.02 | Mem:2.82M, Peak:2.82M | Scene, ViewLayer | Updating Lookup Tables
Fra:1 Mem:17.63M (Peak 19.26M) | Time:00:00.02 | Mem:3.07M, Peak:3.07M | Scene, ViewLayer | Updating Lights
Fra:1 Mem:17.63M (Peak 19.26M) | Time:00:00.02 | Mem:3.07M, Peak:3.07M | Scene, ViewLayer | Updating Lights | Computing distribution
Fra:1 Mem:17.63M (Peak 19.26M) | Time:00:00.02 | Mem:3.07M, Peak:3.07M | Scene, ViewLayer | Updating Lights | Importance map
Fra:1 Mem:81.66M (Peak 369.76M) | Time:00:00.16 | Mem:67.11M, Peak:227.08M | Scene, ViewLayer | Updating Integrator
Fra:1 Mem:81.67M (Peak 369.76M) | Time:00:00.16 | Mem:67.12M, Peak:227.08M | Scene, ViewLayer | Updating Film
Fra:1 Mem:81.67M (Peak 369.76M) | Time:00:00.16 | Mem:66.87M, Peak:227.08M | Scene, ViewLayer | Updating Lookup Tables
Fra:1 Mem:81.67M (Peak 369.76M) | Time:00:00.16 | Mem:67.12M, Peak:227.08M | Scene, ViewLayer | Updating Baking
Fra:1 Mem:81.67M (Peak 369.76M) | Time:00:00.16 | Mem:67.12M, Peak:227.08M | Scene, ViewLayer | Updating Device | Writing constant memory
Fra:1 Mem:81.67M (Peak 369.76M) | Time:00:00.16 | Mem:67.12M, Peak:227.08M | Scene, ViewLayer | Sample 0/32
Fra:1 Mem:100.76M (Peak 369.76M) | Time:00:00.17 | Remaining:00:00.23 | Mem:86.12M, Peak:227.08M | Scene, ViewLayer | Sample 1/32
Fra:1 Mem:108.76M (Peak 369.76M) | Time:00:00.41 | Mem:86.12M, Peak:227.08M | Scene, ViewLayer | Sample 32/32
Fra:1 Mem:108.76M (Peak 369.76M) | Time:00:00.41 | Mem:86.12M, Peak:227.08M | Scene, ViewLayer | Finished
Saved: '/home/janus/iwi9-datasets/objaverse-rendering/no_textures_5/3576b80c459b43f285e7b0fc887554cb/003.png'
 Time: 00:00.45 (Saving: 00:00.03)

Fra:1 Mem:16.14M (Peak 17.93M) | Time:00:00.00 | Mem:0.00M, Peak:0.00M | Scene, ViewLayer | Synchronizing object | Golem_LP_Material_0
Fra:1 Mem:16.68M (Peak 19.28M) | Time:00:00.00 | Mem:0.00M, Peak:0.00M | Scene, ViewLayer | Initializing
Fra:1 Mem:15.14M (Peak 19.28M) | Time:00:00.00 | Mem:0.00M, Peak:0.00M | Scene, ViewLayer | Waiting for render to start
Fra:1 Mem:15.15M (Peak 19.28M) | Time:00:00.00 | Mem:0.00M, Peak:0.00M | Scene, ViewLayer | Loading render kernels (may take a few minutes the first time)
Fra:1 Mem:15.15M (Peak 19.28M) | Time:00:00.00 | Mem:0.00M, Peak:0.00M | Scene, ViewLayer | Updating Scene
Fra:1 Mem:15.15M (Peak 19.28M) | Time:00:00.00 | Mem:0.00M, Peak:0.00M | Scene, ViewLayer | Updating Shaders
Fra:1 Mem:15.40M (Peak 19.28M) | Time:00:00.01 | Mem:0.00M, Peak:0.00M | Scene, ViewLayer | Updating Procedurals
Fra:1 Mem:15.40M (Peak 19.28M) | Time:00:00.01 | Mem:0.00M, Peak:0.00M | Scene, ViewLayer | Updating Background
Fra:1 Mem:15.40M (Peak 19.28M) | Time:00:00.01 | Mem:0.00M, Peak:0.00M | Scene, ViewLayer | Updating Camera
Fra:1 Mem:15.40M (Peak 19.28M) | Time:00:00.01 | Mem:0.00M, Peak:0.00M | Scene, ViewLayer | Updating Meshes Flags
Fra:1 Mem:15.40M (Peak 19.28M) | Time:00:00.01 | Mem:0.00M, Peak:0.00M | Scene, ViewLayer | Updating Objects
Fra:1 Mem:15.40M (Peak 19.28M) | Time:00:00.01 | Mem:0.00M, Peak:0.00M | Scene, ViewLayer | Updating Objects | Copying Transformations to device
Fra:1 Mem:15.40M (Peak 19.28M) | Time:00:00.01 | Mem:0.00M, Peak:0.00M | Scene, ViewLayer | Updating Objects | Applying Static Transformations
Fra:1 Mem:15.40M (Peak 19.28M) | Time:00:00.01 | Mem:0.00M, Peak:0.00M | Scene, ViewLayer | Updating Particle Systems
Fra:1 Mem:15.40M (Peak 19.28M) | Time:00:00.01 | Mem:0.00M, Peak:0.00M | Scene, ViewLayer | Updating Particle Systems | Copying Particles to device
Fra:1 Mem:15.40M (Peak 19.28M) | Time:00:00.01 | Mem:0.00M, Peak:0.00M | Scene, ViewLayer | Updating Meshes
Fra:1 Mem:15.53M (Peak 19.28M) | Time:00:00.01 | Mem:0.00M, Peak:0.00M | Scene, ViewLayer | Updating Mesh | Computing attributes
Fra:1 Mem:15.78M (Peak 19.28M) | Time:00:00.01 | Mem:0.00M, Peak:0.00M | Scene, ViewLayer | Updating Mesh | Copying Attributes to device
Fra:1 Mem:15.78M (Peak 19.28M) | Time:00:00.01 | Mem:0.25M, Peak:0.25M | Scene, ViewLayer | Updating Scene BVH | Building
Fra:1 Mem:15.78M (Peak 19.28M) | Time:00:00.01 | Mem:0.25M, Peak:0.25M | Scene, ViewLayer | Updating Scene BVH | Building BVH
Fra:1 Mem:15.78M (Peak 19.28M) | Time:00:00.01 | Mem:0.90M, Peak:0.90M | Scene, ViewLayer | Updating Scene BVH | Building BVH 0%
Fra:1 Mem:15.78M (Peak 19.28M) | Time:00:00.01 | Mem:0.96M, Peak:1.46M | Scene, ViewLayer | Updating Scene BVH | Copying BVH to device
Fra:1 Mem:15.78M (Peak 19.28M) | Time:00:00.01 | Mem:0.96M, Peak:1.46M | Scene, ViewLayer | Updating Mesh | Computing normals
Fra:1 Mem:16.36M (Peak 19.28M) | Time:00:00.01 | Mem:0.96M, Peak:1.46M | Scene, ViewLayer | Updating Mesh | Copying Mesh to device
Fra:1 Mem:16.36M (Peak 19.28M) | Time:00:00.01 | Mem:1.54M, Peak:1.54M | Scene, ViewLayer | Updating Objects Flags
Fra:1 Mem:16.36M (Peak 19.28M) | Time:00:00.01 | Mem:1.54M, Peak:1.54M | Scene, ViewLayer | Updating Primitive Offsets
Fra:1 Mem:16.36M (Peak 19.28M) | Time:00:00.01 | Mem:1.54M, Peak:1.54M | Scene, ViewLayer | Updating Images
Fra:1 Mem:16.36M (Peak 19.28M) | Time:00:00.01 | Mem:1.54M, Peak:1.54M | Scene, ViewLayer | Updating Images | Loading 01457.exr
Fra:1 Mem:16.48M (Peak 19.28M) | Time:00:00.01 | Mem:1.54M, Peak:1.54M | Scene, ViewLayer | Updating Images | Loading striped_0065.jpg
Fra:1 Mem:17.75M (Peak 19.28M) | Time:00:00.01 | Mem:2.91M, Peak:2.91M | Scene, ViewLayer | Updating Camera Volume
Fra:1 Mem:17.75M (Peak 19.28M) | Time:00:00.01 | Mem:2.91M, Peak:2.91M | Scene, ViewLayer | Updating Lookup Tables
Fra:1 Mem:17.75M (Peak 19.28M) | Time:00:00.01 | Mem:3.16M, Peak:3.16M | Scene, ViewLayer | Updating Lights
Fra:1 Mem:17.75M (Peak 19.28M) | Time:00:00.01 | Mem:3.16M, Peak:3.16M | Scene, ViewLayer | Updating Lights | Computing distribution
Fra:1 Mem:17.75M (Peak 19.28M) | Time:00:00.01 | Mem:3.16M, Peak:3.16M | Scene, ViewLayer | Updating Lights | Importance map
Fra:1 Mem:81.78M (Peak 369.88M) | Time:00:00.16 | Mem:67.21M, Peak:227.17M | Scene, ViewLayer | Updating Integrator
Fra:1 Mem:81.79M (Peak 369.88M) | Time:00:00.16 | Mem:67.21M, Peak:227.17M | Scene, ViewLayer | Updating Film
Fra:1 Mem:81.79M (Peak 369.88M) | Time:00:00.16 | Mem:66.96M, Peak:227.17M | Scene, ViewLayer | Updating Lookup Tables
Fra:1 Mem:81.79M (Peak 369.88M) | Time:00:00.16 | Mem:67.22M, Peak:227.17M | Scene, ViewLayer | Updating Baking
Fra:1 Mem:81.79M (Peak 369.88M) | Time:00:00.16 | Mem:67.22M, Peak:227.17M | Scene, ViewLayer | Updating Device | Writing constant memory
Fra:1 Mem:81.79M (Peak 369.88M) | Time:00:00.16 | Mem:67.22M, Peak:227.17M | Scene, ViewLayer | Sample 0/32
Fra:1 Mem:100.88M (Peak 369.88M) | Time:00:00.16 | Remaining:00:00.21 | Mem:86.22M, Peak:227.17M | Scene, ViewLayer | Sample 1/32
Fra:1 Mem:108.88M (Peak 369.88M) | Time:00:00.42 | Mem:86.22M, Peak:227.17M | Scene, ViewLayer | Sample 32/32
Fra:1 Mem:108.88M (Peak 369.88M) | Time:00:00.42 | Mem:86.22M, Peak:227.17M | Scene, ViewLayer | Finished
Saved: '/home/janus/iwi9-datasets/objaverse-rendering/no_textures_5/3576b80c459b43f285e7b0fc887554cb/004.png'
 Time: 00:00.45 (Saving: 00:00.03)

Fra:1 Mem:16.17M (Peak 17.95M) | Time:00:00.00 | Mem:0.00M, Peak:0.00M | Scene, ViewLayer | Synchronizing object | Golem_LP_Material_0
Fra:1 Mem:16.70M (Peak 19.30M) | Time:00:00.00 | Mem:0.00M, Peak:0.00M | Scene, ViewLayer | Initializing
Fra:1 Mem:15.17M (Peak 19.30M) | Time:00:00.00 | Mem:0.00M, Peak:0.00M | Scene, ViewLayer | Waiting for render to start
Fra:1 Mem:15.17M (Peak 19.30M) | Time:00:00.00 | Mem:0.00M, Peak:0.00M | Scene, ViewLayer | Loading render kernels (may take a few minutes the first time)
Fra:1 Mem:15.17M (Peak 19.30M) | Time:00:00.00 | Mem:0.00M, Peak:0.00M | Scene, ViewLayer | Updating Scene
Fra:1 Mem:15.17M (Peak 19.30M) | Time:00:00.00 | Mem:0.00M, Peak:0.00M | Scene, ViewLayer | Updating Shaders
Fra:1 Mem:15.42M (Peak 19.30M) | Time:00:00.01 | Mem:0.00M, Peak:0.00M | Scene, ViewLayer | Updating Procedurals
Fra:1 Mem:15.42M (Peak 19.30M) | Time:00:00.01 | Mem:0.00M, Peak:0.00M | Scene, ViewLayer | Updating Background
Fra:1 Mem:15.42M (Peak 19.30M) | Time:00:00.01 | Mem:0.00M, Peak:0.00M | Scene, ViewLayer | Updating Camera
Fra:1 Mem:15.42M (Peak 19.30M) | Time:00:00.01 | Mem:0.00M, Peak:0.00M | Scene, ViewLayer | Updating Meshes Flags
Fra:1 Mem:15.42M (Peak 19.30M) | Time:00:00.01 | Mem:0.00M, Peak:0.00M | Scene, ViewLayer | Updating Objects
Fra:1 Mem:15.42M (Peak 19.30M) | Time:00:00.01 | Mem:0.00M, Peak:0.00M | Scene, ViewLayer | Updating Objects | Copying Transformations to device
Fra:1 Mem:15.42M (Peak 19.30M) | Time:00:00.01 | Mem:0.00M, Peak:0.00M | Scene, ViewLayer | Updating Objects | Applying Static Transformations
Fra:1 Mem:15.42M (Peak 19.30M) | Time:00:00.01 | Mem:0.00M, Peak:0.00M | Scene, ViewLayer | Updating Particle Systems
Fra:1 Mem:15.42M (Peak 19.30M) | Time:00:00.01 | Mem:0.00M, Peak:0.00M | Scene, ViewLayer | Updating Particle Systems | Copying Particles to device
Fra:1 Mem:15.42M (Peak 19.30M) | Time:00:00.01 | Mem:0.00M, Peak:0.00M | Scene, ViewLayer | Updating Meshes
Fra:1 Mem:15.55M (Peak 19.30M) | Time:00:00.01 | Mem:0.00M, Peak:0.00M | Scene, ViewLayer | Updating Mesh | Computing attributes
Fra:1 Mem:15.80M (Peak 19.30M) | Time:00:00.01 | Mem:0.00M, Peak:0.00M | Scene, ViewLayer | Updating Mesh | Copying Attributes to device
Fra:1 Mem:15.80M (Peak 19.30M) | Time:00:00.01 | Mem:0.25M, Peak:0.25M | Scene, ViewLayer | Updating Scene BVH | Building
Fra:1 Mem:15.80M (Peak 19.30M) | Time:00:00.01 | Mem:0.25M, Peak:0.25M | Scene, ViewLayer | Updating Scene BVH | Building BVH
Fra:1 Mem:15.80M (Peak 19.30M) | Time:00:00.01 | Mem:0.90M, Peak:0.90M | Scene, ViewLayer | Updating Scene BVH | Building BVH 0%
Fra:1 Mem:15.80M (Peak 19.30M) | Time:00:00.01 | Mem:0.96M, Peak:1.46M | Scene, ViewLayer | Updating Scene BVH | Copying BVH to device
Fra:1 Mem:15.80M (Peak 19.30M) | Time:00:00.01 | Mem:0.96M, Peak:1.46M | Scene, ViewLayer | Updating Mesh | Computing normals
Fra:1 Mem:16.38M (Peak 19.30M) | Time:00:00.01 | Mem:0.96M, Peak:1.46M | Scene, ViewLayer | Updating Mesh | Copying Mesh to device
Fra:1 Mem:16.38M (Peak 19.30M) | Time:00:00.01 | Mem:1.54M, Peak:1.54M | Scene, ViewLayer | Updating Objects Flags
Fra:1 Mem:16.38M (Peak 19.30M) | Time:00:00.01 | Mem:1.54M, Peak:1.54M | Scene, ViewLayer | Updating Primitive Offsets
Fra:1 Mem:16.38M (Peak 19.30M) | Time:00:00.01 | Mem:1.54M, Peak:1.54M | Scene, ViewLayer | Updating Images
Fra:1 Mem:16.38M (Peak 19.30M) | Time:00:00.01 | Mem:1.54M, Peak:1.54M | Scene, ViewLayer | Updating Images | Loading 01457.exr
Fra:1 Mem:16.51M (Peak 19.30M) | Time:00:00.01 | Mem:1.54M, Peak:1.54M | Scene, ViewLayer | Updating Images | Loading porous_0146.jpg
Fra:1 Mem:17.48M (Peak 19.30M) | Time:00:00.02 | Mem:2.62M, Peak:2.62M | Scene, ViewLayer | Updating Camera Volume
Fra:1 Mem:17.48M (Peak 19.30M) | Time:00:00.02 | Mem:2.62M, Peak:2.62M | Scene, ViewLayer | Updating Lookup Tables
Fra:1 Mem:17.48M (Peak 19.30M) | Time:00:00.02 | Mem:2.87M, Peak:2.87M | Scene, ViewLayer | Updating Lights
Fra:1 Mem:17.48M (Peak 19.30M) | Time:00:00.02 | Mem:2.87M, Peak:2.87M | Scene, ViewLayer | Updating Lights | Computing distribution
Fra:1 Mem:17.48M (Peak 19.30M) | Time:00:00.02 | Mem:2.87M, Peak:2.87M | Scene, ViewLayer | Updating Lights | Importance map
Fra:1 Mem:81.51M (Peak 369.61M) | Time:00:00.16 | Mem:66.91M, Peak:226.88M | Scene, ViewLayer | Updating Integrator
Fra:1 Mem:81.52M (Peak 369.61M) | Time:00:00.16 | Mem:66.92M, Peak:226.88M | Scene, ViewLayer | Updating Film
Fra:1 Mem:81.52M (Peak 369.61M) | Time:00:00.16 | Mem:66.67M, Peak:226.88M | Scene, ViewLayer | Updating Lookup Tables
Fra:1 Mem:81.52M (Peak 369.61M) | Time:00:00.16 | Mem:66.93M, Peak:226.88M | Scene, ViewLayer | Updating Baking
Fra:1 Mem:81.52M (Peak 369.61M) | Time:00:00.16 | Mem:66.93M, Peak:226.88M | Scene, ViewLayer | Updating Device | Writing constant memory
Fra:1 Mem:81.52M (Peak 369.61M) | Time:00:00.16 | Mem:66.93M, Peak:226.88M | Scene, ViewLayer | Sample 0/32
Fra:1 Mem:100.61M (Peak 369.61M) | Time:00:00.17 | Remaining:00:00.21 | Mem:85.93M, Peak:226.88M | Scene, ViewLayer | Sample 1/32
Fra:1 Mem:108.61M (Peak 369.61M) | Time:00:00.41 | Mem:85.93M, Peak:226.88M | Scene, ViewLayer | Sample 32/32
Fra:1 Mem:108.61M (Peak 369.61M) | Time:00:00.41 | Mem:85.93M, Peak:226.88M | Scene, ViewLayer | Finished
Saved: '/home/janus/iwi9-datasets/objaverse-rendering/no_textures_5/3576b80c459b43f285e7b0fc887554cb/005.png'
 Time: 00:00.45 (Saving: 00:00.03)

Fra:1 Mem:16.19M (Peak 17.90M) | Time:00:00.00 | Mem:0.00M, Peak:0.00M | Scene, ViewLayer | Synchronizing object | Golem_LP_Material_0
Fra:1 Mem:16.73M (Peak 19.32M) | Time:00:00.00 | Mem:0.00M, Peak:0.00M | Scene, ViewLayer | Initializing
Fra:1 Mem:15.19M (Peak 19.32M) | Time:00:00.00 | Mem:0.00M, Peak:0.00M | Scene, ViewLayer | Waiting for render to start
Fra:1 Mem:15.19M (Peak 19.32M) | Time:00:00.01 | Mem:0.00M, Peak:0.00M | Scene, ViewLayer | Loading render kernels (may take a few minutes the first time)
Fra:1 Mem:15.19M (Peak 19.32M) | Time:00:00.01 | Mem:0.00M, Peak:0.00M | Scene, ViewLayer | Updating Scene
Fra:1 Mem:15.19M (Peak 19.32M) | Time:00:00.01 | Mem:0.00M, Peak:0.00M | Scene, ViewLayer | Updating Shaders
Fra:1 Mem:15.44M (Peak 19.32M) | Time:00:00.01 | Mem:0.00M, Peak:0.00M | Scene, ViewLayer | Updating Procedurals
Fra:1 Mem:15.44M (Peak 19.32M) | Time:00:00.01 | Mem:0.00M, Peak:0.00M | Scene, ViewLayer | Updating Background
Fra:1 Mem:15.44M (Peak 19.32M) | Time:00:00.01 | Mem:0.00M, Peak:0.00M | Scene, ViewLayer | Updating Camera
Fra:1 Mem:15.44M (Peak 19.32M) | Time:00:00.01 | Mem:0.00M, Peak:0.00M | Scene, ViewLayer | Updating Meshes Flags
Fra:1 Mem:15.44M (Peak 19.32M) | Time:00:00.01 | Mem:0.00M, Peak:0.00M | Scene, ViewLayer | Updating Objects
Fra:1 Mem:15.44M (Peak 19.32M) | Time:00:00.01 | Mem:0.00M, Peak:0.00M | Scene, ViewLayer | Updating Objects | Copying Transformations to device
Fra:1 Mem:15.44M (Peak 19.32M) | Time:00:00.01 | Mem:0.00M, Peak:0.00M | Scene, ViewLayer | Updating Objects | Applying Static Transformations
Fra:1 Mem:15.44M (Peak 19.32M) | Time:00:00.01 | Mem:0.00M, Peak:0.00M | Scene, ViewLayer | Updating Particle Systems
Fra:1 Mem:15.44M (Peak 19.32M) | Time:00:00.01 | Mem:0.00M, Peak:0.00M | Scene, ViewLayer | Updating Particle Systems | Copying Particles to device
Fra:1 Mem:15.44M (Peak 19.32M) | Time:00:00.01 | Mem:0.00M, Peak:0.00M | Scene, ViewLayer | Updating Meshes
Fra:1 Mem:15.58M (Peak 19.32M) | Time:00:00.01 | Mem:0.00M, Peak:0.00M | Scene, ViewLayer | Updating Mesh | Computing attributes
Fra:1 Mem:15.82M (Peak 19.32M) | Time:00:00.01 | Mem:0.00M, Peak:0.00M | Scene, ViewLayer | Updating Mesh | Copying Attributes to device
Fra:1 Mem:15.82M (Peak 19.32M) | Time:00:00.01 | Mem:0.25M, Peak:0.25M | Scene, ViewLayer | Updating Scene BVH | Building
Fra:1 Mem:15.82M (Peak 19.32M) | Time:00:00.01 | Mem:0.25M, Peak:0.25M | Scene, ViewLayer | Updating Scene BVH | Building BVH
Fra:1 Mem:15.82M (Peak 19.32M) | Time:00:00.01 | Mem:0.90M, Peak:0.90M | Scene, ViewLayer | Updating Scene BVH | Building BVH 0%
Fra:1 Mem:15.82M (Peak 19.32M) | Time:00:00.01 | Mem:0.96M, Peak:1.46M | Scene, ViewLayer | Updating Scene BVH | Copying BVH to device
Fra:1 Mem:15.82M (Peak 19.32M) | Time:00:00.01 | Mem:0.96M, Peak:1.46M | Scene, ViewLayer | Updating Mesh | Computing normals
Fra:1 Mem:16.40M (Peak 19.32M) | Time:00:00.01 | Mem:0.96M, Peak:1.46M | Scene, ViewLayer | Updating Mesh | Copying Mesh to device
Fra:1 Mem:16.40M (Peak 19.32M) | Time:00:00.01 | Mem:1.54M, Peak:1.54M | Scene, ViewLayer | Updating Objects Flags
Fra:1 Mem:16.40M (Peak 19.32M) | Time:00:00.01 | Mem:1.54M, Peak:1.54M | Scene, ViewLayer | Updating Primitive Offsets
Fra:1 Mem:16.40M (Peak 19.32M) | Time:00:00.01 | Mem:1.54M, Peak:1.54M | Scene, ViewLayer | Updating Images
Fra:1 Mem:16.40M (Peak 19.32M) | Time:00:00.01 | Mem:1.54M, Peak:1.54M | Scene, ViewLayer | Updating Images | Loading 01457.exr
Fra:1 Mem:16.53M (Peak 19.32M) | Time:00:00.01 | Mem:1.54M, Peak:1.54M | Scene, ViewLayer | Updating Images | Loading dotted_0126.jpg
Fra:1 Mem:17.03M (Peak 19.32M) | Time:00:00.02 | Mem:2.15M, Peak:2.15M | Scene, ViewLayer | Updating Camera Volume
Fra:1 Mem:17.03M (Peak 19.32M) | Time:00:00.02 | Mem:2.15M, Peak:2.15M | Scene, ViewLayer | Updating Lookup Tables
Fra:1 Mem:17.03M (Peak 19.32M) | Time:00:00.02 | Mem:2.40M, Peak:2.40M | Scene, ViewLayer | Updating Lights
Fra:1 Mem:17.03M (Peak 19.32M) | Time:00:00.02 | Mem:2.40M, Peak:2.40M | Scene, ViewLayer | Updating Lights | Computing distribution
Fra:1 Mem:17.03M (Peak 19.32M) | Time:00:00.02 | Mem:2.40M, Peak:2.40M | Scene, ViewLayer | Updating Lights | Importance map
Fra:1 Mem:81.06M (Peak 369.16M) | Time:00:00.17 | Mem:66.44M, Peak:226.41M | Scene, ViewLayer | Updating Integrator
Fra:1 Mem:81.07M (Peak 369.16M) | Time:00:00.17 | Mem:66.45M, Peak:226.41M | Scene, ViewLayer | Updating Film
Fra:1 Mem:81.07M (Peak 369.16M) | Time:00:00.17 | Mem:66.20M, Peak:226.41M | Scene, ViewLayer | Updating Lookup Tables
Fra:1 Mem:81.07M (Peak 369.16M) | Time:00:00.17 | Mem:66.46M, Peak:226.41M | Scene, ViewLayer | Updating Baking
Fra:1 Mem:81.07M (Peak 369.16M) | Time:00:00.17 | Mem:66.46M, Peak:226.41M | Scene, ViewLayer | Updating Device | Writing constant memory
Fra:1 Mem:81.07M (Peak 369.16M) | Time:00:00.17 | Mem:66.46M, Peak:226.41M | Scene, ViewLayer | Sample 0/32
Fra:1 Mem:100.16M (Peak 369.16M) | Time:00:00.17 | Remaining:00:00.20 | Mem:85.46M, Peak:226.41M | Scene, ViewLayer | Sample 1/32
Fra:1 Mem:108.16M (Peak 369.16M) | Time:00:00.42 | Mem:85.46M, Peak:226.41M | Scene, ViewLayer | Sample 32/32
Fra:1 Mem:108.16M (Peak 369.16M) | Time:00:00.42 | Mem:85.46M, Peak:226.41M | Scene, ViewLayer | Finished
Saved: '/home/janus/iwi9-datasets/objaverse-rendering/no_textures_5/3576b80c459b43f285e7b0fc887554cb/006.png'
 Time: 00:00.45 (Saving: 00:00.03)

Fra:1 Mem:16.21M (Peak 17.81M) | Time:00:00.00 | Mem:0.00M, Peak:0.00M | Scene, ViewLayer | Synchronizing object | Golem_LP_Material_0
Fra:1 Mem:16.75M (Peak 19.35M) | Time:00:00.00 | Mem:0.00M, Peak:0.00M | Scene, ViewLayer | Initializing
Fra:1 Mem:15.21M (Peak 19.35M) | Time:00:00.01 | Mem:0.00M, Peak:0.00M | Scene, ViewLayer | Waiting for render to start
Fra:1 Mem:15.21M (Peak 19.35M) | Time:00:00.01 | Mem:0.00M, Peak:0.00M | Scene, ViewLayer | Loading render kernels (may take a few minutes the first time)
Fra:1 Mem:15.21M (Peak 19.35M) | Time:00:00.01 | Mem:0.00M, Peak:0.00M | Scene, ViewLayer | Updating Scene
Fra:1 Mem:15.21M (Peak 19.35M) | Time:00:00.01 | Mem:0.00M, Peak:0.00M | Scene, ViewLayer | Updating Shaders
Fra:1 Mem:15.47M (Peak 19.35M) | Time:00:00.01 | Mem:0.00M, Peak:0.00M | Scene, ViewLayer | Updating Procedurals
Fra:1 Mem:15.47M (Peak 19.35M) | Time:00:00.01 | Mem:0.00M, Peak:0.00M | Scene, ViewLayer | Updating Background
Fra:1 Mem:15.47M (Peak 19.35M) | Time:00:00.01 | Mem:0.00M, Peak:0.00M | Scene, ViewLayer | Updating Camera
Fra:1 Mem:15.47M (Peak 19.35M) | Time:00:00.01 | Mem:0.00M, Peak:0.00M | Scene, ViewLayer | Updating Meshes Flags
Fra:1 Mem:15.47M (Peak 19.35M) | Time:00:00.01 | Mem:0.00M, Peak:0.00M | Scene, ViewLayer | Updating Objects
Fra:1 Mem:15.47M (Peak 19.35M) | Time:00:00.01 | Mem:0.00M, Peak:0.00M | Scene, ViewLayer | Updating Objects | Copying Transformations to device
Fra:1 Mem:15.47M (Peak 19.35M) | Time:00:00.01 | Mem:0.00M, Peak:0.00M | Scene, ViewLayer | Updating Objects | Applying Static Transformations
Fra:1 Mem:15.47M (Peak 19.35M) | Time:00:00.01 | Mem:0.00M, Peak:0.00M | Scene, ViewLayer | Updating Particle Systems
Fra:1 Mem:15.47M (Peak 19.35M) | Time:00:00.01 | Mem:0.00M, Peak:0.00M | Scene, ViewLayer | Updating Particle Systems | Copying Particles to device
Fra:1 Mem:15.47M (Peak 19.35M) | Time:00:00.01 | Mem:0.00M, Peak:0.00M | Scene, ViewLayer | Updating Meshes
Fra:1 Mem:15.60M (Peak 19.35M) | Time:00:00.01 | Mem:0.00M, Peak:0.00M | Scene, ViewLayer | Updating Mesh | Computing attributes
Fra:1 Mem:15.85M (Peak 19.35M) | Time:00:00.01 | Mem:0.00M, Peak:0.00M | Scene, ViewLayer | Updating Mesh | Copying Attributes to device
Fra:1 Mem:15.85M (Peak 19.35M) | Time:00:00.01 | Mem:0.25M, Peak:0.25M | Scene, ViewLayer | Updating Scene BVH | Building
Fra:1 Mem:15.85M (Peak 19.35M) | Time:00:00.01 | Mem:0.25M, Peak:0.25M | Scene, ViewLayer | Updating Scene BVH | Building BVH
Fra:1 Mem:15.85M (Peak 19.35M) | Time:00:00.01 | Mem:0.90M, Peak:0.90M | Scene, ViewLayer | Updating Scene BVH | Building BVH 0%
Fra:1 Mem:15.85M (Peak 19.35M) | Time:00:00.01 | Mem:0.96M, Peak:1.46M | Scene, ViewLayer | Updating Scene BVH | Copying BVH to device
Fra:1 Mem:15.85M (Peak 19.35M) | Time:00:00.01 | Mem:0.96M, Peak:1.46M | Scene, ViewLayer | Updating Mesh | Computing normals
Fra:1 Mem:16.43M (Peak 19.35M) | Time:00:00.01 | Mem:0.96M, Peak:1.46M | Scene, ViewLayer | Updating Mesh | Copying Mesh to device
Fra:1 Mem:16.43M (Peak 19.35M) | Time:00:00.01 | Mem:1.54M, Peak:1.54M | Scene, ViewLayer | Updating Objects Flags
Fra:1 Mem:16.43M (Peak 19.35M) | Time:00:00.01 | Mem:1.54M, Peak:1.54M | Scene, ViewLayer | Updating Primitive Offsets
Fra:1 Mem:16.43M (Peak 19.35M) | Time:00:00.01 | Mem:1.54M, Peak:1.54M | Scene, ViewLayer | Updating Images
Fra:1 Mem:16.43M (Peak 19.35M) | Time:00:00.01 | Mem:1.54M, Peak:1.54M | Scene, ViewLayer | Updating Images | Loading 01457.exr
Fra:1 Mem:16.55M (Peak 19.35M) | Time:00:00.01 | Mem:1.54M, Peak:1.54M | Scene, ViewLayer | Updating Images | Loading interlaced_0110.jpg
Fra:1 Mem:17.33M (Peak 19.35M) | Time:00:00.02 | Mem:2.42M, Peak:2.42M | Scene, ViewLayer | Updating Camera Volume
Fra:1 Mem:17.33M (Peak 19.35M) | Time:00:00.02 | Mem:2.42M, Peak:2.42M | Scene, ViewLayer | Updating Lookup Tables
Fra:1 Mem:17.33M (Peak 19.35M) | Time:00:00.02 | Mem:2.67M, Peak:2.67M | Scene, ViewLayer | Updating Lights
Fra:1 Mem:17.33M (Peak 19.35M) | Time:00:00.02 | Mem:2.67M, Peak:2.67M | Scene, ViewLayer | Updating Lights | Computing distribution
Fra:1 Mem:17.33M (Peak 19.35M) | Time:00:00.02 | Mem:2.67M, Peak:2.67M | Scene, ViewLayer | Updating Lights | Importance map
Fra:1 Mem:81.36M (Peak 369.46M) | Time:00:00.16 | Mem:66.72M, Peak:226.69M | Scene, ViewLayer | Updating Integrator
Fra:1 Mem:81.37M (Peak 369.46M) | Time:00:00.16 | Mem:66.72M, Peak:226.69M | Scene, ViewLayer | Updating Film
Fra:1 Mem:81.37M (Peak 369.46M) | Time:00:00.16 | Mem:66.47M, Peak:226.69M | Scene, ViewLayer | Updating Lookup Tables
Fra:1 Mem:81.37M (Peak 369.46M) | Time:00:00.16 | Mem:66.73M, Peak:226.69M | Scene, ViewLayer | Updating Baking
Fra:1 Mem:81.37M (Peak 369.46M) | Time:00:00.16 | Mem:66.73M, Peak:226.69M | Scene, ViewLayer | Updating Device | Writing constant memory
Fra:1 Mem:81.37M (Peak 369.46M) | Time:00:00.16 | Mem:66.73M, Peak:226.69M | Scene, ViewLayer | Sample 0/32
Fra:1 Mem:100.46M (Peak 369.46M) | Time:00:00.17 | Remaining:00:00.23 | Mem:85.73M, Peak:226.69M | Scene, ViewLayer | Sample 1/32
Fra:1 Mem:108.46M (Peak 369.46M) | Time:00:00.41 | Mem:85.73M, Peak:226.69M | Scene, ViewLayer | Sample 32/32
Fra:1 Mem:108.46M (Peak 369.46M) | Time:00:00.41 | Mem:85.73M, Peak:226.69M | Scene, ViewLayer | Finished
Saved: '/home/janus/iwi9-datasets/objaverse-rendering/no_textures_5/3576b80c459b43f285e7b0fc887554cb/007.png'
 Time: 00:00.44 (Saving: 00:00.03)

Fra:1 Mem:16.23M (Peak 17.95M) | Time:00:00.00 | Mem:0.00M, Peak:0.00M | Scene, ViewLayer | Synchronizing object | Golem_LP_Material_0
Fra:1 Mem:16.77M (Peak 19.31M) | Time:00:00.00 | Mem:0.00M, Peak:0.00M | Scene, ViewLayer | Initializing
Fra:1 Mem:15.23M (Peak 19.31M) | Time:00:00.00 | Mem:0.00M, Peak:0.00M | Scene, ViewLayer | Waiting for render to start
Fra:1 Mem:15.24M (Peak 19.31M) | Time:00:00.00 | Mem:0.00M, Peak:0.00M | Scene, ViewLayer | Loading render kernels (may take a few minutes the first time)
Fra:1 Mem:15.24M (Peak 19.31M) | Time:00:00.00 | Mem:0.00M, Peak:0.00M | Scene, ViewLayer | Updating Scene
Fra:1 Mem:15.24M (Peak 19.31M) | Time:00:00.00 | Mem:0.00M, Peak:0.00M | Scene, ViewLayer | Updating Shaders
Fra:1 Mem:15.49M (Peak 19.31M) | Time:00:00.01 | Mem:0.00M, Peak:0.00M | Scene, ViewLayer | Updating Procedurals
Fra:1 Mem:15.49M (Peak 19.31M) | Time:00:00.01 | Mem:0.00M, Peak:0.00M | Scene, ViewLayer | Updating Background
Fra:1 Mem:15.49M (Peak 19.31M) | Time:00:00.01 | Mem:0.00M, Peak:0.00M | Scene, ViewLayer | Updating Camera
Fra:1 Mem:15.49M (Peak 19.31M) | Time:00:00.01 | Mem:0.00M, Peak:0.00M | Scene, ViewLayer | Updating Meshes Flags
Fra:1 Mem:15.49M (Peak 19.31M) | Time:00:00.01 | Mem:0.00M, Peak:0.00M | Scene, ViewLayer | Updating Objects
Fra:1 Mem:15.49M (Peak 19.31M) | Time:00:00.01 | Mem:0.00M, Peak:0.00M | Scene, ViewLayer | Updating Objects | Copying Transformations to device
Fra:1 Mem:15.49M (Peak 19.31M) | Time:00:00.01 | Mem:0.00M, Peak:0.00M | Scene, ViewLayer | Updating Objects | Applying Static Transformations
Fra:1 Mem:15.49M (Peak 19.31M) | Time:00:00.01 | Mem:0.00M, Peak:0.00M | Scene, ViewLayer | Updating Particle Systems
Fra:1 Mem:15.49M (Peak 19.31M) | Time:00:00.01 | Mem:0.00M, Peak:0.00M | Scene, ViewLayer | Updating Particle Systems | Copying Particles to device
Fra:1 Mem:15.49M (Peak 19.31M) | Time:00:00.01 | Mem:0.00M, Peak:0.00M | Scene, ViewLayer | Updating Meshes
Fra:1 Mem:15.62M (Peak 19.31M) | Time:00:00.01 | Mem:0.00M, Peak:0.00M | Scene, ViewLayer | Updating Mesh | Computing attributes
Fra:1 Mem:15.87M (Peak 19.31M) | Time:00:00.01 | Mem:0.00M, Peak:0.00M | Scene, ViewLayer | Updating Mesh | Copying Attributes to device
Fra:1 Mem:15.87M (Peak 19.31M) | Time:00:00.01 | Mem:0.25M, Peak:0.25M | Scene, ViewLayer | Updating Scene BVH | Building
Fra:1 Mem:15.87M (Peak 19.31M) | Time:00:00.01 | Mem:0.25M, Peak:0.25M | Scene, ViewLayer | Updating Scene BVH | Building BVH
Fra:1 Mem:15.87M (Peak 19.31M) | Time:00:00.01 | Mem:0.90M, Peak:0.90M | Scene, ViewLayer | Updating Scene BVH | Building BVH 0%
Fra:1 Mem:15.87M (Peak 19.31M) | Time:00:00.01 | Mem:0.96M, Peak:1.46M | Scene, ViewLayer | Updating Scene BVH | Copying BVH to device
Fra:1 Mem:15.87M (Peak 19.31M) | Time:00:00.01 | Mem:0.96M, Peak:1.46M | Scene, ViewLayer | Updating Mesh | Computing normals
Fra:1 Mem:16.45M (Peak 19.31M) | Time:00:00.01 | Mem:0.96M, Peak:1.46M | Scene, ViewLayer | Updating Mesh | Copying Mesh to device
Fra:1 Mem:16.45M (Peak 19.31M) | Time:00:00.01 | Mem:1.54M, Peak:1.54M | Scene, ViewLayer | Updating Objects Flags
Fra:1 Mem:16.45M (Peak 19.31M) | Time:00:00.01 | Mem:1.54M, Peak:1.54M | Scene, ViewLayer | Updating Primitive Offsets
Fra:1 Mem:16.45M (Peak 19.31M) | Time:00:00.01 | Mem:1.54M, Peak:1.54M | Scene, ViewLayer | Updating Images
Fra:1 Mem:16.45M (Peak 19.31M) | Time:00:00.01 | Mem:1.54M, Peak:1.54M | Scene, ViewLayer | Updating Images | Loading 01457.exr
Fra:1 Mem:16.57M (Peak 19.31M) | Time:00:00.01 | Mem:1.54M, Peak:1.54M | Scene, ViewLayer | Updating Images | Loading veined_0118.jpg
Fra:1 Mem:17.04M (Peak 19.31M) | Time:00:00.02 | Mem:2.12M, Peak:2.12M | Scene, ViewLayer | Updating Camera Volume
Fra:1 Mem:17.04M (Peak 19.31M) | Time:00:00.02 | Mem:2.12M, Peak:2.12M | Scene, ViewLayer | Updating Lookup Tables
Fra:1 Mem:17.04M (Peak 19.31M) | Time:00:00.02 | Mem:2.37M, Peak:2.37M | Scene, ViewLayer | Updating Lights
Fra:1 Mem:17.04M (Peak 19.31M) | Time:00:00.02 | Mem:2.37M, Peak:2.37M | Scene, ViewLayer | Updating Lights | Computing distribution
Fra:1 Mem:17.04M (Peak 19.31M) | Time:00:00.02 | Mem:2.37M, Peak:2.37M | Scene, ViewLayer | Updating Lights | Importance map
Fra:1 Mem:81.08M (Peak 369.17M) | Time:00:00.16 | Mem:66.41M, Peak:226.38M | Scene, ViewLayer | Updating Integrator
Fra:1 Mem:81.08M (Peak 369.17M) | Time:00:00.16 | Mem:66.42M, Peak:226.38M | Scene, ViewLayer | Updating Film
Fra:1 Mem:81.09M (Peak 369.17M) | Time:00:00.16 | Mem:66.17M, Peak:226.38M | Scene, ViewLayer | Updating Lookup Tables
Fra:1 Mem:81.09M (Peak 369.17M) | Time:00:00.16 | Mem:66.42M, Peak:226.38M | Scene, ViewLayer | Updating Baking
Fra:1 Mem:81.09M (Peak 369.17M) | Time:00:00.16 | Mem:66.42M, Peak:226.38M | Scene, ViewLayer | Updating Device | Writing constant memory
Fra:1 Mem:81.09M (Peak 369.17M) | Time:00:00.16 | Mem:66.42M, Peak:226.38M | Scene, ViewLayer | Sample 0/32
Fra:1 Mem:100.18M (Peak 369.17M) | Time:00:00.17 | Remaining:00:00.22 | Mem:85.42M, Peak:226.38M | Scene, ViewLayer | Sample 1/32
Fra:1 Mem:108.18M (Peak 369.17M) | Time:00:00.41 | Mem:85.42M, Peak:226.38M | Scene, ViewLayer | Sample 32/32
Fra:1 Mem:108.18M (Peak 369.17M) | Time:00:00.41 | Mem:85.42M, Peak:226.38M | Scene, ViewLayer | Finished
Saved: '/home/janus/iwi9-datasets/objaverse-rendering/no_textures_5/3576b80c459b43f285e7b0fc887554cb/008.png'
 Time: 00:00.44 (Saving: 00:00.03)

Fra:1 Mem:16.26M (Peak 18.05M) | Time:00:00.00 | Mem:0.00M, Peak:0.00M | Scene, ViewLayer | Synchronizing object | Golem_LP_Material_0
Fra:1 Mem:16.80M (Peak 19.39M) | Time:00:00.00 | Mem:0.00M, Peak:0.00M | Scene, ViewLayer | Initializing
Fra:1 Mem:15.26M (Peak 19.39M) | Time:00:00.00 | Mem:0.00M, Peak:0.00M | Scene, ViewLayer | Waiting for render to start
Fra:1 Mem:15.26M (Peak 19.39M) | Time:00:00.00 | Mem:0.00M, Peak:0.00M | Scene, ViewLayer | Loading render kernels (may take a few minutes the first time)
Fra:1 Mem:15.26M (Peak 19.39M) | Time:00:00.00 | Mem:0.00M, Peak:0.00M | Scene, ViewLayer | Updating Scene
Fra:1 Mem:15.26M (Peak 19.39M) | Time:00:00.00 | Mem:0.00M, Peak:0.00M | Scene, ViewLayer | Updating Shaders
Fra:1 Mem:15.51M (Peak 19.39M) | Time:00:00.01 | Mem:0.00M, Peak:0.00M | Scene, ViewLayer | Updating Procedurals
Fra:1 Mem:15.51M (Peak 19.39M) | Time:00:00.01 | Mem:0.00M, Peak:0.00M | Scene, ViewLayer | Updating Background
Fra:1 Mem:15.51M (Peak 19.39M) | Time:00:00.01 | Mem:0.00M, Peak:0.00M | Scene, ViewLayer | Updating Camera
Fra:1 Mem:15.51M (Peak 19.39M) | Time:00:00.01 | Mem:0.00M, Peak:0.00M | Scene, ViewLayer | Updating Meshes Flags
Fra:1 Mem:15.51M (Peak 19.39M) | Time:00:00.01 | Mem:0.00M, Peak:0.00M | Scene, ViewLayer | Updating Objects
Fra:1 Mem:15.51M (Peak 19.39M) | Time:00:00.01 | Mem:0.00M, Peak:0.00M | Scene, ViewLayer | Updating Objects | Copying Transformations to device
Fra:1 Mem:15.51M (Peak 19.39M) | Time:00:00.01 | Mem:0.00M, Peak:0.00M | Scene, ViewLayer | Updating Objects | Applying Static Transformations
Fra:1 Mem:15.51M (Peak 19.39M) | Time:00:00.01 | Mem:0.00M, Peak:0.00M | Scene, ViewLayer | Updating Particle Systems
Fra:1 Mem:15.51M (Peak 19.39M) | Time:00:00.01 | Mem:0.00M, Peak:0.00M | Scene, ViewLayer | Updating Particle Systems | Copying Particles to device
Fra:1 Mem:15.51M (Peak 19.39M) | Time:00:00.01 | Mem:0.00M, Peak:0.00M | Scene, ViewLayer | Updating Meshes
Fra:1 Mem:15.65M (Peak 19.39M) | Time:00:00.01 | Mem:0.00M, Peak:0.00M | Scene, ViewLayer | Updating Mesh | Computing attributes
Fra:1 Mem:15.89M (Peak 19.39M) | Time:00:00.01 | Mem:0.00M, Peak:0.00M | Scene, ViewLayer | Updating Mesh | Copying Attributes to device
Fra:1 Mem:15.89M (Peak 19.39M) | Time:00:00.01 | Mem:0.25M, Peak:0.25M | Scene, ViewLayer | Updating Scene BVH | Building
Fra:1 Mem:15.89M (Peak 19.39M) | Time:00:00.01 | Mem:0.25M, Peak:0.25M | Scene, ViewLayer | Updating Scene BVH | Building BVH
Fra:1 Mem:15.89M (Peak 19.39M) | Time:00:00.01 | Mem:0.90M, Peak:0.90M | Scene, ViewLayer | Updating Scene BVH | Building BVH 0%
Fra:1 Mem:15.89M (Peak 19.39M) | Time:00:00.01 | Mem:0.96M, Peak:1.46M | Scene, ViewLayer | Updating Scene BVH | Copying BVH to device
Fra:1 Mem:15.89M (Peak 19.39M) | Time:00:00.01 | Mem:0.96M, Peak:1.46M | Scene, ViewLayer | Updating Mesh | Computing normals
Fra:1 Mem:16.47M (Peak 19.39M) | Time:00:00.01 | Mem:0.96M, Peak:1.46M | Scene, ViewLayer | Updating Mesh | Copying Mesh to device
Fra:1 Mem:16.47M (Peak 19.39M) | Time:00:00.01 | Mem:1.54M, Peak:1.54M | Scene, ViewLayer | Updating Objects Flags
Fra:1 Mem:16.47M (Peak 19.39M) | Time:00:00.01 | Mem:1.54M, Peak:1.54M | Scene, ViewLayer | Updating Primitive Offsets
Fra:1 Mem:16.47M (Peak 19.39M) | Time:00:00.01 | Mem:1.54M, Peak:1.54M | Scene, ViewLayer | Updating Images
Fra:1 Mem:16.47M (Peak 19.39M) | Time:00:00.01 | Mem:1.54M, Peak:1.54M | Scene, ViewLayer | Updating Images | Loading 01457.exr
Fra:1 Mem:16.60M (Peak 19.39M) | Time:00:00.01 | Mem:1.54M, Peak:1.54M | Scene, ViewLayer | Updating Images | Loading banded_0117.jpg
Fra:1 Mem:17.10M (Peak 19.39M) | Time:00:00.01 | Mem:2.15M, Peak:2.15M | Scene, ViewLayer | Updating Camera Volume
Fra:1 Mem:17.10M (Peak 19.39M) | Time:00:00.01 | Mem:2.15M, Peak:2.15M | Scene, ViewLayer | Updating Lookup Tables
Fra:1 Mem:17.10M (Peak 19.39M) | Time:00:00.01 | Mem:2.40M, Peak:2.40M | Scene, ViewLayer | Updating Lights
Fra:1 Mem:17.10M (Peak 19.39M) | Time:00:00.01 | Mem:2.40M, Peak:2.40M | Scene, ViewLayer | Updating Lights | Computing distribution
Fra:1 Mem:17.10M (Peak 19.39M) | Time:00:00.01 | Mem:2.40M, Peak:2.40M | Scene, ViewLayer | Updating Lights | Importance map
Fra:1 Mem:81.13M (Peak 369.22M) | Time:00:00.16 | Mem:66.44M, Peak:226.41M | Scene, ViewLayer | Updating Integrator
Fra:1 Mem:81.13M (Peak 369.22M) | Time:00:00.16 | Mem:66.45M, Peak:226.41M | Scene, ViewLayer | Updating Film
Fra:1 Mem:81.14M (Peak 369.22M) | Time:00:00.16 | Mem:66.20M, Peak:226.41M | Scene, ViewLayer | Updating Lookup Tables
Fra:1 Mem:81.14M (Peak 369.22M) | Time:00:00.16 | Mem:66.45M, Peak:226.41M | Scene, ViewLayer | Updating Baking
Fra:1 Mem:81.14M (Peak 369.22M) | Time:00:00.16 | Mem:66.45M, Peak:226.41M | Scene, ViewLayer | Updating Device | Writing constant memory
Fra:1 Mem:81.14M (Peak 369.22M) | Time:00:00.16 | Mem:66.45M, Peak:226.41M | Scene, ViewLayer | Sample 0/32
Fra:1 Mem:100.23M (Peak 369.22M) | Time:00:00.17 | Remaining:00:00.23 | Mem:85.45M, Peak:226.41M | Scene, ViewLayer | Sample 1/32
Fra:1 Mem:108.23M (Peak 369.22M) | Time:00:00.46 | Mem:85.45M, Peak:226.41M | Scene, ViewLayer | Sample 32/32
Fra:1 Mem:108.23M (Peak 369.22M) | Time:00:00.46 | Mem:85.45M, Peak:226.41M | Scene, ViewLayer | Finished
Saved: '/home/janus/iwi9-datasets/objaverse-rendering/no_textures_5/3576b80c459b43f285e7b0fc887554cb/009.png'
 Time: 00:00.50 (Saving: 00:00.03)

Fra:1 Mem:16.29M (Peak 17.94M) | Time:00:00.00 | Mem:0.00M, Peak:0.00M | Scene, ViewLayer | Synchronizing object | Golem_LP_Material_0
Fra:1 Mem:16.82M (Peak 19.29M) | Time:00:00.01 | Mem:0.00M, Peak:0.00M | Scene, ViewLayer | Initializing
Fra:1 Mem:15.29M (Peak 19.29M) | Time:00:00.01 | Mem:0.00M, Peak:0.00M | Scene, ViewLayer | Waiting for render to start
Fra:1 Mem:15.29M (Peak 19.29M) | Time:00:00.01 | Mem:0.00M, Peak:0.00M | Scene, ViewLayer | Loading render kernels (may take a few minutes the first time)
Fra:1 Mem:15.29M (Peak 19.29M) | Time:00:00.01 | Mem:0.00M, Peak:0.00M | Scene, ViewLayer | Updating Scene
Fra:1 Mem:15.29M (Peak 19.29M) | Time:00:00.01 | Mem:0.00M, Peak:0.00M | Scene, ViewLayer | Updating Shaders
Fra:1 Mem:15.54M (Peak 19.29M) | Time:00:00.01 | Mem:0.00M, Peak:0.00M | Scene, ViewLayer | Updating Procedurals
Fra:1 Mem:15.54M (Peak 19.29M) | Time:00:00.01 | Mem:0.00M, Peak:0.00M | Scene, ViewLayer | Updating Background
Fra:1 Mem:15.54M (Peak 19.29M) | Time:00:00.01 | Mem:0.00M, Peak:0.00M | Scene, ViewLayer | Updating Camera
Fra:1 Mem:15.54M (Peak 19.29M) | Time:00:00.01 | Mem:0.00M, Peak:0.00M | Scene, ViewLayer | Updating Meshes Flags
Fra:1 Mem:15.54M (Peak 19.29M) | Time:00:00.01 | Mem:0.00M, Peak:0.00M | Scene, ViewLayer | Updating Objects
Fra:1 Mem:15.54M (Peak 19.29M) | Time:00:00.01 | Mem:0.00M, Peak:0.00M | Scene, ViewLayer | Updating Objects | Copying Transformations to device
Fra:1 Mem:15.54M (Peak 19.29M) | Time:00:00.01 | Mem:0.00M, Peak:0.00M | Scene, ViewLayer | Updating Objects | Applying Static Transformations
Fra:1 Mem:15.54M (Peak 19.29M) | Time:00:00.01 | Mem:0.00M, Peak:0.00M | Scene, ViewLayer | Updating Particle Systems
Fra:1 Mem:15.54M (Peak 19.29M) | Time:00:00.01 | Mem:0.00M, Peak:0.00M | Scene, ViewLayer | Updating Particle Systems | Copying Particles to device
Fra:1 Mem:15.54M (Peak 19.29M) | Time:00:00.01 | Mem:0.00M, Peak:0.00M | Scene, ViewLayer | Updating Meshes
Fra:1 Mem:15.67M (Peak 19.29M) | Time:00:00.01 | Mem:0.00M, Peak:0.00M | Scene, ViewLayer | Updating Mesh | Computing attributes
Fra:1 Mem:15.92M (Peak 19.29M) | Time:00:00.01 | Mem:0.00M, Peak:0.00M | Scene, ViewLayer | Updating Mesh | Copying Attributes to device
Fra:1 Mem:15.92M (Peak 19.29M) | Time:00:00.01 | Mem:0.25M, Peak:0.25M | Scene, ViewLayer | Updating Scene BVH | Building
Fra:1 Mem:15.92M (Peak 19.29M) | Time:00:00.01 | Mem:0.25M, Peak:0.25M | Scene, ViewLayer | Updating Scene BVH | Building BVH
Fra:1 Mem:15.92M (Peak 19.29M) | Time:00:00.01 | Mem:0.90M, Peak:0.90M | Scene, ViewLayer | Updating Scene BVH | Building BVH 0%
Fra:1 Mem:15.92M (Peak 19.29M) | Time:00:00.01 | Mem:0.96M, Peak:1.46M | Scene, ViewLayer | Updating Scene BVH | Copying BVH to device
Fra:1 Mem:15.92M (Peak 19.29M) | Time:00:00.01 | Mem:0.96M, Peak:1.46M | Scene, ViewLayer | Updating Mesh | Computing normals
Fra:1 Mem:16.50M (Peak 19.29M) | Time:00:00.01 | Mem:0.96M, Peak:1.46M | Scene, ViewLayer | Updating Mesh | Copying Mesh to device
Fra:1 Mem:16.50M (Peak 19.29M) | Time:00:00.01 | Mem:1.54M, Peak:1.54M | Scene, ViewLayer | Updating Objects Flags
Fra:1 Mem:16.50M (Peak 19.29M) | Time:00:00.01 | Mem:1.54M, Peak:1.54M | Scene, ViewLayer | Updating Primitive Offsets
Fra:1 Mem:16.50M (Peak 19.29M) | Time:00:00.01 | Mem:1.54M, Peak:1.54M | Scene, ViewLayer | Updating Images
Fra:1 Mem:16.50M (Peak 19.29M) | Time:00:00.01 | Mem:1.54M, Peak:1.54M | Scene, ViewLayer | Updating Images | Loading 01457.exr
Fra:1 Mem:16.63M (Peak 19.29M) | Time:00:00.01 | Mem:1.54M, Peak:1.54M | Scene, ViewLayer | Updating Images | Loading honeycombed_0108.jpg
Fra:1 Mem:17.10M (Peak 19.29M) | Time:00:00.02 | Mem:2.12M, Peak:2.12M | Scene, ViewLayer | Updating Camera Volume
Fra:1 Mem:17.10M (Peak 19.29M) | Time:00:00.02 | Mem:2.12M, Peak:2.12M | Scene, ViewLayer | Updating Lookup Tables
Fra:1 Mem:17.10M (Peak 19.29M) | Time:00:00.02 | Mem:2.37M, Peak:2.37M | Scene, ViewLayer | Updating Lights
Fra:1 Mem:17.10M (Peak 19.29M) | Time:00:00.02 | Mem:2.38M, Peak:2.38M | Scene, ViewLayer | Updating Lights | Computing distribution
Fra:1 Mem:17.10M (Peak 19.29M) | Time:00:00.02 | Mem:2.38M, Peak:2.38M | Scene, ViewLayer | Updating Lights | Importance map
Fra:1 Mem:81.13M (Peak 369.23M) | Time:00:00.16 | Mem:66.42M, Peak:226.39M | Scene, ViewLayer | Updating Integrator
Fra:1 Mem:81.14M (Peak 369.23M) | Time:00:00.16 | Mem:66.43M, Peak:226.39M | Scene, ViewLayer | Updating Film
Fra:1 Mem:81.15M (Peak 369.23M) | Time:00:00.16 | Mem:66.18M, Peak:226.39M | Scene, ViewLayer | Updating Lookup Tables
Fra:1 Mem:81.15M (Peak 369.23M) | Time:00:00.16 | Mem:66.43M, Peak:226.39M | Scene, ViewLayer | Updating Baking
Fra:1 Mem:81.15M (Peak 369.23M) | Time:00:00.16 | Mem:66.43M, Peak:226.39M | Scene, ViewLayer | Updating Device | Writing constant memory
Fra:1 Mem:81.15M (Peak 369.23M) | Time:00:00.16 | Mem:66.43M, Peak:226.39M | Scene, ViewLayer | Sample 0/32
Fra:1 Mem:100.23M (Peak 369.23M) | Time:00:00.17 | Remaining:00:00.23 | Mem:85.43M, Peak:226.39M | Scene, ViewLayer | Sample 1/32
Fra:1 Mem:108.24M (Peak 369.23M) | Time:00:00.41 | Mem:85.43M, Peak:226.39M | Scene, ViewLayer | Sample 32/32
Fra:1 Mem:108.24M (Peak 369.23M) | Time:00:00.41 | Mem:85.43M, Peak:226.39M | Scene, ViewLayer | Finished
Saved: '/home/janus/iwi9-datasets/objaverse-rendering/no_textures_5/3576b80c459b43f285e7b0fc887554cb/010.png'
 Time: 00:00.44 (Saving: 00:00.03)

Fra:1 Mem:16.31M (Peak 18.10M) | Time:00:00.00 | Mem:0.00M, Peak:0.00M | Scene, ViewLayer | Synchronizing object | Golem_LP_Material_0
Fra:1 Mem:16.85M (Peak 19.44M) | Time:00:00.00 | Mem:0.00M, Peak:0.00M | Scene, ViewLayer | Initializing
Fra:1 Mem:15.31M (Peak 19.44M) | Time:00:00.00 | Mem:0.00M, Peak:0.00M | Scene, ViewLayer | Waiting for render to start
Fra:1 Mem:15.31M (Peak 19.44M) | Time:00:00.00 | Mem:0.00M, Peak:0.00M | Scene, ViewLayer | Loading render kernels (may take a few minutes the first time)
Fra:1 Mem:15.31M (Peak 19.44M) | Time:00:00.00 | Mem:0.00M, Peak:0.00M | Scene, ViewLayer | Updating Scene
Fra:1 Mem:15.31M (Peak 19.44M) | Time:00:00.00 | Mem:0.00M, Peak:0.00M | Scene, ViewLayer | Updating Shaders
Fra:1 Mem:15.56M (Peak 19.44M) | Time:00:00.01 | Mem:0.00M, Peak:0.00M | Scene, ViewLayer | Updating Procedurals
Fra:1 Mem:15.56M (Peak 19.44M) | Time:00:00.01 | Mem:0.00M, Peak:0.00M | Scene, ViewLayer | Updating Background
Fra:1 Mem:15.56M (Peak 19.44M) | Time:00:00.01 | Mem:0.00M, Peak:0.00M | Scene, ViewLayer | Updating Camera
Fra:1 Mem:15.56M (Peak 19.44M) | Time:00:00.01 | Mem:0.00M, Peak:0.00M | Scene, ViewLayer | Updating Meshes Flags
Fra:1 Mem:15.56M (Peak 19.44M) | Time:00:00.01 | Mem:0.00M, Peak:0.00M | Scene, ViewLayer | Updating Objects
Fra:1 Mem:15.56M (Peak 19.44M) | Time:00:00.01 | Mem:0.00M, Peak:0.00M | Scene, ViewLayer | Updating Objects | Copying Transformations to device
Fra:1 Mem:15.56M (Peak 19.44M) | Time:00:00.01 | Mem:0.00M, Peak:0.00M | Scene, ViewLayer | Updating Objects | Applying Static Transformations
Fra:1 Mem:15.56M (Peak 19.44M) | Time:00:00.01 | Mem:0.00M, Peak:0.00M | Scene, ViewLayer | Updating Particle Systems
Fra:1 Mem:15.56M (Peak 19.44M) | Time:00:00.01 | Mem:0.00M, Peak:0.00M | Scene, ViewLayer | Updating Particle Systems | Copying Particles to device
Fra:1 Mem:15.56M (Peak 19.44M) | Time:00:00.01 | Mem:0.00M, Peak:0.00M | Scene, ViewLayer | Updating Meshes
Fra:1 Mem:15.70M (Peak 19.44M) | Time:00:00.01 | Mem:0.00M, Peak:0.00M | Scene, ViewLayer | Updating Mesh | Computing attributes
Fra:1 Mem:15.94M (Peak 19.44M) | Time:00:00.01 | Mem:0.00M, Peak:0.00M | Scene, ViewLayer | Updating Mesh | Copying Attributes to device
Fra:1 Mem:15.94M (Peak 19.44M) | Time:00:00.01 | Mem:0.25M, Peak:0.25M | Scene, ViewLayer | Updating Scene BVH | Building
Fra:1 Mem:15.94M (Peak 19.44M) | Time:00:00.01 | Mem:0.25M, Peak:0.25M | Scene, ViewLayer | Updating Scene BVH | Building BVH
Fra:1 Mem:15.94M (Peak 19.44M) | Time:00:00.01 | Mem:0.90M, Peak:0.90M | Scene, ViewLayer | Updating Scene BVH | Building BVH 0%
Fra:1 Mem:15.94M (Peak 19.44M) | Time:00:00.01 | Mem:0.96M, Peak:1.46M | Scene, ViewLayer | Updating Scene BVH | Copying BVH to device
Fra:1 Mem:15.94M (Peak 19.44M) | Time:00:00.01 | Mem:0.96M, Peak:1.46M | Scene, ViewLayer | Updating Mesh | Computing normals
Fra:1 Mem:16.52M (Peak 19.44M) | Time:00:00.01 | Mem:0.96M, Peak:1.46M | Scene, ViewLayer | Updating Mesh | Copying Mesh to device
Fra:1 Mem:16.52M (Peak 19.44M) | Time:00:00.01 | Mem:1.54M, Peak:1.54M | Scene, ViewLayer | Updating Objects Flags
Fra:1 Mem:16.52M (Peak 19.44M) | Time:00:00.01 | Mem:1.54M, Peak:1.54M | Scene, ViewLayer | Updating Primitive Offsets
Fra:1 Mem:16.52M (Peak 19.44M) | Time:00:00.01 | Mem:1.54M, Peak:1.54M | Scene, ViewLayer | Updating Images
Fra:1 Mem:16.52M (Peak 19.44M) | Time:00:00.01 | Mem:1.54M, Peak:1.54M | Scene, ViewLayer | Updating Images | Loading 01457.exr
Fra:1 Mem:16.65M (Peak 19.44M) | Time:00:00.01 | Mem:1.54M, Peak:1.54M | Scene, ViewLayer | Updating Images | Loading blotchy_0044.jpg
Fra:1 Mem:17.24M (Peak 19.44M) | Time:00:00.01 | Mem:2.24M, Peak:2.24M | Scene, ViewLayer | Updating Camera Volume
Fra:1 Mem:17.24M (Peak 19.44M) | Time:00:00.01 | Mem:2.24M, Peak:2.24M | Scene, ViewLayer | Updating Lookup Tables
Fra:1 Mem:17.24M (Peak 19.44M) | Time:00:00.01 | Mem:2.49M, Peak:2.49M | Scene, ViewLayer | Updating Lights
Fra:1 Mem:17.24M (Peak 19.44M) | Time:00:00.01 | Mem:2.49M, Peak:2.49M | Scene, ViewLayer | Updating Lights | Computing distribution
Fra:1 Mem:17.24M (Peak 19.44M) | Time:00:00.01 | Mem:2.49M, Peak:2.49M | Scene, ViewLayer | Updating Lights | Importance map
Fra:1 Mem:81.27M (Peak 369.37M) | Time:00:00.16 | Mem:66.53M, Peak:226.50M | Scene, ViewLayer | Updating Integrator
Fra:1 Mem:81.28M (Peak 369.37M) | Time:00:00.16 | Mem:66.54M, Peak:226.50M | Scene, ViewLayer | Updating Film
Fra:1 Mem:81.28M (Peak 369.37M) | Time:00:00.16 | Mem:66.29M, Peak:226.50M | Scene, ViewLayer | Updating Lookup Tables
Fra:1 Mem:81.28M (Peak 369.37M) | Time:00:00.16 | Mem:66.54M, Peak:226.50M | Scene, ViewLayer | Updating Baking
Fra:1 Mem:81.28M (Peak 369.37M) | Time:00:00.16 | Mem:66.54M, Peak:226.50M | Scene, ViewLayer | Updating Device | Writing constant memory
Fra:1 Mem:81.28M (Peak 369.37M) | Time:00:00.16 | Mem:66.54M, Peak:226.50M | Scene, ViewLayer | Sample 0/32
Fra:1 Mem:100.37M (Peak 369.37M) | Time:00:00.17 | Remaining:00:00.23 | Mem:85.54M, Peak:226.50M | Scene, ViewLayer | Sample 1/32
Fra:1 Mem:108.37M (Peak 369.37M) | Time:00:00.44 | Mem:85.54M, Peak:226.50M | Scene, ViewLayer | Sample 32/32
Fra:1 Mem:108.37M (Peak 369.37M) | Time:00:00.44 | Mem:85.54M, Peak:226.50M | Scene, ViewLayer | Finished
Saved: '/home/janus/iwi9-datasets/objaverse-rendering/no_textures_5/3576b80c459b43f285e7b0fc887554cb/011.png'
 Time: 00:00.47 (Saving: 00:00.03)

Data are loaded, start creating Blender stuff
glTF import finished in 0.03s
Finished /home/janus/iwi9-datasets/objaverse-objects/hf-objaverse-v1/glbs/000-037/3576b80c459b43f285e7b0fc887554cb.glb in 6.101808786392212 seconds

Blender quit
/home/janus/iwi9-datasets/objaverse-objects/hf-objaverse-v1/glbs/000-088/bbfdec9a51d546df93995bfab89b3a78.glb
Blender 3.3.1 (hash b292cfe5a936 built 2022-10-05 00:14:35)
/run/user/210289/gvfs/ non-existent directory
Fra:1 Mem:154.08M (Peak 197.01M) | Time:00:00.03 | Mem:0.00M, Peak:0.00M | Scene, ViewLayer | Synchronizing object | Object_2
Fra:1 Mem:155.04M (Peak 197.01M) | Time:00:00.03 | Mem:0.00M, Peak:0.00M | Scene, ViewLayer | Synchronizing object | Object_4
Fra:1 Mem:174.45M (Peak 250.61M) | Time:00:00.11 | Mem:0.00M, Peak:0.00M | Scene, ViewLayer | Initializing
Fra:1 Mem:126.07M (Peak 250.61M) | Time:00:00.11 | Mem:0.00M, Peak:0.00M | Scene, ViewLayer | Waiting for render to start
Fra:1 Mem:126.07M (Peak 250.61M) | Time:00:00.11 | Mem:0.00M, Peak:0.00M | Scene, ViewLayer | Loading render kernels (may take a few minutes the first time)
Fra:1 Mem:126.07M (Peak 250.61M) | Time:00:00.11 | Mem:0.00M, Peak:0.00M | Scene, ViewLayer | Updating Scene
Fra:1 Mem:126.07M (Peak 250.61M) | Time:00:00.11 | Mem:0.00M, Peak:0.00M | Scene, ViewLayer | Updating Shaders
Fra:1 Mem:126.57M (Peak 250.61M) | Time:00:00.15 | Mem:0.00M, Peak:0.00M | Scene, ViewLayer | Updating Procedurals
Fra:1 Mem:126.57M (Peak 250.61M) | Time:00:00.15 | Mem:0.00M, Peak:0.00M | Scene, ViewLayer | Updating Background
Fra:1 Mem:126.57M (Peak 250.61M) | Time:00:00.15 | Mem:0.00M, Peak:0.00M | Scene, ViewLayer | Updating Camera
Fra:1 Mem:126.57M (Peak 250.61M) | Time:00:00.15 | Mem:0.00M, Peak:0.00M | Scene, ViewLayer | Updating Meshes Flags
Fra:1 Mem:126.57M (Peak 250.61M) | Time:00:00.15 | Mem:0.00M, Peak:0.00M | Scene, ViewLayer | Updating Objects
Fra:1 Mem:126.57M (Peak 250.61M) | Time:00:00.15 | Mem:0.00M, Peak:0.00M | Scene, ViewLayer | Updating Objects | Copying Transformations to device
Fra:1 Mem:126.57M (Peak 250.61M) | Time:00:00.15 | Mem:0.00M, Peak:0.00M | Scene, ViewLayer | Updating Objects | Applying Static Transformations
Fra:1 Mem:126.57M (Peak 250.61M) | Time:00:00.15 | Mem:0.00M, Peak:0.00M | Scene, ViewLayer | Updating Particle Systems
Fra:1 Mem:126.57M (Peak 250.61M) | Time:00:00.15 | Mem:0.00M, Peak:0.00M | Scene, ViewLayer | Updating Particle Systems | Copying Particles to device
Fra:1 Mem:126.57M (Peak 250.61M) | Time:00:00.15 | Mem:0.00M, Peak:0.00M | Scene, ViewLayer | Updating Meshes
Fra:1 Mem:131.12M (Peak 250.61M) | Time:00:00.16 | Mem:0.00M, Peak:0.00M | Scene, ViewLayer | Updating Mesh | Computing attributes
Fra:1 Mem:140.11M (Peak 250.61M) | Time:00:00.16 | Mem:0.00M, Peak:0.00M | Scene, ViewLayer | Updating Mesh | Copying Attributes to device
Fra:1 Mem:140.11M (Peak 250.61M) | Time:00:00.16 | Mem:9.00M, Peak:9.00M | Scene, ViewLayer | Updating Scene BVH | Building
Fra:1 Mem:140.11M (Peak 250.61M) | Time:00:00.16 | Mem:9.00M, Peak:9.00M | Scene, ViewLayer | Updating Scene BVH | Building BVH
Fra:1 Mem:140.11M (Peak 250.61M) | Time:00:00.16 | Mem:30.59M, Peak:30.59M | Scene, ViewLayer | Updating Scene BVH | Building BVH 0%
Fra:1 Mem:140.11M (Peak 250.61M) | Time:00:00.17 | Mem:34.50M, Peak:50.50M | Scene, ViewLayer | Updating Scene BVH | Copying BVH to device
Fra:1 Mem:140.11M (Peak 250.61M) | Time:00:00.17 | Mem:34.50M, Peak:50.50M | Scene, ViewLayer | Updating Mesh | Computing normals
Fra:1 Mem:160.78M (Peak 250.61M) | Time:00:00.18 | Mem:34.50M, Peak:50.50M | Scene, ViewLayer | Updating Mesh | Copying Mesh to device
Fra:1 Mem:160.78M (Peak 250.61M) | Time:00:00.18 | Mem:55.18M, Peak:55.18M | Scene, ViewLayer | Updating Objects Flags
Fra:1 Mem:160.78M (Peak 250.61M) | Time:00:00.18 | Mem:55.18M, Peak:55.18M | Scene, ViewLayer | Updating Primitive Offsets
Fra:1 Mem:160.78M (Peak 250.61M) | Time:00:00.18 | Mem:55.18M, Peak:55.18M | Scene, ViewLayer | Updating Images
Fra:1 Mem:160.78M (Peak 250.61M) | Time:00:00.18 | Mem:55.18M, Peak:55.18M | Scene, ViewLayer | Updating Images | Loading 01049.exr
Fra:1 Mem:160.91M (Peak 250.61M) | Time:00:00.18 | Mem:55.18M, Peak:55.18M | Scene, ViewLayer | Updating Images | Loading spiralled_0074.jpg
Fra:1 Mem:162.09M (Peak 250.61M) | Time:00:00.20 | Mem:56.47M, Peak:56.47M | Scene, ViewLayer | Updating Camera Volume
Fra:1 Mem:162.09M (Peak 250.61M) | Time:00:00.20 | Mem:56.47M, Peak:56.47M | Scene, ViewLayer | Updating Lookup Tables
Fra:1 Mem:162.09M (Peak 250.61M) | Time:00:00.20 | Mem:56.72M, Peak:56.72M | Scene, ViewLayer | Updating Lights
Fra:1 Mem:162.09M (Peak 250.61M) | Time:00:00.20 | Mem:56.72M, Peak:56.72M | Scene, ViewLayer | Updating Lights | Computing distribution
Fra:1 Mem:162.09M (Peak 250.61M) | Time:00:00.20 | Mem:56.72M, Peak:56.72M | Scene, ViewLayer | Updating Lights | Importance map
Fra:1 Mem:226.12M (Peak 514.22M) | Time:00:00.34 | Mem:120.77M, Peak:280.73M | Scene, ViewLayer | Updating Integrator
Fra:1 Mem:226.13M (Peak 514.22M) | Time:00:00.34 | Mem:120.77M, Peak:280.73M | Scene, ViewLayer | Updating Film
Fra:1 Mem:226.13M (Peak 514.22M) | Time:00:00.34 | Mem:120.52M, Peak:280.73M | Scene, ViewLayer | Updating Lookup Tables
Fra:1 Mem:226.13M (Peak 514.22M) | Time:00:00.34 | Mem:120.78M, Peak:280.73M | Scene, ViewLayer | Updating Baking
Fra:1 Mem:226.13M (Peak 514.22M) | Time:00:00.34 | Mem:120.78M, Peak:280.73M | Scene, ViewLayer | Updating Device | Writing constant memory
Fra:1 Mem:226.14M (Peak 514.22M) | Time:00:00.34 | Mem:120.78M, Peak:280.73M | Scene, ViewLayer | Sample 0/32
Fra:1 Mem:245.22M (Peak 514.22M) | Time:00:00.35 | Remaining:00:00.18 | Mem:139.78M, Peak:280.73M | Scene, ViewLayer | Sample 1/32
Fra:1 Mem:253.22M (Peak 514.22M) | Time:00:00.59 | Mem:139.78M, Peak:280.73M | Scene, ViewLayer | Sample 32/32
Fra:1 Mem:253.22M (Peak 514.22M) | Time:00:00.59 | Mem:139.78M, Peak:280.73M | Scene, ViewLayer | Finished
Saved: '/home/janus/iwi9-datasets/objaverse-rendering/no_textures_5/bbfdec9a51d546df93995bfab89b3a78/000.png'
 Time: 00:00.79 (Saving: 00:00.20)

Fra:1 Mem:154.40M (Peak 195.76M) | Time:00:00.03 | Mem:0.00M, Peak:0.00M | Scene, ViewLayer | Synchronizing object | Object_3
Fra:1 Mem:155.39M (Peak 195.76M) | Time:00:00.03 | Mem:0.00M, Peak:0.00M | Scene, ViewLayer | Synchronizing object | Object_4
Fra:1 Mem:174.77M (Peak 254.19M) | Time:00:00.11 | Mem:0.00M, Peak:0.00M | Scene, ViewLayer | Initializing
Fra:1 Mem:126.39M (Peak 254.19M) | Time:00:00.11 | Mem:0.00M, Peak:0.00M | Scene, ViewLayer | Waiting for render to start
Fra:1 Mem:126.39M (Peak 254.19M) | Time:00:00.11 | Mem:0.00M, Peak:0.00M | Scene, ViewLayer | Loading render kernels (may take a few minutes the first time)
Fra:1 Mem:126.39M (Peak 254.19M) | Time:00:00.11 | Mem:0.00M, Peak:0.00M | Scene, ViewLayer | Updating Scene
Fra:1 Mem:126.39M (Peak 254.19M) | Time:00:00.11 | Mem:0.00M, Peak:0.00M | Scene, ViewLayer | Updating Shaders
Fra:1 Mem:126.64M (Peak 254.19M) | Time:00:00.12 | Mem:0.00M, Peak:0.00M | Scene, ViewLayer | Updating Procedurals
Fra:1 Mem:126.64M (Peak 254.19M) | Time:00:00.12 | Mem:0.00M, Peak:0.00M | Scene, ViewLayer | Updating Background
Fra:1 Mem:126.64M (Peak 254.19M) | Time:00:00.12 | Mem:0.00M, Peak:0.00M | Scene, ViewLayer | Updating Camera
Fra:1 Mem:126.64M (Peak 254.19M) | Time:00:00.12 | Mem:0.00M, Peak:0.00M | Scene, ViewLayer | Updating Meshes Flags
Fra:1 Mem:126.64M (Peak 254.19M) | Time:00:00.12 | Mem:0.00M, Peak:0.00M | Scene, ViewLayer | Updating Objects
Fra:1 Mem:126.64M (Peak 254.19M) | Time:00:00.12 | Mem:0.00M, Peak:0.00M | Scene, ViewLayer | Updating Objects | Copying Transformations to device
Fra:1 Mem:126.64M (Peak 254.19M) | Time:00:00.12 | Mem:0.00M, Peak:0.00M | Scene, ViewLayer | Updating Objects | Applying Static Transformations
Fra:1 Mem:126.64M (Peak 254.19M) | Time:00:00.12 | Mem:0.00M, Peak:0.00M | Scene, ViewLayer | Updating Particle Systems
Fra:1 Mem:126.64M (Peak 254.19M) | Time:00:00.12 | Mem:0.00M, Peak:0.00M | Scene, ViewLayer | Updating Particle Systems | Copying Particles to device
Fra:1 Mem:126.64M (Peak 254.19M) | Time:00:00.12 | Mem:0.00M, Peak:0.00M | Scene, ViewLayer | Updating Meshes
Fra:1 Mem:131.19M (Peak 254.19M) | Time:00:00.12 | Mem:0.00M, Peak:0.00M | Scene, ViewLayer | Updating Mesh | Computing attributes
Fra:1 Mem:140.18M (Peak 254.19M) | Time:00:00.12 | Mem:0.00M, Peak:0.00M | Scene, ViewLayer | Updating Mesh | Copying Attributes to device
Fra:1 Mem:140.18M (Peak 254.19M) | Time:00:00.12 | Mem:9.00M, Peak:9.00M | Scene, ViewLayer | Updating Scene BVH | Building
Fra:1 Mem:140.18M (Peak 254.19M) | Time:00:00.12 | Mem:9.00M, Peak:9.00M | Scene, ViewLayer | Updating Scene BVH | Building BVH
Fra:1 Mem:140.18M (Peak 254.19M) | Time:00:00.12 | Mem:30.59M, Peak:30.59M | Scene, ViewLayer | Updating Scene BVH | Building BVH 0%
Fra:1 Mem:140.18M (Peak 254.19M) | Time:00:00.14 | Mem:34.50M, Peak:50.50M | Scene, ViewLayer | Updating Scene BVH | Copying BVH to device
Fra:1 Mem:140.18M (Peak 254.19M) | Time:00:00.14 | Mem:34.50M, Peak:50.50M | Scene, ViewLayer | Updating Mesh | Computing normals
Fra:1 Mem:160.85M (Peak 254.19M) | Time:00:00.14 | Mem:34.50M, Peak:50.50M | Scene, ViewLayer | Updating Mesh | Copying Mesh to device
Fra:1 Mem:160.85M (Peak 254.19M) | Time:00:00.14 | Mem:55.18M, Peak:55.18M | Scene, ViewLayer | Updating Objects Flags
Fra:1 Mem:160.85M (Peak 254.19M) | Time:00:00.14 | Mem:55.18M, Peak:55.18M | Scene, ViewLayer | Updating Primitive Offsets
Fra:1 Mem:160.85M (Peak 254.19M) | Time:00:00.14 | Mem:55.18M, Peak:55.18M | Scene, ViewLayer | Updating Images
Fra:1 Mem:160.85M (Peak 254.19M) | Time:00:00.14 | Mem:55.18M, Peak:55.18M | Scene, ViewLayer | Updating Images | Loading 01049.exr
Fra:1 Mem:160.98M (Peak 254.19M) | Time:00:00.14 | Mem:55.18M, Peak:55.18M | Scene, ViewLayer | Updating Images | Loading marbled_0110.jpg
Fra:1 Mem:161.59M (Peak 254.19M) | Time:00:00.15 | Mem:55.90M, Peak:55.90M | Scene, ViewLayer | Updating Camera Volume
Fra:1 Mem:161.59M (Peak 254.19M) | Time:00:00.15 | Mem:55.90M, Peak:55.90M | Scene, ViewLayer | Updating Lookup Tables
Fra:1 Mem:161.59M (Peak 254.19M) | Time:00:00.15 | Mem:56.15M, Peak:56.15M | Scene, ViewLayer | Updating Lights
Fra:1 Mem:161.59M (Peak 254.19M) | Time:00:00.15 | Mem:56.15M, Peak:56.15M | Scene, ViewLayer | Updating Lights | Computing distribution
Fra:1 Mem:161.59M (Peak 254.19M) | Time:00:00.15 | Mem:56.15M, Peak:56.15M | Scene, ViewLayer | Updating Lights | Importance map
Fra:1 Mem:225.62M (Peak 513.72M) | Time:00:00.29 | Mem:120.20M, Peak:280.17M | Scene, ViewLayer | Updating Integrator
Fra:1 Mem:225.63M (Peak 513.72M) | Time:00:00.29 | Mem:120.21M, Peak:280.17M | Scene, ViewLayer | Updating Film
Fra:1 Mem:225.64M (Peak 513.72M) | Time:00:00.29 | Mem:119.96M, Peak:280.17M | Scene, ViewLayer | Updating Lookup Tables
Fra:1 Mem:225.64M (Peak 513.72M) | Time:00:00.29 | Mem:120.21M, Peak:280.17M | Scene, ViewLayer | Updating Baking
Fra:1 Mem:225.64M (Peak 513.72M) | Time:00:00.29 | Mem:120.21M, Peak:280.17M | Scene, ViewLayer | Updating Device | Writing constant memory
Fra:1 Mem:225.64M (Peak 513.72M) | Time:00:00.29 | Mem:120.21M, Peak:280.17M | Scene, ViewLayer | Sample 0/32
Fra:1 Mem:244.73M (Peak 513.72M) | Time:00:00.29 | Remaining:00:00.25 | Mem:139.21M, Peak:280.17M | Scene, ViewLayer | Sample 1/32
Fra:1 Mem:252.73M (Peak 513.72M) | Time:00:00.55 | Mem:139.21M, Peak:280.17M | Scene, ViewLayer | Sample 32/32
Fra:1 Mem:252.73M (Peak 513.72M) | Time:00:00.55 | Mem:139.21M, Peak:280.17M | Scene, ViewLayer | Finished
Saved: '/home/janus/iwi9-datasets/objaverse-rendering/no_textures_5/bbfdec9a51d546df93995bfab89b3a78/001.png'
 Time: 00:00.58 (Saving: 00:00.03)

Fra:1 Mem:154.47M (Peak 194.98M) | Time:00:00.03 | Mem:0.00M, Peak:0.00M | Scene, ViewLayer | Synchronizing object | Object_2
Fra:1 Mem:154.47M (Peak 194.98M) | Time:00:00.03 | Mem:0.00M, Peak:0.00M | Scene, ViewLayer | Synchronizing object | Object_3
Fra:1 Mem:174.83M (Peak 254.26M) | Time:00:00.10 | Mem:0.00M, Peak:0.00M | Scene, ViewLayer | Initializing
Fra:1 Mem:126.46M (Peak 254.26M) | Time:00:00.11 | Mem:0.00M, Peak:0.00M | Scene, ViewLayer | Waiting for render to start
Fra:1 Mem:126.46M (Peak 254.26M) | Time:00:00.11 | Mem:0.00M, Peak:0.00M | Scene, ViewLayer | Loading render kernels (may take a few minutes the first time)
Fra:1 Mem:126.46M (Peak 254.26M) | Time:00:00.11 | Mem:0.00M, Peak:0.00M | Scene, ViewLayer | Updating Scene
Fra:1 Mem:126.46M (Peak 254.26M) | Time:00:00.11 | Mem:0.00M, Peak:0.00M | Scene, ViewLayer | Updating Shaders
Fra:1 Mem:126.71M (Peak 254.26M) | Time:00:00.11 | Mem:0.00M, Peak:0.00M | Scene, ViewLayer | Updating Procedurals
Fra:1 Mem:126.71M (Peak 254.26M) | Time:00:00.11 | Mem:0.00M, Peak:0.00M | Scene, ViewLayer | Updating Background
Fra:1 Mem:126.71M (Peak 254.26M) | Time:00:00.11 | Mem:0.00M, Peak:0.00M | Scene, ViewLayer | Updating Camera
Fra:1 Mem:126.71M (Peak 254.26M) | Time:00:00.11 | Mem:0.00M, Peak:0.00M | Scene, ViewLayer | Updating Meshes Flags
Fra:1 Mem:126.71M (Peak 254.26M) | Time:00:00.11 | Mem:0.00M, Peak:0.00M | Scene, ViewLayer | Updating Objects
Fra:1 Mem:126.71M (Peak 254.26M) | Time:00:00.11 | Mem:0.00M, Peak:0.00M | Scene, ViewLayer | Updating Objects | Copying Transformations to device
Fra:1 Mem:126.71M (Peak 254.26M) | Time:00:00.11 | Mem:0.00M, Peak:0.00M | Scene, ViewLayer | Updating Objects | Applying Static Transformations
Fra:1 Mem:126.71M (Peak 254.26M) | Time:00:00.11 | Mem:0.00M, Peak:0.00M | Scene, ViewLayer | Updating Particle Systems
Fra:1 Mem:126.71M (Peak 254.26M) | Time:00:00.11 | Mem:0.00M, Peak:0.00M | Scene, ViewLayer | Updating Particle Systems | Copying Particles to device
Fra:1 Mem:126.71M (Peak 254.26M) | Time:00:00.11 | Mem:0.00M, Peak:0.00M | Scene, ViewLayer | Updating Meshes
Fra:1 Mem:131.25M (Peak 254.26M) | Time:00:00.11 | Mem:0.00M, Peak:0.00M | Scene, ViewLayer | Updating Mesh | Computing attributes
Fra:1 Mem:140.25M (Peak 254.26M) | Time:00:00.12 | Mem:0.00M, Peak:0.00M | Scene, ViewLayer | Updating Mesh | Copying Attributes to device
Fra:1 Mem:140.25M (Peak 254.26M) | Time:00:00.12 | Mem:9.00M, Peak:9.00M | Scene, ViewLayer | Updating Scene BVH | Building
Fra:1 Mem:140.25M (Peak 254.26M) | Time:00:00.12 | Mem:9.00M, Peak:9.00M | Scene, ViewLayer | Updating Scene BVH | Building BVH
Fra:1 Mem:140.25M (Peak 254.26M) | Time:00:00.12 | Mem:30.59M, Peak:30.59M | Scene, ViewLayer | Updating Scene BVH | Building BVH 0%
Fra:1 Mem:140.25M (Peak 254.26M) | Time:00:00.13 | Mem:34.50M, Peak:50.50M | Scene, ViewLayer | Updating Scene BVH | Copying BVH to device
Fra:1 Mem:140.25M (Peak 254.26M) | Time:00:00.13 | Mem:34.50M, Peak:50.50M | Scene, ViewLayer | Updating Mesh | Computing normals
Fra:1 Mem:160.92M (Peak 254.26M) | Time:00:00.13 | Mem:34.50M, Peak:50.50M | Scene, ViewLayer | Updating Mesh | Copying Mesh to device
Fra:1 Mem:160.92M (Peak 254.26M) | Time:00:00.13 | Mem:55.18M, Peak:55.18M | Scene, ViewLayer | Updating Objects Flags
Fra:1 Mem:160.92M (Peak 254.26M) | Time:00:00.13 | Mem:55.18M, Peak:55.18M | Scene, ViewLayer | Updating Primitive Offsets
Fra:1 Mem:160.92M (Peak 254.26M) | Time:00:00.13 | Mem:55.18M, Peak:55.18M | Scene, ViewLayer | Updating Images
Fra:1 Mem:160.92M (Peak 254.26M) | Time:00:00.13 | Mem:55.18M, Peak:55.18M | Scene, ViewLayer | Updating Images | Loading 01049.exr
Fra:1 Mem:161.05M (Peak 254.26M) | Time:00:00.13 | Mem:55.18M, Peak:55.18M | Scene, ViewLayer | Updating Images | Loading pitted_0053.jpg
Fra:1 Mem:162.10M (Peak 254.26M) | Time:00:00.14 | Mem:56.34M, Peak:56.34M | Scene, ViewLayer | Updating Camera Volume
Fra:1 Mem:162.10M (Peak 254.26M) | Time:00:00.14 | Mem:56.34M, Peak:56.34M | Scene, ViewLayer | Updating Lookup Tables
Fra:1 Mem:162.10M (Peak 254.26M) | Time:00:00.14 | Mem:56.59M, Peak:56.59M | Scene, ViewLayer | Updating Lights
Fra:1 Mem:162.10M (Peak 254.26M) | Time:00:00.14 | Mem:56.59M, Peak:56.59M | Scene, ViewLayer | Updating Lights | Computing distribution
Fra:1 Mem:162.10M (Peak 254.26M) | Time:00:00.14 | Mem:56.59M, Peak:56.59M | Scene, ViewLayer | Updating Lights | Importance map
Fra:1 Mem:226.13M (Peak 514.22M) | Time:00:00.28 | Mem:120.63M, Peak:280.60M | Scene, ViewLayer | Updating Integrator
Fra:1 Mem:226.14M (Peak 514.22M) | Time:00:00.28 | Mem:120.64M, Peak:280.60M | Scene, ViewLayer | Updating Film
Fra:1 Mem:226.14M (Peak 514.22M) | Time:00:00.28 | Mem:120.39M, Peak:280.60M | Scene, ViewLayer | Updating Lookup Tables
Fra:1 Mem:226.14M (Peak 514.22M) | Time:00:00.28 | Mem:120.64M, Peak:280.60M | Scene, ViewLayer | Updating Baking
Fra:1 Mem:226.14M (Peak 514.22M) | Time:00:00.28 | Mem:120.64M, Peak:280.60M | Scene, ViewLayer | Updating Device | Writing constant memory
Fra:1 Mem:226.14M (Peak 514.22M) | Time:00:00.28 | Mem:120.64M, Peak:280.60M | Scene, ViewLayer | Sample 0/32
Fra:1 Mem:245.23M (Peak 514.22M) | Time:00:00.29 | Remaining:00:00.30 | Mem:139.64M, Peak:280.60M | Scene, ViewLayer | Sample 1/32
Fra:1 Mem:253.23M (Peak 514.22M) | Time:00:00.58 | Mem:139.64M, Peak:280.60M | Scene, ViewLayer | Sample 32/32
Fra:1 Mem:253.23M (Peak 514.22M) | Time:00:00.58 | Mem:139.64M, Peak:280.60M | Scene, ViewLayer | Finished
Saved: '/home/janus/iwi9-datasets/objaverse-rendering/no_textures_5/bbfdec9a51d546df93995bfab89b3a78/002.png'
 Time: 00:00.62 (Saving: 00:00.03)

Fra:1 Mem:154.54M (Peak 194.96M) | Time:00:00.03 | Mem:0.00M, Peak:0.00M | Scene, ViewLayer | Synchronizing object | Object_2
Fra:1 Mem:154.54M (Peak 194.96M) | Time:00:00.03 | Mem:0.00M, Peak:0.00M | Scene, ViewLayer | Synchronizing object | Object_4
Fra:1 Mem:174.90M (Peak 254.32M) | Time:00:00.11 | Mem:0.00M, Peak:0.00M | Scene, ViewLayer | Initializing
Fra:1 Mem:126.52M (Peak 254.32M) | Time:00:00.11 | Mem:0.00M, Peak:0.00M | Scene, ViewLayer | Waiting for render to start
Fra:1 Mem:126.52M (Peak 254.32M) | Time:00:00.11 | Mem:0.00M, Peak:0.00M | Scene, ViewLayer | Loading render kernels (may take a few minutes the first time)
Fra:1 Mem:126.52M (Peak 254.32M) | Time:00:00.11 | Mem:0.00M, Peak:0.00M | Scene, ViewLayer | Updating Scene
Fra:1 Mem:126.52M (Peak 254.32M) | Time:00:00.11 | Mem:0.00M, Peak:0.00M | Scene, ViewLayer | Updating Shaders
Fra:1 Mem:126.78M (Peak 254.32M) | Time:00:00.11 | Mem:0.00M, Peak:0.00M | Scene, ViewLayer | Updating Procedurals
Fra:1 Mem:126.78M (Peak 254.32M) | Time:00:00.11 | Mem:0.00M, Peak:0.00M | Scene, ViewLayer | Updating Background
Fra:1 Mem:126.78M (Peak 254.32M) | Time:00:00.11 | Mem:0.00M, Peak:0.00M | Scene, ViewLayer | Updating Camera
Fra:1 Mem:126.78M (Peak 254.32M) | Time:00:00.11 | Mem:0.00M, Peak:0.00M | Scene, ViewLayer | Updating Meshes Flags
Fra:1 Mem:126.78M (Peak 254.32M) | Time:00:00.11 | Mem:0.00M, Peak:0.00M | Scene, ViewLayer | Updating Objects
Fra:1 Mem:126.78M (Peak 254.32M) | Time:00:00.11 | Mem:0.00M, Peak:0.00M | Scene, ViewLayer | Updating Objects | Copying Transformations to device
Fra:1 Mem:126.78M (Peak 254.32M) | Time:00:00.11 | Mem:0.00M, Peak:0.00M | Scene, ViewLayer | Updating Objects | Applying Static Transformations
Fra:1 Mem:126.78M (Peak 254.32M) | Time:00:00.11 | Mem:0.00M, Peak:0.00M | Scene, ViewLayer | Updating Particle Systems
Fra:1 Mem:126.78M (Peak 254.32M) | Time:00:00.11 | Mem:0.00M, Peak:0.00M | Scene, ViewLayer | Updating Particle Systems | Copying Particles to device
Fra:1 Mem:126.78M (Peak 254.32M) | Time:00:00.11 | Mem:0.00M, Peak:0.00M | Scene, ViewLayer | Updating Meshes
Fra:1 Mem:131.32M (Peak 254.32M) | Time:00:00.12 | Mem:0.00M, Peak:0.00M | Scene, ViewLayer | Updating Mesh | Computing attributes
Fra:1 Mem:140.32M (Peak 254.32M) | Time:00:00.12 | Mem:0.00M, Peak:0.00M | Scene, ViewLayer | Updating Mesh | Copying Attributes to device
Fra:1 Mem:140.32M (Peak 254.32M) | Time:00:00.12 | Mem:9.00M, Peak:9.00M | Scene, ViewLayer | Updating Scene BVH | Building
Fra:1 Mem:140.32M (Peak 254.32M) | Time:00:00.12 | Mem:9.00M, Peak:9.00M | Scene, ViewLayer | Updating Scene BVH | Building BVH
Fra:1 Mem:140.32M (Peak 254.32M) | Time:00:00.12 | Mem:30.59M, Peak:30.59M | Scene, ViewLayer | Updating Scene BVH | Building BVH 0%
Fra:1 Mem:140.32M (Peak 254.32M) | Time:00:00.13 | Mem:34.50M, Peak:50.50M | Scene, ViewLayer | Updating Scene BVH | Copying BVH to device
Fra:1 Mem:140.32M (Peak 254.32M) | Time:00:00.13 | Mem:34.50M, Peak:50.50M | Scene, ViewLayer | Updating Mesh | Computing normals
Fra:1 Mem:160.99M (Peak 254.32M) | Time:00:00.14 | Mem:34.50M, Peak:50.50M | Scene, ViewLayer | Updating Mesh | Copying Mesh to device
Fra:1 Mem:160.99M (Peak 254.32M) | Time:00:00.14 | Mem:55.18M, Peak:55.18M | Scene, ViewLayer | Updating Objects Flags
Fra:1 Mem:160.99M (Peak 254.32M) | Time:00:00.14 | Mem:55.18M, Peak:55.18M | Scene, ViewLayer | Updating Primitive Offsets
Fra:1 Mem:160.99M (Peak 254.32M) | Time:00:00.14 | Mem:55.18M, Peak:55.18M | Scene, ViewLayer | Updating Images
Fra:1 Mem:160.99M (Peak 254.32M) | Time:00:00.14 | Mem:55.18M, Peak:55.18M | Scene, ViewLayer | Updating Images | Loading 01049.exr
Fra:1 Mem:161.11M (Peak 254.32M) | Time:00:00.14 | Mem:55.18M, Peak:55.18M | Scene, ViewLayer | Updating Images | Loading interlaced_0103.jpg
Fra:1 Mem:162.57M (Peak 254.32M) | Time:00:00.14 | Mem:56.75M, Peak:56.75M | Scene, ViewLayer | Updating Camera Volume
Fra:1 Mem:162.57M (Peak 254.32M) | Time:00:00.14 | Mem:56.75M, Peak:56.75M | Scene, ViewLayer | Updating Lookup Tables
Fra:1 Mem:162.57M (Peak 254.32M) | Time:00:00.14 | Mem:57.00M, Peak:57.00M | Scene, ViewLayer | Updating Lights
Fra:1 Mem:162.57M (Peak 254.32M) | Time:00:00.14 | Mem:57.00M, Peak:57.00M | Scene, ViewLayer | Updating Lights | Computing distribution
Fra:1 Mem:162.57M (Peak 254.32M) | Time:00:00.14 | Mem:57.00M, Peak:57.00M | Scene, ViewLayer | Updating Lights | Importance map
Fra:1 Mem:226.60M (Peak 514.70M) | Time:00:00.28 | Mem:121.04M, Peak:281.01M | Scene, ViewLayer | Updating Integrator
Fra:1 Mem:226.61M (Peak 514.70M) | Time:00:00.28 | Mem:121.05M, Peak:281.01M | Scene, ViewLayer | Updating Film
Fra:1 Mem:226.61M (Peak 514.70M) | Time:00:00.28 | Mem:120.80M, Peak:281.01M | Scene, ViewLayer | Updating Lookup Tables
Fra:1 Mem:226.61M (Peak 514.70M) | Time:00:00.28 | Mem:121.05M, Peak:281.01M | Scene, ViewLayer | Updating Baking
Fra:1 Mem:226.61M (Peak 514.70M) | Time:00:00.28 | Mem:121.05M, Peak:281.01M | Scene, ViewLayer | Updating Device | Writing constant memory
Fra:1 Mem:226.62M (Peak 514.70M) | Time:00:00.28 | Mem:121.05M, Peak:281.01M | Scene, ViewLayer | Sample 0/32
Fra:1 Mem:245.70M (Peak 514.70M) | Time:00:00.29 | Remaining:00:00.31 | Mem:140.05M, Peak:281.01M | Scene, ViewLayer | Sample 1/32
Fra:1 Mem:253.70M (Peak 514.70M) | Time:00:00.59 | Mem:140.05M, Peak:281.01M | Scene, ViewLayer | Sample 32/32
Fra:1 Mem:253.70M (Peak 514.70M) | Time:00:00.59 | Mem:140.05M, Peak:281.01M | Scene, ViewLayer | Finished
Saved: '/home/janus/iwi9-datasets/objaverse-rendering/no_textures_5/bbfdec9a51d546df93995bfab89b3a78/003.png'
 Time: 00:00.62 (Saving: 00:00.03)

Fra:1 Mem:154.61M (Peak 195.52M) | Time:00:00.03 | Mem:0.00M, Peak:0.00M | Scene, ViewLayer | Synchronizing object | Object_2
Fra:1 Mem:155.57M (Peak 195.52M) | Time:00:00.03 | Mem:0.00M, Peak:0.00M | Scene, ViewLayer | Synchronizing object | Object_4
Fra:1 Mem:174.97M (Peak 248.29M) | Time:00:00.11 | Mem:0.00M, Peak:0.00M | Scene, ViewLayer | Initializing
Fra:1 Mem:126.59M (Peak 248.29M) | Time:00:00.11 | Mem:0.00M, Peak:0.00M | Scene, ViewLayer | Waiting for render to start
Fra:1 Mem:126.60M (Peak 248.29M) | Time:00:00.11 | Mem:0.00M, Peak:0.00M | Scene, ViewLayer | Loading render kernels (may take a few minutes the first time)
Fra:1 Mem:126.60M (Peak 248.29M) | Time:00:00.11 | Mem:0.00M, Peak:0.00M | Scene, ViewLayer | Updating Scene
Fra:1 Mem:126.60M (Peak 248.29M) | Time:00:00.11 | Mem:0.00M, Peak:0.00M | Scene, ViewLayer | Updating Shaders
Fra:1 Mem:126.85M (Peak 248.29M) | Time:00:00.11 | Mem:0.00M, Peak:0.00M | Scene, ViewLayer | Updating Procedurals
Fra:1 Mem:126.85M (Peak 248.29M) | Time:00:00.11 | Mem:0.00M, Peak:0.00M | Scene, ViewLayer | Updating Background
Fra:1 Mem:126.85M (Peak 248.29M) | Time:00:00.11 | Mem:0.00M, Peak:0.00M | Scene, ViewLayer | Updating Camera
Fra:1 Mem:126.85M (Peak 248.29M) | Time:00:00.11 | Mem:0.00M, Peak:0.00M | Scene, ViewLayer | Updating Meshes Flags
Fra:1 Mem:126.85M (Peak 248.29M) | Time:00:00.11 | Mem:0.00M, Peak:0.00M | Scene, ViewLayer | Updating Objects
Fra:1 Mem:126.85M (Peak 248.29M) | Time:00:00.11 | Mem:0.00M, Peak:0.00M | Scene, ViewLayer | Updating Objects | Copying Transformations to device
Fra:1 Mem:126.85M (Peak 248.29M) | Time:00:00.11 | Mem:0.00M, Peak:0.00M | Scene, ViewLayer | Updating Objects | Applying Static Transformations
Fra:1 Mem:126.85M (Peak 248.29M) | Time:00:00.11 | Mem:0.00M, Peak:0.00M | Scene, ViewLayer | Updating Particle Systems
Fra:1 Mem:126.85M (Peak 248.29M) | Time:00:00.11 | Mem:0.00M, Peak:0.00M | Scene, ViewLayer | Updating Particle Systems | Copying Particles to device
Fra:1 Mem:126.85M (Peak 248.29M) | Time:00:00.11 | Mem:0.00M, Peak:0.00M | Scene, ViewLayer | Updating Meshes
Fra:1 Mem:131.39M (Peak 248.29M) | Time:00:00.12 | Mem:0.00M, Peak:0.00M | Scene, ViewLayer | Updating Mesh | Computing attributes
Fra:1 Mem:140.39M (Peak 248.29M) | Time:00:00.12 | Mem:0.00M, Peak:0.00M | Scene, ViewLayer | Updating Mesh | Copying Attributes to device
Fra:1 Mem:140.39M (Peak 248.29M) | Time:00:00.12 | Mem:9.00M, Peak:9.00M | Scene, ViewLayer | Updating Scene BVH | Building
Fra:1 Mem:140.39M (Peak 248.29M) | Time:00:00.12 | Mem:9.00M, Peak:9.00M | Scene, ViewLayer | Updating Scene BVH | Building BVH
Fra:1 Mem:140.39M (Peak 248.29M) | Time:00:00.12 | Mem:30.59M, Peak:30.59M | Scene, ViewLayer | Updating Scene BVH | Building BVH 0%
Fra:1 Mem:140.39M (Peak 248.29M) | Time:00:00.13 | Mem:34.50M, Peak:50.50M | Scene, ViewLayer | Updating Scene BVH | Copying BVH to device
Fra:1 Mem:140.39M (Peak 248.29M) | Time:00:00.13 | Mem:34.50M, Peak:50.50M | Scene, ViewLayer | Updating Mesh | Computing normals
Fra:1 Mem:161.06M (Peak 248.29M) | Time:00:00.14 | Mem:34.50M, Peak:50.50M | Scene, ViewLayer | Updating Mesh | Copying Mesh to device
Fra:1 Mem:161.06M (Peak 248.29M) | Time:00:00.14 | Mem:55.18M, Peak:55.18M | Scene, ViewLayer | Updating Objects Flags
Fra:1 Mem:161.06M (Peak 248.29M) | Time:00:00.14 | Mem:55.18M, Peak:55.18M | Scene, ViewLayer | Updating Primitive Offsets
Fra:1 Mem:161.06M (Peak 248.29M) | Time:00:00.14 | Mem:55.18M, Peak:55.18M | Scene, ViewLayer | Updating Images
Fra:1 Mem:161.06M (Peak 248.29M) | Time:00:00.14 | Mem:55.18M, Peak:55.18M | Scene, ViewLayer | Updating Images | Loading 01049.exr
Fra:1 Mem:161.18M (Peak 248.29M) | Time:00:00.14 | Mem:55.18M, Peak:55.18M | Scene, ViewLayer | Updating Images | Loading polka-dotted_0179.jpg
Fra:1 Mem:162.33M (Peak 248.29M) | Time:00:00.14 | Mem:56.44M, Peak:56.44M | Scene, ViewLayer | Updating Camera Volume
Fra:1 Mem:162.33M (Peak 248.29M) | Time:00:00.14 | Mem:56.44M, Peak:56.44M | Scene, ViewLayer | Updating Lookup Tables
Fra:1 Mem:162.33M (Peak 248.29M) | Time:00:00.14 | Mem:56.69M, Peak:56.69M | Scene, ViewLayer | Updating Lights
Fra:1 Mem:162.33M (Peak 248.29M) | Time:00:00.14 | Mem:56.69M, Peak:56.69M | Scene, ViewLayer | Updating Lights | Computing distribution
Fra:1 Mem:162.33M (Peak 248.29M) | Time:00:00.14 | Mem:56.69M, Peak:56.69M | Scene, ViewLayer | Updating Lights | Importance map
Fra:1 Mem:226.36M (Peak 514.46M) | Time:00:00.28 | Mem:120.73M, Peak:280.70M | Scene, ViewLayer | Updating Integrator
Fra:1 Mem:226.37M (Peak 514.46M) | Time:00:00.28 | Mem:120.74M, Peak:280.70M | Scene, ViewLayer | Updating Film
Fra:1 Mem:226.37M (Peak 514.46M) | Time:00:00.28 | Mem:120.49M, Peak:280.70M | Scene, ViewLayer | Updating Lookup Tables
Fra:1 Mem:226.37M (Peak 514.46M) | Time:00:00.28 | Mem:120.74M, Peak:280.70M | Scene, ViewLayer | Updating Baking
Fra:1 Mem:226.37M (Peak 514.46M) | Time:00:00.28 | Mem:120.74M, Peak:280.70M | Scene, ViewLayer | Updating Device | Writing constant memory
Fra:1 Mem:226.37M (Peak 514.46M) | Time:00:00.28 | Mem:120.74M, Peak:280.70M | Scene, ViewLayer | Sample 0/32
Fra:1 Mem:245.46M (Peak 514.46M) | Time:00:00.29 | Remaining:00:00.29 | Mem:139.74M, Peak:280.70M | Scene, ViewLayer | Sample 1/32
Fra:1 Mem:253.46M (Peak 514.46M) | Time:00:00.57 | Mem:139.74M, Peak:280.70M | Scene, ViewLayer | Sample 32/32
Fra:1 Mem:253.46M (Peak 514.46M) | Time:00:00.57 | Mem:139.74M, Peak:280.70M | Scene, ViewLayer | Finished
Saved: '/home/janus/iwi9-datasets/objaverse-rendering/no_textures_5/bbfdec9a51d546df93995bfab89b3a78/004.png'
 Time: 00:00.60 (Saving: 00:00.03)

Fra:1 Mem:154.68M (Peak 195.24M) | Time:00:00.03 | Mem:0.00M, Peak:0.00M | Scene, ViewLayer | Synchronizing object | Object_2
Fra:1 Mem:155.64M (Peak 195.24M) | Time:00:00.03 | Mem:0.00M, Peak:0.00M | Scene, ViewLayer | Synchronizing object | Object_4
Fra:1 Mem:175.04M (Peak 254.46M) | Time:00:00.11 | Mem:0.00M, Peak:0.00M | Scene, ViewLayer | Initializing
Fra:1 Mem:126.66M (Peak 254.46M) | Time:00:00.11 | Mem:0.00M, Peak:0.00M | Scene, ViewLayer | Waiting for render to start
Fra:1 Mem:126.66M (Peak 254.46M) | Time:00:00.11 | Mem:0.00M, Peak:0.00M | Scene, ViewLayer | Loading render kernels (may take a few minutes the first time)
Fra:1 Mem:126.66M (Peak 254.46M) | Time:00:00.11 | Mem:0.00M, Peak:0.00M | Scene, ViewLayer | Updating Scene
Fra:1 Mem:126.66M (Peak 254.46M) | Time:00:00.11 | Mem:0.00M, Peak:0.00M | Scene, ViewLayer | Updating Shaders
Fra:1 Mem:126.92M (Peak 254.46M) | Time:00:00.11 | Mem:0.00M, Peak:0.00M | Scene, ViewLayer | Updating Procedurals
Fra:1 Mem:126.92M (Peak 254.46M) | Time:00:00.11 | Mem:0.00M, Peak:0.00M | Scene, ViewLayer | Updating Background
Fra:1 Mem:126.92M (Peak 254.46M) | Time:00:00.11 | Mem:0.00M, Peak:0.00M | Scene, ViewLayer | Updating Camera
Fra:1 Mem:126.92M (Peak 254.46M) | Time:00:00.11 | Mem:0.00M, Peak:0.00M | Scene, ViewLayer | Updating Meshes Flags
Fra:1 Mem:126.92M (Peak 254.46M) | Time:00:00.11 | Mem:0.00M, Peak:0.00M | Scene, ViewLayer | Updating Objects
Fra:1 Mem:126.92M (Peak 254.46M) | Time:00:00.11 | Mem:0.00M, Peak:0.00M | Scene, ViewLayer | Updating Objects | Copying Transformations to device
Fra:1 Mem:126.92M (Peak 254.46M) | Time:00:00.11 | Mem:0.00M, Peak:0.00M | Scene, ViewLayer | Updating Objects | Applying Static Transformations
Fra:1 Mem:126.92M (Peak 254.46M) | Time:00:00.11 | Mem:0.00M, Peak:0.00M | Scene, ViewLayer | Updating Particle Systems
Fra:1 Mem:126.92M (Peak 254.46M) | Time:00:00.11 | Mem:0.00M, Peak:0.00M | Scene, ViewLayer | Updating Particle Systems | Copying Particles to device
Fra:1 Mem:126.92M (Peak 254.46M) | Time:00:00.11 | Mem:0.00M, Peak:0.00M | Scene, ViewLayer | Updating Meshes
Fra:1 Mem:131.46M (Peak 254.46M) | Time:00:00.12 | Mem:0.00M, Peak:0.00M | Scene, ViewLayer | Updating Mesh | Computing attributes
Fra:1 Mem:140.46M (Peak 254.46M) | Time:00:00.12 | Mem:0.00M, Peak:0.00M | Scene, ViewLayer | Updating Mesh | Copying Attributes to device
Fra:1 Mem:140.46M (Peak 254.46M) | Time:00:00.12 | Mem:9.00M, Peak:9.00M | Scene, ViewLayer | Updating Scene BVH | Building
Fra:1 Mem:140.46M (Peak 254.46M) | Time:00:00.12 | Mem:9.00M, Peak:9.00M | Scene, ViewLayer | Updating Scene BVH | Building BVH
Fra:1 Mem:140.46M (Peak 254.46M) | Time:00:00.12 | Mem:30.59M, Peak:30.59M | Scene, ViewLayer | Updating Scene BVH | Building BVH 0%
Fra:1 Mem:140.46M (Peak 254.46M) | Time:00:00.13 | Mem:34.50M, Peak:50.50M | Scene, ViewLayer | Updating Scene BVH | Copying BVH to device
Fra:1 Mem:140.46M (Peak 254.46M) | Time:00:00.13 | Mem:34.50M, Peak:50.50M | Scene, ViewLayer | Updating Mesh | Computing normals
Fra:1 Mem:161.13M (Peak 254.46M) | Time:00:00.13 | Mem:34.50M, Peak:50.50M | Scene, ViewLayer | Updating Mesh | Copying Mesh to device
Fra:1 Mem:161.13M (Peak 254.46M) | Time:00:00.13 | Mem:55.18M, Peak:55.18M | Scene, ViewLayer | Updating Objects Flags
Fra:1 Mem:161.13M (Peak 254.46M) | Time:00:00.13 | Mem:55.18M, Peak:55.18M | Scene, ViewLayer | Updating Primitive Offsets
Fra:1 Mem:161.13M (Peak 254.46M) | Time:00:00.13 | Mem:55.18M, Peak:55.18M | Scene, ViewLayer | Updating Images
Fra:1 Mem:161.13M (Peak 254.46M) | Time:00:00.13 | Mem:55.18M, Peak:55.18M | Scene, ViewLayer | Updating Images | Loading 01049.exr
Fra:1 Mem:161.25M (Peak 254.46M) | Time:00:00.13 | Mem:55.18M, Peak:55.18M | Scene, ViewLayer | Updating Images | Loading marbled_0179.jpg
Fra:1 Mem:162.29M (Peak 254.46M) | Time:00:00.13 | Mem:56.33M, Peak:56.33M | Scene, ViewLayer | Updating Camera Volume
Fra:1 Mem:162.29M (Peak 254.46M) | Time:00:00.13 | Mem:56.33M, Peak:56.33M | Scene, ViewLayer | Updating Lookup Tables
Fra:1 Mem:162.29M (Peak 254.46M) | Time:00:00.13 | Mem:56.58M, Peak:56.58M | Scene, ViewLayer | Updating Lights
Fra:1 Mem:162.29M (Peak 254.46M) | Time:00:00.13 | Mem:56.58M, Peak:56.58M | Scene, ViewLayer | Updating Lights | Computing distribution
Fra:1 Mem:162.29M (Peak 254.46M) | Time:00:00.13 | Mem:56.58M, Peak:56.58M | Scene, ViewLayer | Updating Lights | Importance map
Fra:1 Mem:226.33M (Peak 514.42M) | Time:00:00.27 | Mem:120.62M, Peak:280.59M | Scene, ViewLayer | Updating Integrator
Fra:1 Mem:226.33M (Peak 514.42M) | Time:00:00.27 | Mem:120.63M, Peak:280.59M | Scene, ViewLayer | Updating Film
Fra:1 Mem:226.34M (Peak 514.42M) | Time:00:00.27 | Mem:120.38M, Peak:280.59M | Scene, ViewLayer | Updating Lookup Tables
Fra:1 Mem:226.34M (Peak 514.42M) | Time:00:00.27 | Mem:120.64M, Peak:280.59M | Scene, ViewLayer | Updating Baking
Fra:1 Mem:226.34M (Peak 514.42M) | Time:00:00.27 | Mem:120.64M, Peak:280.59M | Scene, ViewLayer | Updating Device | Writing constant memory
Fra:1 Mem:226.34M (Peak 514.42M) | Time:00:00.27 | Mem:120.64M, Peak:280.59M | Scene, ViewLayer | Sample 0/32
Fra:1 Mem:245.43M (Peak 514.42M) | Time:00:00.28 | Remaining:00:00.22 | Mem:139.64M, Peak:280.59M | Scene, ViewLayer | Sample 1/32
Fra:1 Mem:253.43M (Peak 514.42M) | Time:00:00.52 | Mem:139.64M, Peak:280.59M | Scene, ViewLayer | Sample 32/32
Fra:1 Mem:253.43M (Peak 514.42M) | Time:00:00.52 | Mem:139.64M, Peak:280.59M | Scene, ViewLayer | Finished
Saved: '/home/janus/iwi9-datasets/objaverse-rendering/no_textures_5/bbfdec9a51d546df93995bfab89b3a78/005.png'
 Time: 00:00.56 (Saving: 00:00.03)

Fra:1 Mem:154.74M (Peak 194.90M) | Time:00:00.03 | Mem:0.00M, Peak:0.00M | Scene, ViewLayer | Synchronizing object | Object_2
Fra:1 Mem:154.74M (Peak 194.90M) | Time:00:00.03 | Mem:0.00M, Peak:0.00M | Scene, ViewLayer | Synchronizing object | Object_3
Fra:1 Mem:175.11M (Peak 254.53M) | Time:00:00.11 | Mem:0.00M, Peak:0.00M | Scene, ViewLayer | Initializing
Fra:1 Mem:126.73M (Peak 254.53M) | Time:00:00.11 | Mem:0.00M, Peak:0.00M | Scene, ViewLayer | Waiting for render to start
Fra:1 Mem:126.73M (Peak 254.53M) | Time:00:00.11 | Mem:0.00M, Peak:0.00M | Scene, ViewLayer | Loading render kernels (may take a few minutes the first time)
Fra:1 Mem:126.73M (Peak 254.53M) | Time:00:00.11 | Mem:0.00M, Peak:0.00M | Scene, ViewLayer | Updating Scene
Fra:1 Mem:126.73M (Peak 254.53M) | Time:00:00.11 | Mem:0.00M, Peak:0.00M | Scene, ViewLayer | Updating Shaders
Fra:1 Mem:126.98M (Peak 254.53M) | Time:00:00.11 | Mem:0.00M, Peak:0.00M | Scene, ViewLayer | Updating Procedurals
Fra:1 Mem:126.98M (Peak 254.53M) | Time:00:00.11 | Mem:0.00M, Peak:0.00M | Scene, ViewLayer | Updating Background
Fra:1 Mem:126.98M (Peak 254.53M) | Time:00:00.11 | Mem:0.00M, Peak:0.00M | Scene, ViewLayer | Updating Camera
Fra:1 Mem:126.98M (Peak 254.53M) | Time:00:00.11 | Mem:0.00M, Peak:0.00M | Scene, ViewLayer | Updating Meshes Flags
Fra:1 Mem:126.98M (Peak 254.53M) | Time:00:00.11 | Mem:0.00M, Peak:0.00M | Scene, ViewLayer | Updating Objects
Fra:1 Mem:126.98M (Peak 254.53M) | Time:00:00.11 | Mem:0.00M, Peak:0.00M | Scene, ViewLayer | Updating Objects | Copying Transformations to device
Fra:1 Mem:126.98M (Peak 254.53M) | Time:00:00.11 | Mem:0.00M, Peak:0.00M | Scene, ViewLayer | Updating Objects | Applying Static Transformations
Fra:1 Mem:126.98M (Peak 254.53M) | Time:00:00.11 | Mem:0.00M, Peak:0.00M | Scene, ViewLayer | Updating Particle Systems
Fra:1 Mem:126.98M (Peak 254.53M) | Time:00:00.11 | Mem:0.00M, Peak:0.00M | Scene, ViewLayer | Updating Particle Systems | Copying Particles to device
Fra:1 Mem:126.98M (Peak 254.53M) | Time:00:00.11 | Mem:0.00M, Peak:0.00M | Scene, ViewLayer | Updating Meshes
Fra:1 Mem:131.53M (Peak 254.53M) | Time:00:00.12 | Mem:0.00M, Peak:0.00M | Scene, ViewLayer | Updating Mesh | Computing attributes
Fra:1 Mem:140.52M (Peak 254.53M) | Time:00:00.12 | Mem:0.00M, Peak:0.00M | Scene, ViewLayer | Updating Mesh | Copying Attributes to device
Fra:1 Mem:140.52M (Peak 254.53M) | Time:00:00.12 | Mem:9.00M, Peak:9.00M | Scene, ViewLayer | Updating Scene BVH | Building
Fra:1 Mem:140.52M (Peak 254.53M) | Time:00:00.12 | Mem:9.00M, Peak:9.00M | Scene, ViewLayer | Updating Scene BVH | Building BVH
Fra:1 Mem:140.52M (Peak 254.53M) | Time:00:00.12 | Mem:30.59M, Peak:30.59M | Scene, ViewLayer | Updating Scene BVH | Building BVH 0%
Fra:1 Mem:140.52M (Peak 254.53M) | Time:00:00.13 | Mem:34.50M, Peak:50.50M | Scene, ViewLayer | Updating Scene BVH | Copying BVH to device
Fra:1 Mem:140.52M (Peak 254.53M) | Time:00:00.13 | Mem:34.50M, Peak:50.50M | Scene, ViewLayer | Updating Mesh | Computing normals
Fra:1 Mem:161.19M (Peak 254.53M) | Time:00:00.13 | Mem:34.50M, Peak:50.50M | Scene, ViewLayer | Updating Mesh | Copying Mesh to device
Fra:1 Mem:161.19M (Peak 254.53M) | Time:00:00.13 | Mem:55.18M, Peak:55.18M | Scene, ViewLayer | Updating Objects Flags
Fra:1 Mem:161.19M (Peak 254.53M) | Time:00:00.13 | Mem:55.18M, Peak:55.18M | Scene, ViewLayer | Updating Primitive Offsets
Fra:1 Mem:161.19M (Peak 254.53M) | Time:00:00.13 | Mem:55.18M, Peak:55.18M | Scene, ViewLayer | Updating Images
Fra:1 Mem:161.19M (Peak 254.53M) | Time:00:00.13 | Mem:55.18M, Peak:55.18M | Scene, ViewLayer | Updating Images | Loading 01049.exr
Fra:1 Mem:161.32M (Peak 254.53M) | Time:00:00.13 | Mem:55.18M, Peak:55.18M | Scene, ViewLayer | Updating Images | Loading meshed_0129.jpg
Fra:1 Mem:162.87M (Peak 254.53M) | Time:00:00.14 | Mem:56.84M, Peak:56.84M | Scene, ViewLayer | Updating Camera Volume
Fra:1 Mem:162.87M (Peak 254.53M) | Time:00:00.14 | Mem:56.84M, Peak:56.84M | Scene, ViewLayer | Updating Lookup Tables
Fra:1 Mem:162.87M (Peak 254.53M) | Time:00:00.14 | Mem:57.09M, Peak:57.09M | Scene, ViewLayer | Updating Lights
Fra:1 Mem:162.87M (Peak 254.53M) | Time:00:00.14 | Mem:57.09M, Peak:57.09M | Scene, ViewLayer | Updating Lights | Computing distribution
Fra:1 Mem:162.87M (Peak 254.53M) | Time:00:00.14 | Mem:57.09M, Peak:57.09M | Scene, ViewLayer | Updating Lights | Importance map
Fra:1 Mem:226.90M (Peak 515.00M) | Time:00:00.28 | Mem:121.13M, Peak:281.10M | Scene, ViewLayer | Updating Integrator
Fra:1 Mem:226.91M (Peak 515.00M) | Time:00:00.28 | Mem:121.14M, Peak:281.10M | Scene, ViewLayer | Updating Film
Fra:1 Mem:226.91M (Peak 515.00M) | Time:00:00.28 | Mem:120.89M, Peak:281.10M | Scene, ViewLayer | Updating Lookup Tables
Fra:1 Mem:226.91M (Peak 515.00M) | Time:00:00.28 | Mem:121.14M, Peak:281.10M | Scene, ViewLayer | Updating Baking
Fra:1 Mem:226.91M (Peak 515.00M) | Time:00:00.28 | Mem:121.14M, Peak:281.10M | Scene, ViewLayer | Updating Device | Writing constant memory
Fra:1 Mem:226.91M (Peak 515.00M) | Time:00:00.28 | Mem:121.14M, Peak:281.10M | Scene, ViewLayer | Sample 0/32
Fra:1 Mem:246.00M (Peak 515.00M) | Time:00:00.28 | Remaining:00:00.19 | Mem:140.14M, Peak:281.10M | Scene, ViewLayer | Sample 1/32
Fra:1 Mem:254.00M (Peak 515.00M) | Time:00:00.51 | Mem:140.14M, Peak:281.10M | Scene, ViewLayer | Sample 32/32
Fra:1 Mem:254.00M (Peak 515.00M) | Time:00:00.51 | Mem:140.14M, Peak:281.10M | Scene, ViewLayer | Finished
Saved: '/home/janus/iwi9-datasets/objaverse-rendering/no_textures_5/bbfdec9a51d546df93995bfab89b3a78/006.png'
 Time: 00:00.54 (Saving: 00:00.03)

Fra:1 Mem:154.81M (Peak 195.42M) | Time:00:00.03 | Mem:0.00M, Peak:0.00M | Scene, ViewLayer | Synchronizing object | Object_2
Fra:1 Mem:154.81M (Peak 195.42M) | Time:00:00.03 | Mem:0.00M, Peak:0.00M | Scene, ViewLayer | Synchronizing object | Object_4
Fra:1 Mem:175.17M (Peak 254.60M) | Time:00:00.11 | Mem:0.00M, Peak:0.00M | Scene, ViewLayer | Initializing
Fra:1 Mem:126.80M (Peak 254.60M) | Time:00:00.11 | Mem:0.00M, Peak:0.00M | Scene, ViewLayer | Waiting for render to start
Fra:1 Mem:126.80M (Peak 254.60M) | Time:00:00.11 | Mem:0.00M, Peak:0.00M | Scene, ViewLayer | Loading render kernels (may take a few minutes the first time)
Fra:1 Mem:126.80M (Peak 254.60M) | Time:00:00.11 | Mem:0.00M, Peak:0.00M | Scene, ViewLayer | Updating Scene
Fra:1 Mem:126.80M (Peak 254.60M) | Time:00:00.11 | Mem:0.00M, Peak:0.00M | Scene, ViewLayer | Updating Shaders
Fra:1 Mem:127.05M (Peak 254.60M) | Time:00:00.11 | Mem:0.00M, Peak:0.00M | Scene, ViewLayer | Updating Procedurals
Fra:1 Mem:127.05M (Peak 254.60M) | Time:00:00.11 | Mem:0.00M, Peak:0.00M | Scene, ViewLayer | Updating Background
Fra:1 Mem:127.05M (Peak 254.60M) | Time:00:00.11 | Mem:0.00M, Peak:0.00M | Scene, ViewLayer | Updating Camera
Fra:1 Mem:127.05M (Peak 254.60M) | Time:00:00.11 | Mem:0.00M, Peak:0.00M | Scene, ViewLayer | Updating Meshes Flags
Fra:1 Mem:127.05M (Peak 254.60M) | Time:00:00.11 | Mem:0.00M, Peak:0.00M | Scene, ViewLayer | Updating Objects
Fra:1 Mem:127.05M (Peak 254.60M) | Time:00:00.11 | Mem:0.00M, Peak:0.00M | Scene, ViewLayer | Updating Objects | Copying Transformations to device
Fra:1 Mem:127.05M (Peak 254.60M) | Time:00:00.11 | Mem:0.00M, Peak:0.00M | Scene, ViewLayer | Updating Objects | Applying Static Transformations
Fra:1 Mem:127.05M (Peak 254.60M) | Time:00:00.11 | Mem:0.00M, Peak:0.00M | Scene, ViewLayer | Updating Particle Systems
Fra:1 Mem:127.05M (Peak 254.60M) | Time:00:00.11 | Mem:0.00M, Peak:0.00M | Scene, ViewLayer | Updating Particle Systems | Copying Particles to device
Fra:1 Mem:127.05M (Peak 254.60M) | Time:00:00.11 | Mem:0.00M, Peak:0.00M | Scene, ViewLayer | Updating Meshes
Fra:1 Mem:131.59M (Peak 254.60M) | Time:00:00.12 | Mem:0.00M, Peak:0.00M | Scene, ViewLayer | Updating Mesh | Computing attributes
Fra:1 Mem:140.59M (Peak 254.60M) | Time:00:00.12 | Mem:0.00M, Peak:0.00M | Scene, ViewLayer | Updating Mesh | Copying Attributes to device
Fra:1 Mem:140.59M (Peak 254.60M) | Time:00:00.12 | Mem:9.00M, Peak:9.00M | Scene, ViewLayer | Updating Scene BVH | Building
Fra:1 Mem:140.59M (Peak 254.60M) | Time:00:00.12 | Mem:9.00M, Peak:9.00M | Scene, ViewLayer | Updating Scene BVH | Building BVH
Fra:1 Mem:140.59M (Peak 254.60M) | Time:00:00.12 | Mem:30.59M, Peak:30.59M | Scene, ViewLayer | Updating Scene BVH | Building BVH 0%
Fra:1 Mem:140.59M (Peak 254.60M) | Time:00:00.13 | Mem:34.50M, Peak:50.50M | Scene, ViewLayer | Updating Scene BVH | Copying BVH to device
Fra:1 Mem:140.59M (Peak 254.60M) | Time:00:00.13 | Mem:34.50M, Peak:50.50M | Scene, ViewLayer | Updating Mesh | Computing normals
Fra:1 Mem:161.26M (Peak 254.60M) | Time:00:00.13 | Mem:34.50M, Peak:50.50M | Scene, ViewLayer | Updating Mesh | Copying Mesh to device
Fra:1 Mem:161.26M (Peak 254.60M) | Time:00:00.13 | Mem:55.18M, Peak:55.18M | Scene, ViewLayer | Updating Objects Flags
Fra:1 Mem:161.26M (Peak 254.60M) | Time:00:00.13 | Mem:55.18M, Peak:55.18M | Scene, ViewLayer | Updating Primitive Offsets
Fra:1 Mem:161.26M (Peak 254.60M) | Time:00:00.13 | Mem:55.18M, Peak:55.18M | Scene, ViewLayer | Updating Images
Fra:1 Mem:161.26M (Peak 254.60M) | Time:00:00.13 | Mem:55.18M, Peak:55.18M | Scene, ViewLayer | Updating Images | Loading 01049.exr
Fra:1 Mem:161.38M (Peak 254.60M) | Time:00:00.13 | Mem:55.18M, Peak:55.18M | Scene, ViewLayer | Updating Images | Loading meshed_0191.jpg
Fra:1 Mem:162.57M (Peak 254.60M) | Time:00:00.14 | Mem:56.47M, Peak:56.47M | Scene, ViewLayer | Updating Camera Volume
Fra:1 Mem:162.57M (Peak 254.60M) | Time:00:00.14 | Mem:56.47M, Peak:56.47M | Scene, ViewLayer | Updating Lookup Tables
Fra:1 Mem:162.57M (Peak 254.60M) | Time:00:00.14 | Mem:56.72M, Peak:56.72M | Scene, ViewLayer | Updating Lights
Fra:1 Mem:162.57M (Peak 254.60M) | Time:00:00.14 | Mem:56.72M, Peak:56.72M | Scene, ViewLayer | Updating Lights | Computing distribution
Fra:1 Mem:162.57M (Peak 254.60M) | Time:00:00.14 | Mem:56.72M, Peak:56.72M | Scene, ViewLayer | Updating Lights | Importance map
Fra:1 Mem:226.60M (Peak 514.70M) | Time:00:00.28 | Mem:120.77M, Peak:280.73M | Scene, ViewLayer | Updating Integrator
Fra:1 Mem:226.61M (Peak 514.70M) | Time:00:00.28 | Mem:120.77M, Peak:280.73M | Scene, ViewLayer | Updating Film
Fra:1 Mem:226.61M (Peak 514.70M) | Time:00:00.28 | Mem:120.52M, Peak:280.73M | Scene, ViewLayer | Updating Lookup Tables
Fra:1 Mem:226.61M (Peak 514.70M) | Time:00:00.28 | Mem:120.78M, Peak:280.73M | Scene, ViewLayer | Updating Baking
Fra:1 Mem:226.61M (Peak 514.70M) | Time:00:00.28 | Mem:120.78M, Peak:280.73M | Scene, ViewLayer | Updating Device | Writing constant memory
Fra:1 Mem:226.61M (Peak 514.70M) | Time:00:00.28 | Mem:120.78M, Peak:280.73M | Scene, ViewLayer | Sample 0/32
Fra:1 Mem:245.70M (Peak 514.70M) | Time:00:00.29 | Remaining:00:00.27 | Mem:139.78M, Peak:280.73M | Scene, ViewLayer | Sample 1/32
Fra:1 Mem:253.70M (Peak 514.70M) | Time:00:00.59 | Mem:139.78M, Peak:280.73M | Scene, ViewLayer | Sample 32/32
Fra:1 Mem:253.70M (Peak 514.70M) | Time:00:00.59 | Mem:139.78M, Peak:280.73M | Scene, ViewLayer | Finished
Saved: '/home/janus/iwi9-datasets/objaverse-rendering/no_textures_5/bbfdec9a51d546df93995bfab89b3a78/007.png'
 Time: 00:00.63 (Saving: 00:00.03)

Fra:1 Mem:154.87M (Peak 195.23M) | Time:00:00.03 | Mem:0.00M, Peak:0.00M | Scene, ViewLayer | Synchronizing object | Object_2
Fra:1 Mem:155.84M (Peak 195.23M) | Time:00:00.03 | Mem:0.00M, Peak:0.00M | Scene, ViewLayer | Synchronizing object | Object_4
Fra:1 Mem:175.24M (Peak 254.66M) | Time:00:00.11 | Mem:0.00M, Peak:0.00M | Scene, ViewLayer | Initializing
Fra:1 Mem:126.86M (Peak 254.66M) | Time:00:00.11 | Mem:0.00M, Peak:0.00M | Scene, ViewLayer | Waiting for render to start
Fra:1 Mem:126.86M (Peak 254.66M) | Time:00:00.11 | Mem:0.00M, Peak:0.00M | Scene, ViewLayer | Loading render kernels (may take a few minutes the first time)
Fra:1 Mem:126.86M (Peak 254.66M) | Time:00:00.11 | Mem:0.00M, Peak:0.00M | Scene, ViewLayer | Updating Scene
Fra:1 Mem:126.86M (Peak 254.66M) | Time:00:00.11 | Mem:0.00M, Peak:0.00M | Scene, ViewLayer | Updating Shaders
Fra:1 Mem:127.12M (Peak 254.66M) | Time:00:00.11 | Mem:0.00M, Peak:0.00M | Scene, ViewLayer | Updating Procedurals
Fra:1 Mem:127.12M (Peak 254.66M) | Time:00:00.11 | Mem:0.00M, Peak:0.00M | Scene, ViewLayer | Updating Background
Fra:1 Mem:127.12M (Peak 254.66M) | Time:00:00.11 | Mem:0.00M, Peak:0.00M | Scene, ViewLayer | Updating Camera
Fra:1 Mem:127.12M (Peak 254.66M) | Time:00:00.11 | Mem:0.00M, Peak:0.00M | Scene, ViewLayer | Updating Meshes Flags
Fra:1 Mem:127.12M (Peak 254.66M) | Time:00:00.11 | Mem:0.00M, Peak:0.00M | Scene, ViewLayer | Updating Objects
Fra:1 Mem:127.12M (Peak 254.66M) | Time:00:00.11 | Mem:0.00M, Peak:0.00M | Scene, ViewLayer | Updating Objects | Copying Transformations to device
Fra:1 Mem:127.12M (Peak 254.66M) | Time:00:00.11 | Mem:0.00M, Peak:0.00M | Scene, ViewLayer | Updating Objects | Applying Static Transformations
Fra:1 Mem:127.12M (Peak 254.66M) | Time:00:00.11 | Mem:0.00M, Peak:0.00M | Scene, ViewLayer | Updating Particle Systems
Fra:1 Mem:127.12M (Peak 254.66M) | Time:00:00.11 | Mem:0.00M, Peak:0.00M | Scene, ViewLayer | Updating Particle Systems | Copying Particles to device
Fra:1 Mem:127.12M (Peak 254.66M) | Time:00:00.11 | Mem:0.00M, Peak:0.00M | Scene, ViewLayer | Updating Meshes
Fra:1 Mem:131.66M (Peak 254.66M) | Time:00:00.12 | Mem:0.00M, Peak:0.00M | Scene, ViewLayer | Updating Mesh | Computing attributes
Fra:1 Mem:140.66M (Peak 254.66M) | Time:00:00.12 | Mem:0.00M, Peak:0.00M | Scene, ViewLayer | Updating Mesh | Copying Attributes to device
Fra:1 Mem:140.66M (Peak 254.66M) | Time:00:00.12 | Mem:9.00M, Peak:9.00M | Scene, ViewLayer | Updating Scene BVH | Building
Fra:1 Mem:140.66M (Peak 254.66M) | Time:00:00.12 | Mem:9.00M, Peak:9.00M | Scene, ViewLayer | Updating Scene BVH | Building BVH
Fra:1 Mem:140.66M (Peak 254.66M) | Time:00:00.12 | Mem:30.59M, Peak:30.59M | Scene, ViewLayer | Updating Scene BVH | Building BVH 0%
Fra:1 Mem:140.66M (Peak 254.66M) | Time:00:00.13 | Mem:34.50M, Peak:50.50M | Scene, ViewLayer | Updating Scene BVH | Copying BVH to device
Fra:1 Mem:140.66M (Peak 254.66M) | Time:00:00.13 | Mem:34.50M, Peak:50.50M | Scene, ViewLayer | Updating Mesh | Computing normals
Fra:1 Mem:161.33M (Peak 254.66M) | Time:00:00.14 | Mem:34.50M, Peak:50.50M | Scene, ViewLayer | Updating Mesh | Copying Mesh to device
Fra:1 Mem:161.33M (Peak 254.66M) | Time:00:00.14 | Mem:55.18M, Peak:55.18M | Scene, ViewLayer | Updating Objects Flags
Fra:1 Mem:161.33M (Peak 254.66M) | Time:00:00.14 | Mem:55.18M, Peak:55.18M | Scene, ViewLayer | Updating Primitive Offsets
Fra:1 Mem:161.33M (Peak 254.66M) | Time:00:00.14 | Mem:55.18M, Peak:55.18M | Scene, ViewLayer | Updating Images
Fra:1 Mem:161.33M (Peak 254.66M) | Time:00:00.14 | Mem:55.18M, Peak:55.18M | Scene, ViewLayer | Updating Images | Loading 01049.exr
Fra:1 Mem:161.45M (Peak 254.66M) | Time:00:00.14 | Mem:55.18M, Peak:55.18M | Scene, ViewLayer | Updating Images | Loading lacelike_0058.jpg
Fra:1 Mem:162.64M (Peak 254.66M) | Time:00:00.14 | Mem:56.47M, Peak:56.47M | Scene, ViewLayer | Updating Camera Volume
Fra:1 Mem:162.64M (Peak 254.66M) | Time:00:00.14 | Mem:56.47M, Peak:56.47M | Scene, ViewLayer | Updating Lookup Tables
Fra:1 Mem:162.64M (Peak 254.66M) | Time:00:00.14 | Mem:56.72M, Peak:56.72M | Scene, ViewLayer | Updating Lights
Fra:1 Mem:162.64M (Peak 254.66M) | Time:00:00.14 | Mem:56.72M, Peak:56.72M | Scene, ViewLayer | Updating Lights | Computing distribution
Fra:1 Mem:162.64M (Peak 254.66M) | Time:00:00.14 | Mem:56.72M, Peak:56.72M | Scene, ViewLayer | Updating Lights | Importance map
Fra:1 Mem:226.67M (Peak 514.76M) | Time:00:00.28 | Mem:120.77M, Peak:280.73M | Scene, ViewLayer | Updating Integrator
Fra:1 Mem:226.67M (Peak 514.76M) | Time:00:00.28 | Mem:120.77M, Peak:280.73M | Scene, ViewLayer | Updating Film
Fra:1 Mem:226.68M (Peak 514.76M) | Time:00:00.28 | Mem:120.52M, Peak:280.73M | Scene, ViewLayer | Updating Lookup Tables
Fra:1 Mem:226.68M (Peak 514.76M) | Time:00:00.28 | Mem:120.78M, Peak:280.73M | Scene, ViewLayer | Updating Baking
Fra:1 Mem:226.68M (Peak 514.76M) | Time:00:00.28 | Mem:120.78M, Peak:280.73M | Scene, ViewLayer | Updating Device | Writing constant memory
Fra:1 Mem:226.68M (Peak 514.76M) | Time:00:00.28 | Mem:120.78M, Peak:280.73M | Scene, ViewLayer | Sample 0/32
Fra:1 Mem:245.77M (Peak 514.76M) | Time:00:00.29 | Remaining:00:00.30 | Mem:139.78M, Peak:280.73M | Scene, ViewLayer | Sample 1/32
Fra:1 Mem:253.77M (Peak 514.76M) | Time:00:00.58 | Mem:139.78M, Peak:280.73M | Scene, ViewLayer | Sample 32/32
Fra:1 Mem:253.77M (Peak 514.76M) | Time:00:00.58 | Mem:139.78M, Peak:280.73M | Scene, ViewLayer | Finished
Saved: '/home/janus/iwi9-datasets/objaverse-rendering/no_textures_5/bbfdec9a51d546df93995bfab89b3a78/008.png'
 Time: 00:00.61 (Saving: 00:00.03)

Fra:1 Mem:154.95M (Peak 195.36M) | Time:00:00.03 | Mem:0.00M, Peak:0.00M | Scene, ViewLayer | Synchronizing object | Object_2
Fra:1 Mem:155.91M (Peak 195.36M) | Time:00:00.03 | Mem:0.00M, Peak:0.00M | Scene, ViewLayer | Synchronizing object | Object_4
Fra:1 Mem:175.31M (Peak 254.73M) | Time:00:00.10 | Mem:0.00M, Peak:0.00M | Scene, ViewLayer | Initializing
Fra:1 Mem:126.93M (Peak 254.73M) | Time:00:00.11 | Mem:0.00M, Peak:0.00M | Scene, ViewLayer | Waiting for render to start
Fra:1 Mem:126.93M (Peak 254.73M) | Time:00:00.11 | Mem:0.00M, Peak:0.00M | Scene, ViewLayer | Loading render kernels (may take a few minutes the first time)
Fra:1 Mem:126.93M (Peak 254.73M) | Time:00:00.11 | Mem:0.00M, Peak:0.00M | Scene, ViewLayer | Updating Scene
Fra:1 Mem:126.93M (Peak 254.73M) | Time:00:00.11 | Mem:0.00M, Peak:0.00M | Scene, ViewLayer | Updating Shaders
Fra:1 Mem:127.19M (Peak 254.73M) | Time:00:00.11 | Mem:0.00M, Peak:0.00M | Scene, ViewLayer | Updating Procedurals
Fra:1 Mem:127.19M (Peak 254.73M) | Time:00:00.11 | Mem:0.00M, Peak:0.00M | Scene, ViewLayer | Updating Background
Fra:1 Mem:127.19M (Peak 254.73M) | Time:00:00.11 | Mem:0.00M, Peak:0.00M | Scene, ViewLayer | Updating Camera
Fra:1 Mem:127.19M (Peak 254.73M) | Time:00:00.11 | Mem:0.00M, Peak:0.00M | Scene, ViewLayer | Updating Meshes Flags
Fra:1 Mem:127.19M (Peak 254.73M) | Time:00:00.11 | Mem:0.00M, Peak:0.00M | Scene, ViewLayer | Updating Objects
Fra:1 Mem:127.19M (Peak 254.73M) | Time:00:00.11 | Mem:0.00M, Peak:0.00M | Scene, ViewLayer | Updating Objects | Copying Transformations to device
Fra:1 Mem:127.19M (Peak 254.73M) | Time:00:00.11 | Mem:0.00M, Peak:0.00M | Scene, ViewLayer | Updating Objects | Applying Static Transformations
Fra:1 Mem:127.19M (Peak 254.73M) | Time:00:00.11 | Mem:0.00M, Peak:0.00M | Scene, ViewLayer | Updating Particle Systems
Fra:1 Mem:127.19M (Peak 254.73M) | Time:00:00.11 | Mem:0.00M, Peak:0.00M | Scene, ViewLayer | Updating Particle Systems | Copying Particles to device
Fra:1 Mem:127.19M (Peak 254.73M) | Time:00:00.11 | Mem:0.00M, Peak:0.00M | Scene, ViewLayer | Updating Meshes
Fra:1 Mem:131.73M (Peak 254.73M) | Time:00:00.12 | Mem:0.00M, Peak:0.00M | Scene, ViewLayer | Updating Mesh | Computing attributes
Fra:1 Mem:140.73M (Peak 254.73M) | Time:00:00.12 | Mem:0.00M, Peak:0.00M | Scene, ViewLayer | Updating Mesh | Copying Attributes to device
Fra:1 Mem:140.73M (Peak 254.73M) | Time:00:00.12 | Mem:9.00M, Peak:9.00M | Scene, ViewLayer | Updating Scene BVH | Building
Fra:1 Mem:140.73M (Peak 254.73M) | Time:00:00.12 | Mem:9.00M, Peak:9.00M | Scene, ViewLayer | Updating Scene BVH | Building BVH
Fra:1 Mem:140.73M (Peak 254.73M) | Time:00:00.12 | Mem:30.59M, Peak:30.59M | Scene, ViewLayer | Updating Scene BVH | Building BVH 0%
Fra:1 Mem:140.73M (Peak 254.73M) | Time:00:00.13 | Mem:34.50M, Peak:50.50M | Scene, ViewLayer | Updating Scene BVH | Copying BVH to device
Fra:1 Mem:140.73M (Peak 254.73M) | Time:00:00.13 | Mem:34.50M, Peak:50.50M | Scene, ViewLayer | Updating Mesh | Computing normals
Fra:1 Mem:161.40M (Peak 254.73M) | Time:00:00.13 | Mem:34.50M, Peak:50.50M | Scene, ViewLayer | Updating Mesh | Copying Mesh to device
Fra:1 Mem:161.40M (Peak 254.73M) | Time:00:00.13 | Mem:55.18M, Peak:55.18M | Scene, ViewLayer | Updating Objects Flags
Fra:1 Mem:161.40M (Peak 254.73M) | Time:00:00.13 | Mem:55.18M, Peak:55.18M | Scene, ViewLayer | Updating Primitive Offsets
Fra:1 Mem:161.40M (Peak 254.73M) | Time:00:00.13 | Mem:55.18M, Peak:55.18M | Scene, ViewLayer | Updating Images
Fra:1 Mem:161.40M (Peak 254.73M) | Time:00:00.13 | Mem:55.18M, Peak:55.18M | Scene, ViewLayer | Updating Images | Loading 01049.exr
Fra:1 Mem:161.52M (Peak 254.73M) | Time:00:00.13 | Mem:55.18M, Peak:55.18M | Scene, ViewLayer | Updating Images | Loading polka-dotted_0143.jpg
Fra:1 Mem:163.10M (Peak 254.73M) | Time:00:00.14 | Mem:56.86M, Peak:56.86M | Scene, ViewLayer | Updating Camera Volume
Fra:1 Mem:163.10M (Peak 254.73M) | Time:00:00.14 | Mem:56.86M, Peak:56.86M | Scene, ViewLayer | Updating Lookup Tables
Fra:1 Mem:163.10M (Peak 254.73M) | Time:00:00.14 | Mem:57.11M, Peak:57.11M | Scene, ViewLayer | Updating Lights
Fra:1 Mem:163.10M (Peak 254.73M) | Time:00:00.14 | Mem:57.11M, Peak:57.11M | Scene, ViewLayer | Updating Lights | Computing distribution
Fra:1 Mem:163.10M (Peak 254.73M) | Time:00:00.14 | Mem:57.11M, Peak:57.11M | Scene, ViewLayer | Updating Lights | Importance map
Fra:1 Mem:227.13M (Peak 515.23M) | Time:00:00.28 | Mem:121.16M, Peak:281.13M | Scene, ViewLayer | Updating Integrator
Fra:1 Mem:227.14M (Peak 515.23M) | Time:00:00.28 | Mem:121.16M, Peak:281.13M | Scene, ViewLayer | Updating Film
Fra:1 Mem:227.14M (Peak 515.23M) | Time:00:00.28 | Mem:120.91M, Peak:281.13M | Scene, ViewLayer | Updating Lookup Tables
Fra:1 Mem:227.14M (Peak 515.23M) | Time:00:00.28 | Mem:121.17M, Peak:281.13M | Scene, ViewLayer | Updating Baking
Fra:1 Mem:227.14M (Peak 515.23M) | Time:00:00.28 | Mem:121.17M, Peak:281.13M | Scene, ViewLayer | Updating Device | Writing constant memory
Fra:1 Mem:227.14M (Peak 515.23M) | Time:00:00.28 | Mem:121.17M, Peak:281.13M | Scene, ViewLayer | Sample 0/32
Fra:1 Mem:246.23M (Peak 515.23M) | Time:00:00.29 | Remaining:00:00.30 | Mem:140.17M, Peak:281.13M | Scene, ViewLayer | Sample 1/32
Fra:1 Mem:254.23M (Peak 515.23M) | Time:00:00.58 | Mem:140.17M, Peak:281.13M | Scene, ViewLayer | Sample 32/32
Fra:1 Mem:254.23M (Peak 515.23M) | Time:00:00.58 | Mem:140.17M, Peak:281.13M | Scene, ViewLayer | Finished
Saved: '/home/janus/iwi9-datasets/objaverse-rendering/no_textures_5/bbfdec9a51d546df93995bfab89b3a78/009.png'
 Time: 00:00.62 (Saving: 00:00.03)

Fra:1 Mem:155.02M (Peak 195.62M) | Time:00:00.03 | Mem:0.00M, Peak:0.00M | Scene, ViewLayer | Synchronizing object | Object_2
Fra:1 Mem:155.02M (Peak 195.62M) | Time:00:00.03 | Mem:0.00M, Peak:0.00M | Scene, ViewLayer | Synchronizing object | Object_4
Fra:1 Mem:175.38M (Peak 248.83M) | Time:00:00.11 | Mem:0.00M, Peak:0.00M | Scene, ViewLayer | Initializing
Fra:1 Mem:127.00M (Peak 248.83M) | Time:00:00.11 | Mem:0.00M, Peak:0.00M | Scene, ViewLayer | Waiting for render to start
Fra:1 Mem:127.01M (Peak 248.83M) | Time:00:00.11 | Mem:0.00M, Peak:0.00M | Scene, ViewLayer | Loading render kernels (may take a few minutes the first time)
Fra:1 Mem:127.01M (Peak 248.83M) | Time:00:00.11 | Mem:0.00M, Peak:0.00M | Scene, ViewLayer | Updating Scene
Fra:1 Mem:127.01M (Peak 248.83M) | Time:00:00.11 | Mem:0.00M, Peak:0.00M | Scene, ViewLayer | Updating Shaders
Fra:1 Mem:127.26M (Peak 248.83M) | Time:00:00.11 | Mem:0.00M, Peak:0.00M | Scene, ViewLayer | Updating Procedurals
Fra:1 Mem:127.26M (Peak 248.83M) | Time:00:00.11 | Mem:0.00M, Peak:0.00M | Scene, ViewLayer | Updating Background
Fra:1 Mem:127.26M (Peak 248.83M) | Time:00:00.11 | Mem:0.00M, Peak:0.00M | Scene, ViewLayer | Updating Camera
Fra:1 Mem:127.26M (Peak 248.83M) | Time:00:00.11 | Mem:0.00M, Peak:0.00M | Scene, ViewLayer | Updating Meshes Flags
Fra:1 Mem:127.26M (Peak 248.83M) | Time:00:00.11 | Mem:0.00M, Peak:0.00M | Scene, ViewLayer | Updating Objects
Fra:1 Mem:127.26M (Peak 248.83M) | Time:00:00.11 | Mem:0.00M, Peak:0.00M | Scene, ViewLayer | Updating Objects | Copying Transformations to device
Fra:1 Mem:127.26M (Peak 248.83M) | Time:00:00.11 | Mem:0.00M, Peak:0.00M | Scene, ViewLayer | Updating Objects | Applying Static Transformations
Fra:1 Mem:127.26M (Peak 248.83M) | Time:00:00.12 | Mem:0.00M, Peak:0.00M | Scene, ViewLayer | Updating Particle Systems
Fra:1 Mem:127.26M (Peak 248.83M) | Time:00:00.12 | Mem:0.00M, Peak:0.00M | Scene, ViewLayer | Updating Particle Systems | Copying Particles to device
Fra:1 Mem:127.26M (Peak 248.83M) | Time:00:00.12 | Mem:0.00M, Peak:0.00M | Scene, ViewLayer | Updating Meshes
Fra:1 Mem:131.80M (Peak 248.83M) | Time:00:00.12 | Mem:0.00M, Peak:0.00M | Scene, ViewLayer | Updating Mesh | Computing attributes
Fra:1 Mem:140.80M (Peak 248.83M) | Time:00:00.12 | Mem:0.00M, Peak:0.00M | Scene, ViewLayer | Updating Mesh | Copying Attributes to device
Fra:1 Mem:140.80M (Peak 248.83M) | Time:00:00.12 | Mem:9.00M, Peak:9.00M | Scene, ViewLayer | Updating Scene BVH | Building
Fra:1 Mem:140.80M (Peak 248.83M) | Time:00:00.12 | Mem:9.00M, Peak:9.00M | Scene, ViewLayer | Updating Scene BVH | Building BVH
Fra:1 Mem:140.80M (Peak 248.83M) | Time:00:00.13 | Mem:30.59M, Peak:30.59M | Scene, ViewLayer | Updating Scene BVH | Building BVH 0%
Fra:1 Mem:140.80M (Peak 248.83M) | Time:00:00.14 | Mem:34.50M, Peak:50.50M | Scene, ViewLayer | Updating Scene BVH | Copying BVH to device
Fra:1 Mem:140.80M (Peak 248.83M) | Time:00:00.14 | Mem:34.50M, Peak:50.50M | Scene, ViewLayer | Updating Mesh | Computing normals
Fra:1 Mem:161.47M (Peak 248.83M) | Time:00:00.14 | Mem:34.50M, Peak:50.50M | Scene, ViewLayer | Updating Mesh | Copying Mesh to device
Fra:1 Mem:161.47M (Peak 248.83M) | Time:00:00.14 | Mem:55.18M, Peak:55.18M | Scene, ViewLayer | Updating Objects Flags
Fra:1 Mem:161.47M (Peak 248.83M) | Time:00:00.14 | Mem:55.18M, Peak:55.18M | Scene, ViewLayer | Updating Primitive Offsets
Fra:1 Mem:161.47M (Peak 248.83M) | Time:00:00.14 | Mem:55.18M, Peak:55.18M | Scene, ViewLayer | Updating Images
Fra:1 Mem:161.47M (Peak 248.83M) | Time:00:00.14 | Mem:55.18M, Peak:55.18M | Scene, ViewLayer | Updating Images | Loading 01049.exr
Fra:1 Mem:161.59M (Peak 248.83M) | Time:00:00.14 | Mem:55.18M, Peak:55.18M | Scene, ViewLayer | Updating Images | Loading woven_0093.jpg
Fra:1 Mem:162.60M (Peak 248.83M) | Time:00:00.15 | Mem:56.30M, Peak:56.30M | Scene, ViewLayer | Updating Camera Volume
Fra:1 Mem:162.60M (Peak 248.83M) | Time:00:00.15 | Mem:56.30M, Peak:56.30M | Scene, ViewLayer | Updating Lookup Tables
Fra:1 Mem:162.60M (Peak 248.83M) | Time:00:00.15 | Mem:56.55M, Peak:56.55M | Scene, ViewLayer | Updating Lights
Fra:1 Mem:162.60M (Peak 248.83M) | Time:00:00.15 | Mem:56.55M, Peak:56.55M | Scene, ViewLayer | Updating Lights | Computing distribution
Fra:1 Mem:162.60M (Peak 248.83M) | Time:00:00.15 | Mem:56.55M, Peak:56.55M | Scene, ViewLayer | Updating Lights | Importance map
Fra:1 Mem:226.64M (Peak 514.73M) | Time:00:00.29 | Mem:120.59M, Peak:280.56M | Scene, ViewLayer | Updating Integrator
Fra:1 Mem:226.64M (Peak 514.73M) | Time:00:00.29 | Mem:120.60M, Peak:280.56M | Scene, ViewLayer | Updating Film
Fra:1 Mem:226.65M (Peak 514.73M) | Time:00:00.29 | Mem:120.35M, Peak:280.56M | Scene, ViewLayer | Updating Lookup Tables
Fra:1 Mem:226.65M (Peak 514.73M) | Time:00:00.29 | Mem:120.61M, Peak:280.56M | Scene, ViewLayer | Updating Baking
Fra:1 Mem:226.65M (Peak 514.73M) | Time:00:00.29 | Mem:120.61M, Peak:280.56M | Scene, ViewLayer | Updating Device | Writing constant memory
Fra:1 Mem:226.65M (Peak 514.73M) | Time:00:00.29 | Mem:120.61M, Peak:280.56M | Scene, ViewLayer | Sample 0/32
Fra:1 Mem:245.74M (Peak 514.73M) | Time:00:00.30 | Remaining:00:00.30 | Mem:139.61M, Peak:280.56M | Scene, ViewLayer | Sample 1/32
Fra:1 Mem:253.74M (Peak 514.73M) | Time:00:00.63 | Mem:139.61M, Peak:280.56M | Scene, ViewLayer | Sample 32/32
Fra:1 Mem:253.74M (Peak 514.73M) | Time:00:00.63 | Mem:139.61M, Peak:280.56M | Scene, ViewLayer | Finished
Saved: '/home/janus/iwi9-datasets/objaverse-rendering/no_textures_5/bbfdec9a51d546df93995bfab89b3a78/010.png'
 Time: 00:00.67 (Saving: 00:00.03)

Fra:1 Mem:155.08M (Peak 196.27M) | Time:00:00.03 | Mem:0.00M, Peak:0.00M | Scene, ViewLayer | Synchronizing object | Object_2
Fra:1 Mem:155.08M (Peak 196.27M) | Time:00:00.03 | Mem:0.00M, Peak:0.00M | Scene, ViewLayer | Synchronizing object | Object_4
Fra:1 Mem:175.45M (Peak 254.87M) | Time:00:00.11 | Mem:0.00M, Peak:0.00M | Scene, ViewLayer | Initializing
Fra:1 Mem:127.07M (Peak 254.87M) | Time:00:00.11 | Mem:0.00M, Peak:0.00M | Scene, ViewLayer | Waiting for render to start
Fra:1 Mem:127.07M (Peak 254.87M) | Time:00:00.11 | Mem:0.00M, Peak:0.00M | Scene, ViewLayer | Loading render kernels (may take a few minutes the first time)
Fra:1 Mem:127.07M (Peak 254.87M) | Time:00:00.11 | Mem:0.00M, Peak:0.00M | Scene, ViewLayer | Updating Scene
Fra:1 Mem:127.07M (Peak 254.87M) | Time:00:00.11 | Mem:0.00M, Peak:0.00M | Scene, ViewLayer | Updating Shaders
Fra:1 Mem:127.32M (Peak 254.87M) | Time:00:00.11 | Mem:0.00M, Peak:0.00M | Scene, ViewLayer | Updating Procedurals
Fra:1 Mem:127.32M (Peak 254.87M) | Time:00:00.11 | Mem:0.00M, Peak:0.00M | Scene, ViewLayer | Updating Background
Fra:1 Mem:127.32M (Peak 254.87M) | Time:00:00.11 | Mem:0.00M, Peak:0.00M | Scene, ViewLayer | Updating Camera
Fra:1 Mem:127.32M (Peak 254.87M) | Time:00:00.11 | Mem:0.00M, Peak:0.00M | Scene, ViewLayer | Updating Meshes Flags
Fra:1 Mem:127.32M (Peak 254.87M) | Time:00:00.11 | Mem:0.00M, Peak:0.00M | Scene, ViewLayer | Updating Objects
Fra:1 Mem:127.32M (Peak 254.87M) | Time:00:00.11 | Mem:0.00M, Peak:0.00M | Scene, ViewLayer | Updating Objects | Copying Transformations to device
Fra:1 Mem:127.32M (Peak 254.87M) | Time:00:00.11 | Mem:0.00M, Peak:0.00M | Scene, ViewLayer | Updating Objects | Applying Static Transformations
Fra:1 Mem:127.32M (Peak 254.87M) | Time:00:00.11 | Mem:0.00M, Peak:0.00M | Scene, ViewLayer | Updating Particle Systems
Fra:1 Mem:127.32M (Peak 254.87M) | Time:00:00.11 | Mem:0.00M, Peak:0.00M | Scene, ViewLayer | Updating Particle Systems | Copying Particles to device
Fra:1 Mem:127.33M (Peak 254.87M) | Time:00:00.11 | Mem:0.00M, Peak:0.00M | Scene, ViewLayer | Updating Meshes
Fra:1 Mem:131.87M (Peak 254.87M) | Time:00:00.12 | Mem:0.00M, Peak:0.00M | Scene, ViewLayer | Updating Mesh | Computing attributes
Fra:1 Mem:140.86M (Peak 254.87M) | Time:00:00.12 | Mem:0.00M, Peak:0.00M | Scene, ViewLayer | Updating Mesh | Copying Attributes to device
Fra:1 Mem:140.86M (Peak 254.87M) | Time:00:00.12 | Mem:9.00M, Peak:9.00M | Scene, ViewLayer | Updating Scene BVH | Building
Fra:1 Mem:140.86M (Peak 254.87M) | Time:00:00.12 | Mem:9.00M, Peak:9.00M | Scene, ViewLayer | Updating Scene BVH | Building BVH
Fra:1 Mem:140.86M (Peak 254.87M) | Time:00:00.12 | Mem:30.59M, Peak:30.59M | Scene, ViewLayer | Updating Scene BVH | Building BVH 0%
Fra:1 Mem:140.86M (Peak 254.87M) | Time:00:00.13 | Mem:34.50M, Peak:50.50M | Scene, ViewLayer | Updating Scene BVH | Copying BVH to device
Fra:1 Mem:140.86M (Peak 254.87M) | Time:00:00.13 | Mem:34.50M, Peak:50.50M | Scene, ViewLayer | Updating Mesh | Computing normals
Fra:1 Mem:161.53M (Peak 254.87M) | Time:00:00.14 | Mem:34.50M, Peak:50.50M | Scene, ViewLayer | Updating Mesh | Copying Mesh to device
Fra:1 Mem:161.53M (Peak 254.87M) | Time:00:00.14 | Mem:55.18M, Peak:55.18M | Scene, ViewLayer | Updating Objects Flags
Fra:1 Mem:161.53M (Peak 254.87M) | Time:00:00.14 | Mem:55.18M, Peak:55.18M | Scene, ViewLayer | Updating Primitive Offsets
Fra:1 Mem:161.53M (Peak 254.87M) | Time:00:00.14 | Mem:55.18M, Peak:55.18M | Scene, ViewLayer | Updating Images
Fra:1 Mem:161.53M (Peak 254.87M) | Time:00:00.14 | Mem:55.18M, Peak:55.18M | Scene, ViewLayer | Updating Images | Loading 01049.exr
Fra:1 Mem:161.66M (Peak 254.87M) | Time:00:00.14 | Mem:55.18M, Peak:55.18M | Scene, ViewLayer | Updating Images | Loading smeared_0046.jpg
Fra:1 Mem:162.91M (Peak 254.87M) | Time:00:00.15 | Mem:56.54M, Peak:56.54M | Scene, ViewLayer | Updating Camera Volume
Fra:1 Mem:162.91M (Peak 254.87M) | Time:00:00.15 | Mem:56.54M, Peak:56.54M | Scene, ViewLayer | Updating Lookup Tables
Fra:1 Mem:162.91M (Peak 254.87M) | Time:00:00.15 | Mem:56.79M, Peak:56.79M | Scene, ViewLayer | Updating Lights
Fra:1 Mem:162.91M (Peak 254.87M) | Time:00:00.15 | Mem:56.79M, Peak:56.79M | Scene, ViewLayer | Updating Lights | Computing distribution
Fra:1 Mem:162.91M (Peak 254.87M) | Time:00:00.15 | Mem:56.79M, Peak:56.79M | Scene, ViewLayer | Updating Lights | Importance map
Fra:1 Mem:226.94M (Peak 515.04M) | Time:00:00.29 | Mem:120.83M, Peak:280.80M | Scene, ViewLayer | Updating Integrator
Fra:1 Mem:226.95M (Peak 515.04M) | Time:00:00.29 | Mem:120.84M, Peak:280.80M | Scene, ViewLayer | Updating Film
Fra:1 Mem:226.95M (Peak 515.04M) | Time:00:00.29 | Mem:120.59M, Peak:280.80M | Scene, ViewLayer | Updating Lookup Tables
Fra:1 Mem:226.95M (Peak 515.04M) | Time:00:00.29 | Mem:120.85M, Peak:280.80M | Scene, ViewLayer | Updating Baking
Fra:1 Mem:226.95M (Peak 515.04M) | Time:00:00.29 | Mem:120.85M, Peak:280.80M | Scene, ViewLayer | Updating Device | Writing constant memory
Fra:1 Mem:226.95M (Peak 515.04M) | Time:00:00.29 | Mem:120.85M, Peak:280.80M | Scene, ViewLayer | Sample 0/32
Fra:1 Mem:246.04M (Peak 515.04M) | Time:00:00.29 | Remaining:00:00.26 | Mem:139.85M, Peak:280.80M | Scene, ViewLayer | Sample 1/32
Fra:1 Mem:254.04M (Peak 515.04M) | Time:00:00.56 | Mem:139.85M, Peak:280.80M | Scene, ViewLayer | Sample 32/32
Fra:1 Mem:254.04M (Peak 515.04M) | Time:00:00.56 | Mem:139.85M, Peak:280.80M | Scene, ViewLayer | Finished
Saved: '/home/janus/iwi9-datasets/objaverse-rendering/no_textures_5/bbfdec9a51d546df93995bfab89b3a78/011.png'
 Time: 00:00.60 (Saving: 00:00.03)

Data are loaded, start creating Blender stuff
glTF import finished in 0.63s
Finished /home/janus/iwi9-datasets/objaverse-objects/hf-objaverse-v1/glbs/000-088/bbfdec9a51d546df93995bfab89b3a78.glb in 8.933903932571411 seconds

Blender quit
/home/janus/iwi9-datasets/objaverse-objects/hf-objaverse-v1/glbs/000-029/577ae2d8d40649ddbbc5e53093a8c395.glb
Blender 3.3.1 (hash b292cfe5a936 built 2022-10-05 00:14:35)
/run/user/210289/gvfs/ non-existent directory
Fra:1 Mem:16.37M (Peak 18.99M) | Time:00:00.00 | Mem:0.00M, Peak:0.00M | Scene, ViewLayer | Synchronizing object | Object_3
Fra:1 Mem:16.37M (Peak 18.99M) | Time:00:00.00 | Mem:0.00M, Peak:0.00M | Scene, ViewLayer | Synchronizing object | Object_9
Fra:1 Mem:17.90M (Peak 21.53M) | Time:00:00.00 | Mem:0.00M, Peak:0.00M | Scene, ViewLayer | Initializing
Fra:1 Mem:15.31M (Peak 21.53M) | Time:00:00.01 | Mem:0.00M, Peak:0.00M | Scene, ViewLayer | Waiting for render to start
Fra:1 Mem:15.31M (Peak 21.53M) | Time:00:00.01 | Mem:0.00M, Peak:0.00M | Scene, ViewLayer | Loading render kernels (may take a few minutes the first time)
Fra:1 Mem:15.31M (Peak 21.53M) | Time:00:00.01 | Mem:0.00M, Peak:0.00M | Scene, ViewLayer | Updating Scene
Fra:1 Mem:15.31M (Peak 21.53M) | Time:00:00.01 | Mem:0.00M, Peak:0.00M | Scene, ViewLayer | Updating Shaders
Fra:1 Mem:15.82M (Peak 21.53M) | Time:00:00.04 | Mem:0.00M, Peak:0.00M | Scene, ViewLayer | Updating Procedurals
Fra:1 Mem:15.82M (Peak 21.53M) | Time:00:00.04 | Mem:0.00M, Peak:0.00M | Scene, ViewLayer | Updating Background
Fra:1 Mem:15.82M (Peak 21.53M) | Time:00:00.04 | Mem:0.00M, Peak:0.00M | Scene, ViewLayer | Updating Camera
Fra:1 Mem:15.82M (Peak 21.53M) | Time:00:00.04 | Mem:0.00M, Peak:0.00M | Scene, ViewLayer | Updating Meshes Flags
Fra:1 Mem:15.82M (Peak 21.53M) | Time:00:00.04 | Mem:0.00M, Peak:0.00M | Scene, ViewLayer | Updating Objects
Fra:1 Mem:15.82M (Peak 21.53M) | Time:00:00.04 | Mem:0.00M, Peak:0.00M | Scene, ViewLayer | Updating Objects | Copying Transformations to device
Fra:1 Mem:15.82M (Peak 21.53M) | Time:00:00.04 | Mem:0.01M, Peak:0.01M | Scene, ViewLayer | Updating Objects | Applying Static Transformations
Fra:1 Mem:15.82M (Peak 21.53M) | Time:00:00.04 | Mem:0.01M, Peak:0.01M | Scene, ViewLayer | Updating Particle Systems
Fra:1 Mem:15.82M (Peak 21.53M) | Time:00:00.04 | Mem:0.01M, Peak:0.01M | Scene, ViewLayer | Updating Particle Systems | Copying Particles to device
Fra:1 Mem:15.82M (Peak 21.53M) | Time:00:00.04 | Mem:0.01M, Peak:0.01M | Scene, ViewLayer | Updating Meshes
Fra:1 Mem:15.98M (Peak 21.53M) | Time:00:00.04 | Mem:0.01M, Peak:0.01M | Scene, ViewLayer | Updating Mesh | Computing attributes
Fra:1 Mem:16.50M (Peak 21.53M) | Time:00:00.04 | Mem:0.01M, Peak:0.01M | Scene, ViewLayer | Updating Mesh | Copying Attributes to device
Fra:1 Mem:16.50M (Peak 21.53M) | Time:00:00.04 | Mem:0.53M, Peak:0.53M | Scene, ViewLayer | Updating Scene BVH | Building
Fra:1 Mem:16.50M (Peak 21.53M) | Time:00:00.04 | Mem:0.53M, Peak:0.53M | Scene, ViewLayer | Updating Scene BVH | Building BVH
Fra:1 Mem:16.50M (Peak 21.53M) | Time:00:00.04 | Mem:1.43M, Peak:1.43M | Scene, ViewLayer | Updating Scene BVH | Building BVH 0%
Fra:1 Mem:16.50M (Peak 21.53M) | Time:00:00.05 | Mem:1.65M, Peak:2.15M | Scene, ViewLayer | Updating Scene BVH | Copying BVH to device
Fra:1 Mem:16.50M (Peak 21.53M) | Time:00:00.05 | Mem:1.65M, Peak:2.15M | Scene, ViewLayer | Updating Mesh | Computing normals
Fra:1 Mem:17.57M (Peak 21.53M) | Time:00:00.05 | Mem:1.65M, Peak:2.15M | Scene, ViewLayer | Updating Mesh | Copying Mesh to device
Fra:1 Mem:17.57M (Peak 21.53M) | Time:00:00.05 | Mem:2.72M, Peak:2.72M | Scene, ViewLayer | Updating Objects Flags
Fra:1 Mem:17.57M (Peak 21.53M) | Time:00:00.05 | Mem:2.72M, Peak:2.72M | Scene, ViewLayer | Updating Primitive Offsets
Fra:1 Mem:17.57M (Peak 21.53M) | Time:00:00.05 | Mem:2.72M, Peak:2.72M | Scene, ViewLayer | Updating Images
Fra:1 Mem:17.57M (Peak 21.53M) | Time:00:00.05 | Mem:2.72M, Peak:2.72M | Scene, ViewLayer | Updating Images | Loading 00812.exr
Fra:1 Mem:17.70M (Peak 21.53M) | Time:00:00.05 | Mem:2.72M, Peak:2.72M | Scene, ViewLayer | Updating Images | Loading chequered_0148.jpg
Fra:1 Mem:18.36M (Peak 21.53M) | Time:00:00.07 | Mem:3.49M, Peak:3.49M | Scene, ViewLayer | Updating Camera Volume
Fra:1 Mem:18.36M (Peak 21.53M) | Time:00:00.07 | Mem:3.49M, Peak:3.49M | Scene, ViewLayer | Updating Lookup Tables
Fra:1 Mem:18.36M (Peak 21.53M) | Time:00:00.07 | Mem:3.74M, Peak:3.74M | Scene, ViewLayer | Updating Lights
Fra:1 Mem:18.36M (Peak 21.53M) | Time:00:00.07 | Mem:3.74M, Peak:3.74M | Scene, ViewLayer | Updating Lights | Computing distribution
Fra:1 Mem:18.36M (Peak 21.53M) | Time:00:00.07 | Mem:3.74M, Peak:3.74M | Scene, ViewLayer | Updating Lights | Importance map
Fra:1 Mem:82.39M (Peak 370.49M) | Time:00:00.20 | Mem:67.78M, Peak:227.75M | Scene, ViewLayer | Updating Integrator
Fra:1 Mem:82.40M (Peak 370.49M) | Time:00:00.20 | Mem:67.79M, Peak:227.75M | Scene, ViewLayer | Updating Film
Fra:1 Mem:82.40M (Peak 370.49M) | Time:00:00.21 | Mem:67.54M, Peak:227.75M | Scene, ViewLayer | Updating Lookup Tables
Fra:1 Mem:82.40M (Peak 370.49M) | Time:00:00.21 | Mem:67.79M, Peak:227.75M | Scene, ViewLayer | Updating Baking
Fra:1 Mem:82.40M (Peak 370.49M) | Time:00:00.21 | Mem:67.79M, Peak:227.75M | Scene, ViewLayer | Updating Device | Writing constant memory
Fra:1 Mem:82.40M (Peak 370.49M) | Time:00:00.21 | Mem:67.79M, Peak:227.75M | Scene, ViewLayer | Sample 0/32
Fra:1 Mem:101.49M (Peak 370.49M) | Time:00:00.21 | Remaining:00:00.27 | Mem:86.79M, Peak:227.75M | Scene, ViewLayer | Sample 1/32
Fra:1 Mem:109.49M (Peak 370.49M) | Time:00:00.51 | Mem:86.79M, Peak:227.75M | Scene, ViewLayer | Sample 32/32
Fra:1 Mem:109.49M (Peak 370.49M) | Time:00:00.51 | Mem:86.79M, Peak:227.75M | Scene, ViewLayer | Finished
Saved: '/home/janus/iwi9-datasets/objaverse-rendering/no_textures_5/577ae2d8d40649ddbbc5e53093a8c395/000.png'
 Time: 00:02.19 (Saving: 00:01.68)

Fra:1 Mem:16.79M (Peak 19.27M) | Time:00:00.00 | Mem:0.00M, Peak:0.00M | Scene, ViewLayer | Synchronizing object | Object_3
Fra:1 Mem:16.80M (Peak 19.27M) | Time:00:00.00 | Mem:0.00M, Peak:0.00M | Scene, ViewLayer | Synchronizing object | Object_9
Fra:1 Mem:18.31M (Peak 21.91M) | Time:00:00.00 | Mem:0.00M, Peak:0.00M | Scene, ViewLayer | Initializing
Fra:1 Mem:15.72M (Peak 21.91M) | Time:00:00.00 | Mem:0.00M, Peak:0.00M | Scene, ViewLayer | Waiting for render to start
Fra:1 Mem:15.72M (Peak 21.91M) | Time:00:00.00 | Mem:0.00M, Peak:0.00M | Scene, ViewLayer | Loading render kernels (may take a few minutes the first time)
Fra:1 Mem:15.72M (Peak 21.91M) | Time:00:00.00 | Mem:0.00M, Peak:0.00M | Scene, ViewLayer | Updating Scene
Fra:1 Mem:15.72M (Peak 21.91M) | Time:00:00.00 | Mem:0.00M, Peak:0.00M | Scene, ViewLayer | Updating Shaders
Fra:1 Mem:15.98M (Peak 21.91M) | Time:00:00.01 | Mem:0.00M, Peak:0.00M | Scene, ViewLayer | Updating Procedurals
Fra:1 Mem:15.98M (Peak 21.91M) | Time:00:00.01 | Mem:0.00M, Peak:0.00M | Scene, ViewLayer | Updating Background
Fra:1 Mem:15.98M (Peak 21.91M) | Time:00:00.01 | Mem:0.00M, Peak:0.00M | Scene, ViewLayer | Updating Camera
Fra:1 Mem:15.98M (Peak 21.91M) | Time:00:00.01 | Mem:0.00M, Peak:0.00M | Scene, ViewLayer | Updating Meshes Flags
Fra:1 Mem:15.98M (Peak 21.91M) | Time:00:00.01 | Mem:0.00M, Peak:0.00M | Scene, ViewLayer | Updating Objects
Fra:1 Mem:15.98M (Peak 21.91M) | Time:00:00.01 | Mem:0.00M, Peak:0.00M | Scene, ViewLayer | Updating Objects | Copying Transformations to device
Fra:1 Mem:15.98M (Peak 21.91M) | Time:00:00.01 | Mem:0.01M, Peak:0.01M | Scene, ViewLayer | Updating Objects | Applying Static Transformations
Fra:1 Mem:15.98M (Peak 21.91M) | Time:00:00.01 | Mem:0.01M, Peak:0.01M | Scene, ViewLayer | Updating Particle Systems
Fra:1 Mem:15.98M (Peak 21.91M) | Time:00:00.01 | Mem:0.01M, Peak:0.01M | Scene, ViewLayer | Updating Particle Systems | Copying Particles to device
Fra:1 Mem:15.98M (Peak 21.91M) | Time:00:00.01 | Mem:0.01M, Peak:0.01M | Scene, ViewLayer | Updating Meshes
Fra:1 Mem:16.14M (Peak 21.91M) | Time:00:00.01 | Mem:0.01M, Peak:0.01M | Scene, ViewLayer | Updating Mesh | Computing attributes
Fra:1 Mem:16.67M (Peak 21.91M) | Time:00:00.01 | Mem:0.01M, Peak:0.01M | Scene, ViewLayer | Updating Mesh | Copying Attributes to device
Fra:1 Mem:16.66M (Peak 21.91M) | Time:00:00.01 | Mem:0.53M, Peak:0.53M | Scene, ViewLayer | Updating Scene BVH | Building
Fra:1 Mem:16.66M (Peak 21.91M) | Time:00:00.01 | Mem:0.53M, Peak:0.53M | Scene, ViewLayer | Updating Scene BVH | Building BVH
Fra:1 Mem:16.66M (Peak 21.91M) | Time:00:00.01 | Mem:1.43M, Peak:1.43M | Scene, ViewLayer | Updating Scene BVH | Building BVH 0%
Fra:1 Mem:16.66M (Peak 21.91M) | Time:00:00.01 | Mem:1.65M, Peak:2.15M | Scene, ViewLayer | Updating Scene BVH | Copying BVH to device
Fra:1 Mem:16.66M (Peak 21.91M) | Time:00:00.01 | Mem:1.65M, Peak:2.15M | Scene, ViewLayer | Updating Mesh | Computing normals
Fra:1 Mem:17.74M (Peak 21.91M) | Time:00:00.01 | Mem:1.65M, Peak:2.15M | Scene, ViewLayer | Updating Mesh | Copying Mesh to device
Fra:1 Mem:17.74M (Peak 21.91M) | Time:00:00.01 | Mem:2.72M, Peak:2.72M | Scene, ViewLayer | Updating Objects Flags
Fra:1 Mem:17.74M (Peak 21.91M) | Time:00:00.01 | Mem:2.72M, Peak:2.72M | Scene, ViewLayer | Updating Primitive Offsets
Fra:1 Mem:17.74M (Peak 21.91M) | Time:00:00.01 | Mem:2.72M, Peak:2.72M | Scene, ViewLayer | Updating Images
Fra:1 Mem:17.74M (Peak 21.91M) | Time:00:00.01 | Mem:2.72M, Peak:2.72M | Scene, ViewLayer | Updating Images | Loading 00812.exr
Fra:1 Mem:17.86M (Peak 21.91M) | Time:00:00.01 | Mem:2.72M, Peak:2.72M | Scene, ViewLayer | Updating Images | Loading matted_0157.jpg
Fra:1 Mem:18.87M (Peak 21.91M) | Time:00:00.02 | Mem:3.84M, Peak:3.84M | Scene, ViewLayer | Updating Camera Volume
Fra:1 Mem:18.87M (Peak 21.91M) | Time:00:00.02 | Mem:3.84M, Peak:3.84M | Scene, ViewLayer | Updating Lookup Tables
Fra:1 Mem:18.87M (Peak 21.91M) | Time:00:00.02 | Mem:4.09M, Peak:4.09M | Scene, ViewLayer | Updating Lights
Fra:1 Mem:18.88M (Peak 21.91M) | Time:00:00.02 | Mem:4.09M, Peak:4.09M | Scene, ViewLayer | Updating Lights | Computing distribution
Fra:1 Mem:18.88M (Peak 21.91M) | Time:00:00.02 | Mem:4.09M, Peak:4.09M | Scene, ViewLayer | Updating Lights | Importance map
Fra:1 Mem:82.91M (Peak 371.00M) | Time:00:00.15 | Mem:68.14M, Peak:228.11M | Scene, ViewLayer | Updating Integrator
Fra:1 Mem:82.91M (Peak 371.00M) | Time:00:00.15 | Mem:68.15M, Peak:228.11M | Scene, ViewLayer | Updating Film
Fra:1 Mem:82.92M (Peak 371.00M) | Time:00:00.15 | Mem:67.90M, Peak:228.11M | Scene, ViewLayer | Updating Lookup Tables
Fra:1 Mem:82.92M (Peak 371.00M) | Time:00:00.15 | Mem:68.15M, Peak:228.11M | Scene, ViewLayer | Updating Baking
Fra:1 Mem:82.92M (Peak 371.00M) | Time:00:00.15 | Mem:68.15M, Peak:228.11M | Scene, ViewLayer | Updating Device | Writing constant memory
Fra:1 Mem:82.92M (Peak 371.00M) | Time:00:00.15 | Mem:68.15M, Peak:228.11M | Scene, ViewLayer | Sample 0/32
Fra:1 Mem:102.01M (Peak 371.00M) | Time:00:00.16 | Remaining:00:00.27 | Mem:87.15M, Peak:228.11M | Scene, ViewLayer | Sample 1/32
Fra:1 Mem:110.01M (Peak 371.00M) | Time:00:00.44 | Mem:87.15M, Peak:228.11M | Scene, ViewLayer | Sample 32/32
Fra:1 Mem:110.01M (Peak 371.00M) | Time:00:00.44 | Mem:87.15M, Peak:228.11M | Scene, ViewLayer | Finished
Saved: '/home/janus/iwi9-datasets/objaverse-rendering/no_textures_5/577ae2d8d40649ddbbc5e53093a8c395/001.png'
 Time: 00:00.47 (Saving: 00:00.03)

Fra:1 Mem:16.94M (Peak 19.68M) | Time:00:00.00 | Mem:0.00M, Peak:0.00M | Scene, ViewLayer | Synchronizing object | Object_3
Fra:1 Mem:16.94M (Peak 19.68M) | Time:00:00.00 | Mem:0.00M, Peak:0.00M | Scene, ViewLayer | Synchronizing object | Object_7
Fra:1 Mem:17.17M (Peak 19.68M) | Time:00:00.00 | Mem:0.00M, Peak:0.00M | Scene, ViewLayer | Synchronizing object | Object_9
Fra:1 Mem:18.46M (Peak 22.05M) | Time:00:00.00 | Mem:0.00M, Peak:0.00M | Scene, ViewLayer | Initializing
Fra:1 Mem:15.88M (Peak 22.05M) | Time:00:00.00 | Mem:0.00M, Peak:0.00M | Scene, ViewLayer | Waiting for render to start
Fra:1 Mem:15.88M (Peak 22.05M) | Time:00:00.00 | Mem:0.00M, Peak:0.00M | Scene, ViewLayer | Loading render kernels (may take a few minutes the first time)
Fra:1 Mem:15.88M (Peak 22.05M) | Time:00:00.00 | Mem:0.00M, Peak:0.00M | Scene, ViewLayer | Updating Scene
Fra:1 Mem:15.88M (Peak 22.05M) | Time:00:00.00 | Mem:0.00M, Peak:0.00M | Scene, ViewLayer | Updating Shaders
Fra:1 Mem:16.13M (Peak 22.05M) | Time:00:00.01 | Mem:0.00M, Peak:0.00M | Scene, ViewLayer | Updating Procedurals
Fra:1 Mem:16.13M (Peak 22.05M) | Time:00:00.01 | Mem:0.00M, Peak:0.00M | Scene, ViewLayer | Updating Background
Fra:1 Mem:16.13M (Peak 22.05M) | Time:00:00.01 | Mem:0.00M, Peak:0.00M | Scene, ViewLayer | Updating Camera
Fra:1 Mem:16.13M (Peak 22.05M) | Time:00:00.01 | Mem:0.00M, Peak:0.00M | Scene, ViewLayer | Updating Meshes Flags
Fra:1 Mem:16.13M (Peak 22.05M) | Time:00:00.01 | Mem:0.00M, Peak:0.00M | Scene, ViewLayer | Updating Objects
Fra:1 Mem:16.13M (Peak 22.05M) | Time:00:00.01 | Mem:0.00M, Peak:0.00M | Scene, ViewLayer | Updating Objects | Copying Transformations to device
Fra:1 Mem:16.14M (Peak 22.05M) | Time:00:00.01 | Mem:0.01M, Peak:0.01M | Scene, ViewLayer | Updating Objects | Applying Static Transformations
Fra:1 Mem:16.14M (Peak 22.05M) | Time:00:00.01 | Mem:0.01M, Peak:0.01M | Scene, ViewLayer | Updating Particle Systems
Fra:1 Mem:16.14M (Peak 22.05M) | Time:00:00.01 | Mem:0.01M, Peak:0.01M | Scene, ViewLayer | Updating Particle Systems | Copying Particles to device
Fra:1 Mem:16.14M (Peak 22.05M) | Time:00:00.01 | Mem:0.01M, Peak:0.01M | Scene, ViewLayer | Updating Meshes
Fra:1 Mem:16.30M (Peak 22.05M) | Time:00:00.01 | Mem:0.01M, Peak:0.01M | Scene, ViewLayer | Updating Mesh | Computing attributes
Fra:1 Mem:16.82M (Peak 22.05M) | Time:00:00.01 | Mem:0.01M, Peak:0.01M | Scene, ViewLayer | Updating Mesh | Copying Attributes to device
Fra:1 Mem:16.82M (Peak 22.05M) | Time:00:00.01 | Mem:0.53M, Peak:0.53M | Scene, ViewLayer | Updating Scene BVH | Building
Fra:1 Mem:16.82M (Peak 22.05M) | Time:00:00.01 | Mem:0.53M, Peak:0.53M | Scene, ViewLayer | Updating Scene BVH | Building BVH
Fra:1 Mem:16.82M (Peak 22.05M) | Time:00:00.01 | Mem:1.43M, Peak:1.43M | Scene, ViewLayer | Updating Scene BVH | Building BVH 0%
Fra:1 Mem:16.82M (Peak 22.05M) | Time:00:00.01 | Mem:1.65M, Peak:2.15M | Scene, ViewLayer | Updating Scene BVH | Copying BVH to device
Fra:1 Mem:16.82M (Peak 22.05M) | Time:00:00.01 | Mem:1.65M, Peak:2.15M | Scene, ViewLayer | Updating Mesh | Computing normals
Fra:1 Mem:17.89M (Peak 22.05M) | Time:00:00.01 | Mem:1.65M, Peak:2.15M | Scene, ViewLayer | Updating Mesh | Copying Mesh to device
Fra:1 Mem:17.89M (Peak 22.05M) | Time:00:00.01 | Mem:2.72M, Peak:2.72M | Scene, ViewLayer | Updating Objects Flags
Fra:1 Mem:17.89M (Peak 22.05M) | Time:00:00.01 | Mem:2.72M, Peak:2.72M | Scene, ViewLayer | Updating Primitive Offsets
Fra:1 Mem:17.89M (Peak 22.05M) | Time:00:00.01 | Mem:2.72M, Peak:2.72M | Scene, ViewLayer | Updating Images
Fra:1 Mem:17.89M (Peak 22.05M) | Time:00:00.01 | Mem:2.72M, Peak:2.72M | Scene, ViewLayer | Updating Images | Loading 00812.exr
Fra:1 Mem:18.02M (Peak 22.05M) | Time:00:00.01 | Mem:2.72M, Peak:2.72M | Scene, ViewLayer | Updating Images | Loading polka-dotted_0224.jpg
Fra:1 Mem:19.20M (Peak 22.05M) | Time:00:00.02 | Mem:4.01M, Peak:4.01M | Scene, ViewLayer | Updating Camera Volume
Fra:1 Mem:19.20M (Peak 22.05M) | Time:00:00.02 | Mem:4.01M, Peak:4.01M | Scene, ViewLayer | Updating Lookup Tables
Fra:1 Mem:19.20M (Peak 22.05M) | Time:00:00.02 | Mem:4.26M, Peak:4.26M | Scene, ViewLayer | Updating Lights
Fra:1 Mem:19.20M (Peak 22.05M) | Time:00:00.02 | Mem:4.27M, Peak:4.27M | Scene, ViewLayer | Updating Lights | Computing distribution
Fra:1 Mem:19.20M (Peak 22.05M) | Time:00:00.02 | Mem:4.27M, Peak:4.27M | Scene, ViewLayer | Updating Lights | Importance map
Fra:1 Mem:83.23M (Peak 371.33M) | Time:00:00.16 | Mem:68.31M, Peak:228.28M | Scene, ViewLayer | Updating Integrator
Fra:1 Mem:83.24M (Peak 371.33M) | Time:00:00.16 | Mem:68.32M, Peak:228.28M | Scene, ViewLayer | Updating Film
Fra:1 Mem:83.24M (Peak 371.33M) | Time:00:00.16 | Mem:68.07M, Peak:228.28M | Scene, ViewLayer | Updating Lookup Tables
Fra:1 Mem:83.24M (Peak 371.33M) | Time:00:00.16 | Mem:68.32M, Peak:228.28M | Scene, ViewLayer | Updating Baking
Fra:1 Mem:83.24M (Peak 371.33M) | Time:00:00.16 | Mem:68.32M, Peak:228.28M | Scene, ViewLayer | Updating Device | Writing constant memory
Fra:1 Mem:83.24M (Peak 371.33M) | Time:00:00.16 | Mem:68.32M, Peak:228.28M | Scene, ViewLayer | Sample 0/32
Fra:1 Mem:102.33M (Peak 371.33M) | Time:00:00.17 | Remaining:00:00.26 | Mem:87.32M, Peak:228.28M | Scene, ViewLayer | Sample 1/32
Fra:1 Mem:110.33M (Peak 371.33M) | Time:00:00.47 | Mem:87.32M, Peak:228.28M | Scene, ViewLayer | Sample 32/32
Fra:1 Mem:110.33M (Peak 371.33M) | Time:00:00.47 | Mem:87.32M, Peak:228.28M | Scene, ViewLayer | Finished
Saved: '/home/janus/iwi9-datasets/objaverse-rendering/no_textures_5/577ae2d8d40649ddbbc5e53093a8c395/002.png'
 Time: 00:00.50 (Saving: 00:00.03)

Fra:1 Mem:17.10M (Peak 19.58M) | Time:00:00.00 | Mem:0.00M, Peak:0.00M | Scene, ViewLayer | Synchronizing object | Object_3
Fra:1 Mem:17.12M (Peak 19.58M) | Time:00:00.00 | Mem:0.00M, Peak:0.00M | Scene, ViewLayer | Synchronizing object | Object_7
Fra:1 Mem:17.17M (Peak 19.58M) | Time:00:00.00 | Mem:0.00M, Peak:0.00M | Scene, ViewLayer | Synchronizing object | Object_9
Fra:1 Mem:18.63M (Peak 22.31M) | Time:00:00.00 | Mem:0.00M, Peak:0.00M | Scene, ViewLayer | Initializing
Fra:1 Mem:16.04M (Peak 22.31M) | Time:00:00.00 | Mem:0.00M, Peak:0.00M | Scene, ViewLayer | Waiting for render to start
Fra:1 Mem:16.04M (Peak 22.31M) | Time:00:00.01 | Mem:0.00M, Peak:0.00M | Scene, ViewLayer | Loading render kernels (may take a few minutes the first time)
Fra:1 Mem:16.04M (Peak 22.31M) | Time:00:00.01 | Mem:0.00M, Peak:0.00M | Scene, ViewLayer | Updating Scene
Fra:1 Mem:16.04M (Peak 22.31M) | Time:00:00.01 | Mem:0.00M, Peak:0.00M | Scene, ViewLayer | Updating Shaders
Fra:1 Mem:16.30M (Peak 22.31M) | Time:00:00.01 | Mem:0.00M, Peak:0.00M | Scene, ViewLayer | Updating Procedurals
Fra:1 Mem:16.30M (Peak 22.31M) | Time:00:00.01 | Mem:0.00M, Peak:0.00M | Scene, ViewLayer | Updating Background
Fra:1 Mem:16.30M (Peak 22.31M) | Time:00:00.01 | Mem:0.00M, Peak:0.00M | Scene, ViewLayer | Updating Camera
Fra:1 Mem:16.30M (Peak 22.31M) | Time:00:00.01 | Mem:0.00M, Peak:0.00M | Scene, ViewLayer | Updating Meshes Flags
Fra:1 Mem:16.30M (Peak 22.31M) | Time:00:00.01 | Mem:0.00M, Peak:0.00M | Scene, ViewLayer | Updating Objects
Fra:1 Mem:16.30M (Peak 22.31M) | Time:00:00.01 | Mem:0.00M, Peak:0.00M | Scene, ViewLayer | Updating Objects | Copying Transformations to device
Fra:1 Mem:16.30M (Peak 22.31M) | Time:00:00.01 | Mem:0.01M, Peak:0.01M | Scene, ViewLayer | Updating Objects | Applying Static Transformations
Fra:1 Mem:16.30M (Peak 22.31M) | Time:00:00.01 | Mem:0.01M, Peak:0.01M | Scene, ViewLayer | Updating Particle Systems
Fra:1 Mem:16.30M (Peak 22.31M) | Time:00:00.01 | Mem:0.01M, Peak:0.01M | Scene, ViewLayer | Updating Particle Systems | Copying Particles to device
Fra:1 Mem:16.30M (Peak 22.31M) | Time:00:00.01 | Mem:0.01M, Peak:0.01M | Scene, ViewLayer | Updating Meshes
Fra:1 Mem:16.46M (Peak 22.31M) | Time:00:00.01 | Mem:0.01M, Peak:0.01M | Scene, ViewLayer | Updating Mesh | Computing attributes
Fra:1 Mem:16.98M (Peak 22.31M) | Time:00:00.01 | Mem:0.01M, Peak:0.01M | Scene, ViewLayer | Updating Mesh | Copying Attributes to device
Fra:1 Mem:16.98M (Peak 22.31M) | Time:00:00.01 | Mem:0.53M, Peak:0.53M | Scene, ViewLayer | Updating Scene BVH | Building
Fra:1 Mem:16.98M (Peak 22.31M) | Time:00:00.01 | Mem:0.53M, Peak:0.53M | Scene, ViewLayer | Updating Scene BVH | Building BVH
Fra:1 Mem:16.98M (Peak 22.31M) | Time:00:00.01 | Mem:1.43M, Peak:1.43M | Scene, ViewLayer | Updating Scene BVH | Building BVH 0%
Fra:1 Mem:16.98M (Peak 22.31M) | Time:00:00.01 | Mem:1.65M, Peak:2.15M | Scene, ViewLayer | Updating Scene BVH | Copying BVH to device
Fra:1 Mem:16.98M (Peak 22.31M) | Time:00:00.01 | Mem:1.65M, Peak:2.15M | Scene, ViewLayer | Updating Mesh | Computing normals
Fra:1 Mem:18.06M (Peak 22.31M) | Time:00:00.01 | Mem:1.65M, Peak:2.15M | Scene, ViewLayer | Updating Mesh | Copying Mesh to device
Fra:1 Mem:18.06M (Peak 22.31M) | Time:00:00.01 | Mem:2.72M, Peak:2.72M | Scene, ViewLayer | Updating Objects Flags
Fra:1 Mem:18.06M (Peak 22.31M) | Time:00:00.01 | Mem:2.72M, Peak:2.72M | Scene, ViewLayer | Updating Primitive Offsets
Fra:1 Mem:18.06M (Peak 22.31M) | Time:00:00.01 | Mem:2.72M, Peak:2.72M | Scene, ViewLayer | Updating Images
Fra:1 Mem:18.06M (Peak 22.31M) | Time:00:00.01 | Mem:2.72M, Peak:2.72M | Scene, ViewLayer | Updating Images | Loading 00812.exr
Fra:1 Mem:18.18M (Peak 22.31M) | Time:00:00.01 | Mem:2.72M, Peak:2.72M | Scene, ViewLayer | Updating Images | Loading knitted_0085.jpg
Fra:1 Mem:19.22M (Peak 22.31M) | Time:00:00.02 | Mem:3.87M, Peak:3.87M | Scene, ViewLayer | Updating Camera Volume
Fra:1 Mem:19.22M (Peak 22.31M) | Time:00:00.02 | Mem:3.87M, Peak:3.87M | Scene, ViewLayer | Updating Lookup Tables
Fra:1 Mem:19.22M (Peak 22.31M) | Time:00:00.02 | Mem:4.12M, Peak:4.12M | Scene, ViewLayer | Updating Lights
Fra:1 Mem:19.22M (Peak 22.31M) | Time:00:00.02 | Mem:4.12M, Peak:4.12M | Scene, ViewLayer | Updating Lights | Computing distribution
Fra:1 Mem:19.22M (Peak 22.31M) | Time:00:00.02 | Mem:4.12M, Peak:4.12M | Scene, ViewLayer | Updating Lights | Importance map
Fra:1 Mem:83.25M (Peak 371.35M) | Time:00:00.16 | Mem:68.16M, Peak:228.13M | Scene, ViewLayer | Updating Integrator
Fra:1 Mem:83.26M (Peak 371.35M) | Time:00:00.16 | Mem:68.17M, Peak:228.13M | Scene, ViewLayer | Updating Film
Fra:1 Mem:83.26M (Peak 371.35M) | Time:00:00.16 | Mem:67.92M, Peak:228.13M | Scene, ViewLayer | Updating Lookup Tables
Fra:1 Mem:83.26M (Peak 371.35M) | Time:00:00.16 | Mem:68.18M, Peak:228.13M | Scene, ViewLayer | Updating Baking
Fra:1 Mem:83.26M (Peak 371.35M) | Time:00:00.16 | Mem:68.18M, Peak:228.13M | Scene, ViewLayer | Updating Device | Writing constant memory
Fra:1 Mem:83.26M (Peak 371.35M) | Time:00:00.16 | Mem:68.18M, Peak:228.13M | Scene, ViewLayer | Sample 0/32
Fra:1 Mem:102.35M (Peak 371.35M) | Time:00:00.17 | Remaining:00:00.28 | Mem:87.18M, Peak:228.13M | Scene, ViewLayer | Sample 1/32
Fra:1 Mem:110.35M (Peak 371.35M) | Time:00:00.45 | Mem:87.18M, Peak:228.13M | Scene, ViewLayer | Sample 32/32
Fra:1 Mem:110.35M (Peak 371.35M) | Time:00:00.45 | Mem:87.18M, Peak:228.13M | Scene, ViewLayer | Finished
Saved: '/home/janus/iwi9-datasets/objaverse-rendering/no_textures_5/577ae2d8d40649ddbbc5e53093a8c395/003.png'
 Time: 00:00.48 (Saving: 00:00.03)

Fra:1 Mem:17.26M (Peak 20.06M) | Time:00:00.00 | Mem:0.00M, Peak:0.00M | Scene, ViewLayer | Synchronizing object | Object_3
Fra:1 Mem:17.26M (Peak 20.06M) | Time:00:00.00 | Mem:0.00M, Peak:0.00M | Scene, ViewLayer | Synchronizing object | Object_7
Fra:1 Mem:17.30M (Peak 20.06M) | Time:00:00.00 | Mem:0.00M, Peak:0.00M | Scene, ViewLayer | Synchronizing object | Object_9
Fra:1 Mem:18.78M (Peak 22.47M) | Time:00:00.00 | Mem:0.00M, Peak:0.00M | Scene, ViewLayer | Initializing
Fra:1 Mem:16.20M (Peak 22.47M) | Time:00:00.00 | Mem:0.00M, Peak:0.00M | Scene, ViewLayer | Waiting for render to start
Fra:1 Mem:16.20M (Peak 22.47M) | Time:00:00.00 | Mem:0.00M, Peak:0.00M | Scene, ViewLayer | Loading render kernels (may take a few minutes the first time)
Fra:1 Mem:16.20M (Peak 22.47M) | Time:00:00.00 | Mem:0.00M, Peak:0.00M | Scene, ViewLayer | Updating Scene
Fra:1 Mem:16.20M (Peak 22.47M) | Time:00:00.00 | Mem:0.00M, Peak:0.00M | Scene, ViewLayer | Updating Shaders
Fra:1 Mem:16.45M (Peak 22.47M) | Time:00:00.01 | Mem:0.00M, Peak:0.00M | Scene, ViewLayer | Updating Procedurals
Fra:1 Mem:16.45M (Peak 22.47M) | Time:00:00.01 | Mem:0.00M, Peak:0.00M | Scene, ViewLayer | Updating Background
Fra:1 Mem:16.45M (Peak 22.47M) | Time:00:00.01 | Mem:0.00M, Peak:0.00M | Scene, ViewLayer | Updating Camera
Fra:1 Mem:16.45M (Peak 22.47M) | Time:00:00.01 | Mem:0.00M, Peak:0.00M | Scene, ViewLayer | Updating Meshes Flags
Fra:1 Mem:16.45M (Peak 22.47M) | Time:00:00.01 | Mem:0.00M, Peak:0.00M | Scene, ViewLayer | Updating Objects
Fra:1 Mem:16.45M (Peak 22.47M) | Time:00:00.01 | Mem:0.00M, Peak:0.00M | Scene, ViewLayer | Updating Objects | Copying Transformations to device
Fra:1 Mem:16.45M (Peak 22.47M) | Time:00:00.01 | Mem:0.01M, Peak:0.01M | Scene, ViewLayer | Updating Objects | Applying Static Transformations
Fra:1 Mem:16.45M (Peak 22.47M) | Time:00:00.01 | Mem:0.01M, Peak:0.01M | Scene, ViewLayer | Updating Particle Systems
Fra:1 Mem:16.45M (Peak 22.47M) | Time:00:00.01 | Mem:0.01M, Peak:0.01M | Scene, ViewLayer | Updating Particle Systems | Copying Particles to device
Fra:1 Mem:16.45M (Peak 22.47M) | Time:00:00.01 | Mem:0.01M, Peak:0.01M | Scene, ViewLayer | Updating Meshes
Fra:1 Mem:16.62M (Peak 22.47M) | Time:00:00.01 | Mem:0.01M, Peak:0.01M | Scene, ViewLayer | Updating Mesh | Computing attributes
Fra:1 Mem:17.14M (Peak 22.47M) | Time:00:00.01 | Mem:0.01M, Peak:0.01M | Scene, ViewLayer | Updating Mesh | Copying Attributes to device
Fra:1 Mem:17.14M (Peak 22.47M) | Time:00:00.01 | Mem:0.53M, Peak:0.53M | Scene, ViewLayer | Updating Scene BVH | Building
Fra:1 Mem:17.14M (Peak 22.47M) | Time:00:00.01 | Mem:0.53M, Peak:0.53M | Scene, ViewLayer | Updating Scene BVH | Building BVH
Fra:1 Mem:17.14M (Peak 22.47M) | Time:00:00.01 | Mem:1.43M, Peak:1.43M | Scene, ViewLayer | Updating Scene BVH | Building BVH 0%
Fra:1 Mem:17.14M (Peak 22.47M) | Time:00:00.01 | Mem:1.65M, Peak:2.15M | Scene, ViewLayer | Updating Scene BVH | Copying BVH to device
Fra:1 Mem:17.14M (Peak 22.47M) | Time:00:00.01 | Mem:1.65M, Peak:2.15M | Scene, ViewLayer | Updating Mesh | Computing normals
Fra:1 Mem:18.21M (Peak 22.47M) | Time:00:00.01 | Mem:1.65M, Peak:2.15M | Scene, ViewLayer | Updating Mesh | Copying Mesh to device
Fra:1 Mem:18.21M (Peak 22.47M) | Time:00:00.01 | Mem:2.72M, Peak:2.72M | Scene, ViewLayer | Updating Objects Flags
Fra:1 Mem:18.21M (Peak 22.47M) | Time:00:00.01 | Mem:2.72M, Peak:2.72M | Scene, ViewLayer | Updating Primitive Offsets
Fra:1 Mem:18.21M (Peak 22.47M) | Time:00:00.01 | Mem:2.72M, Peak:2.72M | Scene, ViewLayer | Updating Images
Fra:1 Mem:18.21M (Peak 22.47M) | Time:00:00.01 | Mem:2.72M, Peak:2.72M | Scene, ViewLayer | Updating Images | Loading 00812.exr
Fra:1 Mem:18.34M (Peak 22.47M) | Time:00:00.01 | Mem:2.72M, Peak:2.72M | Scene, ViewLayer | Updating Images | Loading blotchy_0112.jpg
Fra:1 Mem:18.73M (Peak 22.47M) | Time:00:00.02 | Mem:3.23M, Peak:3.23M | Scene, ViewLayer | Updating Camera Volume
Fra:1 Mem:18.73M (Peak 22.47M) | Time:00:00.02 | Mem:3.23M, Peak:3.23M | Scene, ViewLayer | Updating Lookup Tables
Fra:1 Mem:18.73M (Peak 22.47M) | Time:00:00.02 | Mem:3.48M, Peak:3.48M | Scene, ViewLayer | Updating Lights
Fra:1 Mem:18.73M (Peak 22.47M) | Time:00:00.02 | Mem:3.48M, Peak:3.48M | Scene, ViewLayer | Updating Lights | Computing distribution
Fra:1 Mem:18.73M (Peak 22.47M) | Time:00:00.02 | Mem:3.48M, Peak:3.48M | Scene, ViewLayer | Updating Lights | Importance map
Fra:1 Mem:82.76M (Peak 370.86M) | Time:00:00.15 | Mem:67.52M, Peak:227.49M | Scene, ViewLayer | Updating Integrator
Fra:1 Mem:82.77M (Peak 370.86M) | Time:00:00.15 | Mem:67.53M, Peak:227.49M | Scene, ViewLayer | Updating Film
Fra:1 Mem:82.78M (Peak 370.86M) | Time:00:00.15 | Mem:67.28M, Peak:227.49M | Scene, ViewLayer | Updating Lookup Tables
Fra:1 Mem:82.78M (Peak 370.86M) | Time:00:00.15 | Mem:67.53M, Peak:227.49M | Scene, ViewLayer | Updating Baking
Fra:1 Mem:82.78M (Peak 370.86M) | Time:00:00.15 | Mem:67.53M, Peak:227.49M | Scene, ViewLayer | Updating Device | Writing constant memory
Fra:1 Mem:82.78M (Peak 370.86M) | Time:00:00.15 | Mem:67.53M, Peak:227.49M | Scene, ViewLayer | Sample 0/32
Fra:1 Mem:101.87M (Peak 370.86M) | Time:00:00.16 | Remaining:00:00.27 | Mem:86.53M, Peak:227.49M | Scene, ViewLayer | Sample 1/32
Fra:1 Mem:109.87M (Peak 370.86M) | Time:00:00.44 | Mem:86.53M, Peak:227.49M | Scene, ViewLayer | Sample 32/32
Fra:1 Mem:109.87M (Peak 370.86M) | Time:00:00.44 | Mem:86.53M, Peak:227.49M | Scene, ViewLayer | Finished
Saved: '/home/janus/iwi9-datasets/objaverse-rendering/no_textures_5/577ae2d8d40649ddbbc5e53093a8c395/004.png'
 Time: 00:00.48 (Saving: 00:00.03)

Fra:1 Mem:17.42M (Peak 19.95M) | Time:00:00.00 | Mem:0.00M, Peak:0.00M | Scene, ViewLayer | Synchronizing object | Object_3
Fra:1 Mem:17.43M (Peak 19.95M) | Time:00:00.00 | Mem:0.00M, Peak:0.00M | Scene, ViewLayer | Synchronizing object | Object_9
Fra:1 Mem:18.94M (Peak 22.42M) | Time:00:00.00 | Mem:0.00M, Peak:0.00M | Scene, ViewLayer | Initializing
Fra:1 Mem:16.35M (Peak 22.42M) | Time:00:00.01 | Mem:0.00M, Peak:0.00M | Scene, ViewLayer | Waiting for render to start
Fra:1 Mem:16.35M (Peak 22.42M) | Time:00:00.01 | Mem:0.00M, Peak:0.00M | Scene, ViewLayer | Loading render kernels (may take a few minutes the first time)
Fra:1 Mem:16.35M (Peak 22.42M) | Time:00:00.01 | Mem:0.00M, Peak:0.00M | Scene, ViewLayer | Updating Scene
Fra:1 Mem:16.35M (Peak 22.42M) | Time:00:00.01 | Mem:0.00M, Peak:0.00M | Scene, ViewLayer | Updating Shaders
Fra:1 Mem:16.61M (Peak 22.42M) | Time:00:00.01 | Mem:0.00M, Peak:0.00M | Scene, ViewLayer | Updating Procedurals
Fra:1 Mem:16.61M (Peak 22.42M) | Time:00:00.01 | Mem:0.00M, Peak:0.00M | Scene, ViewLayer | Updating Background
Fra:1 Mem:16.61M (Peak 22.42M) | Time:00:00.01 | Mem:0.00M, Peak:0.00M | Scene, ViewLayer | Updating Camera
Fra:1 Mem:16.61M (Peak 22.42M) | Time:00:00.01 | Mem:0.00M, Peak:0.00M | Scene, ViewLayer | Updating Meshes Flags
Fra:1 Mem:16.61M (Peak 22.42M) | Time:00:00.01 | Mem:0.00M, Peak:0.00M | Scene, ViewLayer | Updating Objects
Fra:1 Mem:16.61M (Peak 22.42M) | Time:00:00.01 | Mem:0.00M, Peak:0.00M | Scene, ViewLayer | Updating Objects | Copying Transformations to device
Fra:1 Mem:16.61M (Peak 22.42M) | Time:00:00.01 | Mem:0.01M, Peak:0.01M | Scene, ViewLayer | Updating Objects | Applying Static Transformations
Fra:1 Mem:16.61M (Peak 22.42M) | Time:00:00.01 | Mem:0.01M, Peak:0.01M | Scene, ViewLayer | Updating Particle Systems
Fra:1 Mem:16.61M (Peak 22.42M) | Time:00:00.01 | Mem:0.01M, Peak:0.01M | Scene, ViewLayer | Updating Particle Systems | Copying Particles to device
Fra:1 Mem:16.61M (Peak 22.42M) | Time:00:00.01 | Mem:0.01M, Peak:0.01M | Scene, ViewLayer | Updating Meshes
Fra:1 Mem:16.77M (Peak 22.42M) | Time:00:00.01 | Mem:0.01M, Peak:0.01M | Scene, ViewLayer | Updating Mesh | Computing attributes
Fra:1 Mem:17.29M (Peak 22.42M) | Time:00:00.01 | Mem:0.01M, Peak:0.01M | Scene, ViewLayer | Updating Mesh | Copying Attributes to device
Fra:1 Mem:17.29M (Peak 22.42M) | Time:00:00.01 | Mem:0.53M, Peak:0.53M | Scene, ViewLayer | Updating Scene BVH | Building
Fra:1 Mem:17.29M (Peak 22.42M) | Time:00:00.01 | Mem:0.53M, Peak:0.53M | Scene, ViewLayer | Updating Scene BVH | Building BVH
Fra:1 Mem:17.29M (Peak 22.42M) | Time:00:00.01 | Mem:1.43M, Peak:1.43M | Scene, ViewLayer | Updating Scene BVH | Building BVH 0%
Fra:1 Mem:17.29M (Peak 22.42M) | Time:00:00.01 | Mem:1.65M, Peak:2.15M | Scene, ViewLayer | Updating Scene BVH | Copying BVH to device
Fra:1 Mem:17.29M (Peak 22.42M) | Time:00:00.01 | Mem:1.65M, Peak:2.15M | Scene, ViewLayer | Updating Mesh | Computing normals
Fra:1 Mem:18.37M (Peak 22.42M) | Time:00:00.01 | Mem:1.65M, Peak:2.15M | Scene, ViewLayer | Updating Mesh | Copying Mesh to device
Fra:1 Mem:18.37M (Peak 22.42M) | Time:00:00.01 | Mem:2.72M, Peak:2.72M | Scene, ViewLayer | Updating Objects Flags
Fra:1 Mem:18.37M (Peak 22.42M) | Time:00:00.01 | Mem:2.72M, Peak:2.72M | Scene, ViewLayer | Updating Primitive Offsets
Fra:1 Mem:18.37M (Peak 22.42M) | Time:00:00.01 | Mem:2.72M, Peak:2.72M | Scene, ViewLayer | Updating Images
Fra:1 Mem:18.37M (Peak 22.42M) | Time:00:00.01 | Mem:2.72M, Peak:2.72M | Scene, ViewLayer | Updating Images | Loading 00812.exr
Fra:1 Mem:18.49M (Peak 22.42M) | Time:00:00.01 | Mem:2.72M, Peak:2.72M | Scene, ViewLayer | Updating Images | Loading crosshatched_0057.jpg
Fra:1 Mem:19.57M (Peak 22.42M) | Time:00:00.02 | Mem:3.91M, Peak:3.91M | Scene, ViewLayer | Updating Camera Volume
Fra:1 Mem:19.57M (Peak 22.42M) | Time:00:00.02 | Mem:3.91M, Peak:3.91M | Scene, ViewLayer | Updating Lookup Tables
Fra:1 Mem:19.57M (Peak 22.42M) | Time:00:00.02 | Mem:4.16M, Peak:4.16M | Scene, ViewLayer | Updating Lights
Fra:1 Mem:19.57M (Peak 22.42M) | Time:00:00.02 | Mem:4.16M, Peak:4.16M | Scene, ViewLayer | Updating Lights | Computing distribution
Fra:1 Mem:19.57M (Peak 22.42M) | Time:00:00.02 | Mem:4.16M, Peak:4.16M | Scene, ViewLayer | Updating Lights | Importance map
Fra:1 Mem:83.60M (Peak 371.70M) | Time:00:00.16 | Mem:68.20M, Peak:228.17M | Scene, ViewLayer | Updating Integrator
Fra:1 Mem:83.61M (Peak 371.70M) | Time:00:00.16 | Mem:68.21M, Peak:228.17M | Scene, ViewLayer | Updating Film
Fra:1 Mem:83.61M (Peak 371.70M) | Time:00:00.16 | Mem:67.96M, Peak:228.17M | Scene, ViewLayer | Updating Lookup Tables
Fra:1 Mem:83.61M (Peak 371.70M) | Time:00:00.16 | Mem:68.22M, Peak:228.17M | Scene, ViewLayer | Updating Baking
Fra:1 Mem:83.61M (Peak 371.70M) | Time:00:00.16 | Mem:68.22M, Peak:228.17M | Scene, ViewLayer | Updating Device | Writing constant memory
Fra:1 Mem:83.61M (Peak 371.70M) | Time:00:00.16 | Mem:68.22M, Peak:228.17M | Scene, ViewLayer | Sample 0/32
Fra:1 Mem:102.70M (Peak 371.70M) | Time:00:00.17 | Remaining:00:00.31 | Mem:87.22M, Peak:228.17M | Scene, ViewLayer | Sample 1/32
Fra:1 Mem:110.70M (Peak 371.70M) | Time:00:00.49 | Mem:87.22M, Peak:228.17M | Scene, ViewLayer | Sample 32/32
Fra:1 Mem:110.70M (Peak 371.70M) | Time:00:00.49 | Mem:87.22M, Peak:228.17M | Scene, ViewLayer | Finished
Saved: '/home/janus/iwi9-datasets/objaverse-rendering/no_textures_5/577ae2d8d40649ddbbc5e53093a8c395/005.png'
 Time: 00:00.52 (Saving: 00:00.03)

Fra:1 Mem:17.57M (Peak 20.32M) | Time:00:00.00 | Mem:0.00M, Peak:0.00M | Scene, ViewLayer | Synchronizing object | Object_4
Fra:1 Mem:17.58M (Peak 20.32M) | Time:00:00.00 | Mem:0.00M, Peak:0.00M | Scene, ViewLayer | Synchronizing object | Object_9
Fra:1 Mem:19.09M (Peak 22.54M) | Time:00:00.01 | Mem:0.00M, Peak:0.00M | Scene, ViewLayer | Initializing
Fra:1 Mem:16.51M (Peak 22.54M) | Time:00:00.01 | Mem:0.00M, Peak:0.00M | Scene, ViewLayer | Waiting for render to start
Fra:1 Mem:16.51M (Peak 22.54M) | Time:00:00.01 | Mem:0.00M, Peak:0.00M | Scene, ViewLayer | Loading render kernels (may take a few minutes the first time)
Fra:1 Mem:16.51M (Peak 22.54M) | Time:00:00.01 | Mem:0.00M, Peak:0.00M | Scene, ViewLayer | Updating Scene
Fra:1 Mem:16.51M (Peak 22.54M) | Time:00:00.01 | Mem:0.00M, Peak:0.00M | Scene, ViewLayer | Updating Shaders
Fra:1 Mem:16.76M (Peak 22.54M) | Time:00:00.01 | Mem:0.00M, Peak:0.00M | Scene, ViewLayer | Updating Procedurals
Fra:1 Mem:16.76M (Peak 22.54M) | Time:00:00.01 | Mem:0.00M, Peak:0.00M | Scene, ViewLayer | Updating Background
Fra:1 Mem:16.76M (Peak 22.54M) | Time:00:00.01 | Mem:0.00M, Peak:0.00M | Scene, ViewLayer | Updating Camera
Fra:1 Mem:16.76M (Peak 22.54M) | Time:00:00.01 | Mem:0.00M, Peak:0.00M | Scene, ViewLayer | Updating Meshes Flags
Fra:1 Mem:16.76M (Peak 22.54M) | Time:00:00.01 | Mem:0.00M, Peak:0.00M | Scene, ViewLayer | Updating Objects
Fra:1 Mem:16.76M (Peak 22.54M) | Time:00:00.01 | Mem:0.00M, Peak:0.00M | Scene, ViewLayer | Updating Objects | Copying Transformations to device
Fra:1 Mem:16.76M (Peak 22.54M) | Time:00:00.01 | Mem:0.01M, Peak:0.01M | Scene, ViewLayer | Updating Objects | Applying Static Transformations
Fra:1 Mem:16.76M (Peak 22.54M) | Time:00:00.01 | Mem:0.01M, Peak:0.01M | Scene, ViewLayer | Updating Particle Systems
Fra:1 Mem:16.76M (Peak 22.54M) | Time:00:00.01 | Mem:0.01M, Peak:0.01M | Scene, ViewLayer | Updating Particle Systems | Copying Particles to device
Fra:1 Mem:16.76M (Peak 22.54M) | Time:00:00.01 | Mem:0.01M, Peak:0.01M | Scene, ViewLayer | Updating Meshes
Fra:1 Mem:16.93M (Peak 22.54M) | Time:00:00.01 | Mem:0.01M, Peak:0.01M | Scene, ViewLayer | Updating Mesh | Computing attributes
Fra:1 Mem:17.45M (Peak 22.54M) | Time:00:00.01 | Mem:0.01M, Peak:0.01M | Scene, ViewLayer | Updating Mesh | Copying Attributes to device
Fra:1 Mem:17.45M (Peak 22.54M) | Time:00:00.01 | Mem:0.53M, Peak:0.53M | Scene, ViewLayer | Updating Scene BVH | Building
Fra:1 Mem:17.45M (Peak 22.54M) | Time:00:00.01 | Mem:0.53M, Peak:0.53M | Scene, ViewLayer | Updating Scene BVH | Building BVH
Fra:1 Mem:17.45M (Peak 22.54M) | Time:00:00.01 | Mem:1.43M, Peak:1.43M | Scene, ViewLayer | Updating Scene BVH | Building BVH 0%
Fra:1 Mem:17.45M (Peak 22.54M) | Time:00:00.01 | Mem:1.65M, Peak:2.15M | Scene, ViewLayer | Updating Scene BVH | Copying BVH to device
Fra:1 Mem:17.45M (Peak 22.54M) | Time:00:00.01 | Mem:1.65M, Peak:2.15M | Scene, ViewLayer | Updating Mesh | Computing normals
Fra:1 Mem:18.52M (Peak 22.54M) | Time:00:00.01 | Mem:1.65M, Peak:2.15M | Scene, ViewLayer | Updating Mesh | Copying Mesh to device
Fra:1 Mem:18.52M (Peak 22.54M) | Time:00:00.01 | Mem:2.72M, Peak:2.72M | Scene, ViewLayer | Updating Objects Flags
Fra:1 Mem:18.52M (Peak 22.54M) | Time:00:00.01 | Mem:2.72M, Peak:2.72M | Scene, ViewLayer | Updating Primitive Offsets
Fra:1 Mem:18.52M (Peak 22.54M) | Time:00:00.01 | Mem:2.72M, Peak:2.72M | Scene, ViewLayer | Updating Images
Fra:1 Mem:18.52M (Peak 22.54M) | Time:00:00.01 | Mem:2.72M, Peak:2.72M | Scene, ViewLayer | Updating Images | Loading 00812.exr
Fra:1 Mem:18.65M (Peak 22.54M) | Time:00:00.01 | Mem:2.72M, Peak:2.72M | Scene, ViewLayer | Updating Images | Loading smeared_0067.jpg
Fra:1 Mem:19.70M (Peak 22.54M) | Time:00:00.02 | Mem:3.88M, Peak:3.88M | Scene, ViewLayer | Updating Camera Volume
Fra:1 Mem:19.70M (Peak 22.54M) | Time:00:00.02 | Mem:3.88M, Peak:3.88M | Scene, ViewLayer | Updating Lookup Tables
Fra:1 Mem:19.70M (Peak 22.54M) | Time:00:00.02 | Mem:4.13M, Peak:4.13M | Scene, ViewLayer | Updating Lights
Fra:1 Mem:19.70M (Peak 22.54M) | Time:00:00.02 | Mem:4.13M, Peak:4.13M | Scene, ViewLayer | Updating Lights | Computing distribution
Fra:1 Mem:19.70M (Peak 22.54M) | Time:00:00.02 | Mem:4.13M, Peak:4.13M | Scene, ViewLayer | Updating Lights | Importance map
Fra:1 Mem:83.73M (Peak 371.83M) | Time:00:00.16 | Mem:68.17M, Peak:228.14M | Scene, ViewLayer | Updating Integrator
Fra:1 Mem:83.74M (Peak 371.83M) | Time:00:00.16 | Mem:68.18M, Peak:228.14M | Scene, ViewLayer | Updating Film
Fra:1 Mem:83.74M (Peak 371.83M) | Time:00:00.16 | Mem:67.93M, Peak:228.14M | Scene, ViewLayer | Updating Lookup Tables
Fra:1 Mem:83.74M (Peak 371.83M) | Time:00:00.16 | Mem:68.19M, Peak:228.14M | Scene, ViewLayer | Updating Baking
Fra:1 Mem:83.74M (Peak 371.83M) | Time:00:00.16 | Mem:68.19M, Peak:228.14M | Scene, ViewLayer | Updating Device | Writing constant memory
Fra:1 Mem:83.74M (Peak 371.83M) | Time:00:00.16 | Mem:68.19M, Peak:228.14M | Scene, ViewLayer | Sample 0/32
Fra:1 Mem:102.83M (Peak 371.83M) | Time:00:00.17 | Remaining:00:00.27 | Mem:87.19M, Peak:228.14M | Scene, ViewLayer | Sample 1/32
Fra:1 Mem:110.83M (Peak 371.83M) | Time:00:00.48 | Mem:87.19M, Peak:228.14M | Scene, ViewLayer | Sample 32/32
Fra:1 Mem:110.83M (Peak 371.83M) | Time:00:00.48 | Mem:87.19M, Peak:228.14M | Scene, ViewLayer | Finished
Saved: '/home/janus/iwi9-datasets/objaverse-rendering/no_textures_5/577ae2d8d40649ddbbc5e53093a8c395/006.png'
 Time: 00:00.52 (Saving: 00:00.03)

Fra:1 Mem:17.73M (Peak 20.52M) | Time:00:00.00 | Mem:0.00M, Peak:0.00M | Scene, ViewLayer | Synchronizing object | Object_3
Fra:1 Mem:17.75M (Peak 20.52M) | Time:00:00.00 | Mem:0.00M, Peak:0.00M | Scene, ViewLayer | Synchronizing object | Object_8
Fra:1 Mem:17.84M (Peak 20.52M) | Time:00:00.00 | Mem:0.00M, Peak:0.00M | Scene, ViewLayer | Synchronizing object | Object_9
Fra:1 Mem:19.25M (Peak 22.74M) | Time:00:00.01 | Mem:0.00M, Peak:0.00M | Scene, ViewLayer | Initializing
Fra:1 Mem:16.66M (Peak 22.74M) | Time:00:00.01 | Mem:0.00M, Peak:0.00M | Scene, ViewLayer | Waiting for render to start
Fra:1 Mem:16.66M (Peak 22.74M) | Time:00:00.01 | Mem:0.00M, Peak:0.00M | Scene, ViewLayer | Loading render kernels (may take a few minutes the first time)
Fra:1 Mem:16.66M (Peak 22.74M) | Time:00:00.01 | Mem:0.00M, Peak:0.00M | Scene, ViewLayer | Updating Scene
Fra:1 Mem:16.66M (Peak 22.74M) | Time:00:00.01 | Mem:0.00M, Peak:0.00M | Scene, ViewLayer | Updating Shaders
Fra:1 Mem:16.92M (Peak 22.74M) | Time:00:00.01 | Mem:0.00M, Peak:0.00M | Scene, ViewLayer | Updating Procedurals
Fra:1 Mem:16.92M (Peak 22.74M) | Time:00:00.01 | Mem:0.00M, Peak:0.00M | Scene, ViewLayer | Updating Background
Fra:1 Mem:16.92M (Peak 22.74M) | Time:00:00.01 | Mem:0.00M, Peak:0.00M | Scene, ViewLayer | Updating Camera
Fra:1 Mem:16.92M (Peak 22.74M) | Time:00:00.01 | Mem:0.00M, Peak:0.00M | Scene, ViewLayer | Updating Meshes Flags
Fra:1 Mem:16.92M (Peak 22.74M) | Time:00:00.01 | Mem:0.00M, Peak:0.00M | Scene, ViewLayer | Updating Objects
Fra:1 Mem:16.92M (Peak 22.74M) | Time:00:00.01 | Mem:0.00M, Peak:0.00M | Scene, ViewLayer | Updating Objects | Copying Transformations to device
Fra:1 Mem:16.92M (Peak 22.74M) | Time:00:00.01 | Mem:0.01M, Peak:0.01M | Scene, ViewLayer | Updating Objects | Applying Static Transformations
Fra:1 Mem:16.92M (Peak 22.74M) | Time:00:00.01 | Mem:0.01M, Peak:0.01M | Scene, ViewLayer | Updating Particle Systems
Fra:1 Mem:16.92M (Peak 22.74M) | Time:00:00.01 | Mem:0.01M, Peak:0.01M | Scene, ViewLayer | Updating Particle Systems | Copying Particles to device
Fra:1 Mem:16.92M (Peak 22.74M) | Time:00:00.01 | Mem:0.01M, Peak:0.01M | Scene, ViewLayer | Updating Meshes
Fra:1 Mem:17.08M (Peak 22.74M) | Time:00:00.01 | Mem:0.01M, Peak:0.01M | Scene, ViewLayer | Updating Mesh | Computing attributes
Fra:1 Mem:17.61M (Peak 22.74M) | Time:00:00.01 | Mem:0.01M, Peak:0.01M | Scene, ViewLayer | Updating Mesh | Copying Attributes to device
Fra:1 Mem:17.60M (Peak 22.74M) | Time:00:00.01 | Mem:0.53M, Peak:0.53M | Scene, ViewLayer | Updating Scene BVH | Building
Fra:1 Mem:17.60M (Peak 22.74M) | Time:00:00.01 | Mem:0.53M, Peak:0.53M | Scene, ViewLayer | Updating Scene BVH | Building BVH
Fra:1 Mem:17.60M (Peak 22.74M) | Time:00:00.01 | Mem:1.43M, Peak:1.43M | Scene, ViewLayer | Updating Scene BVH | Building BVH 0%
Fra:1 Mem:17.60M (Peak 22.74M) | Time:00:00.01 | Mem:1.65M, Peak:2.15M | Scene, ViewLayer | Updating Scene BVH | Copying BVH to device
Fra:1 Mem:17.60M (Peak 22.74M) | Time:00:00.01 | Mem:1.65M, Peak:2.15M | Scene, ViewLayer | Updating Mesh | Computing normals
Fra:1 Mem:18.68M (Peak 22.74M) | Time:00:00.01 | Mem:1.65M, Peak:2.15M | Scene, ViewLayer | Updating Mesh | Copying Mesh to device
Fra:1 Mem:18.68M (Peak 22.74M) | Time:00:00.01 | Mem:2.72M, Peak:2.72M | Scene, ViewLayer | Updating Objects Flags
Fra:1 Mem:18.68M (Peak 22.74M) | Time:00:00.01 | Mem:2.72M, Peak:2.72M | Scene, ViewLayer | Updating Primitive Offsets
Fra:1 Mem:18.68M (Peak 22.74M) | Time:00:00.01 | Mem:2.72M, Peak:2.72M | Scene, ViewLayer | Updating Images
Fra:1 Mem:18.68M (Peak 22.74M) | Time:00:00.01 | Mem:2.72M, Peak:2.72M | Scene, ViewLayer | Updating Images | Loading 00812.exr
Fra:1 Mem:18.80M (Peak 22.74M) | Time:00:00.01 | Mem:2.72M, Peak:2.72M | Scene, ViewLayer | Updating Images | Loading grid_0091.jpg
Fra:1 Mem:19.27M (Peak 22.74M) | Time:00:00.02 | Mem:3.30M, Peak:3.30M | Scene, ViewLayer | Updating Camera Volume
Fra:1 Mem:19.27M (Peak 22.74M) | Time:00:00.02 | Mem:3.30M, Peak:3.30M | Scene, ViewLayer | Updating Lookup Tables
Fra:1 Mem:19.27M (Peak 22.74M) | Time:00:00.02 | Mem:3.55M, Peak:3.55M | Scene, ViewLayer | Updating Lights
Fra:1 Mem:19.27M (Peak 22.74M) | Time:00:00.02 | Mem:3.55M, Peak:3.55M | Scene, ViewLayer | Updating Lights | Computing distribution
Fra:1 Mem:19.27M (Peak 22.74M) | Time:00:00.02 | Mem:3.55M, Peak:3.55M | Scene, ViewLayer | Updating Lights | Importance map
Fra:1 Mem:83.30M (Peak 371.40M) | Time:00:00.16 | Mem:67.59M, Peak:227.56M | Scene, ViewLayer | Updating Integrator
Fra:1 Mem:83.31M (Peak 371.40M) | Time:00:00.16 | Mem:67.60M, Peak:227.56M | Scene, ViewLayer | Updating Film
Fra:1 Mem:83.31M (Peak 371.40M) | Time:00:00.16 | Mem:67.35M, Peak:227.56M | Scene, ViewLayer | Updating Lookup Tables
Fra:1 Mem:83.31M (Peak 371.40M) | Time:00:00.16 | Mem:67.61M, Peak:227.56M | Scene, ViewLayer | Updating Baking
Fra:1 Mem:83.31M (Peak 371.40M) | Time:00:00.16 | Mem:67.61M, Peak:227.56M | Scene, ViewLayer | Updating Device | Writing constant memory
Fra:1 Mem:83.31M (Peak 371.40M) | Time:00:00.16 | Mem:67.61M, Peak:227.56M | Scene, ViewLayer | Sample 0/32
Fra:1 Mem:102.40M (Peak 371.40M) | Time:00:00.17 | Remaining:00:00.26 | Mem:86.61M, Peak:227.56M | Scene, ViewLayer | Sample 1/32
Fra:1 Mem:110.40M (Peak 371.40M) | Time:00:00.45 | Mem:86.61M, Peak:227.56M | Scene, ViewLayer | Sample 32/32
Fra:1 Mem:110.40M (Peak 371.40M) | Time:00:00.45 | Mem:86.61M, Peak:227.56M | Scene, ViewLayer | Finished
Saved: '/home/janus/iwi9-datasets/objaverse-rendering/no_textures_5/577ae2d8d40649ddbbc5e53093a8c395/007.png'
 Time: 00:00.49 (Saving: 00:00.03)

Fra:1 Mem:17.90M (Peak 20.62M) | Time:00:00.00 | Mem:0.00M, Peak:0.00M | Scene, ViewLayer | Synchronizing object | Object_3
Fra:1 Mem:17.91M (Peak 20.62M) | Time:00:00.00 | Mem:0.00M, Peak:0.00M | Scene, ViewLayer | Synchronizing object | Object_9
Fra:1 Mem:19.42M (Peak 22.96M) | Time:00:00.01 | Mem:0.00M, Peak:0.00M | Scene, ViewLayer | Initializing
Fra:1 Mem:16.84M (Peak 22.96M) | Time:00:00.01 | Mem:0.00M, Peak:0.00M | Scene, ViewLayer | Waiting for render to start
Fra:1 Mem:16.84M (Peak 22.96M) | Time:00:00.01 | Mem:0.00M, Peak:0.00M | Scene, ViewLayer | Loading render kernels (may take a few minutes the first time)
Fra:1 Mem:16.84M (Peak 22.96M) | Time:00:00.01 | Mem:0.00M, Peak:0.00M | Scene, ViewLayer | Updating Scene
Fra:1 Mem:16.84M (Peak 22.96M) | Time:00:00.01 | Mem:0.00M, Peak:0.00M | Scene, ViewLayer | Updating Shaders
Fra:1 Mem:17.09M (Peak 22.96M) | Time:00:00.01 | Mem:0.00M, Peak:0.00M | Scene, ViewLayer | Updating Procedurals
Fra:1 Mem:17.09M (Peak 22.96M) | Time:00:00.01 | Mem:0.00M, Peak:0.00M | Scene, ViewLayer | Updating Background
Fra:1 Mem:17.09M (Peak 22.96M) | Time:00:00.01 | Mem:0.00M, Peak:0.00M | Scene, ViewLayer | Updating Camera
Fra:1 Mem:17.09M (Peak 22.96M) | Time:00:00.01 | Mem:0.00M, Peak:0.00M | Scene, ViewLayer | Updating Meshes Flags
Fra:1 Mem:17.09M (Peak 22.96M) | Time:00:00.01 | Mem:0.00M, Peak:0.00M | Scene, ViewLayer | Updating Objects
Fra:1 Mem:17.09M (Peak 22.96M) | Time:00:00.01 | Mem:0.00M, Peak:0.00M | Scene, ViewLayer | Updating Objects | Copying Transformations to device
Fra:1 Mem:17.10M (Peak 22.96M) | Time:00:00.01 | Mem:0.01M, Peak:0.01M | Scene, ViewLayer | Updating Objects | Applying Static Transformations
Fra:1 Mem:17.10M (Peak 22.96M) | Time:00:00.01 | Mem:0.01M, Peak:0.01M | Scene, ViewLayer | Updating Particle Systems
Fra:1 Mem:17.10M (Peak 22.96M) | Time:00:00.01 | Mem:0.01M, Peak:0.01M | Scene, ViewLayer | Updating Particle Systems | Copying Particles to device
Fra:1 Mem:17.10M (Peak 22.96M) | Time:00:00.01 | Mem:0.01M, Peak:0.01M | Scene, ViewLayer | Updating Meshes
Fra:1 Mem:17.26M (Peak 22.96M) | Time:00:00.01 | Mem:0.01M, Peak:0.01M | Scene, ViewLayer | Updating Mesh | Computing attributes
Fra:1 Mem:17.78M (Peak 22.96M) | Time:00:00.01 | Mem:0.01M, Peak:0.01M | Scene, ViewLayer | Updating Mesh | Copying Attributes to device
Fra:1 Mem:17.78M (Peak 22.96M) | Time:00:00.01 | Mem:0.53M, Peak:0.53M | Scene, ViewLayer | Updating Scene BVH | Building
Fra:1 Mem:17.78M (Peak 22.96M) | Time:00:00.01 | Mem:0.53M, Peak:0.53M | Scene, ViewLayer | Updating Scene BVH | Building BVH
Fra:1 Mem:17.78M (Peak 22.96M) | Time:00:00.01 | Mem:1.43M, Peak:1.43M | Scene, ViewLayer | Updating Scene BVH | Building BVH 0%
Fra:1 Mem:17.78M (Peak 22.96M) | Time:00:00.01 | Mem:1.65M, Peak:2.15M | Scene, ViewLayer | Updating Scene BVH | Copying BVH to device
Fra:1 Mem:17.78M (Peak 22.96M) | Time:00:00.01 | Mem:1.65M, Peak:2.15M | Scene, ViewLayer | Updating Mesh | Computing normals
Fra:1 Mem:18.85M (Peak 22.96M) | Time:00:00.01 | Mem:1.65M, Peak:2.15M | Scene, ViewLayer | Updating Mesh | Copying Mesh to device
Fra:1 Mem:18.85M (Peak 22.96M) | Time:00:00.01 | Mem:2.72M, Peak:2.72M | Scene, ViewLayer | Updating Objects Flags
Fra:1 Mem:18.85M (Peak 22.96M) | Time:00:00.01 | Mem:2.72M, Peak:2.72M | Scene, ViewLayer | Updating Primitive Offsets
Fra:1 Mem:18.85M (Peak 22.96M) | Time:00:00.01 | Mem:2.72M, Peak:2.72M | Scene, ViewLayer | Updating Images
Fra:1 Mem:18.85M (Peak 22.96M) | Time:00:00.01 | Mem:2.72M, Peak:2.72M | Scene, ViewLayer | Updating Images | Loading 00812.exr
Fra:1 Mem:18.98M (Peak 22.96M) | Time:00:00.01 | Mem:2.72M, Peak:2.72M | Scene, ViewLayer | Updating Images | Loading woven_0110.jpg
Fra:1 Mem:19.45M (Peak 22.96M) | Time:00:00.02 | Mem:3.30M, Peak:3.30M | Scene, ViewLayer | Updating Camera Volume
Fra:1 Mem:19.45M (Peak 22.96M) | Time:00:00.02 | Mem:3.30M, Peak:3.30M | Scene, ViewLayer | Updating Lookup Tables
Fra:1 Mem:19.45M (Peak 22.96M) | Time:00:00.02 | Mem:3.55M, Peak:3.55M | Scene, ViewLayer | Updating Lights
Fra:1 Mem:19.45M (Peak 22.96M) | Time:00:00.02 | Mem:3.55M, Peak:3.55M | Scene, ViewLayer | Updating Lights | Computing distribution
Fra:1 Mem:19.45M (Peak 22.96M) | Time:00:00.02 | Mem:3.55M, Peak:3.55M | Scene, ViewLayer | Updating Lights | Importance map
Fra:1 Mem:83.48M (Peak 371.58M) | Time:00:00.16 | Mem:67.59M, Peak:227.56M | Scene, ViewLayer | Updating Integrator
Fra:1 Mem:83.49M (Peak 371.58M) | Time:00:00.16 | Mem:67.60M, Peak:227.56M | Scene, ViewLayer | Updating Film
Fra:1 Mem:83.49M (Peak 371.58M) | Time:00:00.16 | Mem:67.35M, Peak:227.56M | Scene, ViewLayer | Updating Lookup Tables
Fra:1 Mem:83.49M (Peak 371.58M) | Time:00:00.16 | Mem:67.61M, Peak:227.56M | Scene, ViewLayer | Updating Baking
Fra:1 Mem:83.49M (Peak 371.58M) | Time:00:00.16 | Mem:67.61M, Peak:227.56M | Scene, ViewLayer | Updating Device | Writing constant memory
Fra:1 Mem:83.49M (Peak 371.58M) | Time:00:00.16 | Mem:67.61M, Peak:227.56M | Scene, ViewLayer | Sample 0/32
Fra:1 Mem:102.58M (Peak 371.58M) | Time:00:00.17 | Remaining:00:00.25 | Mem:86.61M, Peak:227.56M | Scene, ViewLayer | Sample 1/32
Fra:1 Mem:110.58M (Peak 371.58M) | Time:00:00.44 | Mem:86.61M, Peak:227.56M | Scene, ViewLayer | Sample 32/32
Fra:1 Mem:110.58M (Peak 371.58M) | Time:00:00.44 | Mem:86.61M, Peak:227.56M | Scene, ViewLayer | Finished
Saved: '/home/janus/iwi9-datasets/objaverse-rendering/no_textures_5/577ae2d8d40649ddbbc5e53093a8c395/008.png'
 Time: 00:00.47 (Saving: 00:00.03)

Fra:1 Mem:18.06M (Peak 20.83M) | Time:00:00.00 | Mem:0.00M, Peak:0.00M | Scene, ViewLayer | Synchronizing object | Object_4
Fra:1 Mem:18.07M (Peak 20.83M) | Time:00:00.00 | Mem:0.00M, Peak:0.00M | Scene, ViewLayer | Synchronizing object | Object_9
Fra:1 Mem:19.58M (Peak 23.03M) | Time:00:00.01 | Mem:0.00M, Peak:0.00M | Scene, ViewLayer | Initializing
Fra:1 Mem:16.99M (Peak 23.03M) | Time:00:00.01 | Mem:0.00M, Peak:0.00M | Scene, ViewLayer | Waiting for render to start
Fra:1 Mem:17.00M (Peak 23.03M) | Time:00:00.01 | Mem:0.00M, Peak:0.00M | Scene, ViewLayer | Loading render kernels (may take a few minutes the first time)
Fra:1 Mem:17.00M (Peak 23.03M) | Time:00:00.01 | Mem:0.00M, Peak:0.00M | Scene, ViewLayer | Updating Scene
Fra:1 Mem:17.00M (Peak 23.03M) | Time:00:00.01 | Mem:0.00M, Peak:0.00M | Scene, ViewLayer | Updating Shaders
Fra:1 Mem:17.25M (Peak 23.03M) | Time:00:00.01 | Mem:0.00M, Peak:0.00M | Scene, ViewLayer | Updating Procedurals
Fra:1 Mem:17.25M (Peak 23.03M) | Time:00:00.01 | Mem:0.00M, Peak:0.00M | Scene, ViewLayer | Updating Background
Fra:1 Mem:17.25M (Peak 23.03M) | Time:00:00.01 | Mem:0.00M, Peak:0.00M | Scene, ViewLayer | Updating Camera
Fra:1 Mem:17.25M (Peak 23.03M) | Time:00:00.01 | Mem:0.00M, Peak:0.00M | Scene, ViewLayer | Updating Meshes Flags
Fra:1 Mem:17.25M (Peak 23.03M) | Time:00:00.01 | Mem:0.00M, Peak:0.00M | Scene, ViewLayer | Updating Objects
Fra:1 Mem:17.25M (Peak 23.03M) | Time:00:00.01 | Mem:0.00M, Peak:0.00M | Scene, ViewLayer | Updating Objects | Copying Transformations to device
Fra:1 Mem:17.25M (Peak 23.03M) | Time:00:00.01 | Mem:0.01M, Peak:0.01M | Scene, ViewLayer | Updating Objects | Applying Static Transformations
Fra:1 Mem:17.25M (Peak 23.03M) | Time:00:00.01 | Mem:0.01M, Peak:0.01M | Scene, ViewLayer | Updating Particle Systems
Fra:1 Mem:17.25M (Peak 23.03M) | Time:00:00.01 | Mem:0.01M, Peak:0.01M | Scene, ViewLayer | Updating Particle Systems | Copying Particles to device
Fra:1 Mem:17.25M (Peak 23.03M) | Time:00:00.01 | Mem:0.01M, Peak:0.01M | Scene, ViewLayer | Updating Meshes
Fra:1 Mem:17.41M (Peak 23.03M) | Time:00:00.01 | Mem:0.01M, Peak:0.01M | Scene, ViewLayer | Updating Mesh | Computing attributes
Fra:1 Mem:17.94M (Peak 23.03M) | Time:00:00.01 | Mem:0.01M, Peak:0.01M | Scene, ViewLayer | Updating Mesh | Copying Attributes to device
Fra:1 Mem:17.94M (Peak 23.03M) | Time:00:00.01 | Mem:0.53M, Peak:0.53M | Scene, ViewLayer | Updating Scene BVH | Building
Fra:1 Mem:17.94M (Peak 23.03M) | Time:00:00.01 | Mem:0.53M, Peak:0.53M | Scene, ViewLayer | Updating Scene BVH | Building BVH
Fra:1 Mem:17.94M (Peak 23.03M) | Time:00:00.01 | Mem:1.43M, Peak:1.43M | Scene, ViewLayer | Updating Scene BVH | Building BVH 0%
Fra:1 Mem:17.94M (Peak 23.03M) | Time:00:00.01 | Mem:1.65M, Peak:2.15M | Scene, ViewLayer | Updating Scene BVH | Copying BVH to device
Fra:1 Mem:17.94M (Peak 23.03M) | Time:00:00.01 | Mem:1.65M, Peak:2.15M | Scene, ViewLayer | Updating Mesh | Computing normals
Fra:1 Mem:19.01M (Peak 23.03M) | Time:00:00.01 | Mem:1.65M, Peak:2.15M | Scene, ViewLayer | Updating Mesh | Copying Mesh to device
Fra:1 Mem:19.01M (Peak 23.03M) | Time:00:00.01 | Mem:2.72M, Peak:2.72M | Scene, ViewLayer | Updating Objects Flags
Fra:1 Mem:19.01M (Peak 23.03M) | Time:00:00.01 | Mem:2.72M, Peak:2.72M | Scene, ViewLayer | Updating Primitive Offsets
Fra:1 Mem:19.01M (Peak 23.03M) | Time:00:00.01 | Mem:2.72M, Peak:2.72M | Scene, ViewLayer | Updating Images
Fra:1 Mem:19.01M (Peak 23.03M) | Time:00:00.01 | Mem:2.72M, Peak:2.72M | Scene, ViewLayer | Updating Images | Loading 00812.exr
Fra:1 Mem:19.13M (Peak 23.03M) | Time:00:00.01 | Mem:2.72M, Peak:2.72M | Scene, ViewLayer | Updating Images | Loading scaly_0153.jpg
Fra:1 Mem:19.65M (Peak 23.03M) | Time:00:00.02 | Mem:3.34M, Peak:3.34M | Scene, ViewLayer | Updating Camera Volume
Fra:1 Mem:19.65M (Peak 23.03M) | Time:00:00.02 | Mem:3.34M, Peak:3.34M | Scene, ViewLayer | Updating Lookup Tables
Fra:1 Mem:19.65M (Peak 23.03M) | Time:00:00.02 | Mem:3.59M, Peak:3.59M | Scene, ViewLayer | Updating Lights
Fra:1 Mem:19.65M (Peak 23.03M) | Time:00:00.02 | Mem:3.59M, Peak:3.59M | Scene, ViewLayer | Updating Lights | Computing distribution
Fra:1 Mem:19.65M (Peak 23.03M) | Time:00:00.02 | Mem:3.59M, Peak:3.59M | Scene, ViewLayer | Updating Lights | Importance map
Fra:1 Mem:83.68M (Peak 371.77M) | Time:00:00.16 | Mem:67.64M, Peak:227.61M | Scene, ViewLayer | Updating Integrator
Fra:1 Mem:83.68M (Peak 371.77M) | Time:00:00.16 | Mem:67.64M, Peak:227.61M | Scene, ViewLayer | Updating Film
Fra:1 Mem:83.69M (Peak 371.77M) | Time:00:00.16 | Mem:67.39M, Peak:227.61M | Scene, ViewLayer | Updating Lookup Tables
Fra:1 Mem:83.69M (Peak 371.77M) | Time:00:00.16 | Mem:67.65M, Peak:227.61M | Scene, ViewLayer | Updating Baking
Fra:1 Mem:83.69M (Peak 371.77M) | Time:00:00.16 | Mem:67.65M, Peak:227.61M | Scene, ViewLayer | Updating Device | Writing constant memory
Fra:1 Mem:83.69M (Peak 371.77M) | Time:00:00.16 | Mem:67.65M, Peak:227.61M | Scene, ViewLayer | Sample 0/32
Fra:1 Mem:102.78M (Peak 371.77M) | Time:00:00.17 | Remaining:00:00.27 | Mem:86.65M, Peak:227.61M | Scene, ViewLayer | Sample 1/32
Fra:1 Mem:110.78M (Peak 371.77M) | Time:00:00.45 | Mem:86.65M, Peak:227.61M | Scene, ViewLayer | Sample 32/32
Fra:1 Mem:110.78M (Peak 371.77M) | Time:00:00.45 | Mem:86.65M, Peak:227.61M | Scene, ViewLayer | Finished
Saved: '/home/janus/iwi9-datasets/objaverse-rendering/no_textures_5/577ae2d8d40649ddbbc5e53093a8c395/009.png'
 Time: 00:00.49 (Saving: 00:00.03)

Fra:1 Mem:18.21M (Peak 21.15M) | Time:00:00.00 | Mem:0.00M, Peak:0.00M | Scene, ViewLayer | Synchronizing object | Object_3
Fra:1 Mem:18.22M (Peak 21.15M) | Time:00:00.00 | Mem:0.00M, Peak:0.00M | Scene, ViewLayer | Synchronizing object | Object_9
Fra:1 Mem:19.74M (Peak 23.19M) | Time:00:00.01 | Mem:0.00M, Peak:0.00M | Scene, ViewLayer | Initializing
Fra:1 Mem:17.15M (Peak 23.19M) | Time:00:00.01 | Mem:0.00M, Peak:0.00M | Scene, ViewLayer | Waiting for render to start
Fra:1 Mem:17.15M (Peak 23.19M) | Time:00:00.01 | Mem:0.00M, Peak:0.00M | Scene, ViewLayer | Loading render kernels (may take a few minutes the first time)
Fra:1 Mem:17.15M (Peak 23.19M) | Time:00:00.01 | Mem:0.00M, Peak:0.00M | Scene, ViewLayer | Updating Scene
Fra:1 Mem:17.15M (Peak 23.19M) | Time:00:00.01 | Mem:0.00M, Peak:0.00M | Scene, ViewLayer | Updating Shaders
Fra:1 Mem:17.41M (Peak 23.19M) | Time:00:00.01 | Mem:0.00M, Peak:0.00M | Scene, ViewLayer | Updating Procedurals
Fra:1 Mem:17.41M (Peak 23.19M) | Time:00:00.01 | Mem:0.00M, Peak:0.00M | Scene, ViewLayer | Updating Background
Fra:1 Mem:17.41M (Peak 23.19M) | Time:00:00.01 | Mem:0.00M, Peak:0.00M | Scene, ViewLayer | Updating Camera
Fra:1 Mem:17.41M (Peak 23.19M) | Time:00:00.01 | Mem:0.00M, Peak:0.00M | Scene, ViewLayer | Updating Meshes Flags
Fra:1 Mem:17.41M (Peak 23.19M) | Time:00:00.01 | Mem:0.00M, Peak:0.00M | Scene, ViewLayer | Updating Objects
Fra:1 Mem:17.41M (Peak 23.19M) | Time:00:00.01 | Mem:0.00M, Peak:0.00M | Scene, ViewLayer | Updating Objects | Copying Transformations to device
Fra:1 Mem:17.41M (Peak 23.19M) | Time:00:00.01 | Mem:0.01M, Peak:0.01M | Scene, ViewLayer | Updating Objects | Applying Static Transformations
Fra:1 Mem:17.41M (Peak 23.19M) | Time:00:00.01 | Mem:0.01M, Peak:0.01M | Scene, ViewLayer | Updating Particle Systems
Fra:1 Mem:17.41M (Peak 23.19M) | Time:00:00.01 | Mem:0.01M, Peak:0.01M | Scene, ViewLayer | Updating Particle Systems | Copying Particles to device
Fra:1 Mem:17.41M (Peak 23.19M) | Time:00:00.01 | Mem:0.01M, Peak:0.01M | Scene, ViewLayer | Updating Meshes
Fra:1 Mem:17.57M (Peak 23.19M) | Time:00:00.01 | Mem:0.01M, Peak:0.01M | Scene, ViewLayer | Updating Mesh | Computing attributes
Fra:1 Mem:18.09M (Peak 23.19M) | Time:00:00.01 | Mem:0.01M, Peak:0.01M | Scene, ViewLayer | Updating Mesh | Copying Attributes to device
Fra:1 Mem:18.09M (Peak 23.19M) | Time:00:00.01 | Mem:0.53M, Peak:0.53M | Scene, ViewLayer | Updating Scene BVH | Building
Fra:1 Mem:18.09M (Peak 23.19M) | Time:00:00.01 | Mem:0.53M, Peak:0.53M | Scene, ViewLayer | Updating Scene BVH | Building BVH
Fra:1 Mem:18.09M (Peak 23.19M) | Time:00:00.01 | Mem:1.43M, Peak:1.43M | Scene, ViewLayer | Updating Scene BVH | Building BVH 0%
Fra:1 Mem:18.09M (Peak 23.19M) | Time:00:00.01 | Mem:1.65M, Peak:2.15M | Scene, ViewLayer | Updating Scene BVH | Copying BVH to device
Fra:1 Mem:18.09M (Peak 23.19M) | Time:00:00.01 | Mem:1.65M, Peak:2.15M | Scene, ViewLayer | Updating Mesh | Computing normals
Fra:1 Mem:19.16M (Peak 23.19M) | Time:00:00.01 | Mem:1.65M, Peak:2.15M | Scene, ViewLayer | Updating Mesh | Copying Mesh to device
Fra:1 Mem:19.16M (Peak 23.19M) | Time:00:00.01 | Mem:2.72M, Peak:2.72M | Scene, ViewLayer | Updating Objects Flags
Fra:1 Mem:19.16M (Peak 23.19M) | Time:00:00.01 | Mem:2.72M, Peak:2.72M | Scene, ViewLayer | Updating Primitive Offsets
Fra:1 Mem:19.16M (Peak 23.19M) | Time:00:00.01 | Mem:2.72M, Peak:2.72M | Scene, ViewLayer | Updating Images
Fra:1 Mem:19.16M (Peak 23.19M) | Time:00:00.01 | Mem:2.72M, Peak:2.72M | Scene, ViewLayer | Updating Images | Loading 00812.exr
Fra:1 Mem:19.29M (Peak 23.19M) | Time:00:00.01 | Mem:2.72M, Peak:2.72M | Scene, ViewLayer | Updating Images | Loading woven_0048.jpg
Fra:1 Mem:20.34M (Peak 23.19M) | Time:00:00.02 | Mem:3.89M, Peak:3.89M | Scene, ViewLayer | Updating Camera Volume
Fra:1 Mem:20.34M (Peak 23.19M) | Time:00:00.02 | Mem:3.89M, Peak:3.89M | Scene, ViewLayer | Updating Lookup Tables
Fra:1 Mem:20.34M (Peak 23.19M) | Time:00:00.02 | Mem:4.14M, Peak:4.14M | Scene, ViewLayer | Updating Lights
Fra:1 Mem:20.34M (Peak 23.19M) | Time:00:00.02 | Mem:4.14M, Peak:4.14M | Scene, ViewLayer | Updating Lights | Computing distribution
Fra:1 Mem:20.34M (Peak 23.19M) | Time:00:00.02 | Mem:4.14M, Peak:4.14M | Scene, ViewLayer | Updating Lights | Importance map
Fra:1 Mem:84.37M (Peak 372.47M) | Time:00:00.16 | Mem:68.18M, Peak:228.15M | Scene, ViewLayer | Updating Integrator
Fra:1 Mem:84.38M (Peak 372.47M) | Time:00:00.16 | Mem:68.19M, Peak:228.15M | Scene, ViewLayer | Updating Film
Fra:1 Mem:84.39M (Peak 372.47M) | Time:00:00.16 | Mem:67.94M, Peak:228.15M | Scene, ViewLayer | Updating Lookup Tables
Fra:1 Mem:84.39M (Peak 372.47M) | Time:00:00.16 | Mem:68.19M, Peak:228.15M | Scene, ViewLayer | Updating Baking
Fra:1 Mem:84.39M (Peak 372.47M) | Time:00:00.16 | Mem:68.19M, Peak:228.15M | Scene, ViewLayer | Updating Device | Writing constant memory
Fra:1 Mem:84.39M (Peak 372.47M) | Time:00:00.16 | Mem:68.19M, Peak:228.15M | Scene, ViewLayer | Sample 0/32
Fra:1 Mem:103.48M (Peak 372.47M) | Time:00:00.17 | Remaining:00:00.27 | Mem:87.19M, Peak:228.15M | Scene, ViewLayer | Sample 1/32
Fra:1 Mem:111.48M (Peak 372.47M) | Time:00:00.48 | Mem:87.19M, Peak:228.15M | Scene, ViewLayer | Sample 32/32
Fra:1 Mem:111.48M (Peak 372.47M) | Time:00:00.48 | Mem:87.19M, Peak:228.15M | Scene, ViewLayer | Finished
Saved: '/home/janus/iwi9-datasets/objaverse-rendering/no_textures_5/577ae2d8d40649ddbbc5e53093a8c395/010.png'
 Time: 00:00.52 (Saving: 00:00.03)

Fra:1 Mem:18.37M (Peak 21.07M) | Time:00:00.00 | Mem:0.00M, Peak:0.00M | Scene, ViewLayer | Synchronizing object | Object_3
Fra:1 Mem:18.37M (Peak 21.07M) | Time:00:00.00 | Mem:0.00M, Peak:0.00M | Scene, ViewLayer | Synchronizing object | Object_9
Fra:1 Mem:19.89M (Peak 23.28M) | Time:00:00.01 | Mem:0.00M, Peak:0.00M | Scene, ViewLayer | Initializing
Fra:1 Mem:17.30M (Peak 23.28M) | Time:00:00.01 | Mem:0.00M, Peak:0.00M | Scene, ViewLayer | Waiting for render to start
Fra:1 Mem:17.31M (Peak 23.28M) | Time:00:00.01 | Mem:0.00M, Peak:0.00M | Scene, ViewLayer | Loading render kernels (may take a few minutes the first time)
Fra:1 Mem:17.31M (Peak 23.28M) | Time:00:00.01 | Mem:0.00M, Peak:0.00M | Scene, ViewLayer | Updating Scene
Fra:1 Mem:17.31M (Peak 23.28M) | Time:00:00.01 | Mem:0.00M, Peak:0.00M | Scene, ViewLayer | Updating Shaders
Fra:1 Mem:17.56M (Peak 23.28M) | Time:00:00.01 | Mem:0.00M, Peak:0.00M | Scene, ViewLayer | Updating Procedurals
Fra:1 Mem:17.56M (Peak 23.28M) | Time:00:00.01 | Mem:0.00M, Peak:0.00M | Scene, ViewLayer | Updating Background
Fra:1 Mem:17.56M (Peak 23.28M) | Time:00:00.01 | Mem:0.00M, Peak:0.00M | Scene, ViewLayer | Updating Camera
Fra:1 Mem:17.56M (Peak 23.28M) | Time:00:00.01 | Mem:0.00M, Peak:0.00M | Scene, ViewLayer | Updating Meshes Flags
Fra:1 Mem:17.56M (Peak 23.28M) | Time:00:00.01 | Mem:0.00M, Peak:0.00M | Scene, ViewLayer | Updating Objects
Fra:1 Mem:17.56M (Peak 23.28M) | Time:00:00.01 | Mem:0.00M, Peak:0.00M | Scene, ViewLayer | Updating Objects | Copying Transformations to device
Fra:1 Mem:17.56M (Peak 23.28M) | Time:00:00.01 | Mem:0.01M, Peak:0.01M | Scene, ViewLayer | Updating Objects | Applying Static Transformations
Fra:1 Mem:17.56M (Peak 23.28M) | Time:00:00.01 | Mem:0.01M, Peak:0.01M | Scene, ViewLayer | Updating Particle Systems
Fra:1 Mem:17.56M (Peak 23.28M) | Time:00:00.01 | Mem:0.01M, Peak:0.01M | Scene, ViewLayer | Updating Particle Systems | Copying Particles to device
Fra:1 Mem:17.56M (Peak 23.28M) | Time:00:00.01 | Mem:0.01M, Peak:0.01M | Scene, ViewLayer | Updating Meshes
Fra:1 Mem:17.73M (Peak 23.28M) | Time:00:00.01 | Mem:0.01M, Peak:0.01M | Scene, ViewLayer | Updating Mesh | Computing attributes
Fra:1 Mem:18.25M (Peak 23.28M) | Time:00:00.01 | Mem:0.01M, Peak:0.01M | Scene, ViewLayer | Updating Mesh | Copying Attributes to device
Fra:1 Mem:18.25M (Peak 23.28M) | Time:00:00.01 | Mem:0.53M, Peak:0.53M | Scene, ViewLayer | Updating Scene BVH | Building
Fra:1 Mem:18.25M (Peak 23.28M) | Time:00:00.01 | Mem:0.53M, Peak:0.53M | Scene, ViewLayer | Updating Scene BVH | Building BVH
Fra:1 Mem:18.25M (Peak 23.28M) | Time:00:00.01 | Mem:1.43M, Peak:1.43M | Scene, ViewLayer | Updating Scene BVH | Building BVH 0%
Fra:1 Mem:18.25M (Peak 23.28M) | Time:00:00.01 | Mem:1.65M, Peak:2.15M | Scene, ViewLayer | Updating Scene BVH | Copying BVH to device
Fra:1 Mem:18.25M (Peak 23.28M) | Time:00:00.01 | Mem:1.65M, Peak:2.15M | Scene, ViewLayer | Updating Mesh | Computing normals
Fra:1 Mem:19.32M (Peak 23.28M) | Time:00:00.01 | Mem:1.65M, Peak:2.15M | Scene, ViewLayer | Updating Mesh | Copying Mesh to device
Fra:1 Mem:19.32M (Peak 23.28M) | Time:00:00.01 | Mem:2.72M, Peak:2.72M | Scene, ViewLayer | Updating Objects Flags
Fra:1 Mem:19.32M (Peak 23.28M) | Time:00:00.01 | Mem:2.72M, Peak:2.72M | Scene, ViewLayer | Updating Primitive Offsets
Fra:1 Mem:19.32M (Peak 23.28M) | Time:00:00.01 | Mem:2.72M, Peak:2.72M | Scene, ViewLayer | Updating Images
Fra:1 Mem:19.32M (Peak 23.28M) | Time:00:00.01 | Mem:2.72M, Peak:2.72M | Scene, ViewLayer | Updating Images | Loading 00812.exr
Fra:1 Mem:19.44M (Peak 23.28M) | Time:00:00.01 | Mem:2.72M, Peak:2.72M | Scene, ViewLayer | Updating Images | Loading honeycombed_0104.jpg
Fra:1 Mem:19.91M (Peak 23.28M) | Time:00:00.02 | Mem:3.30M, Peak:3.30M | Scene, ViewLayer | Updating Camera Volume
Fra:1 Mem:19.91M (Peak 23.28M) | Time:00:00.02 | Mem:3.30M, Peak:3.30M | Scene, ViewLayer | Updating Lookup Tables
Fra:1 Mem:19.91M (Peak 23.28M) | Time:00:00.02 | Mem:3.55M, Peak:3.55M | Scene, ViewLayer | Updating Lights
Fra:1 Mem:19.91M (Peak 23.28M) | Time:00:00.02 | Mem:3.55M, Peak:3.55M | Scene, ViewLayer | Updating Lights | Computing distribution
Fra:1 Mem:19.91M (Peak 23.28M) | Time:00:00.02 | Mem:3.55M, Peak:3.55M | Scene, ViewLayer | Updating Lights | Importance map
Fra:1 Mem:83.94M (Peak 372.04M) | Time:00:00.16 | Mem:67.59M, Peak:227.56M | Scene, ViewLayer | Updating Integrator
Fra:1 Mem:83.95M (Peak 372.04M) | Time:00:00.16 | Mem:67.60M, Peak:227.56M | Scene, ViewLayer | Updating Film
Fra:1 Mem:83.96M (Peak 372.04M) | Time:00:00.16 | Mem:67.35M, Peak:227.56M | Scene, ViewLayer | Updating Lookup Tables
Fra:1 Mem:83.96M (Peak 372.04M) | Time:00:00.16 | Mem:67.61M, Peak:227.56M | Scene, ViewLayer | Updating Baking
Fra:1 Mem:83.96M (Peak 372.04M) | Time:00:00.16 | Mem:67.61M, Peak:227.56M | Scene, ViewLayer | Updating Device | Writing constant memory
Fra:1 Mem:83.96M (Peak 372.04M) | Time:00:00.16 | Mem:67.61M, Peak:227.56M | Scene, ViewLayer | Sample 0/32
Fra:1 Mem:103.05M (Peak 372.04M) | Time:00:00.17 | Remaining:00:00.27 | Mem:86.61M, Peak:227.56M | Scene, ViewLayer | Sample 1/32
Fra:1 Mem:111.05M (Peak 372.04M) | Time:00:00.46 | Mem:86.61M, Peak:227.56M | Scene, ViewLayer | Sample 32/32
Fra:1 Mem:111.05M (Peak 372.04M) | Time:00:00.46 | Mem:86.61M, Peak:227.56M | Scene, ViewLayer | Finished
Saved: '/home/janus/iwi9-datasets/objaverse-rendering/no_textures_5/577ae2d8d40649ddbbc5e53093a8c395/011.png'
 Time: 00:00.50 (Saving: 00:00.03)

Data are loaded, start creating Blender stuff
glTF import finished in 0.05s
Finished /home/janus/iwi9-datasets/objaverse-objects/hf-objaverse-v1/glbs/000-029/577ae2d8d40649ddbbc5e53093a8c395.glb in 8.19230341911316 seconds

Blender quit
/home/janus/iwi9-datasets/objaverse-objects/hf-objaverse-v1/glbs/000-147/f2052f99dba242ad8ab0814eb0e88acd.glb
Blender 3.3.1 (hash b292cfe5a936 built 2022-10-05 00:14:35)
/run/user/210289/gvfs/ non-existent directory
Fra:1 Mem:148.44M (Peak 180.03M) | Time:00:00.03 | Mem:0.00M, Peak:0.00M | Scene, ViewLayer | Synchronizing object | Object_2
Fra:1 Mem:148.44M (Peak 180.03M) | Time:00:00.03 | Mem:0.00M, Peak:0.00M | Scene, ViewLayer | Synchronizing object | Object_4
Fra:1 Mem:166.81M (Peak 235.56M) | Time:00:00.11 | Mem:0.00M, Peak:0.00M | Scene, ViewLayer | Initializing
Fra:1 Mem:120.15M (Peak 235.56M) | Time:00:00.11 | Mem:0.00M, Peak:0.00M | Scene, ViewLayer | Waiting for render to start
Fra:1 Mem:120.15M (Peak 235.56M) | Time:00:00.11 | Mem:0.00M, Peak:0.00M | Scene, ViewLayer | Loading render kernels (may take a few minutes the first time)
Fra:1 Mem:120.15M (Peak 235.56M) | Time:00:00.11 | Mem:0.00M, Peak:0.00M | Scene, ViewLayer | Updating Scene
Fra:1 Mem:120.15M (Peak 235.56M) | Time:00:00.11 | Mem:0.00M, Peak:0.00M | Scene, ViewLayer | Updating Shaders
Fra:1 Mem:120.66M (Peak 235.56M) | Time:00:00.16 | Mem:0.00M, Peak:0.00M | Scene, ViewLayer | Updating Procedurals
Fra:1 Mem:120.66M (Peak 235.56M) | Time:00:00.16 | Mem:0.00M, Peak:0.00M | Scene, ViewLayer | Updating Background
Fra:1 Mem:120.66M (Peak 235.56M) | Time:00:00.16 | Mem:0.00M, Peak:0.00M | Scene, ViewLayer | Updating Camera
Fra:1 Mem:120.66M (Peak 235.56M) | Time:00:00.16 | Mem:0.00M, Peak:0.00M | Scene, ViewLayer | Updating Meshes Flags
Fra:1 Mem:120.66M (Peak 235.56M) | Time:00:00.16 | Mem:0.00M, Peak:0.00M | Scene, ViewLayer | Updating Objects
Fra:1 Mem:120.66M (Peak 235.56M) | Time:00:00.16 | Mem:0.00M, Peak:0.00M | Scene, ViewLayer | Updating Objects | Copying Transformations to device
Fra:1 Mem:120.66M (Peak 235.56M) | Time:00:00.16 | Mem:0.00M, Peak:0.00M | Scene, ViewLayer | Updating Objects | Applying Static Transformations
Fra:1 Mem:120.66M (Peak 235.56M) | Time:00:00.16 | Mem:0.00M, Peak:0.00M | Scene, ViewLayer | Updating Particle Systems
Fra:1 Mem:120.66M (Peak 235.56M) | Time:00:00.16 | Mem:0.00M, Peak:0.00M | Scene, ViewLayer | Updating Particle Systems | Copying Particles to device
Fra:1 Mem:120.66M (Peak 235.56M) | Time:00:00.16 | Mem:0.00M, Peak:0.00M | Scene, ViewLayer | Updating Meshes
Fra:1 Mem:124.74M (Peak 235.56M) | Time:00:00.16 | Mem:0.00M, Peak:0.00M | Scene, ViewLayer | Updating Mesh | Computing attributes
Fra:1 Mem:132.85M (Peak 235.56M) | Time:00:00.17 | Mem:0.00M, Peak:0.00M | Scene, ViewLayer | Updating Mesh | Copying Attributes to device
Fra:1 Mem:132.85M (Peak 235.56M) | Time:00:00.17 | Mem:8.11M, Peak:8.11M | Scene, ViewLayer | Updating Scene BVH | Building
Fra:1 Mem:132.85M (Peak 235.56M) | Time:00:00.17 | Mem:8.11M, Peak:8.11M | Scene, ViewLayer | Updating Scene BVH | Building BVH
Fra:1 Mem:132.85M (Peak 235.56M) | Time:00:00.17 | Mem:29.15M, Peak:29.15M | Scene, ViewLayer | Updating Scene BVH | Building BVH 0%
Fra:1 Mem:132.85M (Peak 235.56M) | Time:00:00.18 | Mem:31.07M, Peak:47.07M | Scene, ViewLayer | Updating Scene BVH | Copying BVH to device
Fra:1 Mem:132.85M (Peak 235.56M) | Time:00:00.18 | Mem:31.07M, Peak:47.07M | Scene, ViewLayer | Updating Mesh | Computing normals
Fra:1 Mem:151.47M (Peak 235.56M) | Time:00:00.18 | Mem:31.07M, Peak:47.07M | Scene, ViewLayer | Updating Mesh | Copying Mesh to device
Fra:1 Mem:151.47M (Peak 235.56M) | Time:00:00.18 | Mem:49.69M, Peak:49.69M | Scene, ViewLayer | Updating Objects Flags
Fra:1 Mem:151.47M (Peak 235.56M) | Time:00:00.18 | Mem:49.69M, Peak:49.69M | Scene, ViewLayer | Updating Primitive Offsets
Fra:1 Mem:151.47M (Peak 235.56M) | Time:00:00.18 | Mem:49.69M, Peak:49.69M | Scene, ViewLayer | Updating Images
Fra:1 Mem:151.47M (Peak 235.56M) | Time:00:00.18 | Mem:49.69M, Peak:49.69M | Scene, ViewLayer | Updating Images | Loading 00247.exr
Fra:1 Mem:151.60M (Peak 235.56M) | Time:00:00.18 | Mem:49.69M, Peak:49.69M | Scene, ViewLayer | Updating Images | Loading honeycombed_0124.jpg
Fra:1 Mem:152.44M (Peak 235.56M) | Time:00:00.20 | Mem:50.64M, Peak:50.64M | Scene, ViewLayer | Updating Camera Volume
Fra:1 Mem:152.44M (Peak 235.56M) | Time:00:00.20 | Mem:50.64M, Peak:50.64M | Scene, ViewLayer | Updating Lookup Tables
Fra:1 Mem:152.44M (Peak 235.56M) | Time:00:00.20 | Mem:50.89M, Peak:50.89M | Scene, ViewLayer | Updating Lights
Fra:1 Mem:152.44M (Peak 235.56M) | Time:00:00.20 | Mem:50.90M, Peak:50.90M | Scene, ViewLayer | Updating Lights | Computing distribution
Fra:1 Mem:152.44M (Peak 235.56M) | Time:00:00.20 | Mem:50.90M, Peak:50.90M | Scene, ViewLayer | Updating Lights | Importance map
Fra:1 Mem:216.47M (Peak 504.57M) | Time:00:00.34 | Mem:114.94M, Peak:274.91M | Scene, ViewLayer | Updating Integrator
Fra:1 Mem:216.48M (Peak 504.57M) | Time:00:00.34 | Mem:114.95M, Peak:274.91M | Scene, ViewLayer | Updating Film
Fra:1 Mem:216.48M (Peak 504.57M) | Time:00:00.34 | Mem:114.70M, Peak:274.91M | Scene, ViewLayer | Updating Lookup Tables
Fra:1 Mem:216.48M (Peak 504.57M) | Time:00:00.34 | Mem:114.95M, Peak:274.91M | Scene, ViewLayer | Updating Baking
Fra:1 Mem:216.48M (Peak 504.57M) | Time:00:00.34 | Mem:114.95M, Peak:274.91M | Scene, ViewLayer | Updating Device | Writing constant memory
Fra:1 Mem:216.48M (Peak 504.57M) | Time:00:00.34 | Mem:114.95M, Peak:274.91M | Scene, ViewLayer | Sample 0/32
Fra:1 Mem:235.57M (Peak 504.57M) | Time:00:00.35 | Remaining:00:00.20 | Mem:133.95M, Peak:274.91M | Scene, ViewLayer | Sample 1/32
Fra:1 Mem:243.57M (Peak 504.57M) | Time:00:00.61 | Mem:133.95M, Peak:274.91M | Scene, ViewLayer | Sample 32/32
Fra:1 Mem:243.57M (Peak 504.57M) | Time:00:00.61 | Mem:133.95M, Peak:274.91M | Scene, ViewLayer | Finished
Saved: '/home/janus/iwi9-datasets/objaverse-rendering/no_textures_5/f2052f99dba242ad8ab0814eb0e88acd/000.png'
 Time: 00:00.82 (Saving: 00:00.20)

Fra:1 Mem:148.76M (Peak 180.36M) | Time:00:00.03 | Mem:0.00M, Peak:0.00M | Scene, ViewLayer | Synchronizing object | Object_2
Fra:1 Mem:149.76M (Peak 180.36M) | Time:00:00.03 | Mem:0.00M, Peak:0.00M | Scene, ViewLayer | Synchronizing object | Object_3
Fra:1 Mem:152.78M (Peak 180.36M) | Time:00:00.03 | Mem:0.00M, Peak:0.00M | Scene, ViewLayer | Synchronizing object | Object_4
Fra:1 Mem:167.13M (Peak 235.88M) | Time:00:00.11 | Mem:0.00M, Peak:0.00M | Scene, ViewLayer | Initializing
Fra:1 Mem:120.47M (Peak 235.88M) | Time:00:00.11 | Mem:0.00M, Peak:0.00M | Scene, ViewLayer | Waiting for render to start
Fra:1 Mem:120.47M (Peak 235.88M) | Time:00:00.11 | Mem:0.00M, Peak:0.00M | Scene, ViewLayer | Loading render kernels (may take a few minutes the first time)
Fra:1 Mem:120.47M (Peak 235.88M) | Time:00:00.11 | Mem:0.00M, Peak:0.00M | Scene, ViewLayer | Updating Scene
Fra:1 Mem:120.47M (Peak 235.88M) | Time:00:00.11 | Mem:0.00M, Peak:0.00M | Scene, ViewLayer | Updating Shaders
Fra:1 Mem:120.73M (Peak 235.88M) | Time:00:00.12 | Mem:0.00M, Peak:0.00M | Scene, ViewLayer | Updating Procedurals
Fra:1 Mem:120.73M (Peak 235.88M) | Time:00:00.12 | Mem:0.00M, Peak:0.00M | Scene, ViewLayer | Updating Background
Fra:1 Mem:120.73M (Peak 235.88M) | Time:00:00.12 | Mem:0.00M, Peak:0.00M | Scene, ViewLayer | Updating Camera
Fra:1 Mem:120.73M (Peak 235.88M) | Time:00:00.12 | Mem:0.00M, Peak:0.00M | Scene, ViewLayer | Updating Meshes Flags
Fra:1 Mem:120.73M (Peak 235.88M) | Time:00:00.12 | Mem:0.00M, Peak:0.00M | Scene, ViewLayer | Updating Objects
Fra:1 Mem:120.73M (Peak 235.88M) | Time:00:00.12 | Mem:0.00M, Peak:0.00M | Scene, ViewLayer | Updating Objects | Copying Transformations to device
Fra:1 Mem:120.73M (Peak 235.88M) | Time:00:00.12 | Mem:0.00M, Peak:0.00M | Scene, ViewLayer | Updating Objects | Applying Static Transformations
Fra:1 Mem:120.73M (Peak 235.88M) | Time:00:00.12 | Mem:0.00M, Peak:0.00M | Scene, ViewLayer | Updating Particle Systems
Fra:1 Mem:120.73M (Peak 235.88M) | Time:00:00.12 | Mem:0.00M, Peak:0.00M | Scene, ViewLayer | Updating Particle Systems | Copying Particles to device
Fra:1 Mem:120.73M (Peak 235.88M) | Time:00:00.12 | Mem:0.00M, Peak:0.00M | Scene, ViewLayer | Updating Meshes
Fra:1 Mem:124.81M (Peak 235.88M) | Time:00:00.12 | Mem:0.00M, Peak:0.00M | Scene, ViewLayer | Updating Mesh | Computing attributes
Fra:1 Mem:132.92M (Peak 235.88M) | Time:00:00.12 | Mem:0.00M, Peak:0.00M | Scene, ViewLayer | Updating Mesh | Copying Attributes to device
Fra:1 Mem:132.92M (Peak 235.88M) | Time:00:00.12 | Mem:8.11M, Peak:8.11M | Scene, ViewLayer | Updating Scene BVH | Building
Fra:1 Mem:132.92M (Peak 235.88M) | Time:00:00.12 | Mem:8.11M, Peak:8.11M | Scene, ViewLayer | Updating Scene BVH | Building BVH
Fra:1 Mem:132.92M (Peak 235.88M) | Time:00:00.12 | Mem:29.15M, Peak:29.15M | Scene, ViewLayer | Updating Scene BVH | Building BVH 0%
Fra:1 Mem:132.92M (Peak 235.88M) | Time:00:00.13 | Mem:31.07M, Peak:47.07M | Scene, ViewLayer | Updating Scene BVH | Copying BVH to device
Fra:1 Mem:132.92M (Peak 235.88M) | Time:00:00.13 | Mem:31.07M, Peak:47.07M | Scene, ViewLayer | Updating Mesh | Computing normals
Fra:1 Mem:151.54M (Peak 235.88M) | Time:00:00.14 | Mem:31.07M, Peak:47.07M | Scene, ViewLayer | Updating Mesh | Copying Mesh to device
Fra:1 Mem:151.54M (Peak 235.88M) | Time:00:00.14 | Mem:49.69M, Peak:49.69M | Scene, ViewLayer | Updating Objects Flags
Fra:1 Mem:151.54M (Peak 235.88M) | Time:00:00.14 | Mem:49.69M, Peak:49.69M | Scene, ViewLayer | Updating Primitive Offsets
Fra:1 Mem:151.54M (Peak 235.88M) | Time:00:00.14 | Mem:49.69M, Peak:49.69M | Scene, ViewLayer | Updating Images
Fra:1 Mem:151.54M (Peak 235.88M) | Time:00:00.14 | Mem:49.69M, Peak:49.69M | Scene, ViewLayer | Updating Images | Loading 00247.exr
Fra:1 Mem:151.67M (Peak 235.88M) | Time:00:00.14 | Mem:49.69M, Peak:49.69M | Scene, ViewLayer | Updating Images | Loading pitted_0041.jpg
Fra:1 Mem:152.54M (Peak 235.88M) | Time:00:00.14 | Mem:50.67M, Peak:50.67M | Scene, ViewLayer | Updating Camera Volume
Fra:1 Mem:152.54M (Peak 235.88M) | Time:00:00.14 | Mem:50.67M, Peak:50.67M | Scene, ViewLayer | Updating Lookup Tables
Fra:1 Mem:152.54M (Peak 235.88M) | Time:00:00.14 | Mem:50.92M, Peak:50.92M | Scene, ViewLayer | Updating Lights
Fra:1 Mem:152.54M (Peak 235.88M) | Time:00:00.14 | Mem:50.92M, Peak:50.92M | Scene, ViewLayer | Updating Lights | Computing distribution
Fra:1 Mem:152.54M (Peak 235.88M) | Time:00:00.14 | Mem:50.92M, Peak:50.92M | Scene, ViewLayer | Updating Lights | Importance map
Fra:1 Mem:216.57M (Peak 504.67M) | Time:00:00.28 | Mem:114.97M, Peak:274.94M | Scene, ViewLayer | Updating Integrator
Fra:1 Mem:216.58M (Peak 504.67M) | Time:00:00.28 | Mem:114.98M, Peak:274.94M | Scene, ViewLayer | Updating Film
Fra:1 Mem:216.58M (Peak 504.67M) | Time:00:00.28 | Mem:114.73M, Peak:274.94M | Scene, ViewLayer | Updating Lookup Tables
Fra:1 Mem:216.58M (Peak 504.67M) | Time:00:00.28 | Mem:114.98M, Peak:274.94M | Scene, ViewLayer | Updating Baking
Fra:1 Mem:216.58M (Peak 504.67M) | Time:00:00.28 | Mem:114.98M, Peak:274.94M | Scene, ViewLayer | Updating Device | Writing constant memory
Fra:1 Mem:216.58M (Peak 504.67M) | Time:00:00.28 | Mem:114.98M, Peak:274.94M | Scene, ViewLayer | Sample 0/32
Fra:1 Mem:235.67M (Peak 504.67M) | Time:00:00.29 | Remaining:00:00.21 | Mem:133.98M, Peak:274.94M | Scene, ViewLayer | Sample 1/32
Fra:1 Mem:243.67M (Peak 504.67M) | Time:00:00.53 | Mem:133.98M, Peak:274.94M | Scene, ViewLayer | Sample 32/32
Fra:1 Mem:243.67M (Peak 504.67M) | Time:00:00.53 | Mem:133.98M, Peak:274.94M | Scene, ViewLayer | Finished
Saved: '/home/janus/iwi9-datasets/objaverse-rendering/no_textures_5/f2052f99dba242ad8ab0814eb0e88acd/001.png'
 Time: 00:00.56 (Saving: 00:00.03)

Fra:1 Mem:148.82M (Peak 180.80M) | Time:00:00.03 | Mem:0.00M, Peak:0.00M | Scene, ViewLayer | Synchronizing object | Object_2
Fra:1 Mem:149.83M (Peak 180.80M) | Time:00:00.03 | Mem:0.00M, Peak:0.00M | Scene, ViewLayer | Synchronizing object | Object_4
Fra:1 Mem:167.20M (Peak 235.95M) | Time:00:00.10 | Mem:0.00M, Peak:0.00M | Scene, ViewLayer | Initializing
Fra:1 Mem:120.54M (Peak 235.95M) | Time:00:00.10 | Mem:0.00M, Peak:0.00M | Scene, ViewLayer | Waiting for render to start
Fra:1 Mem:120.54M (Peak 235.95M) | Time:00:00.10 | Mem:0.00M, Peak:0.00M | Scene, ViewLayer | Loading render kernels (may take a few minutes the first time)
Fra:1 Mem:120.54M (Peak 235.95M) | Time:00:00.10 | Mem:0.00M, Peak:0.00M | Scene, ViewLayer | Updating Scene
Fra:1 Mem:120.54M (Peak 235.95M) | Time:00:00.10 | Mem:0.00M, Peak:0.00M | Scene, ViewLayer | Updating Shaders
Fra:1 Mem:120.79M (Peak 235.95M) | Time:00:00.11 | Mem:0.00M, Peak:0.00M | Scene, ViewLayer | Updating Procedurals
Fra:1 Mem:120.79M (Peak 235.95M) | Time:00:00.11 | Mem:0.00M, Peak:0.00M | Scene, ViewLayer | Updating Background
Fra:1 Mem:120.79M (Peak 235.95M) | Time:00:00.11 | Mem:0.00M, Peak:0.00M | Scene, ViewLayer | Updating Camera
Fra:1 Mem:120.79M (Peak 235.95M) | Time:00:00.11 | Mem:0.00M, Peak:0.00M | Scene, ViewLayer | Updating Meshes Flags
Fra:1 Mem:120.79M (Peak 235.95M) | Time:00:00.11 | Mem:0.00M, Peak:0.00M | Scene, ViewLayer | Updating Objects
Fra:1 Mem:120.79M (Peak 235.95M) | Time:00:00.11 | Mem:0.00M, Peak:0.00M | Scene, ViewLayer | Updating Objects | Copying Transformations to device
Fra:1 Mem:120.80M (Peak 235.95M) | Time:00:00.11 | Mem:0.00M, Peak:0.00M | Scene, ViewLayer | Updating Objects | Applying Static Transformations
Fra:1 Mem:120.80M (Peak 235.95M) | Time:00:00.11 | Mem:0.00M, Peak:0.00M | Scene, ViewLayer | Updating Particle Systems
Fra:1 Mem:120.80M (Peak 235.95M) | Time:00:00.11 | Mem:0.00M, Peak:0.00M | Scene, ViewLayer | Updating Particle Systems | Copying Particles to device
Fra:1 Mem:120.80M (Peak 235.95M) | Time:00:00.11 | Mem:0.00M, Peak:0.00M | Scene, ViewLayer | Updating Meshes
Fra:1 Mem:124.88M (Peak 235.95M) | Time:00:00.11 | Mem:0.00M, Peak:0.00M | Scene, ViewLayer | Updating Mesh | Computing attributes
Fra:1 Mem:132.99M (Peak 235.95M) | Time:00:00.11 | Mem:0.00M, Peak:0.00M | Scene, ViewLayer | Updating Mesh | Copying Attributes to device
Fra:1 Mem:132.99M (Peak 235.95M) | Time:00:00.11 | Mem:8.11M, Peak:8.11M | Scene, ViewLayer | Updating Scene BVH | Building
Fra:1 Mem:132.99M (Peak 235.95M) | Time:00:00.11 | Mem:8.11M, Peak:8.11M | Scene, ViewLayer | Updating Scene BVH | Building BVH
Fra:1 Mem:132.99M (Peak 235.95M) | Time:00:00.11 | Mem:29.15M, Peak:29.15M | Scene, ViewLayer | Updating Scene BVH | Building BVH 0%
Fra:1 Mem:132.99M (Peak 235.95M) | Time:00:00.12 | Mem:31.07M, Peak:47.07M | Scene, ViewLayer | Updating Scene BVH | Copying BVH to device
Fra:1 Mem:132.99M (Peak 235.95M) | Time:00:00.12 | Mem:31.07M, Peak:47.07M | Scene, ViewLayer | Updating Mesh | Computing normals
Fra:1 Mem:151.61M (Peak 235.95M) | Time:00:00.13 | Mem:31.07M, Peak:47.07M | Scene, ViewLayer | Updating Mesh | Copying Mesh to device
Fra:1 Mem:151.61M (Peak 235.95M) | Time:00:00.13 | Mem:49.69M, Peak:49.69M | Scene, ViewLayer | Updating Objects Flags
Fra:1 Mem:151.61M (Peak 235.95M) | Time:00:00.13 | Mem:49.69M, Peak:49.69M | Scene, ViewLayer | Updating Primitive Offsets
Fra:1 Mem:151.61M (Peak 235.95M) | Time:00:00.13 | Mem:49.69M, Peak:49.69M | Scene, ViewLayer | Updating Images
Fra:1 Mem:151.61M (Peak 235.95M) | Time:00:00.13 | Mem:49.69M, Peak:49.69M | Scene, ViewLayer | Updating Images | Loading 00247.exr
Fra:1 Mem:151.73M (Peak 235.95M) | Time:00:00.13 | Mem:49.69M, Peak:49.69M | Scene, ViewLayer | Updating Images | Loading marbled_0155.jpg
Fra:1 Mem:153.21M (Peak 235.95M) | Time:00:00.13 | Mem:51.28M, Peak:51.28M | Scene, ViewLayer | Updating Camera Volume
Fra:1 Mem:153.21M (Peak 235.95M) | Time:00:00.13 | Mem:51.28M, Peak:51.28M | Scene, ViewLayer | Updating Lookup Tables
Fra:1 Mem:153.21M (Peak 235.95M) | Time:00:00.13 | Mem:51.53M, Peak:51.53M | Scene, ViewLayer | Updating Lights
Fra:1 Mem:153.21M (Peak 235.95M) | Time:00:00.13 | Mem:51.53M, Peak:51.53M | Scene, ViewLayer | Updating Lights | Computing distribution
Fra:1 Mem:153.21M (Peak 235.95M) | Time:00:00.13 | Mem:51.53M, Peak:51.53M | Scene, ViewLayer | Updating Lights | Importance map
Fra:1 Mem:217.24M (Peak 505.34M) | Time:00:00.27 | Mem:115.57M, Peak:275.54M | Scene, ViewLayer | Updating Integrator
Fra:1 Mem:217.25M (Peak 505.34M) | Time:00:00.27 | Mem:115.58M, Peak:275.54M | Scene, ViewLayer | Updating Film
Fra:1 Mem:217.25M (Peak 505.34M) | Time:00:00.27 | Mem:115.33M, Peak:275.54M | Scene, ViewLayer | Updating Lookup Tables
Fra:1 Mem:217.25M (Peak 505.34M) | Time:00:00.27 | Mem:115.58M, Peak:275.54M | Scene, ViewLayer | Updating Baking
Fra:1 Mem:217.25M (Peak 505.34M) | Time:00:00.27 | Mem:115.58M, Peak:275.54M | Scene, ViewLayer | Updating Device | Writing constant memory
Fra:1 Mem:217.25M (Peak 505.34M) | Time:00:00.27 | Mem:115.58M, Peak:275.54M | Scene, ViewLayer | Sample 0/32
Fra:1 Mem:236.34M (Peak 505.34M) | Time:00:00.28 | Remaining:00:00.24 | Mem:134.58M, Peak:275.54M | Scene, ViewLayer | Sample 1/32
Fra:1 Mem:244.34M (Peak 505.34M) | Time:00:00.55 | Mem:134.58M, Peak:275.54M | Scene, ViewLayer | Sample 32/32
Fra:1 Mem:244.34M (Peak 505.34M) | Time:00:00.55 | Mem:134.58M, Peak:275.54M | Scene, ViewLayer | Finished
Saved: '/home/janus/iwi9-datasets/objaverse-rendering/no_textures_5/f2052f99dba242ad8ab0814eb0e88acd/002.png'
 Time: 00:00.58 (Saving: 00:00.03)

Fra:1 Mem:148.89M (Peak 180.57M) | Time:00:00.03 | Mem:0.00M, Peak:0.00M | Scene, ViewLayer | Synchronizing object | Object_2
Fra:1 Mem:149.89M (Peak 180.57M) | Time:00:00.03 | Mem:0.00M, Peak:0.00M | Scene, ViewLayer | Synchronizing object | Object_4
Fra:1 Mem:167.27M (Peak 232.85M) | Time:00:00.11 | Mem:0.00M, Peak:0.00M | Scene, ViewLayer | Initializing
Fra:1 Mem:120.61M (Peak 232.85M) | Time:00:00.11 | Mem:0.00M, Peak:0.00M | Scene, ViewLayer | Waiting for render to start
Fra:1 Mem:120.61M (Peak 232.85M) | Time:00:00.11 | Mem:0.00M, Peak:0.00M | Scene, ViewLayer | Loading render kernels (may take a few minutes the first time)
Fra:1 Mem:120.61M (Peak 232.85M) | Time:00:00.11 | Mem:0.00M, Peak:0.00M | Scene, ViewLayer | Updating Scene
Fra:1 Mem:120.61M (Peak 232.85M) | Time:00:00.11 | Mem:0.00M, Peak:0.00M | Scene, ViewLayer | Updating Shaders
Fra:1 Mem:120.86M (Peak 232.85M) | Time:00:00.12 | Mem:0.00M, Peak:0.00M | Scene, ViewLayer | Updating Procedurals
Fra:1 Mem:120.86M (Peak 232.85M) | Time:00:00.12 | Mem:0.00M, Peak:0.00M | Scene, ViewLayer | Updating Background
Fra:1 Mem:120.86M (Peak 232.85M) | Time:00:00.12 | Mem:0.00M, Peak:0.00M | Scene, ViewLayer | Updating Camera
Fra:1 Mem:120.86M (Peak 232.85M) | Time:00:00.12 | Mem:0.00M, Peak:0.00M | Scene, ViewLayer | Updating Meshes Flags
Fra:1 Mem:120.86M (Peak 232.85M) | Time:00:00.12 | Mem:0.00M, Peak:0.00M | Scene, ViewLayer | Updating Objects
Fra:1 Mem:120.86M (Peak 232.85M) | Time:00:00.12 | Mem:0.00M, Peak:0.00M | Scene, ViewLayer | Updating Objects | Copying Transformations to device
Fra:1 Mem:120.86M (Peak 232.85M) | Time:00:00.12 | Mem:0.00M, Peak:0.00M | Scene, ViewLayer | Updating Objects | Applying Static Transformations
Fra:1 Mem:120.86M (Peak 232.85M) | Time:00:00.12 | Mem:0.00M, Peak:0.00M | Scene, ViewLayer | Updating Particle Systems
Fra:1 Mem:120.86M (Peak 232.85M) | Time:00:00.12 | Mem:0.00M, Peak:0.00M | Scene, ViewLayer | Updating Particle Systems | Copying Particles to device
Fra:1 Mem:120.86M (Peak 232.85M) | Time:00:00.12 | Mem:0.00M, Peak:0.00M | Scene, ViewLayer | Updating Meshes
Fra:1 Mem:124.95M (Peak 232.85M) | Time:00:00.12 | Mem:0.00M, Peak:0.00M | Scene, ViewLayer | Updating Mesh | Computing attributes
Fra:1 Mem:133.06M (Peak 232.85M) | Time:00:00.12 | Mem:0.00M, Peak:0.00M | Scene, ViewLayer | Updating Mesh | Copying Attributes to device
Fra:1 Mem:133.06M (Peak 232.85M) | Time:00:00.12 | Mem:8.11M, Peak:8.11M | Scene, ViewLayer | Updating Scene BVH | Building
Fra:1 Mem:133.06M (Peak 232.85M) | Time:00:00.12 | Mem:8.11M, Peak:8.11M | Scene, ViewLayer | Updating Scene BVH | Building BVH
Fra:1 Mem:133.06M (Peak 232.85M) | Time:00:00.12 | Mem:29.15M, Peak:29.15M | Scene, ViewLayer | Updating Scene BVH | Building BVH 0%
Fra:1 Mem:133.06M (Peak 232.85M) | Time:00:00.13 | Mem:31.07M, Peak:47.07M | Scene, ViewLayer | Updating Scene BVH | Copying BVH to device
Fra:1 Mem:133.06M (Peak 232.85M) | Time:00:00.13 | Mem:31.07M, Peak:47.07M | Scene, ViewLayer | Updating Mesh | Computing normals
Fra:1 Mem:151.67M (Peak 232.85M) | Time:00:00.14 | Mem:31.07M, Peak:47.07M | Scene, ViewLayer | Updating Mesh | Copying Mesh to device
Fra:1 Mem:151.67M (Peak 232.85M) | Time:00:00.14 | Mem:49.69M, Peak:49.69M | Scene, ViewLayer | Updating Objects Flags
Fra:1 Mem:151.67M (Peak 232.85M) | Time:00:00.14 | Mem:49.69M, Peak:49.69M | Scene, ViewLayer | Updating Primitive Offsets
Fra:1 Mem:151.67M (Peak 232.85M) | Time:00:00.14 | Mem:49.69M, Peak:49.69M | Scene, ViewLayer | Updating Images
Fra:1 Mem:151.67M (Peak 232.85M) | Time:00:00.14 | Mem:49.69M, Peak:49.69M | Scene, ViewLayer | Updating Images | Loading 00247.exr
Fra:1 Mem:151.80M (Peak 232.85M) | Time:00:00.14 | Mem:49.69M, Peak:49.69M | Scene, ViewLayer | Updating Images | Loading chequered_0046.jpg
Fra:1 Mem:153.37M (Peak 232.85M) | Time:00:00.14 | Mem:51.38M, Peak:51.38M | Scene, ViewLayer | Updating Camera Volume
Fra:1 Mem:153.37M (Peak 232.85M) | Time:00:00.14 | Mem:51.38M, Peak:51.38M | Scene, ViewLayer | Updating Lookup Tables
Fra:1 Mem:153.37M (Peak 232.85M) | Time:00:00.14 | Mem:51.63M, Peak:51.63M | Scene, ViewLayer | Updating Lights
Fra:1 Mem:153.37M (Peak 232.85M) | Time:00:00.14 | Mem:51.63M, Peak:51.63M | Scene, ViewLayer | Updating Lights | Computing distribution
Fra:1 Mem:153.37M (Peak 232.85M) | Time:00:00.14 | Mem:51.63M, Peak:51.63M | Scene, ViewLayer | Updating Lights | Importance map
Fra:1 Mem:217.41M (Peak 505.50M) | Time:00:00.28 | Mem:115.67M, Peak:275.64M | Scene, ViewLayer | Updating Integrator
Fra:1 Mem:217.41M (Peak 505.50M) | Time:00:00.28 | Mem:115.68M, Peak:275.64M | Scene, ViewLayer | Updating Film
Fra:1 Mem:217.42M (Peak 505.50M) | Time:00:00.28 | Mem:115.43M, Peak:275.64M | Scene, ViewLayer | Updating Lookup Tables
Fra:1 Mem:217.42M (Peak 505.50M) | Time:00:00.28 | Mem:115.68M, Peak:275.64M | Scene, ViewLayer | Updating Baking
Fra:1 Mem:217.42M (Peak 505.50M) | Time:00:00.28 | Mem:115.68M, Peak:275.64M | Scene, ViewLayer | Updating Device | Writing constant memory
Fra:1 Mem:217.42M (Peak 505.50M) | Time:00:00.28 | Mem:115.68M, Peak:275.64M | Scene, ViewLayer | Sample 0/32
Fra:1 Mem:236.51M (Peak 505.50M) | Time:00:00.29 | Remaining:00:00.22 | Mem:134.68M, Peak:275.64M | Scene, ViewLayer | Sample 1/32
Fra:1 Mem:244.51M (Peak 505.50M) | Time:00:00.54 | Mem:134.68M, Peak:275.64M | Scene, ViewLayer | Sample 32/32
Fra:1 Mem:244.51M (Peak 505.50M) | Time:00:00.54 | Mem:134.68M, Peak:275.64M | Scene, ViewLayer | Finished
Saved: '/home/janus/iwi9-datasets/objaverse-rendering/no_textures_5/f2052f99dba242ad8ab0814eb0e88acd/003.png'
 Time: 00:00.57 (Saving: 00:00.03)

Fra:1 Mem:148.96M (Peak 181.27M) | Time:00:00.03 | Mem:0.00M, Peak:0.00M | Scene, ViewLayer | Synchronizing object | Object_2
Fra:1 Mem:149.96M (Peak 181.27M) | Time:00:00.03 | Mem:0.00M, Peak:0.00M | Scene, ViewLayer | Synchronizing object | Object_4
Fra:1 Mem:167.34M (Peak 236.08M) | Time:00:00.11 | Mem:0.00M, Peak:0.00M | Scene, ViewLayer | Initializing
Fra:1 Mem:120.67M (Peak 236.08M) | Time:00:00.11 | Mem:0.00M, Peak:0.00M | Scene, ViewLayer | Waiting for render to start
Fra:1 Mem:120.68M (Peak 236.08M) | Time:00:00.11 | Mem:0.00M, Peak:0.00M | Scene, ViewLayer | Loading render kernels (may take a few minutes the first time)
Fra:1 Mem:120.68M (Peak 236.08M) | Time:00:00.11 | Mem:0.00M, Peak:0.00M | Scene, ViewLayer | Updating Scene
Fra:1 Mem:120.68M (Peak 236.08M) | Time:00:00.11 | Mem:0.00M, Peak:0.00M | Scene, ViewLayer | Updating Shaders
Fra:1 Mem:120.93M (Peak 236.08M) | Time:00:00.11 | Mem:0.00M, Peak:0.00M | Scene, ViewLayer | Updating Procedurals
Fra:1 Mem:120.93M (Peak 236.08M) | Time:00:00.11 | Mem:0.00M, Peak:0.00M | Scene, ViewLayer | Updating Background
Fra:1 Mem:120.93M (Peak 236.08M) | Time:00:00.11 | Mem:0.00M, Peak:0.00M | Scene, ViewLayer | Updating Camera
Fra:1 Mem:120.93M (Peak 236.08M) | Time:00:00.11 | Mem:0.00M, Peak:0.00M | Scene, ViewLayer | Updating Meshes Flags
Fra:1 Mem:120.93M (Peak 236.08M) | Time:00:00.11 | Mem:0.00M, Peak:0.00M | Scene, ViewLayer | Updating Objects
Fra:1 Mem:120.93M (Peak 236.08M) | Time:00:00.11 | Mem:0.00M, Peak:0.00M | Scene, ViewLayer | Updating Objects | Copying Transformations to device
Fra:1 Mem:120.93M (Peak 236.08M) | Time:00:00.11 | Mem:0.00M, Peak:0.00M | Scene, ViewLayer | Updating Objects | Applying Static Transformations
Fra:1 Mem:120.93M (Peak 236.08M) | Time:00:00.11 | Mem:0.00M, Peak:0.00M | Scene, ViewLayer | Updating Particle Systems
Fra:1 Mem:120.93M (Peak 236.08M) | Time:00:00.11 | Mem:0.00M, Peak:0.00M | Scene, ViewLayer | Updating Particle Systems | Copying Particles to device
Fra:1 Mem:120.93M (Peak 236.08M) | Time:00:00.11 | Mem:0.00M, Peak:0.00M | Scene, ViewLayer | Updating Meshes
Fra:1 Mem:125.02M (Peak 236.08M) | Time:00:00.12 | Mem:0.00M, Peak:0.00M | Scene, ViewLayer | Updating Mesh | Computing attributes
Fra:1 Mem:133.12M (Peak 236.08M) | Time:00:00.12 | Mem:0.00M, Peak:0.00M | Scene, ViewLayer | Updating Mesh | Copying Attributes to device
Fra:1 Mem:133.12M (Peak 236.08M) | Time:00:00.12 | Mem:8.11M, Peak:8.11M | Scene, ViewLayer | Updating Scene BVH | Building
Fra:1 Mem:133.12M (Peak 236.08M) | Time:00:00.12 | Mem:8.11M, Peak:8.11M | Scene, ViewLayer | Updating Scene BVH | Building BVH
Fra:1 Mem:133.12M (Peak 236.08M) | Time:00:00.12 | Mem:29.15M, Peak:29.15M | Scene, ViewLayer | Updating Scene BVH | Building BVH 0%
Fra:1 Mem:133.12M (Peak 236.08M) | Time:00:00.13 | Mem:31.07M, Peak:47.07M | Scene, ViewLayer | Updating Scene BVH | Copying BVH to device
Fra:1 Mem:133.12M (Peak 236.08M) | Time:00:00.13 | Mem:31.07M, Peak:47.07M | Scene, ViewLayer | Updating Mesh | Computing normals
Fra:1 Mem:151.74M (Peak 236.08M) | Time:00:00.13 | Mem:31.07M, Peak:47.07M | Scene, ViewLayer | Updating Mesh | Copying Mesh to device
Fra:1 Mem:151.74M (Peak 236.08M) | Time:00:00.13 | Mem:49.69M, Peak:49.69M | Scene, ViewLayer | Updating Objects Flags
Fra:1 Mem:151.74M (Peak 236.08M) | Time:00:00.13 | Mem:49.69M, Peak:49.69M | Scene, ViewLayer | Updating Primitive Offsets
Fra:1 Mem:151.74M (Peak 236.08M) | Time:00:00.13 | Mem:49.69M, Peak:49.69M | Scene, ViewLayer | Updating Images
Fra:1 Mem:151.74M (Peak 236.08M) | Time:00:00.13 | Mem:49.69M, Peak:49.69M | Scene, ViewLayer | Updating Images | Loading 00247.exr
Fra:1 Mem:151.87M (Peak 236.08M) | Time:00:00.13 | Mem:49.69M, Peak:49.69M | Scene, ViewLayer | Updating Images | Loading blotchy_0051.jpg
Fra:1 Mem:153.05M (Peak 236.08M) | Time:00:00.14 | Mem:50.99M, Peak:50.99M | Scene, ViewLayer | Updating Camera Volume
Fra:1 Mem:153.05M (Peak 236.08M) | Time:00:00.14 | Mem:50.99M, Peak:50.99M | Scene, ViewLayer | Updating Lookup Tables
Fra:1 Mem:153.05M (Peak 236.08M) | Time:00:00.14 | Mem:51.24M, Peak:51.24M | Scene, ViewLayer | Updating Lights
Fra:1 Mem:153.05M (Peak 236.08M) | Time:00:00.14 | Mem:51.24M, Peak:51.24M | Scene, ViewLayer | Updating Lights | Computing distribution
Fra:1 Mem:153.05M (Peak 236.08M) | Time:00:00.14 | Mem:51.24M, Peak:51.24M | Scene, ViewLayer | Updating Lights | Importance map
Fra:1 Mem:217.08M (Peak 505.18M) | Time:00:00.27 | Mem:115.28M, Peak:275.25M | Scene, ViewLayer | Updating Integrator
Fra:1 Mem:217.09M (Peak 505.18M) | Time:00:00.27 | Mem:115.29M, Peak:275.25M | Scene, ViewLayer | Updating Film
Fra:1 Mem:217.10M (Peak 505.18M) | Time:00:00.27 | Mem:115.04M, Peak:275.25M | Scene, ViewLayer | Updating Lookup Tables
Fra:1 Mem:217.10M (Peak 505.18M) | Time:00:00.27 | Mem:115.29M, Peak:275.25M | Scene, ViewLayer | Updating Baking
Fra:1 Mem:217.10M (Peak 505.18M) | Time:00:00.27 | Mem:115.29M, Peak:275.25M | Scene, ViewLayer | Updating Device | Writing constant memory
Fra:1 Mem:217.10M (Peak 505.18M) | Time:00:00.27 | Mem:115.29M, Peak:275.25M | Scene, ViewLayer | Sample 0/32
Fra:1 Mem:236.18M (Peak 505.18M) | Time:00:00.28 | Remaining:00:00.22 | Mem:134.29M, Peak:275.25M | Scene, ViewLayer | Sample 1/32
Fra:1 Mem:244.19M (Peak 505.18M) | Time:00:00.53 | Mem:134.29M, Peak:275.25M | Scene, ViewLayer | Sample 32/32
Fra:1 Mem:244.19M (Peak 505.18M) | Time:00:00.53 | Mem:134.29M, Peak:275.25M | Scene, ViewLayer | Finished
Saved: '/home/janus/iwi9-datasets/objaverse-rendering/no_textures_5/f2052f99dba242ad8ab0814eb0e88acd/004.png'
 Time: 00:00.57 (Saving: 00:00.03)

Fra:1 Mem:149.03M (Peak 180.77M) | Time:00:00.03 | Mem:0.00M, Peak:0.00M | Scene, ViewLayer | Synchronizing object | Object_2
Fra:1 Mem:149.03M (Peak 180.77M) | Time:00:00.03 | Mem:0.00M, Peak:0.00M | Scene, ViewLayer | Synchronizing object | Object_4
Fra:1 Mem:167.41M (Peak 236.15M) | Time:00:00.11 | Mem:0.00M, Peak:0.00M | Scene, ViewLayer | Initializing
Fra:1 Mem:120.75M (Peak 236.15M) | Time:00:00.11 | Mem:0.00M, Peak:0.00M | Scene, ViewLayer | Waiting for render to start
Fra:1 Mem:120.75M (Peak 236.15M) | Time:00:00.11 | Mem:0.00M, Peak:0.00M | Scene, ViewLayer | Loading render kernels (may take a few minutes the first time)
Fra:1 Mem:120.75M (Peak 236.15M) | Time:00:00.11 | Mem:0.00M, Peak:0.00M | Scene, ViewLayer | Updating Scene
Fra:1 Mem:120.75M (Peak 236.15M) | Time:00:00.11 | Mem:0.00M, Peak:0.00M | Scene, ViewLayer | Updating Shaders
Fra:1 Mem:121.00M (Peak 236.15M) | Time:00:00.11 | Mem:0.00M, Peak:0.00M | Scene, ViewLayer | Updating Procedurals
Fra:1 Mem:121.00M (Peak 236.15M) | Time:00:00.11 | Mem:0.00M, Peak:0.00M | Scene, ViewLayer | Updating Background
Fra:1 Mem:121.00M (Peak 236.15M) | Time:00:00.11 | Mem:0.00M, Peak:0.00M | Scene, ViewLayer | Updating Camera
Fra:1 Mem:121.00M (Peak 236.15M) | Time:00:00.11 | Mem:0.00M, Peak:0.00M | Scene, ViewLayer | Updating Meshes Flags
Fra:1 Mem:121.00M (Peak 236.15M) | Time:00:00.11 | Mem:0.00M, Peak:0.00M | Scene, ViewLayer | Updating Objects
Fra:1 Mem:121.00M (Peak 236.15M) | Time:00:00.11 | Mem:0.00M, Peak:0.00M | Scene, ViewLayer | Updating Objects | Copying Transformations to device
Fra:1 Mem:121.00M (Peak 236.15M) | Time:00:00.11 | Mem:0.00M, Peak:0.00M | Scene, ViewLayer | Updating Objects | Applying Static Transformations
Fra:1 Mem:121.00M (Peak 236.15M) | Time:00:00.11 | Mem:0.00M, Peak:0.00M | Scene, ViewLayer | Updating Particle Systems
Fra:1 Mem:121.00M (Peak 236.15M) | Time:00:00.11 | Mem:0.00M, Peak:0.00M | Scene, ViewLayer | Updating Particle Systems | Copying Particles to device
Fra:1 Mem:121.00M (Peak 236.15M) | Time:00:00.11 | Mem:0.00M, Peak:0.00M | Scene, ViewLayer | Updating Meshes
Fra:1 Mem:125.09M (Peak 236.15M) | Time:00:00.12 | Mem:0.00M, Peak:0.00M | Scene, ViewLayer | Updating Mesh | Computing attributes
Fra:1 Mem:133.20M (Peak 236.15M) | Time:00:00.12 | Mem:0.00M, Peak:0.00M | Scene, ViewLayer | Updating Mesh | Copying Attributes to device
Fra:1 Mem:133.20M (Peak 236.15M) | Time:00:00.12 | Mem:8.11M, Peak:8.11M | Scene, ViewLayer | Updating Scene BVH | Building
Fra:1 Mem:133.20M (Peak 236.15M) | Time:00:00.12 | Mem:8.11M, Peak:8.11M | Scene, ViewLayer | Updating Scene BVH | Building BVH
Fra:1 Mem:133.20M (Peak 236.15M) | Time:00:00.12 | Mem:29.15M, Peak:29.15M | Scene, ViewLayer | Updating Scene BVH | Building BVH 0%
Fra:1 Mem:133.20M (Peak 236.15M) | Time:00:00.13 | Mem:31.07M, Peak:47.07M | Scene, ViewLayer | Updating Scene BVH | Copying BVH to device
Fra:1 Mem:133.20M (Peak 236.15M) | Time:00:00.13 | Mem:31.07M, Peak:47.07M | Scene, ViewLayer | Updating Mesh | Computing normals
Fra:1 Mem:151.81M (Peak 236.15M) | Time:00:00.13 | Mem:31.07M, Peak:47.07M | Scene, ViewLayer | Updating Mesh | Copying Mesh to device
Fra:1 Mem:151.81M (Peak 236.15M) | Time:00:00.13 | Mem:49.69M, Peak:49.69M | Scene, ViewLayer | Updating Objects Flags
Fra:1 Mem:151.81M (Peak 236.15M) | Time:00:00.13 | Mem:49.69M, Peak:49.69M | Scene, ViewLayer | Updating Primitive Offsets
Fra:1 Mem:151.81M (Peak 236.15M) | Time:00:00.13 | Mem:49.69M, Peak:49.69M | Scene, ViewLayer | Updating Images
Fra:1 Mem:151.81M (Peak 236.15M) | Time:00:00.13 | Mem:49.69M, Peak:49.69M | Scene, ViewLayer | Updating Images | Loading 00247.exr
Fra:1 Mem:151.94M (Peak 236.15M) | Time:00:00.13 | Mem:49.69M, Peak:49.69M | Scene, ViewLayer | Updating Images | Loading pleated_0138.jpg
Fra:1 Mem:152.42M (Peak 236.15M) | Time:00:00.14 | Mem:50.28M, Peak:50.28M | Scene, ViewLayer | Updating Camera Volume
Fra:1 Mem:152.42M (Peak 236.15M) | Time:00:00.14 | Mem:50.28M, Peak:50.28M | Scene, ViewLayer | Updating Lookup Tables
Fra:1 Mem:152.42M (Peak 236.15M) | Time:00:00.14 | Mem:50.53M, Peak:50.53M | Scene, ViewLayer | Updating Lights
Fra:1 Mem:152.42M (Peak 236.15M) | Time:00:00.14 | Mem:50.53M, Peak:50.53M | Scene, ViewLayer | Updating Lights | Computing distribution
Fra:1 Mem:152.42M (Peak 236.15M) | Time:00:00.14 | Mem:50.53M, Peak:50.53M | Scene, ViewLayer | Updating Lights | Importance map
Fra:1 Mem:216.45M (Peak 504.55M) | Time:00:00.28 | Mem:114.57M, Peak:274.54M | Scene, ViewLayer | Updating Integrator
Fra:1 Mem:216.46M (Peak 504.55M) | Time:00:00.28 | Mem:114.58M, Peak:274.54M | Scene, ViewLayer | Updating Film
Fra:1 Mem:216.46M (Peak 504.55M) | Time:00:00.28 | Mem:114.33M, Peak:274.54M | Scene, ViewLayer | Updating Lookup Tables
Fra:1 Mem:216.46M (Peak 504.55M) | Time:00:00.28 | Mem:114.59M, Peak:274.54M | Scene, ViewLayer | Updating Baking
Fra:1 Mem:216.46M (Peak 504.55M) | Time:00:00.28 | Mem:114.59M, Peak:274.54M | Scene, ViewLayer | Updating Device | Writing constant memory
Fra:1 Mem:216.46M (Peak 504.55M) | Time:00:00.28 | Mem:114.59M, Peak:274.54M | Scene, ViewLayer | Sample 0/32
Fra:1 Mem:235.55M (Peak 504.55M) | Time:00:00.29 | Remaining:00:00.21 | Mem:133.59M, Peak:274.54M | Scene, ViewLayer | Sample 1/32
Fra:1 Mem:243.55M (Peak 504.55M) | Time:00:00.52 | Mem:133.59M, Peak:274.54M | Scene, ViewLayer | Sample 32/32
Fra:1 Mem:243.55M (Peak 504.55M) | Time:00:00.52 | Mem:133.59M, Peak:274.54M | Scene, ViewLayer | Finished
Saved: '/home/janus/iwi9-datasets/objaverse-rendering/no_textures_5/f2052f99dba242ad8ab0814eb0e88acd/005.png'
 Time: 00:00.56 (Saving: 00:00.03)

Fra:1 Mem:149.10M (Peak 180.09M) | Time:00:00.03 | Mem:0.00M, Peak:0.00M | Scene, ViewLayer | Synchronizing object | Object_2
Fra:1 Mem:150.10M (Peak 180.09M) | Time:00:00.03 | Mem:0.00M, Peak:0.00M | Scene, ViewLayer | Synchronizing object | Object_4
Fra:1 Mem:167.47M (Peak 230.46M) | Time:00:00.11 | Mem:0.00M, Peak:0.00M | Scene, ViewLayer | Initializing
Fra:1 Mem:120.81M (Peak 230.46M) | Time:00:00.11 | Mem:0.00M, Peak:0.00M | Scene, ViewLayer | Waiting for render to start
Fra:1 Mem:120.82M (Peak 230.46M) | Time:00:00.11 | Mem:0.00M, Peak:0.00M | Scene, ViewLayer | Loading render kernels (may take a few minutes the first time)
Fra:1 Mem:120.82M (Peak 230.46M) | Time:00:00.11 | Mem:0.00M, Peak:0.00M | Scene, ViewLayer | Updating Scene
Fra:1 Mem:120.82M (Peak 230.46M) | Time:00:00.11 | Mem:0.00M, Peak:0.00M | Scene, ViewLayer | Updating Shaders
Fra:1 Mem:121.07M (Peak 230.46M) | Time:00:00.11 | Mem:0.00M, Peak:0.00M | Scene, ViewLayer | Updating Procedurals
Fra:1 Mem:121.07M (Peak 230.46M) | Time:00:00.11 | Mem:0.00M, Peak:0.00M | Scene, ViewLayer | Updating Background
Fra:1 Mem:121.07M (Peak 230.46M) | Time:00:00.11 | Mem:0.00M, Peak:0.00M | Scene, ViewLayer | Updating Camera
Fra:1 Mem:121.07M (Peak 230.46M) | Time:00:00.11 | Mem:0.00M, Peak:0.00M | Scene, ViewLayer | Updating Meshes Flags
Fra:1 Mem:121.07M (Peak 230.46M) | Time:00:00.11 | Mem:0.00M, Peak:0.00M | Scene, ViewLayer | Updating Objects
Fra:1 Mem:121.07M (Peak 230.46M) | Time:00:00.11 | Mem:0.00M, Peak:0.00M | Scene, ViewLayer | Updating Objects | Copying Transformations to device
Fra:1 Mem:121.07M (Peak 230.46M) | Time:00:00.11 | Mem:0.00M, Peak:0.00M | Scene, ViewLayer | Updating Objects | Applying Static Transformations
Fra:1 Mem:121.07M (Peak 230.46M) | Time:00:00.11 | Mem:0.00M, Peak:0.00M | Scene, ViewLayer | Updating Particle Systems
Fra:1 Mem:121.07M (Peak 230.46M) | Time:00:00.11 | Mem:0.00M, Peak:0.00M | Scene, ViewLayer | Updating Particle Systems | Copying Particles to device
Fra:1 Mem:121.07M (Peak 230.46M) | Time:00:00.11 | Mem:0.00M, Peak:0.00M | Scene, ViewLayer | Updating Meshes
Fra:1 Mem:125.16M (Peak 230.46M) | Time:00:00.12 | Mem:0.00M, Peak:0.00M | Scene, ViewLayer | Updating Mesh | Computing attributes
Fra:1 Mem:133.26M (Peak 230.46M) | Time:00:00.12 | Mem:0.00M, Peak:0.00M | Scene, ViewLayer | Updating Mesh | Copying Attributes to device
Fra:1 Mem:133.26M (Peak 230.46M) | Time:00:00.12 | Mem:8.11M, Peak:8.11M | Scene, ViewLayer | Updating Scene BVH | Building
Fra:1 Mem:133.26M (Peak 230.46M) | Time:00:00.12 | Mem:8.11M, Peak:8.11M | Scene, ViewLayer | Updating Scene BVH | Building BVH
Fra:1 Mem:133.26M (Peak 230.46M) | Time:00:00.12 | Mem:29.15M, Peak:29.15M | Scene, ViewLayer | Updating Scene BVH | Building BVH 0%
Fra:1 Mem:133.26M (Peak 230.46M) | Time:00:00.13 | Mem:31.07M, Peak:47.07M | Scene, ViewLayer | Updating Scene BVH | Copying BVH to device
Fra:1 Mem:133.26M (Peak 230.46M) | Time:00:00.13 | Mem:31.07M, Peak:47.07M | Scene, ViewLayer | Updating Mesh | Computing normals
Fra:1 Mem:151.88M (Peak 230.46M) | Time:00:00.13 | Mem:31.07M, Peak:47.07M | Scene, ViewLayer | Updating Mesh | Copying Mesh to device
Fra:1 Mem:151.88M (Peak 230.46M) | Time:00:00.13 | Mem:49.69M, Peak:49.69M | Scene, ViewLayer | Updating Objects Flags
Fra:1 Mem:151.88M (Peak 230.46M) | Time:00:00.13 | Mem:49.69M, Peak:49.69M | Scene, ViewLayer | Updating Primitive Offsets
Fra:1 Mem:151.88M (Peak 230.46M) | Time:00:00.13 | Mem:49.69M, Peak:49.69M | Scene, ViewLayer | Updating Images
Fra:1 Mem:151.88M (Peak 230.46M) | Time:00:00.13 | Mem:49.69M, Peak:49.69M | Scene, ViewLayer | Updating Images | Loading 00247.exr
Fra:1 Mem:152.01M (Peak 230.46M) | Time:00:00.13 | Mem:49.69M, Peak:49.69M | Scene, ViewLayer | Updating Images | Loading crosshatched_0160.jpg
Fra:1 Mem:152.64M (Peak 230.46M) | Time:00:00.14 | Mem:50.44M, Peak:50.44M | Scene, ViewLayer | Updating Camera Volume
Fra:1 Mem:152.64M (Peak 230.46M) | Time:00:00.14 | Mem:50.44M, Peak:50.44M | Scene, ViewLayer | Updating Lookup Tables
Fra:1 Mem:152.64M (Peak 230.46M) | Time:00:00.14 | Mem:50.69M, Peak:50.69M | Scene, ViewLayer | Updating Lights
Fra:1 Mem:152.64M (Peak 230.46M) | Time:00:00.14 | Mem:50.69M, Peak:50.69M | Scene, ViewLayer | Updating Lights | Computing distribution
Fra:1 Mem:152.64M (Peak 230.46M) | Time:00:00.14 | Mem:50.69M, Peak:50.69M | Scene, ViewLayer | Updating Lights | Importance map
Fra:1 Mem:216.67M (Peak 504.77M) | Time:00:00.28 | Mem:114.73M, Peak:274.70M | Scene, ViewLayer | Updating Integrator
Fra:1 Mem:216.68M (Peak 504.77M) | Time:00:00.28 | Mem:114.74M, Peak:274.70M | Scene, ViewLayer | Updating Film
Fra:1 Mem:216.68M (Peak 504.77M) | Time:00:00.28 | Mem:114.49M, Peak:274.70M | Scene, ViewLayer | Updating Lookup Tables
Fra:1 Mem:216.68M (Peak 504.77M) | Time:00:00.28 | Mem:114.74M, Peak:274.70M | Scene, ViewLayer | Updating Baking
Fra:1 Mem:216.68M (Peak 504.77M) | Time:00:00.28 | Mem:114.74M, Peak:274.70M | Scene, ViewLayer | Updating Device | Writing constant memory
Fra:1 Mem:216.68M (Peak 504.77M) | Time:00:00.28 | Mem:114.74M, Peak:274.70M | Scene, ViewLayer | Sample 0/32
Fra:1 Mem:235.77M (Peak 504.77M) | Time:00:00.28 | Remaining:00:00.20 | Mem:133.74M, Peak:274.70M | Scene, ViewLayer | Sample 1/32
Fra:1 Mem:243.77M (Peak 504.77M) | Time:00:00.51 | Mem:133.74M, Peak:274.70M | Scene, ViewLayer | Sample 32/32
Fra:1 Mem:243.77M (Peak 504.77M) | Time:00:00.51 | Mem:133.74M, Peak:274.70M | Scene, ViewLayer | Finished
Saved: '/home/janus/iwi9-datasets/objaverse-rendering/no_textures_5/f2052f99dba242ad8ab0814eb0e88acd/006.png'
 Time: 00:00.54 (Saving: 00:00.03)

Fra:1 Mem:149.16M (Peak 180.40M) | Time:00:00.03 | Mem:0.00M, Peak:0.00M | Scene, ViewLayer | Synchronizing object | Object_2
Fra:1 Mem:150.17M (Peak 180.40M) | Time:00:00.03 | Mem:0.00M, Peak:0.00M | Scene, ViewLayer | Synchronizing object | Object_4
Fra:1 Mem:167.54M (Peak 230.32M) | Time:00:00.11 | Mem:0.00M, Peak:0.00M | Scene, ViewLayer | Initializing
Fra:1 Mem:120.88M (Peak 230.32M) | Time:00:00.11 | Mem:0.00M, Peak:0.00M | Scene, ViewLayer | Waiting for render to start
Fra:1 Mem:120.88M (Peak 230.32M) | Time:00:00.11 | Mem:0.00M, Peak:0.00M | Scene, ViewLayer | Loading render kernels (may take a few minutes the first time)
Fra:1 Mem:120.88M (Peak 230.32M) | Time:00:00.11 | Mem:0.00M, Peak:0.00M | Scene, ViewLayer | Updating Scene
Fra:1 Mem:120.88M (Peak 230.32M) | Time:00:00.11 | Mem:0.00M, Peak:0.00M | Scene, ViewLayer | Updating Shaders
Fra:1 Mem:121.13M (Peak 230.32M) | Time:00:00.12 | Mem:0.00M, Peak:0.00M | Scene, ViewLayer | Updating Procedurals
Fra:1 Mem:121.13M (Peak 230.32M) | Time:00:00.12 | Mem:0.00M, Peak:0.00M | Scene, ViewLayer | Updating Background
Fra:1 Mem:121.13M (Peak 230.32M) | Time:00:00.12 | Mem:0.00M, Peak:0.00M | Scene, ViewLayer | Updating Camera
Fra:1 Mem:121.13M (Peak 230.32M) | Time:00:00.12 | Mem:0.00M, Peak:0.00M | Scene, ViewLayer | Updating Meshes Flags
Fra:1 Mem:121.13M (Peak 230.32M) | Time:00:00.12 | Mem:0.00M, Peak:0.00M | Scene, ViewLayer | Updating Objects
Fra:1 Mem:121.13M (Peak 230.32M) | Time:00:00.12 | Mem:0.00M, Peak:0.00M | Scene, ViewLayer | Updating Objects | Copying Transformations to device
Fra:1 Mem:121.13M (Peak 230.32M) | Time:00:00.12 | Mem:0.00M, Peak:0.00M | Scene, ViewLayer | Updating Objects | Applying Static Transformations
Fra:1 Mem:121.13M (Peak 230.32M) | Time:00:00.12 | Mem:0.00M, Peak:0.00M | Scene, ViewLayer | Updating Particle Systems
Fra:1 Mem:121.13M (Peak 230.32M) | Time:00:00.12 | Mem:0.00M, Peak:0.00M | Scene, ViewLayer | Updating Particle Systems | Copying Particles to device
Fra:1 Mem:121.14M (Peak 230.32M) | Time:00:00.12 | Mem:0.00M, Peak:0.00M | Scene, ViewLayer | Updating Meshes
Fra:1 Mem:125.22M (Peak 230.32M) | Time:00:00.12 | Mem:0.00M, Peak:0.00M | Scene, ViewLayer | Updating Mesh | Computing attributes
Fra:1 Mem:133.33M (Peak 230.32M) | Time:00:00.12 | Mem:0.00M, Peak:0.00M | Scene, ViewLayer | Updating Mesh | Copying Attributes to device
Fra:1 Mem:133.33M (Peak 230.32M) | Time:00:00.12 | Mem:8.11M, Peak:8.11M | Scene, ViewLayer | Updating Scene BVH | Building
Fra:1 Mem:133.33M (Peak 230.32M) | Time:00:00.12 | Mem:8.11M, Peak:8.11M | Scene, ViewLayer | Updating Scene BVH | Building BVH
Fra:1 Mem:133.33M (Peak 230.32M) | Time:00:00.12 | Mem:29.15M, Peak:29.15M | Scene, ViewLayer | Updating Scene BVH | Building BVH 0%
Fra:1 Mem:133.33M (Peak 230.32M) | Time:00:00.13 | Mem:31.07M, Peak:47.07M | Scene, ViewLayer | Updating Scene BVH | Copying BVH to device
Fra:1 Mem:133.33M (Peak 230.32M) | Time:00:00.13 | Mem:31.07M, Peak:47.07M | Scene, ViewLayer | Updating Mesh | Computing normals
Fra:1 Mem:151.95M (Peak 230.32M) | Time:00:00.14 | Mem:31.07M, Peak:47.07M | Scene, ViewLayer | Updating Mesh | Copying Mesh to device
Fra:1 Mem:151.95M (Peak 230.32M) | Time:00:00.14 | Mem:49.69M, Peak:49.69M | Scene, ViewLayer | Updating Objects Flags
Fra:1 Mem:151.95M (Peak 230.32M) | Time:00:00.14 | Mem:49.69M, Peak:49.69M | Scene, ViewLayer | Updating Primitive Offsets
Fra:1 Mem:151.95M (Peak 230.32M) | Time:00:00.14 | Mem:49.69M, Peak:49.69M | Scene, ViewLayer | Updating Images
Fra:1 Mem:151.95M (Peak 230.32M) | Time:00:00.14 | Mem:49.69M, Peak:49.69M | Scene, ViewLayer | Updating Images | Loading 00247.exr
Fra:1 Mem:152.07M (Peak 230.32M) | Time:00:00.14 | Mem:49.69M, Peak:49.69M | Scene, ViewLayer | Updating Images | Loading pitted_0116.jpg
Fra:1 Mem:153.00M (Peak 230.32M) | Time:00:00.14 | Mem:50.73M, Peak:50.73M | Scene, ViewLayer | Updating Camera Volume
Fra:1 Mem:153.00M (Peak 230.32M) | Time:00:00.14 | Mem:50.73M, Peak:50.73M | Scene, ViewLayer | Updating Lookup Tables
Fra:1 Mem:153.00M (Peak 230.32M) | Time:00:00.14 | Mem:50.98M, Peak:50.98M | Scene, ViewLayer | Updating Lights
Fra:1 Mem:153.00M (Peak 230.32M) | Time:00:00.14 | Mem:50.98M, Peak:50.98M | Scene, ViewLayer | Updating Lights | Computing distribution
Fra:1 Mem:153.00M (Peak 230.32M) | Time:00:00.14 | Mem:50.98M, Peak:50.98M | Scene, ViewLayer | Updating Lights | Importance map
Fra:1 Mem:217.03M (Peak 505.13M) | Time:00:00.28 | Mem:115.03M, Peak:274.99M | Scene, ViewLayer | Updating Integrator
Fra:1 Mem:217.04M (Peak 505.13M) | Time:00:00.28 | Mem:115.03M, Peak:274.99M | Scene, ViewLayer | Updating Film
Fra:1 Mem:217.04M (Peak 505.13M) | Time:00:00.28 | Mem:114.78M, Peak:274.99M | Scene, ViewLayer | Updating Lookup Tables
Fra:1 Mem:217.04M (Peak 505.13M) | Time:00:00.28 | Mem:115.04M, Peak:274.99M | Scene, ViewLayer | Updating Baking
Fra:1 Mem:217.04M (Peak 505.13M) | Time:00:00.28 | Mem:115.04M, Peak:274.99M | Scene, ViewLayer | Updating Device | Writing constant memory
Fra:1 Mem:217.04M (Peak 505.13M) | Time:00:00.28 | Mem:115.04M, Peak:274.99M | Scene, ViewLayer | Sample 0/32
Fra:1 Mem:236.13M (Peak 505.13M) | Time:00:00.29 | Remaining:00:00.24 | Mem:134.04M, Peak:274.99M | Scene, ViewLayer | Sample 1/32
Fra:1 Mem:244.13M (Peak 505.13M) | Time:00:00.56 | Mem:134.04M, Peak:274.99M | Scene, ViewLayer | Sample 32/32
Fra:1 Mem:244.13M (Peak 505.13M) | Time:00:00.56 | Mem:134.04M, Peak:274.99M | Scene, ViewLayer | Finished
Saved: '/home/janus/iwi9-datasets/objaverse-rendering/no_textures_5/f2052f99dba242ad8ab0814eb0e88acd/007.png'
 Time: 00:00.59 (Saving: 00:00.03)

Fra:1 Mem:149.23M (Peak 180.44M) | Time:00:00.03 | Mem:0.00M, Peak:0.00M | Scene, ViewLayer | Synchronizing object | Object_2
Fra:1 Mem:149.23M (Peak 180.44M) | Time:00:00.03 | Mem:0.00M, Peak:0.00M | Scene, ViewLayer | Synchronizing object | Object_4
Fra:1 Mem:167.61M (Peak 230.56M) | Time:00:00.11 | Mem:0.00M, Peak:0.00M | Scene, ViewLayer | Initializing
Fra:1 Mem:120.95M (Peak 230.56M) | Time:00:00.11 | Mem:0.00M, Peak:0.00M | Scene, ViewLayer | Waiting for render to start
Fra:1 Mem:120.95M (Peak 230.56M) | Time:00:00.11 | Mem:0.00M, Peak:0.00M | Scene, ViewLayer | Loading render kernels (may take a few minutes the first time)
Fra:1 Mem:120.95M (Peak 230.56M) | Time:00:00.11 | Mem:0.00M, Peak:0.00M | Scene, ViewLayer | Updating Scene
Fra:1 Mem:120.95M (Peak 230.56M) | Time:00:00.11 | Mem:0.00M, Peak:0.00M | Scene, ViewLayer | Updating Shaders
Fra:1 Mem:121.20M (Peak 230.56M) | Time:00:00.11 | Mem:0.00M, Peak:0.00M | Scene, ViewLayer | Updating Procedurals
Fra:1 Mem:121.20M (Peak 230.56M) | Time:00:00.11 | Mem:0.00M, Peak:0.00M | Scene, ViewLayer | Updating Background
Fra:1 Mem:121.20M (Peak 230.56M) | Time:00:00.11 | Mem:0.00M, Peak:0.00M | Scene, ViewLayer | Updating Camera
Fra:1 Mem:121.20M (Peak 230.56M) | Time:00:00.11 | Mem:0.00M, Peak:0.00M | Scene, ViewLayer | Updating Meshes Flags
Fra:1 Mem:121.20M (Peak 230.56M) | Time:00:00.11 | Mem:0.00M, Peak:0.00M | Scene, ViewLayer | Updating Objects
Fra:1 Mem:121.20M (Peak 230.56M) | Time:00:00.11 | Mem:0.00M, Peak:0.00M | Scene, ViewLayer | Updating Objects | Copying Transformations to device
Fra:1 Mem:121.20M (Peak 230.56M) | Time:00:00.11 | Mem:0.00M, Peak:0.00M | Scene, ViewLayer | Updating Objects | Applying Static Transformations
Fra:1 Mem:121.20M (Peak 230.56M) | Time:00:00.12 | Mem:0.00M, Peak:0.00M | Scene, ViewLayer | Updating Particle Systems
Fra:1 Mem:121.20M (Peak 230.56M) | Time:00:00.12 | Mem:0.00M, Peak:0.00M | Scene, ViewLayer | Updating Particle Systems | Copying Particles to device
Fra:1 Mem:121.20M (Peak 230.56M) | Time:00:00.12 | Mem:0.00M, Peak:0.00M | Scene, ViewLayer | Updating Meshes
Fra:1 Mem:125.29M (Peak 230.56M) | Time:00:00.12 | Mem:0.00M, Peak:0.00M | Scene, ViewLayer | Updating Mesh | Computing attributes
Fra:1 Mem:133.40M (Peak 230.56M) | Time:00:00.12 | Mem:0.00M, Peak:0.00M | Scene, ViewLayer | Updating Mesh | Copying Attributes to device
Fra:1 Mem:133.40M (Peak 230.56M) | Time:00:00.12 | Mem:8.11M, Peak:8.11M | Scene, ViewLayer | Updating Scene BVH | Building
Fra:1 Mem:133.40M (Peak 230.56M) | Time:00:00.12 | Mem:8.11M, Peak:8.11M | Scene, ViewLayer | Updating Scene BVH | Building BVH
Fra:1 Mem:133.40M (Peak 230.56M) | Time:00:00.12 | Mem:29.15M, Peak:29.15M | Scene, ViewLayer | Updating Scene BVH | Building BVH 0%
Fra:1 Mem:133.40M (Peak 230.56M) | Time:00:00.13 | Mem:31.07M, Peak:47.07M | Scene, ViewLayer | Updating Scene BVH | Copying BVH to device
Fra:1 Mem:133.40M (Peak 230.56M) | Time:00:00.13 | Mem:31.07M, Peak:47.07M | Scene, ViewLayer | Updating Mesh | Computing normals
Fra:1 Mem:152.01M (Peak 230.56M) | Time:00:00.13 | Mem:31.07M, Peak:47.07M | Scene, ViewLayer | Updating Mesh | Copying Mesh to device
Fra:1 Mem:152.01M (Peak 230.56M) | Time:00:00.13 | Mem:49.69M, Peak:49.69M | Scene, ViewLayer | Updating Objects Flags
Fra:1 Mem:152.01M (Peak 230.56M) | Time:00:00.13 | Mem:49.69M, Peak:49.69M | Scene, ViewLayer | Updating Primitive Offsets
Fra:1 Mem:152.01M (Peak 230.56M) | Time:00:00.13 | Mem:49.69M, Peak:49.69M | Scene, ViewLayer | Updating Images
Fra:1 Mem:152.01M (Peak 230.56M) | Time:00:00.13 | Mem:49.69M, Peak:49.69M | Scene, ViewLayer | Updating Images | Loading 00247.exr
Fra:1 Mem:152.14M (Peak 230.56M) | Time:00:00.13 | Mem:49.69M, Peak:49.69M | Scene, ViewLayer | Updating Images | Loading chequered_0120.jpg
Fra:1 Mem:153.91M (Peak 230.56M) | Time:00:00.14 | Mem:51.58M, Peak:51.58M | Scene, ViewLayer | Updating Camera Volume
Fra:1 Mem:153.91M (Peak 230.56M) | Time:00:00.14 | Mem:51.58M, Peak:51.58M | Scene, ViewLayer | Updating Lookup Tables
Fra:1 Mem:153.91M (Peak 230.56M) | Time:00:00.14 | Mem:51.83M, Peak:51.83M | Scene, ViewLayer | Updating Lights
Fra:1 Mem:153.91M (Peak 230.56M) | Time:00:00.14 | Mem:51.83M, Peak:51.83M | Scene, ViewLayer | Updating Lights | Computing distribution
Fra:1 Mem:153.91M (Peak 230.56M) | Time:00:00.14 | Mem:51.83M, Peak:51.83M | Scene, ViewLayer | Updating Lights | Importance map
Fra:1 Mem:217.94M (Peak 506.04M) | Time:00:00.28 | Mem:115.87M, Peak:275.84M | Scene, ViewLayer | Updating Integrator
Fra:1 Mem:217.95M (Peak 506.04M) | Time:00:00.28 | Mem:115.88M, Peak:275.84M | Scene, ViewLayer | Updating Film
Fra:1 Mem:217.95M (Peak 506.04M) | Time:00:00.28 | Mem:115.63M, Peak:275.84M | Scene, ViewLayer | Updating Lookup Tables
Fra:1 Mem:217.95M (Peak 506.04M) | Time:00:00.28 | Mem:115.88M, Peak:275.84M | Scene, ViewLayer | Updating Baking
Fra:1 Mem:217.95M (Peak 506.04M) | Time:00:00.28 | Mem:115.88M, Peak:275.84M | Scene, ViewLayer | Updating Device | Writing constant memory
Fra:1 Mem:217.95M (Peak 506.04M) | Time:00:00.28 | Mem:115.88M, Peak:275.84M | Scene, ViewLayer | Sample 0/32
Fra:1 Mem:237.04M (Peak 506.04M) | Time:00:00.29 | Remaining:00:00.25 | Mem:134.88M, Peak:275.84M | Scene, ViewLayer | Sample 1/32
Fra:1 Mem:245.04M (Peak 506.04M) | Time:00:00.57 | Mem:134.88M, Peak:275.84M | Scene, ViewLayer | Sample 32/32
Fra:1 Mem:245.04M (Peak 506.04M) | Time:00:00.57 | Mem:134.88M, Peak:275.84M | Scene, ViewLayer | Finished
Saved: '/home/janus/iwi9-datasets/objaverse-rendering/no_textures_5/f2052f99dba242ad8ab0814eb0e88acd/008.png'
 Time: 00:00.61 (Saving: 00:00.03)

Fra:1 Mem:149.30M (Peak 181.23M) | Time:00:00.03 | Mem:0.00M, Peak:0.00M | Scene, ViewLayer | Synchronizing object | Object_2
Fra:1 Mem:150.30M (Peak 181.23M) | Time:00:00.03 | Mem:0.00M, Peak:0.00M | Scene, ViewLayer | Synchronizing object | Object_4
Fra:1 Mem:167.68M (Peak 236.42M) | Time:00:00.11 | Mem:0.00M, Peak:0.00M | Scene, ViewLayer | Initializing
Fra:1 Mem:121.02M (Peak 236.42M) | Time:00:00.11 | Mem:0.00M, Peak:0.00M | Scene, ViewLayer | Waiting for render to start
Fra:1 Mem:121.02M (Peak 236.42M) | Time:00:00.11 | Mem:0.00M, Peak:0.00M | Scene, ViewLayer | Loading render kernels (may take a few minutes the first time)
Fra:1 Mem:121.02M (Peak 236.42M) | Time:00:00.11 | Mem:0.00M, Peak:0.00M | Scene, ViewLayer | Updating Scene
Fra:1 Mem:121.02M (Peak 236.42M) | Time:00:00.11 | Mem:0.00M, Peak:0.00M | Scene, ViewLayer | Updating Shaders
Fra:1 Mem:121.27M (Peak 236.42M) | Time:00:00.11 | Mem:0.00M, Peak:0.00M | Scene, ViewLayer | Updating Procedurals
Fra:1 Mem:121.27M (Peak 236.42M) | Time:00:00.11 | Mem:0.00M, Peak:0.00M | Scene, ViewLayer | Updating Background
Fra:1 Mem:121.27M (Peak 236.42M) | Time:00:00.11 | Mem:0.00M, Peak:0.00M | Scene, ViewLayer | Updating Camera
Fra:1 Mem:121.27M (Peak 236.42M) | Time:00:00.11 | Mem:0.00M, Peak:0.00M | Scene, ViewLayer | Updating Meshes Flags
Fra:1 Mem:121.27M (Peak 236.42M) | Time:00:00.11 | Mem:0.00M, Peak:0.00M | Scene, ViewLayer | Updating Objects
Fra:1 Mem:121.27M (Peak 236.42M) | Time:00:00.11 | Mem:0.00M, Peak:0.00M | Scene, ViewLayer | Updating Objects | Copying Transformations to device
Fra:1 Mem:121.27M (Peak 236.42M) | Time:00:00.11 | Mem:0.00M, Peak:0.00M | Scene, ViewLayer | Updating Objects | Applying Static Transformations
Fra:1 Mem:121.27M (Peak 236.42M) | Time:00:00.11 | Mem:0.00M, Peak:0.00M | Scene, ViewLayer | Updating Particle Systems
Fra:1 Mem:121.27M (Peak 236.42M) | Time:00:00.11 | Mem:0.00M, Peak:0.00M | Scene, ViewLayer | Updating Particle Systems | Copying Particles to device
Fra:1 Mem:121.27M (Peak 236.42M) | Time:00:00.11 | Mem:0.00M, Peak:0.00M | Scene, ViewLayer | Updating Meshes
Fra:1 Mem:125.36M (Peak 236.42M) | Time:00:00.12 | Mem:0.00M, Peak:0.00M | Scene, ViewLayer | Updating Mesh | Computing attributes
Fra:1 Mem:133.47M (Peak 236.42M) | Time:00:00.12 | Mem:0.00M, Peak:0.00M | Scene, ViewLayer | Updating Mesh | Copying Attributes to device
Fra:1 Mem:133.47M (Peak 236.42M) | Time:00:00.12 | Mem:8.11M, Peak:8.11M | Scene, ViewLayer | Updating Scene BVH | Building
Fra:1 Mem:133.47M (Peak 236.42M) | Time:00:00.12 | Mem:8.11M, Peak:8.11M | Scene, ViewLayer | Updating Scene BVH | Building BVH
Fra:1 Mem:133.47M (Peak 236.42M) | Time:00:00.12 | Mem:29.15M, Peak:29.15M | Scene, ViewLayer | Updating Scene BVH | Building BVH 0%
Fra:1 Mem:133.47M (Peak 236.42M) | Time:00:00.13 | Mem:31.07M, Peak:47.07M | Scene, ViewLayer | Updating Scene BVH | Copying BVH to device
Fra:1 Mem:133.47M (Peak 236.42M) | Time:00:00.13 | Mem:31.07M, Peak:47.07M | Scene, ViewLayer | Updating Mesh | Computing normals
Fra:1 Mem:152.08M (Peak 236.42M) | Time:00:00.13 | Mem:31.07M, Peak:47.07M | Scene, ViewLayer | Updating Mesh | Copying Mesh to device
Fra:1 Mem:152.08M (Peak 236.42M) | Time:00:00.13 | Mem:49.69M, Peak:49.69M | Scene, ViewLayer | Updating Objects Flags
Fra:1 Mem:152.08M (Peak 236.42M) | Time:00:00.13 | Mem:49.69M, Peak:49.69M | Scene, ViewLayer | Updating Primitive Offsets
Fra:1 Mem:152.08M (Peak 236.42M) | Time:00:00.13 | Mem:49.69M, Peak:49.69M | Scene, ViewLayer | Updating Images
Fra:1 Mem:152.08M (Peak 236.42M) | Time:00:00.13 | Mem:49.69M, Peak:49.69M | Scene, ViewLayer | Updating Images | Loading 00247.exr
Fra:1 Mem:152.21M (Peak 236.42M) | Time:00:00.13 | Mem:49.69M, Peak:49.69M | Scene, ViewLayer | Updating Images | Loading cracked_0070.jpg
Fra:1 Mem:152.81M (Peak 236.42M) | Time:00:00.14 | Mem:50.40M, Peak:50.40M | Scene, ViewLayer | Updating Camera Volume
Fra:1 Mem:152.81M (Peak 236.42M) | Time:00:00.14 | Mem:50.40M, Peak:50.40M | Scene, ViewLayer | Updating Lookup Tables
Fra:1 Mem:152.81M (Peak 236.42M) | Time:00:00.14 | Mem:50.65M, Peak:50.65M | Scene, ViewLayer | Updating Lights
Fra:1 Mem:152.81M (Peak 236.42M) | Time:00:00.14 | Mem:50.65M, Peak:50.65M | Scene, ViewLayer | Updating Lights | Computing distribution
Fra:1 Mem:152.81M (Peak 236.42M) | Time:00:00.14 | Mem:50.65M, Peak:50.65M | Scene, ViewLayer | Updating Lights | Importance map
Fra:1 Mem:216.84M (Peak 504.94M) | Time:00:00.28 | Mem:114.70M, Peak:274.66M | Scene, ViewLayer | Updating Integrator
Fra:1 Mem:216.85M (Peak 504.94M) | Time:00:00.28 | Mem:114.70M, Peak:274.66M | Scene, ViewLayer | Updating Film
Fra:1 Mem:216.85M (Peak 504.94M) | Time:00:00.28 | Mem:114.45M, Peak:274.66M | Scene, ViewLayer | Updating Lookup Tables
Fra:1 Mem:216.85M (Peak 504.94M) | Time:00:00.28 | Mem:114.71M, Peak:274.66M | Scene, ViewLayer | Updating Baking
Fra:1 Mem:216.85M (Peak 504.94M) | Time:00:00.28 | Mem:114.71M, Peak:274.66M | Scene, ViewLayer | Updating Device | Writing constant memory
Fra:1 Mem:216.85M (Peak 504.94M) | Time:00:00.28 | Mem:114.71M, Peak:274.66M | Scene, ViewLayer | Sample 0/32
Fra:1 Mem:235.94M (Peak 504.94M) | Time:00:00.28 | Remaining:00:00.23 | Mem:133.71M, Peak:274.66M | Scene, ViewLayer | Sample 1/32
Fra:1 Mem:243.94M (Peak 504.94M) | Time:00:00.59 | Mem:133.71M, Peak:274.66M | Scene, ViewLayer | Sample 32/32
Fra:1 Mem:243.94M (Peak 504.94M) | Time:00:00.59 | Mem:133.71M, Peak:274.66M | Scene, ViewLayer | Finished
Saved: '/home/janus/iwi9-datasets/objaverse-rendering/no_textures_5/f2052f99dba242ad8ab0814eb0e88acd/009.png'
 Time: 00:00.62 (Saving: 00:00.03)

Fra:1 Mem:149.37M (Peak 180.41M) | Time:00:00.03 | Mem:0.00M, Peak:0.00M | Scene, ViewLayer | Synchronizing object | Object_2
Fra:1 Mem:150.37M (Peak 180.41M) | Time:00:00.03 | Mem:0.00M, Peak:0.00M | Scene, ViewLayer | Synchronizing object | Object_4
Fra:1 Mem:167.75M (Peak 236.49M) | Time:00:00.11 | Mem:0.00M, Peak:0.00M | Scene, ViewLayer | Initializing
Fra:1 Mem:121.09M (Peak 236.49M) | Time:00:00.11 | Mem:0.00M, Peak:0.00M | Scene, ViewLayer | Waiting for render to start
Fra:1 Mem:121.09M (Peak 236.49M) | Time:00:00.11 | Mem:0.00M, Peak:0.00M | Scene, ViewLayer | Loading render kernels (may take a few minutes the first time)
Fra:1 Mem:121.09M (Peak 236.49M) | Time:00:00.11 | Mem:0.00M, Peak:0.00M | Scene, ViewLayer | Updating Scene
Fra:1 Mem:121.09M (Peak 236.49M) | Time:00:00.11 | Mem:0.00M, Peak:0.00M | Scene, ViewLayer | Updating Shaders
Fra:1 Mem:121.34M (Peak 236.49M) | Time:00:00.12 | Mem:0.00M, Peak:0.00M | Scene, ViewLayer | Updating Procedurals
Fra:1 Mem:121.34M (Peak 236.49M) | Time:00:00.12 | Mem:0.00M, Peak:0.00M | Scene, ViewLayer | Updating Background
Fra:1 Mem:121.34M (Peak 236.49M) | Time:00:00.12 | Mem:0.00M, Peak:0.00M | Scene, ViewLayer | Updating Camera
Fra:1 Mem:121.34M (Peak 236.49M) | Time:00:00.12 | Mem:0.00M, Peak:0.00M | Scene, ViewLayer | Updating Meshes Flags
Fra:1 Mem:121.34M (Peak 236.49M) | Time:00:00.12 | Mem:0.00M, Peak:0.00M | Scene, ViewLayer | Updating Objects
Fra:1 Mem:121.34M (Peak 236.49M) | Time:00:00.12 | Mem:0.00M, Peak:0.00M | Scene, ViewLayer | Updating Objects | Copying Transformations to device
Fra:1 Mem:121.34M (Peak 236.49M) | Time:00:00.12 | Mem:0.00M, Peak:0.00M | Scene, ViewLayer | Updating Objects | Applying Static Transformations
Fra:1 Mem:121.34M (Peak 236.49M) | Time:00:00.12 | Mem:0.00M, Peak:0.00M | Scene, ViewLayer | Updating Particle Systems
Fra:1 Mem:121.34M (Peak 236.49M) | Time:00:00.12 | Mem:0.00M, Peak:0.00M | Scene, ViewLayer | Updating Particle Systems | Copying Particles to device
Fra:1 Mem:121.34M (Peak 236.49M) | Time:00:00.12 | Mem:0.00M, Peak:0.00M | Scene, ViewLayer | Updating Meshes
Fra:1 Mem:125.43M (Peak 236.49M) | Time:00:00.12 | Mem:0.00M, Peak:0.00M | Scene, ViewLayer | Updating Mesh | Computing attributes
Fra:1 Mem:133.54M (Peak 236.49M) | Time:00:00.13 | Mem:0.00M, Peak:0.00M | Scene, ViewLayer | Updating Mesh | Copying Attributes to device
Fra:1 Mem:133.54M (Peak 236.49M) | Time:00:00.13 | Mem:8.11M, Peak:8.11M | Scene, ViewLayer | Updating Scene BVH | Building
Fra:1 Mem:133.54M (Peak 236.49M) | Time:00:00.13 | Mem:8.11M, Peak:8.11M | Scene, ViewLayer | Updating Scene BVH | Building BVH
Fra:1 Mem:133.54M (Peak 236.49M) | Time:00:00.13 | Mem:29.15M, Peak:29.15M | Scene, ViewLayer | Updating Scene BVH | Building BVH 0%
Fra:1 Mem:133.54M (Peak 236.49M) | Time:00:00.14 | Mem:31.07M, Peak:47.07M | Scene, ViewLayer | Updating Scene BVH | Copying BVH to device
Fra:1 Mem:133.54M (Peak 236.49M) | Time:00:00.14 | Mem:31.07M, Peak:47.07M | Scene, ViewLayer | Updating Mesh | Computing normals
Fra:1 Mem:152.16M (Peak 236.49M) | Time:00:00.14 | Mem:31.07M, Peak:47.07M | Scene, ViewLayer | Updating Mesh | Copying Mesh to device
Fra:1 Mem:152.16M (Peak 236.49M) | Time:00:00.14 | Mem:49.69M, Peak:49.69M | Scene, ViewLayer | Updating Objects Flags
Fra:1 Mem:152.16M (Peak 236.49M) | Time:00:00.14 | Mem:49.69M, Peak:49.69M | Scene, ViewLayer | Updating Primitive Offsets
Fra:1 Mem:152.16M (Peak 236.49M) | Time:00:00.14 | Mem:49.69M, Peak:49.69M | Scene, ViewLayer | Updating Images
Fra:1 Mem:152.16M (Peak 236.49M) | Time:00:00.14 | Mem:49.69M, Peak:49.69M | Scene, ViewLayer | Updating Images | Loading 00247.exr
Fra:1 Mem:152.28M (Peak 236.49M) | Time:00:00.14 | Mem:49.69M, Peak:49.69M | Scene, ViewLayer | Updating Images | Loading interlaced_0119.jpg
Fra:1 Mem:152.66M (Peak 236.49M) | Time:00:00.14 | Mem:50.18M, Peak:50.18M | Scene, ViewLayer | Updating Camera Volume
Fra:1 Mem:152.66M (Peak 236.49M) | Time:00:00.14 | Mem:50.18M, Peak:50.18M | Scene, ViewLayer | Updating Lookup Tables
Fra:1 Mem:152.66M (Peak 236.49M) | Time:00:00.14 | Mem:50.43M, Peak:50.43M | Scene, ViewLayer | Updating Lights
Fra:1 Mem:152.66M (Peak 236.49M) | Time:00:00.14 | Mem:50.43M, Peak:50.43M | Scene, ViewLayer | Updating Lights | Computing distribution
Fra:1 Mem:152.66M (Peak 236.49M) | Time:00:00.14 | Mem:50.43M, Peak:50.43M | Scene, ViewLayer | Updating Lights | Importance map
Fra:1 Mem:216.69M (Peak 504.79M) | Time:00:00.29 | Mem:114.48M, Peak:274.45M | Scene, ViewLayer | Updating Integrator
Fra:1 Mem:216.70M (Peak 504.79M) | Time:00:00.29 | Mem:114.48M, Peak:274.45M | Scene, ViewLayer | Updating Film
Fra:1 Mem:216.70M (Peak 504.79M) | Time:00:00.29 | Mem:114.23M, Peak:274.45M | Scene, ViewLayer | Updating Lookup Tables
Fra:1 Mem:216.70M (Peak 504.79M) | Time:00:00.29 | Mem:114.49M, Peak:274.45M | Scene, ViewLayer | Updating Baking
Fra:1 Mem:216.70M (Peak 504.79M) | Time:00:00.29 | Mem:114.49M, Peak:274.45M | Scene, ViewLayer | Updating Device | Writing constant memory
Fra:1 Mem:216.70M (Peak 504.79M) | Time:00:00.29 | Mem:114.49M, Peak:274.45M | Scene, ViewLayer | Sample 0/32
Fra:1 Mem:235.79M (Peak 504.79M) | Time:00:00.29 | Remaining:00:00.26 | Mem:133.49M, Peak:274.45M | Scene, ViewLayer | Sample 1/32
Fra:1 Mem:243.79M (Peak 504.79M) | Time:00:00.58 | Mem:133.49M, Peak:274.45M | Scene, ViewLayer | Sample 32/32
Fra:1 Mem:243.79M (Peak 504.79M) | Time:00:00.58 | Mem:133.49M, Peak:274.45M | Scene, ViewLayer | Finished
Saved: '/home/janus/iwi9-datasets/objaverse-rendering/no_textures_5/f2052f99dba242ad8ab0814eb0e88acd/010.png'
 Time: 00:00.61 (Saving: 00:00.03)

Fra:1 Mem:149.44M (Peak 180.78M) | Time:00:00.03 | Mem:0.00M, Peak:0.00M | Scene, ViewLayer | Synchronizing object | Object_2
Fra:1 Mem:149.44M (Peak 180.78M) | Time:00:00.03 | Mem:0.00M, Peak:0.00M | Scene, ViewLayer | Synchronizing object | Object_4
Fra:1 Mem:167.81M (Peak 230.74M) | Time:00:00.11 | Mem:0.00M, Peak:0.00M | Scene, ViewLayer | Initializing
Fra:1 Mem:121.15M (Peak 230.74M) | Time:00:00.11 | Mem:0.00M, Peak:0.00M | Scene, ViewLayer | Waiting for render to start
Fra:1 Mem:121.16M (Peak 230.74M) | Time:00:00.11 | Mem:0.00M, Peak:0.00M | Scene, ViewLayer | Loading render kernels (may take a few minutes the first time)
Fra:1 Mem:121.16M (Peak 230.74M) | Time:00:00.11 | Mem:0.00M, Peak:0.00M | Scene, ViewLayer | Updating Scene
Fra:1 Mem:121.16M (Peak 230.74M) | Time:00:00.11 | Mem:0.00M, Peak:0.00M | Scene, ViewLayer | Updating Shaders
Fra:1 Mem:121.41M (Peak 230.74M) | Time:00:00.12 | Mem:0.00M, Peak:0.00M | Scene, ViewLayer | Updating Procedurals
Fra:1 Mem:121.41M (Peak 230.74M) | Time:00:00.12 | Mem:0.00M, Peak:0.00M | Scene, ViewLayer | Updating Background
Fra:1 Mem:121.41M (Peak 230.74M) | Time:00:00.12 | Mem:0.00M, Peak:0.00M | Scene, ViewLayer | Updating Camera
Fra:1 Mem:121.41M (Peak 230.74M) | Time:00:00.12 | Mem:0.00M, Peak:0.00M | Scene, ViewLayer | Updating Meshes Flags
Fra:1 Mem:121.41M (Peak 230.74M) | Time:00:00.12 | Mem:0.00M, Peak:0.00M | Scene, ViewLayer | Updating Objects
Fra:1 Mem:121.41M (Peak 230.74M) | Time:00:00.12 | Mem:0.00M, Peak:0.00M | Scene, ViewLayer | Updating Objects | Copying Transformations to device
Fra:1 Mem:121.41M (Peak 230.74M) | Time:00:00.12 | Mem:0.00M, Peak:0.00M | Scene, ViewLayer | Updating Objects | Applying Static Transformations
Fra:1 Mem:121.41M (Peak 230.74M) | Time:00:00.12 | Mem:0.00M, Peak:0.00M | Scene, ViewLayer | Updating Particle Systems
Fra:1 Mem:121.41M (Peak 230.74M) | Time:00:00.12 | Mem:0.00M, Peak:0.00M | Scene, ViewLayer | Updating Particle Systems | Copying Particles to device
Fra:1 Mem:121.41M (Peak 230.74M) | Time:00:00.12 | Mem:0.00M, Peak:0.00M | Scene, ViewLayer | Updating Meshes
Fra:1 Mem:125.50M (Peak 230.74M) | Time:00:00.12 | Mem:0.00M, Peak:0.00M | Scene, ViewLayer | Updating Mesh | Computing attributes
Fra:1 Mem:133.60M (Peak 230.74M) | Time:00:00.13 | Mem:0.00M, Peak:0.00M | Scene, ViewLayer | Updating Mesh | Copying Attributes to device
Fra:1 Mem:133.60M (Peak 230.74M) | Time:00:00.13 | Mem:8.11M, Peak:8.11M | Scene, ViewLayer | Updating Scene BVH | Building
Fra:1 Mem:133.60M (Peak 230.74M) | Time:00:00.13 | Mem:8.11M, Peak:8.11M | Scene, ViewLayer | Updating Scene BVH | Building BVH
Fra:1 Mem:133.60M (Peak 230.74M) | Time:00:00.13 | Mem:29.15M, Peak:29.15M | Scene, ViewLayer | Updating Scene BVH | Building BVH 0%
Fra:1 Mem:133.60M (Peak 230.74M) | Time:00:00.13 | Mem:31.07M, Peak:47.07M | Scene, ViewLayer | Updating Scene BVH | Copying BVH to device
Fra:1 Mem:133.60M (Peak 230.74M) | Time:00:00.13 | Mem:31.07M, Peak:47.07M | Scene, ViewLayer | Updating Mesh | Computing normals
Fra:1 Mem:152.22M (Peak 230.74M) | Time:00:00.14 | Mem:31.07M, Peak:47.07M | Scene, ViewLayer | Updating Mesh | Copying Mesh to device
Fra:1 Mem:152.22M (Peak 230.74M) | Time:00:00.14 | Mem:49.69M, Peak:49.69M | Scene, ViewLayer | Updating Objects Flags
Fra:1 Mem:152.22M (Peak 230.74M) | Time:00:00.14 | Mem:49.69M, Peak:49.69M | Scene, ViewLayer | Updating Primitive Offsets
Fra:1 Mem:152.22M (Peak 230.74M) | Time:00:00.14 | Mem:49.69M, Peak:49.69M | Scene, ViewLayer | Updating Images
Fra:1 Mem:152.22M (Peak 230.74M) | Time:00:00.14 | Mem:49.69M, Peak:49.69M | Scene, ViewLayer | Updating Images | Loading 00247.exr
Fra:1 Mem:152.35M (Peak 230.74M) | Time:00:00.14 | Mem:49.69M, Peak:49.69M | Scene, ViewLayer | Updating Images | Loading stained_0127.jpg
Fra:1 Mem:153.56M (Peak 230.74M) | Time:00:00.14 | Mem:51.02M, Peak:51.02M | Scene, ViewLayer | Updating Camera Volume
Fra:1 Mem:153.56M (Peak 230.74M) | Time:00:00.14 | Mem:51.02M, Peak:51.02M | Scene, ViewLayer | Updating Lookup Tables
Fra:1 Mem:153.56M (Peak 230.74M) | Time:00:00.14 | Mem:51.27M, Peak:51.27M | Scene, ViewLayer | Updating Lights
Fra:1 Mem:153.57M (Peak 230.74M) | Time:00:00.14 | Mem:51.27M, Peak:51.27M | Scene, ViewLayer | Updating Lights | Computing distribution
Fra:1 Mem:153.57M (Peak 230.74M) | Time:00:00.14 | Mem:51.27M, Peak:51.27M | Scene, ViewLayer | Updating Lights | Importance map
Fra:1 Mem:217.60M (Peak 505.69M) | Time:00:00.28 | Mem:115.32M, Peak:275.28M | Scene, ViewLayer | Updating Integrator
Fra:1 Mem:217.60M (Peak 505.69M) | Time:00:00.28 | Mem:115.32M, Peak:275.28M | Scene, ViewLayer | Updating Film
Fra:1 Mem:217.61M (Peak 505.69M) | Time:00:00.28 | Mem:115.07M, Peak:275.28M | Scene, ViewLayer | Updating Lookup Tables
Fra:1 Mem:217.61M (Peak 505.69M) | Time:00:00.28 | Mem:115.33M, Peak:275.28M | Scene, ViewLayer | Updating Baking
Fra:1 Mem:217.61M (Peak 505.69M) | Time:00:00.28 | Mem:115.33M, Peak:275.28M | Scene, ViewLayer | Updating Device | Writing constant memory
Fra:1 Mem:217.61M (Peak 505.69M) | Time:00:00.28 | Mem:115.33M, Peak:275.28M | Scene, ViewLayer | Sample 0/32
Fra:1 Mem:236.70M (Peak 505.69M) | Time:00:00.29 | Remaining:00:00.24 | Mem:134.33M, Peak:275.28M | Scene, ViewLayer | Sample 1/32
Fra:1 Mem:244.70M (Peak 505.69M) | Time:00:00.53 | Mem:134.33M, Peak:275.28M | Scene, ViewLayer | Sample 32/32
Fra:1 Mem:244.70M (Peak 505.69M) | Time:00:00.53 | Mem:134.33M, Peak:275.28M | Scene, ViewLayer | Finished
Saved: '/home/janus/iwi9-datasets/objaverse-rendering/no_textures_5/f2052f99dba242ad8ab0814eb0e88acd/011.png'
 Time: 00:00.57 (Saving: 00:00.03)

Data are loaded, start creating Blender stuff
glTF import finished in 0.70s
Finished /home/janus/iwi9-datasets/objaverse-objects/hf-objaverse-v1/glbs/000-147/f2052f99dba242ad8ab0814eb0e88acd.glb in 8.783493041992188 seconds

Blender quit
/home/janus/iwi9-datasets/objaverse-objects/hf-objaverse-v1/glbs/000-029/4a2278aca04b4f3eb901b7b019b4caa7.glb
Blender 3.3.1 (hash b292cfe5a936 built 2022-10-05 00:14:35)
/run/user/210289/gvfs/ non-existent directory
Fra:1 Mem:133.39M (Peak 165.41M) | Time:00:00.03 | Mem:0.00M, Peak:0.00M | Scene, ViewLayer | Synchronizing object | Object_2
Fra:1 Mem:133.39M (Peak 165.41M) | Time:00:00.03 | Mem:0.00M, Peak:0.00M | Scene, ViewLayer | Synchronizing object | Object_4
Fra:1 Mem:149.90M (Peak 210.87M) | Time:00:00.12 | Mem:0.00M, Peak:0.00M | Scene, ViewLayer | Initializing
Fra:1 Mem:108.26M (Peak 210.87M) | Time:00:00.12 | Mem:0.00M, Peak:0.00M | Scene, ViewLayer | Waiting for render to start
Fra:1 Mem:108.26M (Peak 210.87M) | Time:00:00.12 | Mem:0.00M, Peak:0.00M | Scene, ViewLayer | Loading render kernels (may take a few minutes the first time)
Fra:1 Mem:108.26M (Peak 210.87M) | Time:00:00.12 | Mem:0.00M, Peak:0.00M | Scene, ViewLayer | Updating Scene
Fra:1 Mem:108.26M (Peak 210.87M) | Time:00:00.12 | Mem:0.00M, Peak:0.00M | Scene, ViewLayer | Updating Shaders
Fra:1 Mem:108.76M (Peak 210.87M) | Time:00:00.16 | Mem:0.00M, Peak:0.00M | Scene, ViewLayer | Updating Procedurals
Fra:1 Mem:108.76M (Peak 210.87M) | Time:00:00.16 | Mem:0.00M, Peak:0.00M | Scene, ViewLayer | Updating Background
Fra:1 Mem:108.76M (Peak 210.87M) | Time:00:00.16 | Mem:0.00M, Peak:0.00M | Scene, ViewLayer | Updating Camera
Fra:1 Mem:108.76M (Peak 210.87M) | Time:00:00.16 | Mem:0.00M, Peak:0.00M | Scene, ViewLayer | Updating Meshes Flags
Fra:1 Mem:108.76M (Peak 210.87M) | Time:00:00.16 | Mem:0.00M, Peak:0.00M | Scene, ViewLayer | Updating Objects
Fra:1 Mem:108.76M (Peak 210.87M) | Time:00:00.16 | Mem:0.00M, Peak:0.00M | Scene, ViewLayer | Updating Objects | Copying Transformations to device
Fra:1 Mem:108.76M (Peak 210.87M) | Time:00:00.16 | Mem:0.00M, Peak:0.00M | Scene, ViewLayer | Updating Objects | Applying Static Transformations
Fra:1 Mem:108.76M (Peak 210.87M) | Time:00:00.16 | Mem:0.00M, Peak:0.00M | Scene, ViewLayer | Updating Particle Systems
Fra:1 Mem:108.76M (Peak 210.87M) | Time:00:00.16 | Mem:0.00M, Peak:0.00M | Scene, ViewLayer | Updating Particle Systems | Copying Particles to device
Fra:1 Mem:108.76M (Peak 210.87M) | Time:00:00.16 | Mem:0.00M, Peak:0.00M | Scene, ViewLayer | Updating Meshes
Fra:1 Mem:112.78M (Peak 210.87M) | Time:00:00.17 | Mem:0.00M, Peak:0.00M | Scene, ViewLayer | Updating Mesh | Computing attributes
Fra:1 Mem:120.37M (Peak 210.87M) | Time:00:00.17 | Mem:0.00M, Peak:0.00M | Scene, ViewLayer | Updating Mesh | Copying Attributes to device
Fra:1 Mem:120.37M (Peak 210.87M) | Time:00:00.17 | Mem:7.59M, Peak:7.59M | Scene, ViewLayer | Updating Scene BVH | Building
Fra:1 Mem:120.37M (Peak 210.87M) | Time:00:00.17 | Mem:7.59M, Peak:7.59M | Scene, ViewLayer | Updating Scene BVH | Building BVH
Fra:1 Mem:120.37M (Peak 210.87M) | Time:00:00.17 | Mem:28.16M, Peak:28.16M | Scene, ViewLayer | Updating Scene BVH | Building BVH 0%
Fra:1 Mem:120.37M (Peak 210.87M) | Time:00:00.18 | Mem:29.79M, Peak:45.79M | Scene, ViewLayer | Updating Scene BVH | Copying BVH to device
Fra:1 Mem:120.37M (Peak 210.87M) | Time:00:00.18 | Mem:29.79M, Peak:45.79M | Scene, ViewLayer | Updating Mesh | Computing normals
Fra:1 Mem:138.04M (Peak 210.87M) | Time:00:00.19 | Mem:29.79M, Peak:45.79M | Scene, ViewLayer | Updating Mesh | Copying Mesh to device
Fra:1 Mem:138.04M (Peak 210.87M) | Time:00:00.19 | Mem:47.46M, Peak:47.46M | Scene, ViewLayer | Updating Objects Flags
Fra:1 Mem:138.04M (Peak 210.87M) | Time:00:00.19 | Mem:47.46M, Peak:47.46M | Scene, ViewLayer | Updating Primitive Offsets
Fra:1 Mem:138.04M (Peak 210.87M) | Time:00:00.19 | Mem:47.46M, Peak:47.46M | Scene, ViewLayer | Updating Images
Fra:1 Mem:138.04M (Peak 210.87M) | Time:00:00.19 | Mem:47.46M, Peak:47.46M | Scene, ViewLayer | Updating Images | Loading 00150.exr
Fra:1 Mem:138.16M (Peak 210.87M) | Time:00:00.19 | Mem:47.46M, Peak:47.46M | Scene, ViewLayer | Updating Images | Loading waffled_0167.jpg
Fra:1 Mem:139.38M (Peak 210.87M) | Time:00:00.21 | Mem:48.80M, Peak:48.80M | Scene, ViewLayer | Updating Camera Volume
Fra:1 Mem:139.38M (Peak 210.87M) | Time:00:00.21 | Mem:48.80M, Peak:48.80M | Scene, ViewLayer | Updating Lookup Tables
Fra:1 Mem:139.38M (Peak 210.87M) | Time:00:00.21 | Mem:49.05M, Peak:49.05M | Scene, ViewLayer | Updating Lights
Fra:1 Mem:139.38M (Peak 210.87M) | Time:00:00.21 | Mem:49.05M, Peak:49.05M | Scene, ViewLayer | Updating Lights | Computing distribution
Fra:1 Mem:139.38M (Peak 210.87M) | Time:00:00.21 | Mem:49.05M, Peak:49.05M | Scene, ViewLayer | Updating Lights | Importance map
Fra:1 Mem:203.41M (Peak 491.51M) | Time:00:00.35 | Mem:113.09M, Peak:273.06M | Scene, ViewLayer | Updating Integrator
Fra:1 Mem:203.42M (Peak 491.51M) | Time:00:00.35 | Mem:113.10M, Peak:273.06M | Scene, ViewLayer | Updating Film
Fra:1 Mem:203.43M (Peak 491.51M) | Time:00:00.35 | Mem:112.85M, Peak:273.06M | Scene, ViewLayer | Updating Lookup Tables
Fra:1 Mem:203.43M (Peak 491.51M) | Time:00:00.35 | Mem:113.10M, Peak:273.06M | Scene, ViewLayer | Updating Baking
Fra:1 Mem:203.43M (Peak 491.51M) | Time:00:00.35 | Mem:113.10M, Peak:273.06M | Scene, ViewLayer | Updating Device | Writing constant memory
Fra:1 Mem:203.43M (Peak 491.51M) | Time:00:00.35 | Mem:113.10M, Peak:273.06M | Scene, ViewLayer | Sample 0/32
Fra:1 Mem:222.52M (Peak 491.51M) | Time:00:00.35 | Remaining:00:00.24 | Mem:132.10M, Peak:273.06M | Scene, ViewLayer | Sample 1/32
Fra:1 Mem:230.52M (Peak 491.51M) | Time:00:00.61 | Mem:132.10M, Peak:273.06M | Scene, ViewLayer | Sample 32/32
Fra:1 Mem:230.52M (Peak 491.51M) | Time:00:00.61 | Mem:132.10M, Peak:273.06M | Scene, ViewLayer | Finished
Saved: '/home/janus/iwi9-datasets/objaverse-rendering/no_textures_5/4a2278aca04b4f3eb901b7b019b4caa7/000.png'
 Time: 00:00.80 (Saving: 00:00.19)

Fra:1 Mem:133.71M (Peak 166.05M) | Time:00:00.04 | Mem:0.00M, Peak:0.00M | Scene, ViewLayer | Synchronizing object | Object_4
Fra:1 Mem:134.68M (Peak 166.05M) | Time:00:00.04 | Mem:0.00M, Peak:0.00M | Scene, ViewLayer | Synchronizing object | Object_2
Fra:1 Mem:150.22M (Peak 211.19M) | Time:00:00.12 | Mem:0.00M, Peak:0.00M | Scene, ViewLayer | Initializing
Fra:1 Mem:108.58M (Peak 211.19M) | Time:00:00.12 | Mem:0.00M, Peak:0.00M | Scene, ViewLayer | Waiting for render to start
Fra:1 Mem:108.58M (Peak 211.19M) | Time:00:00.12 | Mem:0.00M, Peak:0.00M | Scene, ViewLayer | Loading render kernels (may take a few minutes the first time)
Fra:1 Mem:108.58M (Peak 211.19M) | Time:00:00.12 | Mem:0.00M, Peak:0.00M | Scene, ViewLayer | Updating Scene
Fra:1 Mem:108.58M (Peak 211.19M) | Time:00:00.12 | Mem:0.00M, Peak:0.00M | Scene, ViewLayer | Updating Shaders
Fra:1 Mem:108.83M (Peak 211.19M) | Time:00:00.12 | Mem:0.00M, Peak:0.00M | Scene, ViewLayer | Updating Procedurals
Fra:1 Mem:108.83M (Peak 211.19M) | Time:00:00.12 | Mem:0.00M, Peak:0.00M | Scene, ViewLayer | Updating Background
Fra:1 Mem:108.83M (Peak 211.19M) | Time:00:00.12 | Mem:0.00M, Peak:0.00M | Scene, ViewLayer | Updating Camera
Fra:1 Mem:108.83M (Peak 211.19M) | Time:00:00.12 | Mem:0.00M, Peak:0.00M | Scene, ViewLayer | Updating Meshes Flags
Fra:1 Mem:108.83M (Peak 211.19M) | Time:00:00.12 | Mem:0.00M, Peak:0.00M | Scene, ViewLayer | Updating Objects
Fra:1 Mem:108.83M (Peak 211.19M) | Time:00:00.12 | Mem:0.00M, Peak:0.00M | Scene, ViewLayer | Updating Objects | Copying Transformations to device
Fra:1 Mem:108.83M (Peak 211.19M) | Time:00:00.12 | Mem:0.00M, Peak:0.00M | Scene, ViewLayer | Updating Objects | Applying Static Transformations
Fra:1 Mem:108.83M (Peak 211.19M) | Time:00:00.12 | Mem:0.00M, Peak:0.00M | Scene, ViewLayer | Updating Particle Systems
Fra:1 Mem:108.83M (Peak 211.19M) | Time:00:00.12 | Mem:0.00M, Peak:0.00M | Scene, ViewLayer | Updating Particle Systems | Copying Particles to device
Fra:1 Mem:108.83M (Peak 211.19M) | Time:00:00.12 | Mem:0.00M, Peak:0.00M | Scene, ViewLayer | Updating Meshes
Fra:1 Mem:112.85M (Peak 211.19M) | Time:00:00.13 | Mem:0.00M, Peak:0.00M | Scene, ViewLayer | Updating Mesh | Computing attributes
Fra:1 Mem:120.44M (Peak 211.19M) | Time:00:00.13 | Mem:0.00M, Peak:0.00M | Scene, ViewLayer | Updating Mesh | Copying Attributes to device
Fra:1 Mem:120.44M (Peak 211.19M) | Time:00:00.13 | Mem:7.59M, Peak:7.59M | Scene, ViewLayer | Updating Scene BVH | Building
Fra:1 Mem:120.44M (Peak 211.19M) | Time:00:00.13 | Mem:7.59M, Peak:7.59M | Scene, ViewLayer | Updating Scene BVH | Building BVH
Fra:1 Mem:120.44M (Peak 211.19M) | Time:00:00.13 | Mem:28.16M, Peak:28.16M | Scene, ViewLayer | Updating Scene BVH | Building BVH 0%
Fra:1 Mem:120.44M (Peak 211.19M) | Time:00:00.14 | Mem:29.79M, Peak:45.79M | Scene, ViewLayer | Updating Scene BVH | Copying BVH to device
Fra:1 Mem:120.44M (Peak 211.19M) | Time:00:00.14 | Mem:29.79M, Peak:45.79M | Scene, ViewLayer | Updating Mesh | Computing normals
Fra:1 Mem:138.11M (Peak 211.19M) | Time:00:00.15 | Mem:29.79M, Peak:45.79M | Scene, ViewLayer | Updating Mesh | Copying Mesh to device
Fra:1 Mem:138.11M (Peak 211.19M) | Time:00:00.15 | Mem:47.46M, Peak:47.46M | Scene, ViewLayer | Updating Objects Flags
Fra:1 Mem:138.11M (Peak 211.19M) | Time:00:00.15 | Mem:47.46M, Peak:47.46M | Scene, ViewLayer | Updating Primitive Offsets
Fra:1 Mem:138.11M (Peak 211.19M) | Time:00:00.15 | Mem:47.46M, Peak:47.46M | Scene, ViewLayer | Updating Images
Fra:1 Mem:138.11M (Peak 211.19M) | Time:00:00.15 | Mem:47.46M, Peak:47.46M | Scene, ViewLayer | Updating Images | Loading 00150.exr
Fra:1 Mem:138.23M (Peak 211.19M) | Time:00:00.15 | Mem:47.46M, Peak:47.46M | Scene, ViewLayer | Updating Images | Loading veined_0119.jpg
Fra:1 Mem:138.66M (Peak 211.19M) | Time:00:00.15 | Mem:48.00M, Peak:48.00M | Scene, ViewLayer | Updating Camera Volume
Fra:1 Mem:138.66M (Peak 211.19M) | Time:00:00.15 | Mem:48.00M, Peak:48.00M | Scene, ViewLayer | Updating Lookup Tables
Fra:1 Mem:138.66M (Peak 211.19M) | Time:00:00.15 | Mem:48.25M, Peak:48.25M | Scene, ViewLayer | Updating Lights
Fra:1 Mem:138.66M (Peak 211.19M) | Time:00:00.15 | Mem:48.25M, Peak:48.25M | Scene, ViewLayer | Updating Lights | Computing distribution
Fra:1 Mem:138.66M (Peak 211.19M) | Time:00:00.15 | Mem:48.25M, Peak:48.25M | Scene, ViewLayer | Updating Lights | Importance map
Fra:1 Mem:202.69M (Peak 490.79M) | Time:00:00.29 | Mem:112.30M, Peak:272.27M | Scene, ViewLayer | Updating Integrator
Fra:1 Mem:202.70M (Peak 490.79M) | Time:00:00.29 | Mem:112.30M, Peak:272.27M | Scene, ViewLayer | Updating Film
Fra:1 Mem:202.70M (Peak 490.79M) | Time:00:00.29 | Mem:112.05M, Peak:272.27M | Scene, ViewLayer | Updating Lookup Tables
Fra:1 Mem:202.70M (Peak 490.79M) | Time:00:00.29 | Mem:112.31M, Peak:272.27M | Scene, ViewLayer | Updating Baking
Fra:1 Mem:202.70M (Peak 490.79M) | Time:00:00.29 | Mem:112.31M, Peak:272.27M | Scene, ViewLayer | Updating Device | Writing constant memory
Fra:1 Mem:202.70M (Peak 490.79M) | Time:00:00.29 | Mem:112.31M, Peak:272.27M | Scene, ViewLayer | Sample 0/32
Fra:1 Mem:221.79M (Peak 490.79M) | Time:00:00.30 | Remaining:00:00.23 | Mem:131.31M, Peak:272.27M | Scene, ViewLayer | Sample 1/32
Fra:1 Mem:229.79M (Peak 490.79M) | Time:00:00.58 | Mem:131.31M, Peak:272.27M | Scene, ViewLayer | Sample 32/32
Fra:1 Mem:229.79M (Peak 490.79M) | Time:00:00.58 | Mem:131.31M, Peak:272.27M | Scene, ViewLayer | Finished
Saved: '/home/janus/iwi9-datasets/objaverse-rendering/no_textures_5/4a2278aca04b4f3eb901b7b019b4caa7/001.png'
 Time: 00:00.61 (Saving: 00:00.03)

Fra:1 Mem:133.78M (Peak 165.78M) | Time:00:00.03 | Mem:0.00M, Peak:0.00M | Scene, ViewLayer | Synchronizing object | Object_2
Fra:1 Mem:134.74M (Peak 165.78M) | Time:00:00.03 | Mem:0.00M, Peak:0.00M | Scene, ViewLayer | Synchronizing object | Object_4
Fra:1 Mem:150.29M (Peak 211.25M) | Time:00:00.12 | Mem:0.00M, Peak:0.00M | Scene, ViewLayer | Initializing
Fra:1 Mem:108.64M (Peak 211.25M) | Time:00:00.12 | Mem:0.00M, Peak:0.00M | Scene, ViewLayer | Waiting for render to start
Fra:1 Mem:108.65M (Peak 211.25M) | Time:00:00.12 | Mem:0.00M, Peak:0.00M | Scene, ViewLayer | Loading render kernels (may take a few minutes the first time)
Fra:1 Mem:108.65M (Peak 211.25M) | Time:00:00.12 | Mem:0.00M, Peak:0.00M | Scene, ViewLayer | Updating Scene
Fra:1 Mem:108.65M (Peak 211.25M) | Time:00:00.12 | Mem:0.00M, Peak:0.00M | Scene, ViewLayer | Updating Shaders
Fra:1 Mem:108.90M (Peak 211.25M) | Time:00:00.13 | Mem:0.00M, Peak:0.00M | Scene, ViewLayer | Updating Procedurals
Fra:1 Mem:108.90M (Peak 211.25M) | Time:00:00.13 | Mem:0.00M, Peak:0.00M | Scene, ViewLayer | Updating Background
Fra:1 Mem:108.90M (Peak 211.25M) | Time:00:00.13 | Mem:0.00M, Peak:0.00M | Scene, ViewLayer | Updating Camera
Fra:1 Mem:108.90M (Peak 211.25M) | Time:00:00.13 | Mem:0.00M, Peak:0.00M | Scene, ViewLayer | Updating Meshes Flags
Fra:1 Mem:108.90M (Peak 211.25M) | Time:00:00.13 | Mem:0.00M, Peak:0.00M | Scene, ViewLayer | Updating Objects
Fra:1 Mem:108.90M (Peak 211.25M) | Time:00:00.13 | Mem:0.00M, Peak:0.00M | Scene, ViewLayer | Updating Objects | Copying Transformations to device
Fra:1 Mem:108.90M (Peak 211.25M) | Time:00:00.13 | Mem:0.00M, Peak:0.00M | Scene, ViewLayer | Updating Objects | Applying Static Transformations
Fra:1 Mem:108.90M (Peak 211.25M) | Time:00:00.13 | Mem:0.00M, Peak:0.00M | Scene, ViewLayer | Updating Particle Systems
Fra:1 Mem:108.90M (Peak 211.25M) | Time:00:00.13 | Mem:0.00M, Peak:0.00M | Scene, ViewLayer | Updating Particle Systems | Copying Particles to device
Fra:1 Mem:108.90M (Peak 211.25M) | Time:00:00.13 | Mem:0.00M, Peak:0.00M | Scene, ViewLayer | Updating Meshes
Fra:1 Mem:112.92M (Peak 211.25M) | Time:00:00.13 | Mem:0.00M, Peak:0.00M | Scene, ViewLayer | Updating Mesh | Computing attributes
Fra:1 Mem:120.51M (Peak 211.25M) | Time:00:00.13 | Mem:0.00M, Peak:0.00M | Scene, ViewLayer | Updating Mesh | Copying Attributes to device
Fra:1 Mem:120.51M (Peak 211.25M) | Time:00:00.13 | Mem:7.59M, Peak:7.59M | Scene, ViewLayer | Updating Scene BVH | Building
Fra:1 Mem:120.51M (Peak 211.25M) | Time:00:00.13 | Mem:7.59M, Peak:7.59M | Scene, ViewLayer | Updating Scene BVH | Building BVH
Fra:1 Mem:120.51M (Peak 211.25M) | Time:00:00.13 | Mem:28.16M, Peak:28.16M | Scene, ViewLayer | Updating Scene BVH | Building BVH 0%
Fra:1 Mem:120.51M (Peak 211.25M) | Time:00:00.14 | Mem:29.79M, Peak:45.79M | Scene, ViewLayer | Updating Scene BVH | Copying BVH to device
Fra:1 Mem:120.51M (Peak 211.25M) | Time:00:00.14 | Mem:29.79M, Peak:45.79M | Scene, ViewLayer | Updating Mesh | Computing normals
Fra:1 Mem:138.18M (Peak 211.25M) | Time:00:00.15 | Mem:29.79M, Peak:45.79M | Scene, ViewLayer | Updating Mesh | Copying Mesh to device
Fra:1 Mem:138.18M (Peak 211.25M) | Time:00:00.15 | Mem:47.46M, Peak:47.46M | Scene, ViewLayer | Updating Objects Flags
Fra:1 Mem:138.18M (Peak 211.25M) | Time:00:00.15 | Mem:47.46M, Peak:47.46M | Scene, ViewLayer | Updating Primitive Offsets
Fra:1 Mem:138.18M (Peak 211.25M) | Time:00:00.15 | Mem:47.46M, Peak:47.46M | Scene, ViewLayer | Updating Images
Fra:1 Mem:138.18M (Peak 211.25M) | Time:00:00.15 | Mem:47.46M, Peak:47.46M | Scene, ViewLayer | Updating Images | Loading 00150.exr
Fra:1 Mem:138.30M (Peak 211.25M) | Time:00:00.15 | Mem:47.46M, Peak:47.46M | Scene, ViewLayer | Updating Images | Loading grooved_0064.jpg
Fra:1 Mem:139.35M (Peak 211.25M) | Time:00:00.15 | Mem:48.63M, Peak:48.63M | Scene, ViewLayer | Updating Camera Volume
Fra:1 Mem:139.35M (Peak 211.25M) | Time:00:00.15 | Mem:48.63M, Peak:48.63M | Scene, ViewLayer | Updating Lookup Tables
Fra:1 Mem:139.35M (Peak 211.25M) | Time:00:00.15 | Mem:48.88M, Peak:48.88M | Scene, ViewLayer | Updating Lights
Fra:1 Mem:139.35M (Peak 211.25M) | Time:00:00.15 | Mem:48.88M, Peak:48.88M | Scene, ViewLayer | Updating Lights | Computing distribution
Fra:1 Mem:139.35M (Peak 211.25M) | Time:00:00.15 | Mem:48.88M, Peak:48.88M | Scene, ViewLayer | Updating Lights | Importance map
Fra:1 Mem:203.38M (Peak 491.48M) | Time:00:00.29 | Mem:112.92M, Peak:272.89M | Scene, ViewLayer | Updating Integrator
Fra:1 Mem:203.39M (Peak 491.48M) | Time:00:00.29 | Mem:112.93M, Peak:272.89M | Scene, ViewLayer | Updating Film
Fra:1 Mem:203.40M (Peak 491.48M) | Time:00:00.29 | Mem:112.68M, Peak:272.89M | Scene, ViewLayer | Updating Lookup Tables
Fra:1 Mem:203.40M (Peak 491.48M) | Time:00:00.29 | Mem:112.93M, Peak:272.89M | Scene, ViewLayer | Updating Baking
Fra:1 Mem:203.40M (Peak 491.48M) | Time:00:00.29 | Mem:112.93M, Peak:272.89M | Scene, ViewLayer | Updating Device | Writing constant memory
Fra:1 Mem:203.40M (Peak 491.48M) | Time:00:00.29 | Mem:112.93M, Peak:272.89M | Scene, ViewLayer | Sample 0/32
Fra:1 Mem:222.48M (Peak 491.48M) | Time:00:00.30 | Remaining:00:00.23 | Mem:131.93M, Peak:272.89M | Scene, ViewLayer | Sample 1/32
Fra:1 Mem:230.49M (Peak 491.48M) | Time:00:00.55 | Mem:131.93M, Peak:272.89M | Scene, ViewLayer | Sample 32/32
Fra:1 Mem:230.49M (Peak 491.48M) | Time:00:00.55 | Mem:131.93M, Peak:272.89M | Scene, ViewLayer | Finished
Saved: '/home/janus/iwi9-datasets/objaverse-rendering/no_textures_5/4a2278aca04b4f3eb901b7b019b4caa7/002.png'
 Time: 00:00.58 (Saving: 00:00.03)

Fra:1 Mem:133.84M (Peak 165.57M) | Time:00:00.03 | Mem:0.00M, Peak:0.00M | Scene, ViewLayer | Synchronizing object | Object_2
Fra:1 Mem:133.84M (Peak 165.57M) | Time:00:00.03 | Mem:0.00M, Peak:0.00M | Scene, ViewLayer | Synchronizing object | Object_4
Fra:1 Mem:150.36M (Peak 211.32M) | Time:00:00.12 | Mem:0.00M, Peak:0.00M | Scene, ViewLayer | Initializing
Fra:1 Mem:108.71M (Peak 211.32M) | Time:00:00.12 | Mem:0.00M, Peak:0.00M | Scene, ViewLayer | Waiting for render to start
Fra:1 Mem:108.71M (Peak 211.32M) | Time:00:00.12 | Mem:0.00M, Peak:0.00M | Scene, ViewLayer | Loading render kernels (may take a few minutes the first time)
Fra:1 Mem:108.71M (Peak 211.32M) | Time:00:00.12 | Mem:0.00M, Peak:0.00M | Scene, ViewLayer | Updating Scene
Fra:1 Mem:108.71M (Peak 211.32M) | Time:00:00.12 | Mem:0.00M, Peak:0.00M | Scene, ViewLayer | Updating Shaders
Fra:1 Mem:108.96M (Peak 211.32M) | Time:00:00.13 | Mem:0.00M, Peak:0.00M | Scene, ViewLayer | Updating Procedurals
Fra:1 Mem:108.96M (Peak 211.32M) | Time:00:00.13 | Mem:0.00M, Peak:0.00M | Scene, ViewLayer | Updating Background
Fra:1 Mem:108.96M (Peak 211.32M) | Time:00:00.13 | Mem:0.00M, Peak:0.00M | Scene, ViewLayer | Updating Camera
Fra:1 Mem:108.96M (Peak 211.32M) | Time:00:00.13 | Mem:0.00M, Peak:0.00M | Scene, ViewLayer | Updating Meshes Flags
Fra:1 Mem:108.96M (Peak 211.32M) | Time:00:00.13 | Mem:0.00M, Peak:0.00M | Scene, ViewLayer | Updating Objects
Fra:1 Mem:108.96M (Peak 211.32M) | Time:00:00.13 | Mem:0.00M, Peak:0.00M | Scene, ViewLayer | Updating Objects | Copying Transformations to device
Fra:1 Mem:108.97M (Peak 211.32M) | Time:00:00.13 | Mem:0.00M, Peak:0.00M | Scene, ViewLayer | Updating Objects | Applying Static Transformations
Fra:1 Mem:108.97M (Peak 211.32M) | Time:00:00.13 | Mem:0.00M, Peak:0.00M | Scene, ViewLayer | Updating Particle Systems
Fra:1 Mem:108.97M (Peak 211.32M) | Time:00:00.13 | Mem:0.00M, Peak:0.00M | Scene, ViewLayer | Updating Particle Systems | Copying Particles to device
Fra:1 Mem:108.97M (Peak 211.32M) | Time:00:00.13 | Mem:0.00M, Peak:0.00M | Scene, ViewLayer | Updating Meshes
Fra:1 Mem:112.99M (Peak 211.32M) | Time:00:00.13 | Mem:0.00M, Peak:0.00M | Scene, ViewLayer | Updating Mesh | Computing attributes
Fra:1 Mem:120.57M (Peak 211.32M) | Time:00:00.13 | Mem:0.00M, Peak:0.00M | Scene, ViewLayer | Updating Mesh | Copying Attributes to device
Fra:1 Mem:120.57M (Peak 211.32M) | Time:00:00.13 | Mem:7.59M, Peak:7.59M | Scene, ViewLayer | Updating Scene BVH | Building
Fra:1 Mem:120.57M (Peak 211.32M) | Time:00:00.13 | Mem:7.59M, Peak:7.59M | Scene, ViewLayer | Updating Scene BVH | Building BVH
Fra:1 Mem:120.57M (Peak 211.32M) | Time:00:00.13 | Mem:28.16M, Peak:28.16M | Scene, ViewLayer | Updating Scene BVH | Building BVH 0%
Fra:1 Mem:120.57M (Peak 211.32M) | Time:00:00.14 | Mem:29.79M, Peak:45.79M | Scene, ViewLayer | Updating Scene BVH | Copying BVH to device
Fra:1 Mem:120.57M (Peak 211.32M) | Time:00:00.14 | Mem:29.79M, Peak:45.79M | Scene, ViewLayer | Updating Mesh | Computing normals
Fra:1 Mem:138.24M (Peak 211.32M) | Time:00:00.15 | Mem:29.79M, Peak:45.79M | Scene, ViewLayer | Updating Mesh | Copying Mesh to device
Fra:1 Mem:138.24M (Peak 211.32M) | Time:00:00.15 | Mem:47.46M, Peak:47.46M | Scene, ViewLayer | Updating Objects Flags
Fra:1 Mem:138.24M (Peak 211.32M) | Time:00:00.15 | Mem:47.46M, Peak:47.46M | Scene, ViewLayer | Updating Primitive Offsets
Fra:1 Mem:138.24M (Peak 211.32M) | Time:00:00.15 | Mem:47.46M, Peak:47.46M | Scene, ViewLayer | Updating Images
Fra:1 Mem:138.24M (Peak 211.32M) | Time:00:00.15 | Mem:47.46M, Peak:47.46M | Scene, ViewLayer | Updating Images | Loading 00150.exr
Fra:1 Mem:138.37M (Peak 211.32M) | Time:00:00.15 | Mem:47.46M, Peak:47.46M | Scene, ViewLayer | Updating Images | Loading pitted_0134.jpg
Fra:1 Mem:139.72M (Peak 211.32M) | Time:00:00.15 | Mem:48.93M, Peak:48.93M | Scene, ViewLayer | Updating Camera Volume
Fra:1 Mem:139.72M (Peak 211.32M) | Time:00:00.15 | Mem:48.93M, Peak:48.93M | Scene, ViewLayer | Updating Lookup Tables
Fra:1 Mem:139.72M (Peak 211.32M) | Time:00:00.15 | Mem:49.18M, Peak:49.18M | Scene, ViewLayer | Updating Lights
Fra:1 Mem:139.73M (Peak 211.32M) | Time:00:00.15 | Mem:49.18M, Peak:49.18M | Scene, ViewLayer | Updating Lights | Computing distribution
Fra:1 Mem:139.73M (Peak 211.32M) | Time:00:00.15 | Mem:49.18M, Peak:49.18M | Scene, ViewLayer | Updating Lights | Importance map
Fra:1 Mem:203.76M (Peak 491.85M) | Time:00:00.29 | Mem:113.23M, Peak:273.20M | Scene, ViewLayer | Updating Integrator
Fra:1 Mem:203.76M (Peak 491.85M) | Time:00:00.29 | Mem:113.23M, Peak:273.20M | Scene, ViewLayer | Updating Film
Fra:1 Mem:203.77M (Peak 491.85M) | Time:00:00.29 | Mem:112.98M, Peak:273.20M | Scene, ViewLayer | Updating Lookup Tables
Fra:1 Mem:203.77M (Peak 491.85M) | Time:00:00.29 | Mem:113.24M, Peak:273.20M | Scene, ViewLayer | Updating Baking
Fra:1 Mem:203.77M (Peak 491.85M) | Time:00:00.29 | Mem:113.24M, Peak:273.20M | Scene, ViewLayer | Updating Device | Writing constant memory
Fra:1 Mem:203.77M (Peak 491.85M) | Time:00:00.29 | Mem:113.24M, Peak:273.20M | Scene, ViewLayer | Sample 0/32
Fra:1 Mem:222.86M (Peak 491.85M) | Time:00:00.30 | Remaining:00:00.22 | Mem:132.24M, Peak:273.20M | Scene, ViewLayer | Sample 1/32
Fra:1 Mem:230.86M (Peak 491.85M) | Time:00:00.58 | Mem:132.24M, Peak:273.20M | Scene, ViewLayer | Sample 32/32
Fra:1 Mem:230.86M (Peak 491.85M) | Time:00:00.58 | Mem:132.24M, Peak:273.20M | Scene, ViewLayer | Finished
Saved: '/home/janus/iwi9-datasets/objaverse-rendering/no_textures_5/4a2278aca04b4f3eb901b7b019b4caa7/003.png'
 Time: 00:00.62 (Saving: 00:00.03)

Fra:1 Mem:133.91M (Peak 166.12M) | Time:00:00.03 | Mem:0.00M, Peak:0.00M | Scene, ViewLayer | Synchronizing object | Object_2
Fra:1 Mem:133.91M (Peak 166.12M) | Time:00:00.03 | Mem:0.00M, Peak:0.00M | Scene, ViewLayer | Synchronizing object | Object_4
Fra:1 Mem:150.42M (Peak 211.39M) | Time:00:00.12 | Mem:0.00M, Peak:0.00M | Scene, ViewLayer | Initializing
Fra:1 Mem:108.78M (Peak 211.39M) | Time:00:00.12 | Mem:0.00M, Peak:0.00M | Scene, ViewLayer | Waiting for render to start
Fra:1 Mem:108.78M (Peak 211.39M) | Time:00:00.12 | Mem:0.00M, Peak:0.00M | Scene, ViewLayer | Loading render kernels (may take a few minutes the first time)
Fra:1 Mem:108.78M (Peak 211.39M) | Time:00:00.12 | Mem:0.00M, Peak:0.00M | Scene, ViewLayer | Updating Scene
Fra:1 Mem:108.78M (Peak 211.39M) | Time:00:00.12 | Mem:0.00M, Peak:0.00M | Scene, ViewLayer | Updating Shaders
Fra:1 Mem:109.03M (Peak 211.39M) | Time:00:00.12 | Mem:0.00M, Peak:0.00M | Scene, ViewLayer | Updating Procedurals
Fra:1 Mem:109.03M (Peak 211.39M) | Time:00:00.12 | Mem:0.00M, Peak:0.00M | Scene, ViewLayer | Updating Background
Fra:1 Mem:109.03M (Peak 211.39M) | Time:00:00.12 | Mem:0.00M, Peak:0.00M | Scene, ViewLayer | Updating Camera
Fra:1 Mem:109.03M (Peak 211.39M) | Time:00:00.12 | Mem:0.00M, Peak:0.00M | Scene, ViewLayer | Updating Meshes Flags
Fra:1 Mem:109.03M (Peak 211.39M) | Time:00:00.12 | Mem:0.00M, Peak:0.00M | Scene, ViewLayer | Updating Objects
Fra:1 Mem:109.03M (Peak 211.39M) | Time:00:00.12 | Mem:0.00M, Peak:0.00M | Scene, ViewLayer | Updating Objects | Copying Transformations to device
Fra:1 Mem:109.03M (Peak 211.39M) | Time:00:00.12 | Mem:0.00M, Peak:0.00M | Scene, ViewLayer | Updating Objects | Applying Static Transformations
Fra:1 Mem:109.03M (Peak 211.39M) | Time:00:00.12 | Mem:0.00M, Peak:0.00M | Scene, ViewLayer | Updating Particle Systems
Fra:1 Mem:109.03M (Peak 211.39M) | Time:00:00.12 | Mem:0.00M, Peak:0.00M | Scene, ViewLayer | Updating Particle Systems | Copying Particles to device
Fra:1 Mem:109.03M (Peak 211.39M) | Time:00:00.12 | Mem:0.00M, Peak:0.00M | Scene, ViewLayer | Updating Meshes
Fra:1 Mem:113.06M (Peak 211.39M) | Time:00:00.13 | Mem:0.00M, Peak:0.00M | Scene, ViewLayer | Updating Mesh | Computing attributes
Fra:1 Mem:120.64M (Peak 211.39M) | Time:00:00.13 | Mem:0.00M, Peak:0.00M | Scene, ViewLayer | Updating Mesh | Copying Attributes to device
Fra:1 Mem:120.64M (Peak 211.39M) | Time:00:00.13 | Mem:7.59M, Peak:7.59M | Scene, ViewLayer | Updating Scene BVH | Building
Fra:1 Mem:120.64M (Peak 211.39M) | Time:00:00.13 | Mem:7.59M, Peak:7.59M | Scene, ViewLayer | Updating Scene BVH | Building BVH
Fra:1 Mem:120.64M (Peak 211.39M) | Time:00:00.13 | Mem:28.16M, Peak:28.16M | Scene, ViewLayer | Updating Scene BVH | Building BVH 0%
Fra:1 Mem:120.64M (Peak 211.39M) | Time:00:00.14 | Mem:29.79M, Peak:45.79M | Scene, ViewLayer | Updating Scene BVH | Copying BVH to device
Fra:1 Mem:120.64M (Peak 211.39M) | Time:00:00.14 | Mem:29.79M, Peak:45.79M | Scene, ViewLayer | Updating Mesh | Computing normals
Fra:1 Mem:138.31M (Peak 211.39M) | Time:00:00.14 | Mem:29.79M, Peak:45.79M | Scene, ViewLayer | Updating Mesh | Copying Mesh to device
Fra:1 Mem:138.31M (Peak 211.39M) | Time:00:00.14 | Mem:47.46M, Peak:47.46M | Scene, ViewLayer | Updating Objects Flags
Fra:1 Mem:138.31M (Peak 211.39M) | Time:00:00.14 | Mem:47.46M, Peak:47.46M | Scene, ViewLayer | Updating Primitive Offsets
Fra:1 Mem:138.31M (Peak 211.39M) | Time:00:00.14 | Mem:47.46M, Peak:47.46M | Scene, ViewLayer | Updating Images
Fra:1 Mem:138.31M (Peak 211.39M) | Time:00:00.14 | Mem:47.46M, Peak:47.46M | Scene, ViewLayer | Updating Images | Loading 00150.exr
Fra:1 Mem:138.44M (Peak 211.39M) | Time:00:00.14 | Mem:47.46M, Peak:47.46M | Scene, ViewLayer | Updating Images | Loading crystalline_0195.jpg
Fra:1 Mem:139.47M (Peak 211.39M) | Time:00:00.14 | Mem:48.61M, Peak:48.61M | Scene, ViewLayer | Updating Camera Volume
Fra:1 Mem:139.47M (Peak 211.39M) | Time:00:00.14 | Mem:48.61M, Peak:48.61M | Scene, ViewLayer | Updating Lookup Tables
Fra:1 Mem:139.47M (Peak 211.39M) | Time:00:00.14 | Mem:48.86M, Peak:48.86M | Scene, ViewLayer | Updating Lights
Fra:1 Mem:139.48M (Peak 211.39M) | Time:00:00.14 | Mem:48.87M, Peak:48.87M | Scene, ViewLayer | Updating Lights | Computing distribution
Fra:1 Mem:139.48M (Peak 211.39M) | Time:00:00.14 | Mem:48.87M, Peak:48.87M | Scene, ViewLayer | Updating Lights | Importance map
Fra:1 Mem:203.51M (Peak 491.60M) | Time:00:00.28 | Mem:112.91M, Peak:272.88M | Scene, ViewLayer | Updating Integrator
Fra:1 Mem:203.51M (Peak 491.60M) | Time:00:00.28 | Mem:112.92M, Peak:272.88M | Scene, ViewLayer | Updating Film
Fra:1 Mem:203.52M (Peak 491.60M) | Time:00:00.28 | Mem:112.67M, Peak:272.88M | Scene, ViewLayer | Updating Lookup Tables
Fra:1 Mem:203.52M (Peak 491.60M) | Time:00:00.28 | Mem:112.92M, Peak:272.88M | Scene, ViewLayer | Updating Baking
Fra:1 Mem:203.52M (Peak 491.60M) | Time:00:00.28 | Mem:112.92M, Peak:272.88M | Scene, ViewLayer | Updating Device | Writing constant memory
Fra:1 Mem:203.52M (Peak 491.60M) | Time:00:00.28 | Mem:112.92M, Peak:272.88M | Scene, ViewLayer | Sample 0/32
Fra:1 Mem:222.61M (Peak 491.60M) | Time:00:00.29 | Remaining:00:00.21 | Mem:131.92M, Peak:272.88M | Scene, ViewLayer | Sample 1/32
Fra:1 Mem:230.61M (Peak 491.60M) | Time:00:00.54 | Mem:131.92M, Peak:272.88M | Scene, ViewLayer | Sample 32/32
Fra:1 Mem:230.61M (Peak 491.60M) | Time:00:00.54 | Mem:131.92M, Peak:272.88M | Scene, ViewLayer | Finished
Saved: '/home/janus/iwi9-datasets/objaverse-rendering/no_textures_5/4a2278aca04b4f3eb901b7b019b4caa7/004.png'
 Time: 00:00.57 (Saving: 00:00.03)

Fra:1 Mem:133.98M (Peak 166.27M) | Time:00:00.03 | Mem:0.00M, Peak:0.00M | Scene, ViewLayer | Synchronizing object | Object_2
Fra:1 Mem:133.98M (Peak 166.27M) | Time:00:00.03 | Mem:0.00M, Peak:0.00M | Scene, ViewLayer | Synchronizing object | Object_4
Fra:1 Mem:150.50M (Peak 211.46M) | Time:00:00.13 | Mem:0.00M, Peak:0.00M | Scene, ViewLayer | Initializing
Fra:1 Mem:108.85M (Peak 211.46M) | Time:00:00.13 | Mem:0.00M, Peak:0.00M | Scene, ViewLayer | Waiting for render to start
Fra:1 Mem:108.85M (Peak 211.46M) | Time:00:00.13 | Mem:0.00M, Peak:0.00M | Scene, ViewLayer | Loading render kernels (may take a few minutes the first time)
Fra:1 Mem:108.85M (Peak 211.46M) | Time:00:00.13 | Mem:0.00M, Peak:0.00M | Scene, ViewLayer | Updating Scene
Fra:1 Mem:108.85M (Peak 211.46M) | Time:00:00.13 | Mem:0.00M, Peak:0.00M | Scene, ViewLayer | Updating Shaders
Fra:1 Mem:109.10M (Peak 211.46M) | Time:00:00.13 | Mem:0.00M, Peak:0.00M | Scene, ViewLayer | Updating Procedurals
Fra:1 Mem:109.10M (Peak 211.46M) | Time:00:00.13 | Mem:0.00M, Peak:0.00M | Scene, ViewLayer | Updating Background
Fra:1 Mem:109.10M (Peak 211.46M) | Time:00:00.13 | Mem:0.00M, Peak:0.00M | Scene, ViewLayer | Updating Camera
Fra:1 Mem:109.10M (Peak 211.46M) | Time:00:00.13 | Mem:0.00M, Peak:0.00M | Scene, ViewLayer | Updating Meshes Flags
Fra:1 Mem:109.10M (Peak 211.46M) | Time:00:00.13 | Mem:0.00M, Peak:0.00M | Scene, ViewLayer | Updating Objects
Fra:1 Mem:109.10M (Peak 211.46M) | Time:00:00.13 | Mem:0.00M, Peak:0.00M | Scene, ViewLayer | Updating Objects | Copying Transformations to device
Fra:1 Mem:109.11M (Peak 211.46M) | Time:00:00.13 | Mem:0.00M, Peak:0.00M | Scene, ViewLayer | Updating Objects | Applying Static Transformations
Fra:1 Mem:109.11M (Peak 211.46M) | Time:00:00.13 | Mem:0.00M, Peak:0.00M | Scene, ViewLayer | Updating Particle Systems
Fra:1 Mem:109.11M (Peak 211.46M) | Time:00:00.13 | Mem:0.00M, Peak:0.00M | Scene, ViewLayer | Updating Particle Systems | Copying Particles to device
Fra:1 Mem:109.11M (Peak 211.46M) | Time:00:00.13 | Mem:0.00M, Peak:0.00M | Scene, ViewLayer | Updating Meshes
Fra:1 Mem:113.13M (Peak 211.46M) | Time:00:00.14 | Mem:0.00M, Peak:0.00M | Scene, ViewLayer | Updating Mesh | Computing attributes
Fra:1 Mem:120.71M (Peak 211.46M) | Time:00:00.14 | Mem:0.00M, Peak:0.00M | Scene, ViewLayer | Updating Mesh | Copying Attributes to device
Fra:1 Mem:120.71M (Peak 211.46M) | Time:00:00.14 | Mem:7.59M, Peak:7.59M | Scene, ViewLayer | Updating Scene BVH | Building
Fra:1 Mem:120.71M (Peak 211.46M) | Time:00:00.14 | Mem:7.59M, Peak:7.59M | Scene, ViewLayer | Updating Scene BVH | Building BVH
Fra:1 Mem:120.71M (Peak 211.46M) | Time:00:00.14 | Mem:28.16M, Peak:28.16M | Scene, ViewLayer | Updating Scene BVH | Building BVH 0%
Fra:1 Mem:120.71M (Peak 211.46M) | Time:00:00.15 | Mem:29.79M, Peak:45.79M | Scene, ViewLayer | Updating Scene BVH | Copying BVH to device
Fra:1 Mem:120.71M (Peak 211.46M) | Time:00:00.15 | Mem:29.79M, Peak:45.79M | Scene, ViewLayer | Updating Mesh | Computing normals
Fra:1 Mem:138.38M (Peak 211.46M) | Time:00:00.15 | Mem:29.79M, Peak:45.79M | Scene, ViewLayer | Updating Mesh | Copying Mesh to device
Fra:1 Mem:138.38M (Peak 211.46M) | Time:00:00.15 | Mem:47.46M, Peak:47.46M | Scene, ViewLayer | Updating Objects Flags
Fra:1 Mem:138.38M (Peak 211.46M) | Time:00:00.15 | Mem:47.46M, Peak:47.46M | Scene, ViewLayer | Updating Primitive Offsets
Fra:1 Mem:138.38M (Peak 211.46M) | Time:00:00.15 | Mem:47.46M, Peak:47.46M | Scene, ViewLayer | Updating Images
Fra:1 Mem:138.38M (Peak 211.46M) | Time:00:00.15 | Mem:47.46M, Peak:47.46M | Scene, ViewLayer | Updating Images | Loading 00150.exr
Fra:1 Mem:138.51M (Peak 211.46M) | Time:00:00.15 | Mem:47.46M, Peak:47.46M | Scene, ViewLayer | Updating Images | Loading crosshatched_0083.jpg
Fra:1 Mem:139.00M (Peak 211.46M) | Time:00:00.15 | Mem:48.07M, Peak:48.07M | Scene, ViewLayer | Updating Camera Volume
Fra:1 Mem:139.00M (Peak 211.46M) | Time:00:00.15 | Mem:48.07M, Peak:48.07M | Scene, ViewLayer | Updating Lookup Tables
Fra:1 Mem:139.00M (Peak 211.46M) | Time:00:00.15 | Mem:48.32M, Peak:48.32M | Scene, ViewLayer | Updating Lights
Fra:1 Mem:139.00M (Peak 211.46M) | Time:00:00.15 | Mem:48.32M, Peak:48.32M | Scene, ViewLayer | Updating Lights | Computing distribution
Fra:1 Mem:139.00M (Peak 211.46M) | Time:00:00.15 | Mem:48.32M, Peak:48.32M | Scene, ViewLayer | Updating Lights | Importance map
Fra:1 Mem:203.03M (Peak 491.13M) | Time:00:00.29 | Mem:112.36M, Peak:272.33M | Scene, ViewLayer | Updating Integrator
Fra:1 Mem:203.04M (Peak 491.13M) | Time:00:00.29 | Mem:112.37M, Peak:272.33M | Scene, ViewLayer | Updating Film
Fra:1 Mem:203.04M (Peak 491.13M) | Time:00:00.29 | Mem:112.12M, Peak:272.33M | Scene, ViewLayer | Updating Lookup Tables
Fra:1 Mem:203.04M (Peak 491.13M) | Time:00:00.29 | Mem:112.37M, Peak:272.33M | Scene, ViewLayer | Updating Baking
Fra:1 Mem:203.04M (Peak 491.13M) | Time:00:00.29 | Mem:112.37M, Peak:272.33M | Scene, ViewLayer | Updating Device | Writing constant memory
Fra:1 Mem:203.04M (Peak 491.13M) | Time:00:00.29 | Mem:112.37M, Peak:272.33M | Scene, ViewLayer | Sample 0/32
Fra:1 Mem:222.13M (Peak 491.13M) | Time:00:00.30 | Remaining:00:00.23 | Mem:131.37M, Peak:272.33M | Scene, ViewLayer | Sample 1/32
Fra:1 Mem:230.13M (Peak 491.13M) | Time:00:00.55 | Mem:131.37M, Peak:272.33M | Scene, ViewLayer | Sample 32/32
Fra:1 Mem:230.13M (Peak 491.13M) | Time:00:00.55 | Mem:131.37M, Peak:272.33M | Scene, ViewLayer | Finished
Saved: '/home/janus/iwi9-datasets/objaverse-rendering/no_textures_5/4a2278aca04b4f3eb901b7b019b4caa7/005.png'
 Time: 00:00.58 (Saving: 00:00.03)

Fra:1 Mem:134.05M (Peak 166.47M) | Time:00:00.03 | Mem:0.00M, Peak:0.00M | Scene, ViewLayer | Synchronizing object | Object_2
Fra:1 Mem:134.05M (Peak 166.47M) | Time:00:00.03 | Mem:0.00M, Peak:0.00M | Scene, ViewLayer | Synchronizing object | Object_4
Fra:1 Mem:150.56M (Peak 211.53M) | Time:00:00.12 | Mem:0.00M, Peak:0.00M | Scene, ViewLayer | Initializing
Fra:1 Mem:108.92M (Peak 211.53M) | Time:00:00.12 | Mem:0.00M, Peak:0.00M | Scene, ViewLayer | Waiting for render to start
Fra:1 Mem:108.92M (Peak 211.53M) | Time:00:00.12 | Mem:0.00M, Peak:0.00M | Scene, ViewLayer | Loading render kernels (may take a few minutes the first time)
Fra:1 Mem:108.92M (Peak 211.53M) | Time:00:00.12 | Mem:0.00M, Peak:0.00M | Scene, ViewLayer | Updating Scene
Fra:1 Mem:108.92M (Peak 211.53M) | Time:00:00.12 | Mem:0.00M, Peak:0.00M | Scene, ViewLayer | Updating Shaders
Fra:1 Mem:109.17M (Peak 211.53M) | Time:00:00.12 | Mem:0.00M, Peak:0.00M | Scene, ViewLayer | Updating Procedurals
Fra:1 Mem:109.17M (Peak 211.53M) | Time:00:00.12 | Mem:0.00M, Peak:0.00M | Scene, ViewLayer | Updating Background
Fra:1 Mem:109.17M (Peak 211.53M) | Time:00:00.12 | Mem:0.00M, Peak:0.00M | Scene, ViewLayer | Updating Camera
Fra:1 Mem:109.17M (Peak 211.53M) | Time:00:00.12 | Mem:0.00M, Peak:0.00M | Scene, ViewLayer | Updating Meshes Flags
Fra:1 Mem:109.17M (Peak 211.53M) | Time:00:00.12 | Mem:0.00M, Peak:0.00M | Scene, ViewLayer | Updating Objects
Fra:1 Mem:109.17M (Peak 211.53M) | Time:00:00.12 | Mem:0.00M, Peak:0.00M | Scene, ViewLayer | Updating Objects | Copying Transformations to device
Fra:1 Mem:109.17M (Peak 211.53M) | Time:00:00.12 | Mem:0.00M, Peak:0.00M | Scene, ViewLayer | Updating Objects | Applying Static Transformations
Fra:1 Mem:109.17M (Peak 211.53M) | Time:00:00.12 | Mem:0.00M, Peak:0.00M | Scene, ViewLayer | Updating Particle Systems
Fra:1 Mem:109.17M (Peak 211.53M) | Time:00:00.12 | Mem:0.00M, Peak:0.00M | Scene, ViewLayer | Updating Particle Systems | Copying Particles to device
Fra:1 Mem:109.17M (Peak 211.53M) | Time:00:00.12 | Mem:0.00M, Peak:0.00M | Scene, ViewLayer | Updating Meshes
Fra:1 Mem:113.19M (Peak 211.53M) | Time:00:00.13 | Mem:0.00M, Peak:0.00M | Scene, ViewLayer | Updating Mesh | Computing attributes
Fra:1 Mem:120.78M (Peak 211.53M) | Time:00:00.13 | Mem:0.00M, Peak:0.00M | Scene, ViewLayer | Updating Mesh | Copying Attributes to device
Fra:1 Mem:120.78M (Peak 211.53M) | Time:00:00.13 | Mem:7.59M, Peak:7.59M | Scene, ViewLayer | Updating Scene BVH | Building
Fra:1 Mem:120.78M (Peak 211.53M) | Time:00:00.13 | Mem:7.59M, Peak:7.59M | Scene, ViewLayer | Updating Scene BVH | Building BVH
Fra:1 Mem:120.78M (Peak 211.53M) | Time:00:00.13 | Mem:28.16M, Peak:28.16M | Scene, ViewLayer | Updating Scene BVH | Building BVH 0%
Fra:1 Mem:120.78M (Peak 211.53M) | Time:00:00.14 | Mem:29.79M, Peak:45.79M | Scene, ViewLayer | Updating Scene BVH | Copying BVH to device
Fra:1 Mem:120.78M (Peak 211.53M) | Time:00:00.14 | Mem:29.79M, Peak:45.79M | Scene, ViewLayer | Updating Mesh | Computing normals
Fra:1 Mem:138.45M (Peak 211.53M) | Time:00:00.14 | Mem:29.79M, Peak:45.79M | Scene, ViewLayer | Updating Mesh | Copying Mesh to device
Fra:1 Mem:138.45M (Peak 211.53M) | Time:00:00.14 | Mem:47.46M, Peak:47.46M | Scene, ViewLayer | Updating Objects Flags
Fra:1 Mem:138.45M (Peak 211.53M) | Time:00:00.14 | Mem:47.46M, Peak:47.46M | Scene, ViewLayer | Updating Primitive Offsets
Fra:1 Mem:138.45M (Peak 211.53M) | Time:00:00.14 | Mem:47.46M, Peak:47.46M | Scene, ViewLayer | Updating Images
Fra:1 Mem:138.45M (Peak 211.53M) | Time:00:00.14 | Mem:47.46M, Peak:47.46M | Scene, ViewLayer | Updating Images | Loading 00150.exr
Fra:1 Mem:138.57M (Peak 211.53M) | Time:00:00.14 | Mem:47.46M, Peak:47.46M | Scene, ViewLayer | Updating Images | Loading crystalline_0193.jpg
Fra:1 Mem:139.64M (Peak 211.53M) | Time:00:00.15 | Mem:48.65M, Peak:48.65M | Scene, ViewLayer | Updating Camera Volume
Fra:1 Mem:139.64M (Peak 211.53M) | Time:00:00.15 | Mem:48.65M, Peak:48.65M | Scene, ViewLayer | Updating Lookup Tables
Fra:1 Mem:139.64M (Peak 211.53M) | Time:00:00.15 | Mem:48.90M, Peak:48.90M | Scene, ViewLayer | Updating Lights
Fra:1 Mem:139.64M (Peak 211.53M) | Time:00:00.15 | Mem:48.90M, Peak:48.90M | Scene, ViewLayer | Updating Lights | Computing distribution
Fra:1 Mem:139.64M (Peak 211.53M) | Time:00:00.15 | Mem:48.90M, Peak:48.90M | Scene, ViewLayer | Updating Lights | Importance map
Fra:1 Mem:203.68M (Peak 491.77M) | Time:00:00.29 | Mem:112.94M, Peak:272.91M | Scene, ViewLayer | Updating Integrator
Fra:1 Mem:203.68M (Peak 491.77M) | Time:00:00.29 | Mem:112.95M, Peak:272.91M | Scene, ViewLayer | Updating Film
Fra:1 Mem:203.69M (Peak 491.77M) | Time:00:00.29 | Mem:112.70M, Peak:272.91M | Scene, ViewLayer | Updating Lookup Tables
Fra:1 Mem:203.69M (Peak 491.77M) | Time:00:00.29 | Mem:112.95M, Peak:272.91M | Scene, ViewLayer | Updating Baking
Fra:1 Mem:203.69M (Peak 491.77M) | Time:00:00.29 | Mem:112.95M, Peak:272.91M | Scene, ViewLayer | Updating Device | Writing constant memory
Fra:1 Mem:203.69M (Peak 491.77M) | Time:00:00.29 | Mem:112.95M, Peak:272.91M | Scene, ViewLayer | Sample 0/32
Fra:1 Mem:222.78M (Peak 491.77M) | Time:00:00.29 | Remaining:00:00.23 | Mem:131.95M, Peak:272.91M | Scene, ViewLayer | Sample 1/32
Fra:1 Mem:230.78M (Peak 491.77M) | Time:00:00.57 | Mem:131.95M, Peak:272.91M | Scene, ViewLayer | Sample 32/32
Fra:1 Mem:230.78M (Peak 491.77M) | Time:00:00.57 | Mem:131.95M, Peak:272.91M | Scene, ViewLayer | Finished
Saved: '/home/janus/iwi9-datasets/objaverse-rendering/no_textures_5/4a2278aca04b4f3eb901b7b019b4caa7/006.png'
 Time: 00:00.61 (Saving: 00:00.03)

Fra:1 Mem:134.12M (Peak 166.22M) | Time:00:00.03 | Mem:0.00M, Peak:0.00M | Scene, ViewLayer | Synchronizing object | Object_2
Fra:1 Mem:135.08M (Peak 166.22M) | Time:00:00.03 | Mem:0.00M, Peak:0.00M | Scene, ViewLayer | Synchronizing object | Object_4
Fra:1 Mem:150.63M (Peak 211.59M) | Time:00:00.12 | Mem:0.00M, Peak:0.00M | Scene, ViewLayer | Initializing
Fra:1 Mem:108.98M (Peak 211.59M) | Time:00:00.12 | Mem:0.00M, Peak:0.00M | Scene, ViewLayer | Waiting for render to start
Fra:1 Mem:108.99M (Peak 211.59M) | Time:00:00.12 | Mem:0.00M, Peak:0.00M | Scene, ViewLayer | Loading render kernels (may take a few minutes the first time)
Fra:1 Mem:108.99M (Peak 211.59M) | Time:00:00.12 | Mem:0.00M, Peak:0.00M | Scene, ViewLayer | Updating Scene
Fra:1 Mem:108.99M (Peak 211.59M) | Time:00:00.12 | Mem:0.00M, Peak:0.00M | Scene, ViewLayer | Updating Shaders
Fra:1 Mem:109.24M (Peak 211.59M) | Time:00:00.12 | Mem:0.00M, Peak:0.00M | Scene, ViewLayer | Updating Procedurals
Fra:1 Mem:109.24M (Peak 211.59M) | Time:00:00.12 | Mem:0.00M, Peak:0.00M | Scene, ViewLayer | Updating Background
Fra:1 Mem:109.24M (Peak 211.59M) | Time:00:00.12 | Mem:0.00M, Peak:0.00M | Scene, ViewLayer | Updating Camera
Fra:1 Mem:109.24M (Peak 211.59M) | Time:00:00.12 | Mem:0.00M, Peak:0.00M | Scene, ViewLayer | Updating Meshes Flags
Fra:1 Mem:109.24M (Peak 211.59M) | Time:00:00.12 | Mem:0.00M, Peak:0.00M | Scene, ViewLayer | Updating Objects
Fra:1 Mem:109.24M (Peak 211.59M) | Time:00:00.12 | Mem:0.00M, Peak:0.00M | Scene, ViewLayer | Updating Objects | Copying Transformations to device
Fra:1 Mem:109.24M (Peak 211.59M) | Time:00:00.12 | Mem:0.00M, Peak:0.00M | Scene, ViewLayer | Updating Objects | Applying Static Transformations
Fra:1 Mem:109.24M (Peak 211.59M) | Time:00:00.12 | Mem:0.00M, Peak:0.00M | Scene, ViewLayer | Updating Particle Systems
Fra:1 Mem:109.24M (Peak 211.59M) | Time:00:00.12 | Mem:0.00M, Peak:0.00M | Scene, ViewLayer | Updating Particle Systems | Copying Particles to device
Fra:1 Mem:109.24M (Peak 211.59M) | Time:00:00.12 | Mem:0.00M, Peak:0.00M | Scene, ViewLayer | Updating Meshes
Fra:1 Mem:113.26M (Peak 211.59M) | Time:00:00.13 | Mem:0.00M, Peak:0.00M | Scene, ViewLayer | Updating Mesh | Computing attributes
Fra:1 Mem:120.85M (Peak 211.59M) | Time:00:00.13 | Mem:0.00M, Peak:0.00M | Scene, ViewLayer | Updating Mesh | Copying Attributes to device
Fra:1 Mem:120.85M (Peak 211.59M) | Time:00:00.13 | Mem:7.59M, Peak:7.59M | Scene, ViewLayer | Updating Scene BVH | Building
Fra:1 Mem:120.85M (Peak 211.59M) | Time:00:00.13 | Mem:7.59M, Peak:7.59M | Scene, ViewLayer | Updating Scene BVH | Building BVH
Fra:1 Mem:120.85M (Peak 211.59M) | Time:00:00.13 | Mem:28.16M, Peak:28.16M | Scene, ViewLayer | Updating Scene BVH | Building BVH 0%
Fra:1 Mem:120.85M (Peak 211.59M) | Time:00:00.14 | Mem:29.79M, Peak:45.79M | Scene, ViewLayer | Updating Scene BVH | Copying BVH to device
Fra:1 Mem:120.85M (Peak 211.59M) | Time:00:00.14 | Mem:29.79M, Peak:45.79M | Scene, ViewLayer | Updating Mesh | Computing normals
Fra:1 Mem:138.52M (Peak 211.59M) | Time:00:00.14 | Mem:29.79M, Peak:45.79M | Scene, ViewLayer | Updating Mesh | Copying Mesh to device
Fra:1 Mem:138.52M (Peak 211.59M) | Time:00:00.14 | Mem:47.46M, Peak:47.46M | Scene, ViewLayer | Updating Objects Flags
Fra:1 Mem:138.52M (Peak 211.59M) | Time:00:00.14 | Mem:47.46M, Peak:47.46M | Scene, ViewLayer | Updating Primitive Offsets
Fra:1 Mem:138.52M (Peak 211.59M) | Time:00:00.14 | Mem:47.46M, Peak:47.46M | Scene, ViewLayer | Updating Images
Fra:1 Mem:138.52M (Peak 211.59M) | Time:00:00.14 | Mem:47.46M, Peak:47.46M | Scene, ViewLayer | Updating Images | Loading 00150.exr
Fra:1 Mem:138.64M (Peak 211.59M) | Time:00:00.14 | Mem:47.46M, Peak:47.46M | Scene, ViewLayer | Updating Images | Loading braided_0159.jpg
Fra:1 Mem:139.16M (Peak 211.59M) | Time:00:00.15 | Mem:48.10M, Peak:48.10M | Scene, ViewLayer | Updating Camera Volume
Fra:1 Mem:139.16M (Peak 211.59M) | Time:00:00.15 | Mem:48.10M, Peak:48.10M | Scene, ViewLayer | Updating Lookup Tables
Fra:1 Mem:139.16M (Peak 211.59M) | Time:00:00.15 | Mem:48.35M, Peak:48.35M | Scene, ViewLayer | Updating Lights
Fra:1 Mem:139.16M (Peak 211.59M) | Time:00:00.15 | Mem:48.35M, Peak:48.35M | Scene, ViewLayer | Updating Lights | Computing distribution
Fra:1 Mem:139.16M (Peak 211.59M) | Time:00:00.15 | Mem:48.35M, Peak:48.35M | Scene, ViewLayer | Updating Lights | Importance map
Fra:1 Mem:203.20M (Peak 491.29M) | Time:00:00.28 | Mem:112.39M, Peak:272.36M | Scene, ViewLayer | Updating Integrator
Fra:1 Mem:203.20M (Peak 491.29M) | Time:00:00.28 | Mem:112.40M, Peak:272.36M | Scene, ViewLayer | Updating Film
Fra:1 Mem:203.21M (Peak 491.29M) | Time:00:00.29 | Mem:112.15M, Peak:272.36M | Scene, ViewLayer | Updating Lookup Tables
Fra:1 Mem:203.21M (Peak 491.29M) | Time:00:00.29 | Mem:112.40M, Peak:272.36M | Scene, ViewLayer | Updating Baking
Fra:1 Mem:203.21M (Peak 491.29M) | Time:00:00.29 | Mem:112.40M, Peak:272.36M | Scene, ViewLayer | Updating Device | Writing constant memory
Fra:1 Mem:203.21M (Peak 491.29M) | Time:00:00.29 | Mem:112.40M, Peak:272.36M | Scene, ViewLayer | Sample 0/32
Fra:1 Mem:222.30M (Peak 491.29M) | Time:00:00.29 | Remaining:00:00.23 | Mem:131.40M, Peak:272.36M | Scene, ViewLayer | Sample 1/32
Fra:1 Mem:230.30M (Peak 491.29M) | Time:00:00.58 | Mem:131.40M, Peak:272.36M | Scene, ViewLayer | Sample 32/32
Fra:1 Mem:230.30M (Peak 491.29M) | Time:00:00.58 | Mem:131.40M, Peak:272.36M | Scene, ViewLayer | Finished
Saved: '/home/janus/iwi9-datasets/objaverse-rendering/no_textures_5/4a2278aca04b4f3eb901b7b019b4caa7/007.png'
 Time: 00:00.61 (Saving: 00:00.03)

Fra:1 Mem:134.18M (Peak 166.30M) | Time:00:00.03 | Mem:0.00M, Peak:0.00M | Scene, ViewLayer | Synchronizing object | Object_2
Fra:1 Mem:135.14M (Peak 166.30M) | Time:00:00.03 | Mem:0.00M, Peak:0.00M | Scene, ViewLayer | Synchronizing object | Object_4
Fra:1 Mem:150.70M (Peak 211.66M) | Time:00:00.12 | Mem:0.00M, Peak:0.00M | Scene, ViewLayer | Initializing
Fra:1 Mem:109.05M (Peak 211.66M) | Time:00:00.12 | Mem:0.00M, Peak:0.00M | Scene, ViewLayer | Waiting for render to start
Fra:1 Mem:109.05M (Peak 211.66M) | Time:00:00.12 | Mem:0.00M, Peak:0.00M | Scene, ViewLayer | Loading render kernels (may take a few minutes the first time)
Fra:1 Mem:109.05M (Peak 211.66M) | Time:00:00.12 | Mem:0.00M, Peak:0.00M | Scene, ViewLayer | Updating Scene
Fra:1 Mem:109.05M (Peak 211.66M) | Time:00:00.12 | Mem:0.00M, Peak:0.00M | Scene, ViewLayer | Updating Shaders
Fra:1 Mem:109.30M (Peak 211.66M) | Time:00:00.12 | Mem:0.00M, Peak:0.00M | Scene, ViewLayer | Updating Procedurals
Fra:1 Mem:109.30M (Peak 211.66M) | Time:00:00.12 | Mem:0.00M, Peak:0.00M | Scene, ViewLayer | Updating Background
Fra:1 Mem:109.30M (Peak 211.66M) | Time:00:00.12 | Mem:0.00M, Peak:0.00M | Scene, ViewLayer | Updating Camera
Fra:1 Mem:109.30M (Peak 211.66M) | Time:00:00.12 | Mem:0.00M, Peak:0.00M | Scene, ViewLayer | Updating Meshes Flags
Fra:1 Mem:109.30M (Peak 211.66M) | Time:00:00.12 | Mem:0.00M, Peak:0.00M | Scene, ViewLayer | Updating Objects
Fra:1 Mem:109.30M (Peak 211.66M) | Time:00:00.12 | Mem:0.00M, Peak:0.00M | Scene, ViewLayer | Updating Objects | Copying Transformations to device
Fra:1 Mem:109.30M (Peak 211.66M) | Time:00:00.12 | Mem:0.00M, Peak:0.00M | Scene, ViewLayer | Updating Objects | Applying Static Transformations
Fra:1 Mem:109.30M (Peak 211.66M) | Time:00:00.12 | Mem:0.00M, Peak:0.00M | Scene, ViewLayer | Updating Particle Systems
Fra:1 Mem:109.30M (Peak 211.66M) | Time:00:00.12 | Mem:0.00M, Peak:0.00M | Scene, ViewLayer | Updating Particle Systems | Copying Particles to device
Fra:1 Mem:109.31M (Peak 211.66M) | Time:00:00.12 | Mem:0.00M, Peak:0.00M | Scene, ViewLayer | Updating Meshes
Fra:1 Mem:113.33M (Peak 211.66M) | Time:00:00.13 | Mem:0.00M, Peak:0.00M | Scene, ViewLayer | Updating Mesh | Computing attributes
Fra:1 Mem:120.91M (Peak 211.66M) | Time:00:00.13 | Mem:0.00M, Peak:0.00M | Scene, ViewLayer | Updating Mesh | Copying Attributes to device
Fra:1 Mem:120.91M (Peak 211.66M) | Time:00:00.13 | Mem:7.59M, Peak:7.59M | Scene, ViewLayer | Updating Scene BVH | Building
Fra:1 Mem:120.91M (Peak 211.66M) | Time:00:00.13 | Mem:7.59M, Peak:7.59M | Scene, ViewLayer | Updating Scene BVH | Building BVH
Fra:1 Mem:120.91M (Peak 211.66M) | Time:00:00.13 | Mem:28.16M, Peak:28.16M | Scene, ViewLayer | Updating Scene BVH | Building BVH 0%
Fra:1 Mem:120.91M (Peak 211.66M) | Time:00:00.14 | Mem:29.79M, Peak:45.79M | Scene, ViewLayer | Updating Scene BVH | Copying BVH to device
Fra:1 Mem:120.91M (Peak 211.66M) | Time:00:00.14 | Mem:29.79M, Peak:45.79M | Scene, ViewLayer | Updating Mesh | Computing normals
Fra:1 Mem:138.58M (Peak 211.66M) | Time:00:00.14 | Mem:29.79M, Peak:45.79M | Scene, ViewLayer | Updating Mesh | Copying Mesh to device
Fra:1 Mem:138.58M (Peak 211.66M) | Time:00:00.14 | Mem:47.46M, Peak:47.46M | Scene, ViewLayer | Updating Objects Flags
Fra:1 Mem:138.58M (Peak 211.66M) | Time:00:00.14 | Mem:47.46M, Peak:47.46M | Scene, ViewLayer | Updating Primitive Offsets
Fra:1 Mem:138.58M (Peak 211.66M) | Time:00:00.14 | Mem:47.46M, Peak:47.46M | Scene, ViewLayer | Updating Images
Fra:1 Mem:138.58M (Peak 211.66M) | Time:00:00.14 | Mem:47.46M, Peak:47.46M | Scene, ViewLayer | Updating Images | Loading 00150.exr
Fra:1 Mem:138.71M (Peak 211.66M) | Time:00:00.14 | Mem:47.46M, Peak:47.46M | Scene, ViewLayer | Updating Images | Loading crystalline_0188.jpg
Fra:1 Mem:139.66M (Peak 211.66M) | Time:00:00.14 | Mem:48.53M, Peak:48.53M | Scene, ViewLayer | Updating Camera Volume
Fra:1 Mem:139.66M (Peak 211.66M) | Time:00:00.15 | Mem:48.53M, Peak:48.53M | Scene, ViewLayer | Updating Lookup Tables
Fra:1 Mem:139.66M (Peak 211.66M) | Time:00:00.15 | Mem:48.78M, Peak:48.78M | Scene, ViewLayer | Updating Lights
Fra:1 Mem:139.66M (Peak 211.66M) | Time:00:00.15 | Mem:48.78M, Peak:48.78M | Scene, ViewLayer | Updating Lights | Computing distribution
Fra:1 Mem:139.66M (Peak 211.66M) | Time:00:00.15 | Mem:48.78M, Peak:48.78M | Scene, ViewLayer | Updating Lights | Importance map
Fra:1 Mem:203.69M (Peak 491.79M) | Time:00:00.28 | Mem:112.82M, Peak:272.79M | Scene, ViewLayer | Updating Integrator
Fra:1 Mem:203.70M (Peak 491.79M) | Time:00:00.28 | Mem:112.83M, Peak:272.79M | Scene, ViewLayer | Updating Film
Fra:1 Mem:203.70M (Peak 491.79M) | Time:00:00.29 | Mem:112.58M, Peak:272.79M | Scene, ViewLayer | Updating Lookup Tables
Fra:1 Mem:203.70M (Peak 491.79M) | Time:00:00.29 | Mem:112.83M, Peak:272.79M | Scene, ViewLayer | Updating Baking
Fra:1 Mem:203.70M (Peak 491.79M) | Time:00:00.29 | Mem:112.83M, Peak:272.79M | Scene, ViewLayer | Updating Device | Writing constant memory
Fra:1 Mem:203.70M (Peak 491.79M) | Time:00:00.29 | Mem:112.83M, Peak:272.79M | Scene, ViewLayer | Sample 0/32
Fra:1 Mem:222.79M (Peak 491.79M) | Time:00:00.29 | Remaining:00:00.21 | Mem:131.83M, Peak:272.79M | Scene, ViewLayer | Sample 1/32
Fra:1 Mem:230.79M (Peak 491.79M) | Time:00:00.54 | Mem:131.83M, Peak:272.79M | Scene, ViewLayer | Sample 32/32
Fra:1 Mem:230.79M (Peak 491.79M) | Time:00:00.54 | Mem:131.83M, Peak:272.79M | Scene, ViewLayer | Finished
Saved: '/home/janus/iwi9-datasets/objaverse-rendering/no_textures_5/4a2278aca04b4f3eb901b7b019b4caa7/008.png'
 Time: 00:00.57 (Saving: 00:00.03)

Fra:1 Mem:134.25M (Peak 166.22M) | Time:00:00.03 | Mem:0.00M, Peak:0.00M | Scene, ViewLayer | Synchronizing object | Object_2
Fra:1 Mem:135.21M (Peak 166.22M) | Time:00:00.03 | Mem:0.00M, Peak:0.00M | Scene, ViewLayer | Synchronizing object | Object_4
Fra:1 Mem:150.77M (Peak 211.73M) | Time:00:00.12 | Mem:0.00M, Peak:0.00M | Scene, ViewLayer | Initializing
Fra:1 Mem:109.12M (Peak 211.73M) | Time:00:00.12 | Mem:0.00M, Peak:0.00M | Scene, ViewLayer | Waiting for render to start
Fra:1 Mem:109.12M (Peak 211.73M) | Time:00:00.12 | Mem:0.00M, Peak:0.00M | Scene, ViewLayer | Loading render kernels (may take a few minutes the first time)
Fra:1 Mem:109.12M (Peak 211.73M) | Time:00:00.12 | Mem:0.00M, Peak:0.00M | Scene, ViewLayer | Updating Scene
Fra:1 Mem:109.12M (Peak 211.73M) | Time:00:00.12 | Mem:0.00M, Peak:0.00M | Scene, ViewLayer | Updating Shaders
Fra:1 Mem:109.37M (Peak 211.73M) | Time:00:00.12 | Mem:0.00M, Peak:0.00M | Scene, ViewLayer | Updating Procedurals
Fra:1 Mem:109.37M (Peak 211.73M) | Time:00:00.12 | Mem:0.00M, Peak:0.00M | Scene, ViewLayer | Updating Background
Fra:1 Mem:109.37M (Peak 211.73M) | Time:00:00.12 | Mem:0.00M, Peak:0.00M | Scene, ViewLayer | Updating Camera
Fra:1 Mem:109.37M (Peak 211.73M) | Time:00:00.12 | Mem:0.00M, Peak:0.00M | Scene, ViewLayer | Updating Meshes Flags
Fra:1 Mem:109.37M (Peak 211.73M) | Time:00:00.12 | Mem:0.00M, Peak:0.00M | Scene, ViewLayer | Updating Objects
Fra:1 Mem:109.37M (Peak 211.73M) | Time:00:00.12 | Mem:0.00M, Peak:0.00M | Scene, ViewLayer | Updating Objects | Copying Transformations to device
Fra:1 Mem:109.38M (Peak 211.73M) | Time:00:00.12 | Mem:0.00M, Peak:0.00M | Scene, ViewLayer | Updating Objects | Applying Static Transformations
Fra:1 Mem:109.38M (Peak 211.73M) | Time:00:00.12 | Mem:0.00M, Peak:0.00M | Scene, ViewLayer | Updating Particle Systems
Fra:1 Mem:109.38M (Peak 211.73M) | Time:00:00.12 | Mem:0.00M, Peak:0.00M | Scene, ViewLayer | Updating Particle Systems | Copying Particles to device
Fra:1 Mem:109.38M (Peak 211.73M) | Time:00:00.12 | Mem:0.00M, Peak:0.00M | Scene, ViewLayer | Updating Meshes
Fra:1 Mem:113.40M (Peak 211.73M) | Time:00:00.13 | Mem:0.00M, Peak:0.00M | Scene, ViewLayer | Updating Mesh | Computing attributes
Fra:1 Mem:120.98M (Peak 211.73M) | Time:00:00.13 | Mem:0.00M, Peak:0.00M | Scene, ViewLayer | Updating Mesh | Copying Attributes to device
Fra:1 Mem:120.98M (Peak 211.73M) | Time:00:00.13 | Mem:7.59M, Peak:7.59M | Scene, ViewLayer | Updating Scene BVH | Building
Fra:1 Mem:120.98M (Peak 211.73M) | Time:00:00.13 | Mem:7.59M, Peak:7.59M | Scene, ViewLayer | Updating Scene BVH | Building BVH
Fra:1 Mem:120.98M (Peak 211.73M) | Time:00:00.13 | Mem:28.16M, Peak:28.16M | Scene, ViewLayer | Updating Scene BVH | Building BVH 0%
Fra:1 Mem:120.98M (Peak 211.73M) | Time:00:00.14 | Mem:29.79M, Peak:45.79M | Scene, ViewLayer | Updating Scene BVH | Copying BVH to device
Fra:1 Mem:120.98M (Peak 211.73M) | Time:00:00.14 | Mem:29.79M, Peak:45.79M | Scene, ViewLayer | Updating Mesh | Computing normals
Fra:1 Mem:138.65M (Peak 211.73M) | Time:00:00.14 | Mem:29.79M, Peak:45.79M | Scene, ViewLayer | Updating Mesh | Copying Mesh to device
Fra:1 Mem:138.65M (Peak 211.73M) | Time:00:00.14 | Mem:47.46M, Peak:47.46M | Scene, ViewLayer | Updating Objects Flags
Fra:1 Mem:138.65M (Peak 211.73M) | Time:00:00.14 | Mem:47.46M, Peak:47.46M | Scene, ViewLayer | Updating Primitive Offsets
Fra:1 Mem:138.65M (Peak 211.73M) | Time:00:00.14 | Mem:47.46M, Peak:47.46M | Scene, ViewLayer | Updating Images
Fra:1 Mem:138.65M (Peak 211.73M) | Time:00:00.14 | Mem:47.46M, Peak:47.46M | Scene, ViewLayer | Updating Images | Loading 00150.exr
Fra:1 Mem:138.78M (Peak 211.73M) | Time:00:00.14 | Mem:47.46M, Peak:47.46M | Scene, ViewLayer | Updating Images | Loading scaly_0203.jpg
Fra:1 Mem:139.28M (Peak 211.73M) | Time:00:00.14 | Mem:48.08M, Peak:48.08M | Scene, ViewLayer | Updating Camera Volume
Fra:1 Mem:139.28M (Peak 211.73M) | Time:00:00.14 | Mem:48.08M, Peak:48.08M | Scene, ViewLayer | Updating Lookup Tables
Fra:1 Mem:139.28M (Peak 211.73M) | Time:00:00.14 | Mem:48.33M, Peak:48.33M | Scene, ViewLayer | Updating Lights
Fra:1 Mem:139.28M (Peak 211.73M) | Time:00:00.14 | Mem:48.33M, Peak:48.33M | Scene, ViewLayer | Updating Lights | Computing distribution
Fra:1 Mem:139.28M (Peak 211.73M) | Time:00:00.14 | Mem:48.33M, Peak:48.33M | Scene, ViewLayer | Updating Lights | Importance map
Fra:1 Mem:203.31M (Peak 491.41M) | Time:00:00.28 | Mem:112.37M, Peak:272.34M | Scene, ViewLayer | Updating Integrator
Fra:1 Mem:203.32M (Peak 491.41M) | Time:00:00.28 | Mem:112.38M, Peak:272.34M | Scene, ViewLayer | Updating Film
Fra:1 Mem:203.32M (Peak 491.41M) | Time:00:00.28 | Mem:112.13M, Peak:272.34M | Scene, ViewLayer | Updating Lookup Tables
Fra:1 Mem:203.32M (Peak 491.41M) | Time:00:00.28 | Mem:112.38M, Peak:272.34M | Scene, ViewLayer | Updating Baking
Fra:1 Mem:203.32M (Peak 491.41M) | Time:00:00.28 | Mem:112.38M, Peak:272.34M | Scene, ViewLayer | Updating Device | Writing constant memory
Fra:1 Mem:203.32M (Peak 491.41M) | Time:00:00.28 | Mem:112.38M, Peak:272.34M | Scene, ViewLayer | Sample 0/32
Fra:1 Mem:222.41M (Peak 491.41M) | Time:00:00.29 | Remaining:00:00.22 | Mem:131.38M, Peak:272.34M | Scene, ViewLayer | Sample 1/32
Fra:1 Mem:230.41M (Peak 491.41M) | Time:00:00.53 | Mem:131.38M, Peak:272.34M | Scene, ViewLayer | Sample 32/32
Fra:1 Mem:230.41M (Peak 491.41M) | Time:00:00.53 | Mem:131.38M, Peak:272.34M | Scene, ViewLayer | Finished
Saved: '/home/janus/iwi9-datasets/objaverse-rendering/no_textures_5/4a2278aca04b4f3eb901b7b019b4caa7/009.png'
 Time: 00:00.57 (Saving: 00:00.03)

Fra:1 Mem:134.32M (Peak 166.64M) | Time:00:00.03 | Mem:0.00M, Peak:0.00M | Scene, ViewLayer | Synchronizing object | Object_2
Fra:1 Mem:134.32M (Peak 166.64M) | Time:00:00.03 | Mem:0.00M, Peak:0.00M | Scene, ViewLayer | Synchronizing object | Object_4
Fra:1 Mem:150.84M (Peak 211.80M) | Time:00:00.12 | Mem:0.00M, Peak:0.00M | Scene, ViewLayer | Initializing
Fra:1 Mem:109.19M (Peak 211.80M) | Time:00:00.12 | Mem:0.00M, Peak:0.00M | Scene, ViewLayer | Waiting for render to start
Fra:1 Mem:109.19M (Peak 211.80M) | Time:00:00.12 | Mem:0.00M, Peak:0.00M | Scene, ViewLayer | Loading render kernels (may take a few minutes the first time)
Fra:1 Mem:109.19M (Peak 211.80M) | Time:00:00.12 | Mem:0.00M, Peak:0.00M | Scene, ViewLayer | Updating Scene
Fra:1 Mem:109.19M (Peak 211.80M) | Time:00:00.12 | Mem:0.00M, Peak:0.00M | Scene, ViewLayer | Updating Shaders
Fra:1 Mem:109.45M (Peak 211.80M) | Time:00:00.12 | Mem:0.00M, Peak:0.00M | Scene, ViewLayer | Updating Procedurals
Fra:1 Mem:109.45M (Peak 211.80M) | Time:00:00.12 | Mem:0.00M, Peak:0.00M | Scene, ViewLayer | Updating Background
Fra:1 Mem:109.45M (Peak 211.80M) | Time:00:00.12 | Mem:0.00M, Peak:0.00M | Scene, ViewLayer | Updating Camera
Fra:1 Mem:109.45M (Peak 211.80M) | Time:00:00.12 | Mem:0.00M, Peak:0.00M | Scene, ViewLayer | Updating Meshes Flags
Fra:1 Mem:109.45M (Peak 211.80M) | Time:00:00.12 | Mem:0.00M, Peak:0.00M | Scene, ViewLayer | Updating Objects
Fra:1 Mem:109.45M (Peak 211.80M) | Time:00:00.12 | Mem:0.00M, Peak:0.00M | Scene, ViewLayer | Updating Objects | Copying Transformations to device
Fra:1 Mem:109.45M (Peak 211.80M) | Time:00:00.12 | Mem:0.00M, Peak:0.00M | Scene, ViewLayer | Updating Objects | Applying Static Transformations
Fra:1 Mem:109.45M (Peak 211.80M) | Time:00:00.13 | Mem:0.00M, Peak:0.00M | Scene, ViewLayer | Updating Particle Systems
Fra:1 Mem:109.45M (Peak 211.80M) | Time:00:00.13 | Mem:0.00M, Peak:0.00M | Scene, ViewLayer | Updating Particle Systems | Copying Particles to device
Fra:1 Mem:109.45M (Peak 211.80M) | Time:00:00.13 | Mem:0.00M, Peak:0.00M | Scene, ViewLayer | Updating Meshes
Fra:1 Mem:113.47M (Peak 211.80M) | Time:00:00.13 | Mem:0.00M, Peak:0.00M | Scene, ViewLayer | Updating Mesh | Computing attributes
Fra:1 Mem:121.05M (Peak 211.80M) | Time:00:00.13 | Mem:0.00M, Peak:0.00M | Scene, ViewLayer | Updating Mesh | Copying Attributes to device
Fra:1 Mem:121.05M (Peak 211.80M) | Time:00:00.13 | Mem:7.59M, Peak:7.59M | Scene, ViewLayer | Updating Scene BVH | Building
Fra:1 Mem:121.05M (Peak 211.80M) | Time:00:00.13 | Mem:7.59M, Peak:7.59M | Scene, ViewLayer | Updating Scene BVH | Building BVH
Fra:1 Mem:121.05M (Peak 211.80M) | Time:00:00.13 | Mem:28.16M, Peak:28.16M | Scene, ViewLayer | Updating Scene BVH | Building BVH 0%
Fra:1 Mem:121.05M (Peak 211.80M) | Time:00:00.14 | Mem:29.79M, Peak:45.79M | Scene, ViewLayer | Updating Scene BVH | Copying BVH to device
Fra:1 Mem:121.05M (Peak 211.80M) | Time:00:00.14 | Mem:29.79M, Peak:45.79M | Scene, ViewLayer | Updating Mesh | Computing normals
Fra:1 Mem:138.72M (Peak 211.80M) | Time:00:00.14 | Mem:29.79M, Peak:45.79M | Scene, ViewLayer | Updating Mesh | Copying Mesh to device
Fra:1 Mem:138.72M (Peak 211.80M) | Time:00:00.14 | Mem:47.46M, Peak:47.46M | Scene, ViewLayer | Updating Objects Flags
Fra:1 Mem:138.72M (Peak 211.80M) | Time:00:00.14 | Mem:47.46M, Peak:47.46M | Scene, ViewLayer | Updating Primitive Offsets
Fra:1 Mem:138.72M (Peak 211.80M) | Time:00:00.14 | Mem:47.46M, Peak:47.46M | Scene, ViewLayer | Updating Images
Fra:1 Mem:138.72M (Peak 211.80M) | Time:00:00.14 | Mem:47.46M, Peak:47.46M | Scene, ViewLayer | Updating Images | Loading 00150.exr
Fra:1 Mem:138.85M (Peak 211.80M) | Time:00:00.14 | Mem:47.46M, Peak:47.46M | Scene, ViewLayer | Updating Images | Loading freckled_0164.jpg
Fra:1 Mem:139.36M (Peak 211.80M) | Time:00:00.15 | Mem:48.08M, Peak:48.08M | Scene, ViewLayer | Updating Camera Volume
Fra:1 Mem:139.36M (Peak 211.80M) | Time:00:00.15 | Mem:48.08M, Peak:48.08M | Scene, ViewLayer | Updating Lookup Tables
Fra:1 Mem:139.36M (Peak 211.80M) | Time:00:00.15 | Mem:48.33M, Peak:48.33M | Scene, ViewLayer | Updating Lights
Fra:1 Mem:139.36M (Peak 211.80M) | Time:00:00.15 | Mem:48.33M, Peak:48.33M | Scene, ViewLayer | Updating Lights | Computing distribution
Fra:1 Mem:139.36M (Peak 211.80M) | Time:00:00.15 | Mem:48.33M, Peak:48.33M | Scene, ViewLayer | Updating Lights | Importance map
Fra:1 Mem:203.39M (Peak 491.49M) | Time:00:00.29 | Mem:112.38M, Peak:272.35M | Scene, ViewLayer | Updating Integrator
Fra:1 Mem:203.40M (Peak 491.49M) | Time:00:00.29 | Mem:112.39M, Peak:272.35M | Scene, ViewLayer | Updating Film
Fra:1 Mem:203.40M (Peak 491.49M) | Time:00:00.29 | Mem:112.14M, Peak:272.35M | Scene, ViewLayer | Updating Lookup Tables
Fra:1 Mem:203.40M (Peak 491.49M) | Time:00:00.29 | Mem:112.39M, Peak:272.35M | Scene, ViewLayer | Updating Baking
Fra:1 Mem:203.40M (Peak 491.49M) | Time:00:00.29 | Mem:112.39M, Peak:272.35M | Scene, ViewLayer | Updating Device | Writing constant memory
Fra:1 Mem:203.40M (Peak 491.49M) | Time:00:00.29 | Mem:112.39M, Peak:272.35M | Scene, ViewLayer | Sample 0/32
Fra:1 Mem:222.49M (Peak 491.49M) | Time:00:00.30 | Remaining:00:00.23 | Mem:131.39M, Peak:272.35M | Scene, ViewLayer | Sample 1/32
Fra:1 Mem:230.49M (Peak 491.49M) | Time:00:00.56 | Mem:131.39M, Peak:272.35M | Scene, ViewLayer | Sample 32/32
Fra:1 Mem:230.49M (Peak 491.49M) | Time:00:00.56 | Mem:131.39M, Peak:272.35M | Scene, ViewLayer | Finished
Saved: '/home/janus/iwi9-datasets/objaverse-rendering/no_textures_5/4a2278aca04b4f3eb901b7b019b4caa7/010.png'
 Time: 00:00.60 (Saving: 00:00.03)

Fra:1 Mem:134.39M (Peak 166.63M) | Time:00:00.03 | Mem:0.00M, Peak:0.00M | Scene, ViewLayer | Synchronizing object | Object_2
Fra:1 Mem:134.39M (Peak 166.63M) | Time:00:00.03 | Mem:0.00M, Peak:0.00M | Scene, ViewLayer | Synchronizing object | Object_4
Fra:1 Mem:150.90M (Peak 211.87M) | Time:00:00.11 | Mem:0.00M, Peak:0.00M | Scene, ViewLayer | Initializing
Fra:1 Mem:109.26M (Peak 211.87M) | Time:00:00.11 | Mem:0.00M, Peak:0.00M | Scene, ViewLayer | Waiting for render to start
Fra:1 Mem:109.26M (Peak 211.87M) | Time:00:00.11 | Mem:0.00M, Peak:0.00M | Scene, ViewLayer | Loading render kernels (may take a few minutes the first time)
Fra:1 Mem:109.26M (Peak 211.87M) | Time:00:00.11 | Mem:0.00M, Peak:0.00M | Scene, ViewLayer | Updating Scene
Fra:1 Mem:109.26M (Peak 211.87M) | Time:00:00.11 | Mem:0.00M, Peak:0.00M | Scene, ViewLayer | Updating Shaders
Fra:1 Mem:109.51M (Peak 211.87M) | Time:00:00.12 | Mem:0.00M, Peak:0.00M | Scene, ViewLayer | Updating Procedurals
Fra:1 Mem:109.51M (Peak 211.87M) | Time:00:00.12 | Mem:0.00M, Peak:0.00M | Scene, ViewLayer | Updating Background
Fra:1 Mem:109.51M (Peak 211.87M) | Time:00:00.12 | Mem:0.00M, Peak:0.00M | Scene, ViewLayer | Updating Camera
Fra:1 Mem:109.51M (Peak 211.87M) | Time:00:00.12 | Mem:0.00M, Peak:0.00M | Scene, ViewLayer | Updating Meshes Flags
Fra:1 Mem:109.51M (Peak 211.87M) | Time:00:00.12 | Mem:0.00M, Peak:0.00M | Scene, ViewLayer | Updating Objects
Fra:1 Mem:109.51M (Peak 211.87M) | Time:00:00.12 | Mem:0.00M, Peak:0.00M | Scene, ViewLayer | Updating Objects | Copying Transformations to device
Fra:1 Mem:109.51M (Peak 211.87M) | Time:00:00.12 | Mem:0.00M, Peak:0.00M | Scene, ViewLayer | Updating Objects | Applying Static Transformations
Fra:1 Mem:109.51M (Peak 211.87M) | Time:00:00.12 | Mem:0.00M, Peak:0.00M | Scene, ViewLayer | Updating Particle Systems
Fra:1 Mem:109.51M (Peak 211.87M) | Time:00:00.12 | Mem:0.00M, Peak:0.00M | Scene, ViewLayer | Updating Particle Systems | Copying Particles to device
Fra:1 Mem:109.51M (Peak 211.87M) | Time:00:00.12 | Mem:0.00M, Peak:0.00M | Scene, ViewLayer | Updating Meshes
Fra:1 Mem:113.53M (Peak 211.87M) | Time:00:00.12 | Mem:0.00M, Peak:0.00M | Scene, ViewLayer | Updating Mesh | Computing attributes
Fra:1 Mem:121.12M (Peak 211.87M) | Time:00:00.12 | Mem:0.00M, Peak:0.00M | Scene, ViewLayer | Updating Mesh | Copying Attributes to device
Fra:1 Mem:121.12M (Peak 211.87M) | Time:00:00.12 | Mem:7.59M, Peak:7.59M | Scene, ViewLayer | Updating Scene BVH | Building
Fra:1 Mem:121.12M (Peak 211.87M) | Time:00:00.12 | Mem:7.59M, Peak:7.59M | Scene, ViewLayer | Updating Scene BVH | Building BVH
Fra:1 Mem:121.12M (Peak 211.87M) | Time:00:00.13 | Mem:28.16M, Peak:28.16M | Scene, ViewLayer | Updating Scene BVH | Building BVH 0%
Fra:1 Mem:121.12M (Peak 211.87M) | Time:00:00.13 | Mem:29.79M, Peak:45.79M | Scene, ViewLayer | Updating Scene BVH | Copying BVH to device
Fra:1 Mem:121.12M (Peak 211.87M) | Time:00:00.13 | Mem:29.79M, Peak:45.79M | Scene, ViewLayer | Updating Mesh | Computing normals
Fra:1 Mem:138.79M (Peak 211.87M) | Time:00:00.14 | Mem:29.79M, Peak:45.79M | Scene, ViewLayer | Updating Mesh | Copying Mesh to device
Fra:1 Mem:138.79M (Peak 211.87M) | Time:00:00.14 | Mem:47.46M, Peak:47.46M | Scene, ViewLayer | Updating Objects Flags
Fra:1 Mem:138.79M (Peak 211.87M) | Time:00:00.14 | Mem:47.46M, Peak:47.46M | Scene, ViewLayer | Updating Primitive Offsets
Fra:1 Mem:138.79M (Peak 211.87M) | Time:00:00.14 | Mem:47.46M, Peak:47.46M | Scene, ViewLayer | Updating Images
Fra:1 Mem:138.79M (Peak 211.87M) | Time:00:00.14 | Mem:47.46M, Peak:47.46M | Scene, ViewLayer | Updating Images | Loading 00150.exr
Fra:1 Mem:138.92M (Peak 211.87M) | Time:00:00.14 | Mem:47.46M, Peak:47.46M | Scene, ViewLayer | Updating Images | Loading meshed_0025.jpg
Fra:1 Mem:139.81M (Peak 211.87M) | Time:00:00.14 | Mem:48.47M, Peak:48.47M | Scene, ViewLayer | Updating Camera Volume
Fra:1 Mem:139.81M (Peak 211.87M) | Time:00:00.14 | Mem:48.47M, Peak:48.47M | Scene, ViewLayer | Updating Lookup Tables
Fra:1 Mem:139.81M (Peak 211.87M) | Time:00:00.14 | Mem:48.72M, Peak:48.72M | Scene, ViewLayer | Updating Lights
Fra:1 Mem:139.81M (Peak 211.87M) | Time:00:00.14 | Mem:48.72M, Peak:48.72M | Scene, ViewLayer | Updating Lights | Computing distribution
Fra:1 Mem:139.81M (Peak 211.87M) | Time:00:00.14 | Mem:48.72M, Peak:48.72M | Scene, ViewLayer | Updating Lights | Importance map
Fra:1 Mem:203.84M (Peak 491.94M) | Time:00:00.28 | Mem:112.77M, Peak:272.74M | Scene, ViewLayer | Updating Integrator
Fra:1 Mem:203.85M (Peak 491.94M) | Time:00:00.28 | Mem:112.78M, Peak:272.74M | Scene, ViewLayer | Updating Film
Fra:1 Mem:203.86M (Peak 491.94M) | Time:00:00.28 | Mem:112.53M, Peak:272.74M | Scene, ViewLayer | Updating Lookup Tables
Fra:1 Mem:203.86M (Peak 491.94M) | Time:00:00.28 | Mem:112.78M, Peak:272.74M | Scene, ViewLayer | Updating Baking
Fra:1 Mem:203.86M (Peak 491.94M) | Time:00:00.28 | Mem:112.78M, Peak:272.74M | Scene, ViewLayer | Updating Device | Writing constant memory
Fra:1 Mem:203.86M (Peak 491.94M) | Time:00:00.28 | Mem:112.78M, Peak:272.74M | Scene, ViewLayer | Sample 0/32
Fra:1 Mem:222.95M (Peak 491.94M) | Time:00:00.29 | Remaining:00:00.22 | Mem:131.78M, Peak:272.74M | Scene, ViewLayer | Sample 1/32
Fra:1 Mem:230.95M (Peak 491.94M) | Time:00:00.54 | Mem:131.78M, Peak:272.74M | Scene, ViewLayer | Sample 32/32
Fra:1 Mem:230.95M (Peak 491.94M) | Time:00:00.54 | Mem:131.78M, Peak:272.74M | Scene, ViewLayer | Finished
Saved: '/home/janus/iwi9-datasets/objaverse-rendering/no_textures_5/4a2278aca04b4f3eb901b7b019b4caa7/011.png'
 Time: 00:00.57 (Saving: 00:00.03)

Data are loaded, start creating Blender stuff
glTF import finished in 0.52s
Finished /home/janus/iwi9-datasets/objaverse-objects/hf-objaverse-v1/glbs/000-029/4a2278aca04b4f3eb901b7b019b4caa7.glb in 8.63998293876648 seconds

Blender quit
/home/janus/iwi9-datasets/objaverse-objects/hf-objaverse-v1/glbs/000-023/55bf1cb4ae154f4c8a7a9c43ef855813.glb
Blender 3.3.1 (hash b292cfe5a936 built 2022-10-05 00:14:35)
/run/user/210289/gvfs/ non-existent directory
Fra:1 Mem:24.75M (Peak 28.27M) | Time:00:00.00 | Mem:0.00M, Peak:0.00M | Scene, ViewLayer | Synchronizing object | QUETZA_QUETZA_0
Fra:1 Mem:26.15M (Peak 32.67M) | Time:00:00.01 | Mem:0.00M, Peak:0.00M | Scene, ViewLayer | Initializing
Fra:1 Mem:21.69M (Peak 32.67M) | Time:00:00.01 | Mem:0.00M, Peak:0.00M | Scene, ViewLayer | Waiting for render to start
Fra:1 Mem:21.69M (Peak 32.67M) | Time:00:00.01 | Mem:0.00M, Peak:0.00M | Scene, ViewLayer | Loading render kernels (may take a few minutes the first time)
Fra:1 Mem:21.69M (Peak 32.67M) | Time:00:00.01 | Mem:0.00M, Peak:0.00M | Scene, ViewLayer | Updating Scene
Fra:1 Mem:21.69M (Peak 32.67M) | Time:00:00.01 | Mem:0.00M, Peak:0.00M | Scene, ViewLayer | Updating Shaders
Fra:1 Mem:22.19M (Peak 32.67M) | Time:00:00.05 | Mem:0.00M, Peak:0.00M | Scene, ViewLayer | Updating Procedurals
Fra:1 Mem:22.19M (Peak 32.67M) | Time:00:00.05 | Mem:0.00M, Peak:0.00M | Scene, ViewLayer | Updating Background
Fra:1 Mem:22.19M (Peak 32.67M) | Time:00:00.05 | Mem:0.00M, Peak:0.00M | Scene, ViewLayer | Updating Camera
Fra:1 Mem:22.19M (Peak 32.67M) | Time:00:00.05 | Mem:0.00M, Peak:0.00M | Scene, ViewLayer | Updating Meshes Flags
Fra:1 Mem:22.19M (Peak 32.67M) | Time:00:00.05 | Mem:0.00M, Peak:0.00M | Scene, ViewLayer | Updating Objects
Fra:1 Mem:22.19M (Peak 32.67M) | Time:00:00.05 | Mem:0.00M, Peak:0.00M | Scene, ViewLayer | Updating Objects | Copying Transformations to device
Fra:1 Mem:22.20M (Peak 32.67M) | Time:00:00.05 | Mem:0.00M, Peak:0.00M | Scene, ViewLayer | Updating Objects | Applying Static Transformations
Fra:1 Mem:22.20M (Peak 32.67M) | Time:00:00.05 | Mem:0.00M, Peak:0.00M | Scene, ViewLayer | Updating Particle Systems
Fra:1 Mem:22.20M (Peak 32.67M) | Time:00:00.05 | Mem:0.00M, Peak:0.00M | Scene, ViewLayer | Updating Particle Systems | Copying Particles to device
Fra:1 Mem:22.20M (Peak 32.67M) | Time:00:00.05 | Mem:0.00M, Peak:0.00M | Scene, ViewLayer | Updating Meshes
Fra:1 Mem:22.54M (Peak 32.67M) | Time:00:00.05 | Mem:0.00M, Peak:0.00M | Scene, ViewLayer | Updating Mesh | Computing attributes
Fra:1 Mem:23.18M (Peak 32.67M) | Time:00:00.05 | Mem:0.00M, Peak:0.00M | Scene, ViewLayer | Updating Mesh | Copying Attributes to device
Fra:1 Mem:23.18M (Peak 32.67M) | Time:00:00.05 | Mem:0.65M, Peak:0.65M | Scene, ViewLayer | Updating Scene BVH | Building
Fra:1 Mem:23.18M (Peak 32.67M) | Time:00:00.05 | Mem:0.65M, Peak:0.65M | Scene, ViewLayer | Updating Scene BVH | Building BVH
Fra:1 Mem:23.18M (Peak 32.67M) | Time:00:00.05 | Mem:2.03M, Peak:2.03M | Scene, ViewLayer | Updating Scene BVH | Building BVH 0%
Fra:1 Mem:23.18M (Peak 32.67M) | Time:00:00.06 | Mem:2.53M, Peak:3.53M | Scene, ViewLayer | Updating Scene BVH | Copying BVH to device
Fra:1 Mem:23.18M (Peak 32.67M) | Time:00:00.06 | Mem:2.53M, Peak:3.53M | Scene, ViewLayer | Updating Mesh | Computing normals
Fra:1 Mem:24.68M (Peak 32.67M) | Time:00:00.06 | Mem:2.53M, Peak:3.53M | Scene, ViewLayer | Updating Mesh | Copying Mesh to device
Fra:1 Mem:24.68M (Peak 32.67M) | Time:00:00.06 | Mem:4.03M, Peak:4.03M | Scene, ViewLayer | Updating Objects Flags
Fra:1 Mem:24.68M (Peak 32.67M) | Time:00:00.06 | Mem:4.03M, Peak:4.03M | Scene, ViewLayer | Updating Primitive Offsets
Fra:1 Mem:24.68M (Peak 32.67M) | Time:00:00.06 | Mem:4.03M, Peak:4.03M | Scene, ViewLayer | Updating Images
Fra:1 Mem:24.68M (Peak 32.67M) | Time:00:00.06 | Mem:4.03M, Peak:4.03M | Scene, ViewLayer | Updating Images | Loading 00194.exr
Fra:1 Mem:24.80M (Peak 32.67M) | Time:00:00.06 | Mem:4.03M, Peak:4.03M | Scene, ViewLayer | Updating Images | Loading interlaced_0047.jpg
Fra:1 Mem:25.35M (Peak 32.67M) | Time:00:00.08 | Mem:4.69M, Peak:4.69M | Scene, ViewLayer | Updating Camera Volume
Fra:1 Mem:25.35M (Peak 32.67M) | Time:00:00.08 | Mem:4.69M, Peak:4.69M | Scene, ViewLayer | Updating Lookup Tables
Fra:1 Mem:25.35M (Peak 32.67M) | Time:00:00.08 | Mem:4.94M, Peak:4.94M | Scene, ViewLayer | Updating Lights
Fra:1 Mem:25.35M (Peak 32.67M) | Time:00:00.08 | Mem:4.94M, Peak:4.94M | Scene, ViewLayer | Updating Lights | Computing distribution
Fra:1 Mem:25.35M (Peak 32.67M) | Time:00:00.08 | Mem:4.94M, Peak:4.94M | Scene, ViewLayer | Updating Lights | Importance map
Fra:1 Mem:89.38M (Peak 377.48M) | Time:00:00.21 | Mem:68.98M, Peak:228.95M | Scene, ViewLayer | Updating Integrator
Fra:1 Mem:89.39M (Peak 377.48M) | Time:00:00.22 | Mem:68.99M, Peak:228.95M | Scene, ViewLayer | Updating Film
Fra:1 Mem:89.39M (Peak 377.48M) | Time:00:00.22 | Mem:68.74M, Peak:228.95M | Scene, ViewLayer | Updating Lookup Tables
Fra:1 Mem:89.39M (Peak 377.48M) | Time:00:00.22 | Mem:69.00M, Peak:228.95M | Scene, ViewLayer | Updating Baking
Fra:1 Mem:89.39M (Peak 377.48M) | Time:00:00.22 | Mem:69.00M, Peak:228.95M | Scene, ViewLayer | Updating Device | Writing constant memory
Fra:1 Mem:89.39M (Peak 377.48M) | Time:00:00.22 | Mem:69.00M, Peak:228.95M | Scene, ViewLayer | Sample 0/32
Fra:1 Mem:108.48M (Peak 377.48M) | Time:00:00.22 | Remaining:00:00.28 | Mem:88.00M, Peak:228.95M | Scene, ViewLayer | Sample 1/32
Fra:1 Mem:116.48M (Peak 377.48M) | Time:00:00.52 | Mem:88.00M, Peak:228.95M | Scene, ViewLayer | Sample 32/32
Fra:1 Mem:116.48M (Peak 377.48M) | Time:00:00.52 | Mem:88.00M, Peak:228.95M | Scene, ViewLayer | Finished
Saved: '/home/janus/iwi9-datasets/objaverse-rendering/no_textures_5/55bf1cb4ae154f4c8a7a9c43ef855813/000.png'
 Time: 00:00.71 (Saving: 00:00.19)

Fra:1 Mem:25.02M (Peak 28.48M) | Time:00:00.00 | Mem:0.00M, Peak:0.00M | Scene, ViewLayer | Synchronizing object | QUETZA_QUETZA_0
Fra:1 Mem:26.42M (Peak 32.69M) | Time:00:00.01 | Mem:0.00M, Peak:0.00M | Scene, ViewLayer | Initializing
Fra:1 Mem:21.96M (Peak 32.69M) | Time:00:00.01 | Mem:0.00M, Peak:0.00M | Scene, ViewLayer | Waiting for render to start
Fra:1 Mem:21.97M (Peak 32.69M) | Time:00:00.01 | Mem:0.00M, Peak:0.00M | Scene, ViewLayer | Loading render kernels (may take a few minutes the first time)
Fra:1 Mem:21.97M (Peak 32.69M) | Time:00:00.01 | Mem:0.00M, Peak:0.00M | Scene, ViewLayer | Updating Scene
Fra:1 Mem:21.97M (Peak 32.69M) | Time:00:00.01 | Mem:0.00M, Peak:0.00M | Scene, ViewLayer | Updating Shaders
Fra:1 Mem:22.22M (Peak 32.69M) | Time:00:00.02 | Mem:0.00M, Peak:0.00M | Scene, ViewLayer | Updating Procedurals
Fra:1 Mem:22.22M (Peak 32.69M) | Time:00:00.02 | Mem:0.00M, Peak:0.00M | Scene, ViewLayer | Updating Background
Fra:1 Mem:22.22M (Peak 32.69M) | Time:00:00.02 | Mem:0.00M, Peak:0.00M | Scene, ViewLayer | Updating Camera
Fra:1 Mem:22.22M (Peak 32.69M) | Time:00:00.02 | Mem:0.00M, Peak:0.00M | Scene, ViewLayer | Updating Meshes Flags
Fra:1 Mem:22.22M (Peak 32.69M) | Time:00:00.02 | Mem:0.00M, Peak:0.00M | Scene, ViewLayer | Updating Objects
Fra:1 Mem:22.22M (Peak 32.69M) | Time:00:00.02 | Mem:0.00M, Peak:0.00M | Scene, ViewLayer | Updating Objects | Copying Transformations to device
Fra:1 Mem:22.22M (Peak 32.69M) | Time:00:00.02 | Mem:0.00M, Peak:0.00M | Scene, ViewLayer | Updating Objects | Applying Static Transformations
Fra:1 Mem:22.22M (Peak 32.69M) | Time:00:00.02 | Mem:0.00M, Peak:0.00M | Scene, ViewLayer | Updating Particle Systems
Fra:1 Mem:22.22M (Peak 32.69M) | Time:00:00.02 | Mem:0.00M, Peak:0.00M | Scene, ViewLayer | Updating Particle Systems | Copying Particles to device
Fra:1 Mem:22.22M (Peak 32.69M) | Time:00:00.02 | Mem:0.00M, Peak:0.00M | Scene, ViewLayer | Updating Meshes
Fra:1 Mem:22.56M (Peak 32.69M) | Time:00:00.02 | Mem:0.00M, Peak:0.00M | Scene, ViewLayer | Updating Mesh | Computing attributes
Fra:1 Mem:23.20M (Peak 32.69M) | Time:00:00.02 | Mem:0.00M, Peak:0.00M | Scene, ViewLayer | Updating Mesh | Copying Attributes to device
Fra:1 Mem:23.20M (Peak 32.69M) | Time:00:00.02 | Mem:0.65M, Peak:0.65M | Scene, ViewLayer | Updating Scene BVH | Building
Fra:1 Mem:23.20M (Peak 32.69M) | Time:00:00.02 | Mem:0.65M, Peak:0.65M | Scene, ViewLayer | Updating Scene BVH | Building BVH
Fra:1 Mem:23.20M (Peak 32.69M) | Time:00:00.02 | Mem:2.03M, Peak:2.03M | Scene, ViewLayer | Updating Scene BVH | Building BVH 0%
Fra:1 Mem:23.20M (Peak 32.69M) | Time:00:00.02 | Mem:2.53M, Peak:3.53M | Scene, ViewLayer | Updating Scene BVH | Copying BVH to device
Fra:1 Mem:23.20M (Peak 32.69M) | Time:00:00.02 | Mem:2.53M, Peak:3.53M | Scene, ViewLayer | Updating Mesh | Computing normals
Fra:1 Mem:24.70M (Peak 32.69M) | Time:00:00.02 | Mem:2.53M, Peak:3.53M | Scene, ViewLayer | Updating Mesh | Copying Mesh to device
Fra:1 Mem:24.70M (Peak 32.69M) | Time:00:00.02 | Mem:4.03M, Peak:4.03M | Scene, ViewLayer | Updating Objects Flags
Fra:1 Mem:24.70M (Peak 32.69M) | Time:00:00.02 | Mem:4.03M, Peak:4.03M | Scene, ViewLayer | Updating Primitive Offsets
Fra:1 Mem:24.70M (Peak 32.69M) | Time:00:00.02 | Mem:4.03M, Peak:4.03M | Scene, ViewLayer | Updating Images
Fra:1 Mem:24.70M (Peak 32.69M) | Time:00:00.02 | Mem:4.03M, Peak:4.03M | Scene, ViewLayer | Updating Images | Loading 00194.exr
Fra:1 Mem:24.83M (Peak 32.69M) | Time:00:00.02 | Mem:4.03M, Peak:4.03M | Scene, ViewLayer | Updating Images | Loading dotted_0196.jpg
Fra:1 Mem:26.34M (Peak 32.69M) | Time:00:00.02 | Mem:5.65M, Peak:5.65M | Scene, ViewLayer | Updating Camera Volume
Fra:1 Mem:26.34M (Peak 32.69M) | Time:00:00.02 | Mem:5.65M, Peak:5.65M | Scene, ViewLayer | Updating Lookup Tables
Fra:1 Mem:26.34M (Peak 32.69M) | Time:00:00.02 | Mem:5.90M, Peak:5.90M | Scene, ViewLayer | Updating Lights
Fra:1 Mem:26.34M (Peak 32.69M) | Time:00:00.02 | Mem:5.90M, Peak:5.90M | Scene, ViewLayer | Updating Lights | Computing distribution
Fra:1 Mem:26.34M (Peak 32.69M) | Time:00:00.02 | Mem:5.90M, Peak:5.90M | Scene, ViewLayer | Updating Lights | Importance map
Fra:1 Mem:90.37M (Peak 378.47M) | Time:00:00.17 | Mem:69.95M, Peak:229.92M | Scene, ViewLayer | Updating Integrator
Fra:1 Mem:90.38M (Peak 378.47M) | Time:00:00.17 | Mem:69.96M, Peak:229.92M | Scene, ViewLayer | Updating Film
Fra:1 Mem:90.38M (Peak 378.47M) | Time:00:00.17 | Mem:69.71M, Peak:229.92M | Scene, ViewLayer | Updating Lookup Tables
Fra:1 Mem:90.38M (Peak 378.47M) | Time:00:00.17 | Mem:69.96M, Peak:229.92M | Scene, ViewLayer | Updating Baking
Fra:1 Mem:90.38M (Peak 378.47M) | Time:00:00.17 | Mem:69.96M, Peak:229.92M | Scene, ViewLayer | Updating Device | Writing constant memory
Fra:1 Mem:90.38M (Peak 378.47M) | Time:00:00.17 | Mem:69.96M, Peak:229.92M | Scene, ViewLayer | Sample 0/32
Fra:1 Mem:109.47M (Peak 378.47M) | Time:00:00.18 | Remaining:00:00.30 | Mem:88.96M, Peak:229.92M | Scene, ViewLayer | Sample 1/32
Fra:1 Mem:117.47M (Peak 378.47M) | Time:00:00.49 | Mem:88.96M, Peak:229.92M | Scene, ViewLayer | Sample 32/32
Fra:1 Mem:117.47M (Peak 378.47M) | Time:00:00.49 | Mem:88.96M, Peak:229.92M | Scene, ViewLayer | Finished
Saved: '/home/janus/iwi9-datasets/objaverse-rendering/no_textures_5/55bf1cb4ae154f4c8a7a9c43ef855813/001.png'
 Time: 00:00.52 (Saving: 00:00.03)

Fra:1 Mem:25.04M (Peak 28.57M) | Time:00:00.00 | Mem:0.00M, Peak:0.00M | Scene, ViewLayer | Synchronizing object | QUETZA_QUETZA_0
Fra:1 Mem:26.44M (Peak 32.97M) | Time:00:00.01 | Mem:0.00M, Peak:0.00M | Scene, ViewLayer | Initializing
Fra:1 Mem:21.99M (Peak 32.97M) | Time:00:00.01 | Mem:0.00M, Peak:0.00M | Scene, ViewLayer | Waiting for render to start
Fra:1 Mem:21.99M (Peak 32.97M) | Time:00:00.01 | Mem:0.00M, Peak:0.00M | Scene, ViewLayer | Loading render kernels (may take a few minutes the first time)
Fra:1 Mem:21.99M (Peak 32.97M) | Time:00:00.01 | Mem:0.00M, Peak:0.00M | Scene, ViewLayer | Updating Scene
Fra:1 Mem:21.99M (Peak 32.97M) | Time:00:00.01 | Mem:0.00M, Peak:0.00M | Scene, ViewLayer | Updating Shaders
Fra:1 Mem:22.24M (Peak 32.97M) | Time:00:00.02 | Mem:0.00M, Peak:0.00M | Scene, ViewLayer | Updating Procedurals
Fra:1 Mem:22.24M (Peak 32.97M) | Time:00:00.02 | Mem:0.00M, Peak:0.00M | Scene, ViewLayer | Updating Background
Fra:1 Mem:22.24M (Peak 32.97M) | Time:00:00.02 | Mem:0.00M, Peak:0.00M | Scene, ViewLayer | Updating Camera
Fra:1 Mem:22.24M (Peak 32.97M) | Time:00:00.02 | Mem:0.00M, Peak:0.00M | Scene, ViewLayer | Updating Meshes Flags
Fra:1 Mem:22.24M (Peak 32.97M) | Time:00:00.02 | Mem:0.00M, Peak:0.00M | Scene, ViewLayer | Updating Objects
Fra:1 Mem:22.24M (Peak 32.97M) | Time:00:00.02 | Mem:0.00M, Peak:0.00M | Scene, ViewLayer | Updating Objects | Copying Transformations to device
Fra:1 Mem:22.24M (Peak 32.97M) | Time:00:00.02 | Mem:0.00M, Peak:0.00M | Scene, ViewLayer | Updating Objects | Applying Static Transformations
Fra:1 Mem:22.24M (Peak 32.97M) | Time:00:00.02 | Mem:0.00M, Peak:0.00M | Scene, ViewLayer | Updating Particle Systems
Fra:1 Mem:22.24M (Peak 32.97M) | Time:00:00.02 | Mem:0.00M, Peak:0.00M | Scene, ViewLayer | Updating Particle Systems | Copying Particles to device
Fra:1 Mem:22.24M (Peak 32.97M) | Time:00:00.02 | Mem:0.00M, Peak:0.00M | Scene, ViewLayer | Updating Meshes
Fra:1 Mem:22.58M (Peak 32.97M) | Time:00:00.02 | Mem:0.00M, Peak:0.00M | Scene, ViewLayer | Updating Mesh | Computing attributes
Fra:1 Mem:23.23M (Peak 32.97M) | Time:00:00.02 | Mem:0.00M, Peak:0.00M | Scene, ViewLayer | Updating Mesh | Copying Attributes to device
Fra:1 Mem:23.23M (Peak 32.97M) | Time:00:00.02 | Mem:0.65M, Peak:0.65M | Scene, ViewLayer | Updating Scene BVH | Building
Fra:1 Mem:23.23M (Peak 32.97M) | Time:00:00.02 | Mem:0.65M, Peak:0.65M | Scene, ViewLayer | Updating Scene BVH | Building BVH
Fra:1 Mem:23.23M (Peak 32.97M) | Time:00:00.02 | Mem:2.03M, Peak:2.03M | Scene, ViewLayer | Updating Scene BVH | Building BVH 0%
Fra:1 Mem:23.23M (Peak 32.97M) | Time:00:00.02 | Mem:2.53M, Peak:3.53M | Scene, ViewLayer | Updating Scene BVH | Copying BVH to device
Fra:1 Mem:23.23M (Peak 32.97M) | Time:00:00.02 | Mem:2.53M, Peak:3.53M | Scene, ViewLayer | Updating Mesh | Computing normals
Fra:1 Mem:24.72M (Peak 32.97M) | Time:00:00.02 | Mem:2.53M, Peak:3.53M | Scene, ViewLayer | Updating Mesh | Copying Mesh to device
Fra:1 Mem:24.72M (Peak 32.97M) | Time:00:00.02 | Mem:4.03M, Peak:4.03M | Scene, ViewLayer | Updating Objects Flags
Fra:1 Mem:24.72M (Peak 32.97M) | Time:00:00.02 | Mem:4.03M, Peak:4.03M | Scene, ViewLayer | Updating Primitive Offsets
Fra:1 Mem:24.72M (Peak 32.97M) | Time:00:00.02 | Mem:4.03M, Peak:4.03M | Scene, ViewLayer | Updating Images
Fra:1 Mem:24.72M (Peak 32.97M) | Time:00:00.02 | Mem:4.03M, Peak:4.03M | Scene, ViewLayer | Updating Images | Loading 00194.exr
Fra:1 Mem:24.85M (Peak 32.97M) | Time:00:00.02 | Mem:4.03M, Peak:4.03M | Scene, ViewLayer | Updating Images | Loading knitted_0114.jpg
Fra:1 Mem:26.03M (Peak 32.97M) | Time:00:00.03 | Mem:5.33M, Peak:5.33M | Scene, ViewLayer | Updating Camera Volume
Fra:1 Mem:26.03M (Peak 32.97M) | Time:00:00.03 | Mem:5.33M, Peak:5.33M | Scene, ViewLayer | Updating Lookup Tables
Fra:1 Mem:26.03M (Peak 32.97M) | Time:00:00.03 | Mem:5.58M, Peak:5.58M | Scene, ViewLayer | Updating Lights
Fra:1 Mem:26.04M (Peak 32.97M) | Time:00:00.03 | Mem:5.58M, Peak:5.58M | Scene, ViewLayer | Updating Lights | Computing distribution
Fra:1 Mem:26.04M (Peak 32.97M) | Time:00:00.03 | Mem:5.58M, Peak:5.58M | Scene, ViewLayer | Updating Lights | Importance map
Fra:1 Mem:90.07M (Peak 378.16M) | Time:00:00.17 | Mem:69.62M, Peak:229.59M | Scene, ViewLayer | Updating Integrator
Fra:1 Mem:90.07M (Peak 378.16M) | Time:00:00.17 | Mem:69.63M, Peak:229.59M | Scene, ViewLayer | Updating Film
Fra:1 Mem:90.08M (Peak 378.16M) | Time:00:00.17 | Mem:69.38M, Peak:229.59M | Scene, ViewLayer | Updating Lookup Tables
Fra:1 Mem:90.08M (Peak 378.16M) | Time:00:00.17 | Mem:69.64M, Peak:229.59M | Scene, ViewLayer | Updating Baking
Fra:1 Mem:90.08M (Peak 378.16M) | Time:00:00.17 | Mem:69.64M, Peak:229.59M | Scene, ViewLayer | Updating Device | Writing constant memory
Fra:1 Mem:90.08M (Peak 378.16M) | Time:00:00.17 | Mem:69.64M, Peak:229.59M | Scene, ViewLayer | Sample 0/32
Fra:1 Mem:109.17M (Peak 378.16M) | Time:00:00.18 | Remaining:00:00.38 | Mem:88.64M, Peak:229.59M | Scene, ViewLayer | Sample 1/32
Fra:1 Mem:117.17M (Peak 378.16M) | Time:00:00.54 | Mem:88.64M, Peak:229.59M | Scene, ViewLayer | Sample 32/32
Fra:1 Mem:117.17M (Peak 378.16M) | Time:00:00.54 | Mem:88.64M, Peak:229.59M | Scene, ViewLayer | Finished
Saved: '/home/janus/iwi9-datasets/objaverse-rendering/no_textures_5/55bf1cb4ae154f4c8a7a9c43ef855813/002.png'
 Time: 00:00.58 (Saving: 00:00.03)

Fra:1 Mem:25.07M (Peak 28.59M) | Time:00:00.00 | Mem:0.00M, Peak:0.00M | Scene, ViewLayer | Synchronizing object | QUETZA_QUETZA_0
Fra:1 Mem:26.47M (Peak 32.94M) | Time:00:00.01 | Mem:0.00M, Peak:0.00M | Scene, ViewLayer | Initializing
Fra:1 Mem:22.01M (Peak 32.94M) | Time:00:00.01 | Mem:0.00M, Peak:0.00M | Scene, ViewLayer | Waiting for render to start
Fra:1 Mem:22.01M (Peak 32.94M) | Time:00:00.01 | Mem:0.00M, Peak:0.00M | Scene, ViewLayer | Loading render kernels (may take a few minutes the first time)
Fra:1 Mem:22.01M (Peak 32.94M) | Time:00:00.01 | Mem:0.00M, Peak:0.00M | Scene, ViewLayer | Updating Scene
Fra:1 Mem:22.01M (Peak 32.94M) | Time:00:00.01 | Mem:0.00M, Peak:0.00M | Scene, ViewLayer | Updating Shaders
Fra:1 Mem:22.26M (Peak 32.94M) | Time:00:00.02 | Mem:0.00M, Peak:0.00M | Scene, ViewLayer | Updating Procedurals
Fra:1 Mem:22.26M (Peak 32.94M) | Time:00:00.02 | Mem:0.00M, Peak:0.00M | Scene, ViewLayer | Updating Background
Fra:1 Mem:22.26M (Peak 32.94M) | Time:00:00.02 | Mem:0.00M, Peak:0.00M | Scene, ViewLayer | Updating Camera
Fra:1 Mem:22.26M (Peak 32.94M) | Time:00:00.02 | Mem:0.00M, Peak:0.00M | Scene, ViewLayer | Updating Meshes Flags
Fra:1 Mem:22.26M (Peak 32.94M) | Time:00:00.02 | Mem:0.00M, Peak:0.00M | Scene, ViewLayer | Updating Objects
Fra:1 Mem:22.26M (Peak 32.94M) | Time:00:00.02 | Mem:0.00M, Peak:0.00M | Scene, ViewLayer | Updating Objects | Copying Transformations to device
Fra:1 Mem:22.26M (Peak 32.94M) | Time:00:00.02 | Mem:0.00M, Peak:0.00M | Scene, ViewLayer | Updating Objects | Applying Static Transformations
Fra:1 Mem:22.26M (Peak 32.94M) | Time:00:00.02 | Mem:0.00M, Peak:0.00M | Scene, ViewLayer | Updating Particle Systems
Fra:1 Mem:22.26M (Peak 32.94M) | Time:00:00.02 | Mem:0.00M, Peak:0.00M | Scene, ViewLayer | Updating Particle Systems | Copying Particles to device
Fra:1 Mem:22.26M (Peak 32.94M) | Time:00:00.02 | Mem:0.00M, Peak:0.00M | Scene, ViewLayer | Updating Meshes
Fra:1 Mem:22.61M (Peak 32.94M) | Time:00:00.02 | Mem:0.00M, Peak:0.00M | Scene, ViewLayer | Updating Mesh | Computing attributes
Fra:1 Mem:23.25M (Peak 32.94M) | Time:00:00.02 | Mem:0.00M, Peak:0.00M | Scene, ViewLayer | Updating Mesh | Copying Attributes to device
Fra:1 Mem:23.25M (Peak 32.94M) | Time:00:00.02 | Mem:0.65M, Peak:0.65M | Scene, ViewLayer | Updating Scene BVH | Building
Fra:1 Mem:23.25M (Peak 32.94M) | Time:00:00.02 | Mem:0.65M, Peak:0.65M | Scene, ViewLayer | Updating Scene BVH | Building BVH
Fra:1 Mem:23.25M (Peak 32.94M) | Time:00:00.02 | Mem:2.03M, Peak:2.03M | Scene, ViewLayer | Updating Scene BVH | Building BVH 0%
Fra:1 Mem:23.25M (Peak 32.94M) | Time:00:00.02 | Mem:2.53M, Peak:3.53M | Scene, ViewLayer | Updating Scene BVH | Copying BVH to device
Fra:1 Mem:23.25M (Peak 32.94M) | Time:00:00.02 | Mem:2.53M, Peak:3.53M | Scene, ViewLayer | Updating Mesh | Computing normals
Fra:1 Mem:24.75M (Peak 32.94M) | Time:00:00.02 | Mem:2.53M, Peak:3.53M | Scene, ViewLayer | Updating Mesh | Copying Mesh to device
Fra:1 Mem:24.75M (Peak 32.94M) | Time:00:00.02 | Mem:4.03M, Peak:4.03M | Scene, ViewLayer | Updating Objects Flags
Fra:1 Mem:24.75M (Peak 32.94M) | Time:00:00.02 | Mem:4.03M, Peak:4.03M | Scene, ViewLayer | Updating Primitive Offsets
Fra:1 Mem:24.75M (Peak 32.94M) | Time:00:00.02 | Mem:4.03M, Peak:4.03M | Scene, ViewLayer | Updating Images
Fra:1 Mem:24.75M (Peak 32.94M) | Time:00:00.02 | Mem:4.03M, Peak:4.03M | Scene, ViewLayer | Updating Images | Loading 00194.exr
Fra:1 Mem:24.87M (Peak 32.94M) | Time:00:00.02 | Mem:4.03M, Peak:4.03M | Scene, ViewLayer | Updating Images | Loading lacelike_0039.jpg
Fra:1 Mem:26.45M (Peak 32.94M) | Time:00:00.03 | Mem:5.72M, Peak:5.72M | Scene, ViewLayer | Updating Camera Volume
Fra:1 Mem:26.45M (Peak 32.94M) | Time:00:00.03 | Mem:5.72M, Peak:5.72M | Scene, ViewLayer | Updating Lookup Tables
Fra:1 Mem:26.45M (Peak 32.94M) | Time:00:00.03 | Mem:5.97M, Peak:5.97M | Scene, ViewLayer | Updating Lights
Fra:1 Mem:26.45M (Peak 32.94M) | Time:00:00.03 | Mem:5.97M, Peak:5.97M | Scene, ViewLayer | Updating Lights | Computing distribution
Fra:1 Mem:26.45M (Peak 32.94M) | Time:00:00.03 | Mem:5.97M, Peak:5.97M | Scene, ViewLayer | Updating Lights | Importance map
Fra:1 Mem:90.48M (Peak 378.58M) | Time:00:00.17 | Mem:70.01M, Peak:229.98M | Scene, ViewLayer | Updating Integrator
Fra:1 Mem:90.49M (Peak 378.58M) | Time:00:00.17 | Mem:70.02M, Peak:229.98M | Scene, ViewLayer | Updating Film
Fra:1 Mem:90.49M (Peak 378.58M) | Time:00:00.17 | Mem:69.77M, Peak:229.98M | Scene, ViewLayer | Updating Lookup Tables
Fra:1 Mem:90.49M (Peak 378.58M) | Time:00:00.17 | Mem:70.03M, Peak:229.98M | Scene, ViewLayer | Updating Baking
Fra:1 Mem:90.49M (Peak 378.58M) | Time:00:00.17 | Mem:70.03M, Peak:229.98M | Scene, ViewLayer | Updating Device | Writing constant memory
Fra:1 Mem:90.49M (Peak 378.58M) | Time:00:00.17 | Mem:70.03M, Peak:229.98M | Scene, ViewLayer | Sample 0/32
Fra:1 Mem:109.58M (Peak 378.58M) | Time:00:00.18 | Remaining:00:00.40 | Mem:89.03M, Peak:229.98M | Scene, ViewLayer | Sample 1/32
Fra:1 Mem:117.58M (Peak 378.58M) | Time:00:00.60 | Mem:89.03M, Peak:229.98M | Scene, ViewLayer | Sample 32/32
Fra:1 Mem:117.58M (Peak 378.58M) | Time:00:00.60 | Mem:89.03M, Peak:229.98M | Scene, ViewLayer | Finished
Saved: '/home/janus/iwi9-datasets/objaverse-rendering/no_textures_5/55bf1cb4ae154f4c8a7a9c43ef855813/003.png'
 Time: 00:00.63 (Saving: 00:00.03)

Fra:1 Mem:25.09M (Peak 28.63M) | Time:00:00.00 | Mem:0.00M, Peak:0.00M | Scene, ViewLayer | Synchronizing object | QUETZA_QUETZA_0
Fra:1 Mem:26.49M (Peak 32.88M) | Time:00:00.01 | Mem:0.00M, Peak:0.00M | Scene, ViewLayer | Initializing
Fra:1 Mem:22.04M (Peak 32.88M) | Time:00:00.01 | Mem:0.00M, Peak:0.00M | Scene, ViewLayer | Waiting for render to start
Fra:1 Mem:22.04M (Peak 32.88M) | Time:00:00.01 | Mem:0.00M, Peak:0.00M | Scene, ViewLayer | Loading render kernels (may take a few minutes the first time)
Fra:1 Mem:22.04M (Peak 32.88M) | Time:00:00.01 | Mem:0.00M, Peak:0.00M | Scene, ViewLayer | Updating Scene
Fra:1 Mem:22.04M (Peak 32.88M) | Time:00:00.01 | Mem:0.00M, Peak:0.00M | Scene, ViewLayer | Updating Shaders
Fra:1 Mem:22.29M (Peak 32.88M) | Time:00:00.02 | Mem:0.00M, Peak:0.00M | Scene, ViewLayer | Updating Procedurals
Fra:1 Mem:22.29M (Peak 32.88M) | Time:00:00.02 | Mem:0.00M, Peak:0.00M | Scene, ViewLayer | Updating Background
Fra:1 Mem:22.29M (Peak 32.88M) | Time:00:00.02 | Mem:0.00M, Peak:0.00M | Scene, ViewLayer | Updating Camera
Fra:1 Mem:22.29M (Peak 32.88M) | Time:00:00.02 | Mem:0.00M, Peak:0.00M | Scene, ViewLayer | Updating Meshes Flags
Fra:1 Mem:22.29M (Peak 32.88M) | Time:00:00.02 | Mem:0.00M, Peak:0.00M | Scene, ViewLayer | Updating Objects
Fra:1 Mem:22.29M (Peak 32.88M) | Time:00:00.02 | Mem:0.00M, Peak:0.00M | Scene, ViewLayer | Updating Objects | Copying Transformations to device
Fra:1 Mem:22.29M (Peak 32.88M) | Time:00:00.02 | Mem:0.00M, Peak:0.00M | Scene, ViewLayer | Updating Objects | Applying Static Transformations
Fra:1 Mem:22.29M (Peak 32.88M) | Time:00:00.02 | Mem:0.00M, Peak:0.00M | Scene, ViewLayer | Updating Particle Systems
Fra:1 Mem:22.29M (Peak 32.88M) | Time:00:00.02 | Mem:0.00M, Peak:0.00M | Scene, ViewLayer | Updating Particle Systems | Copying Particles to device
Fra:1 Mem:22.29M (Peak 32.88M) | Time:00:00.02 | Mem:0.00M, Peak:0.00M | Scene, ViewLayer | Updating Meshes
Fra:1 Mem:22.63M (Peak 32.88M) | Time:00:00.02 | Mem:0.00M, Peak:0.00M | Scene, ViewLayer | Updating Mesh | Computing attributes
Fra:1 Mem:23.27M (Peak 32.88M) | Time:00:00.02 | Mem:0.00M, Peak:0.00M | Scene, ViewLayer | Updating Mesh | Copying Attributes to device
Fra:1 Mem:23.27M (Peak 32.88M) | Time:00:00.02 | Mem:0.65M, Peak:0.65M | Scene, ViewLayer | Updating Scene BVH | Building
Fra:1 Mem:23.27M (Peak 32.88M) | Time:00:00.02 | Mem:0.65M, Peak:0.65M | Scene, ViewLayer | Updating Scene BVH | Building BVH
Fra:1 Mem:23.27M (Peak 32.88M) | Time:00:00.02 | Mem:2.03M, Peak:2.03M | Scene, ViewLayer | Updating Scene BVH | Building BVH 0%
Fra:1 Mem:23.27M (Peak 32.88M) | Time:00:00.02 | Mem:2.53M, Peak:3.53M | Scene, ViewLayer | Updating Scene BVH | Copying BVH to device
Fra:1 Mem:23.27M (Peak 32.88M) | Time:00:00.02 | Mem:2.53M, Peak:3.53M | Scene, ViewLayer | Updating Mesh | Computing normals
Fra:1 Mem:24.77M (Peak 32.88M) | Time:00:00.02 | Mem:2.53M, Peak:3.53M | Scene, ViewLayer | Updating Mesh | Copying Mesh to device
Fra:1 Mem:24.77M (Peak 32.88M) | Time:00:00.02 | Mem:4.03M, Peak:4.03M | Scene, ViewLayer | Updating Objects Flags
Fra:1 Mem:24.77M (Peak 32.88M) | Time:00:00.02 | Mem:4.03M, Peak:4.03M | Scene, ViewLayer | Updating Primitive Offsets
Fra:1 Mem:24.77M (Peak 32.88M) | Time:00:00.02 | Mem:4.03M, Peak:4.03M | Scene, ViewLayer | Updating Images
Fra:1 Mem:24.77M (Peak 32.88M) | Time:00:00.02 | Mem:4.03M, Peak:4.03M | Scene, ViewLayer | Updating Images | Loading 00194.exr
Fra:1 Mem:24.90M (Peak 32.88M) | Time:00:00.02 | Mem:4.03M, Peak:4.03M | Scene, ViewLayer | Updating Images | Loading fibrous_0154.jpg
Fra:1 Mem:25.94M (Peak 32.88M) | Time:00:00.03 | Mem:5.19M, Peak:5.19M | Scene, ViewLayer | Updating Camera Volume
Fra:1 Mem:25.94M (Peak 32.88M) | Time:00:00.03 | Mem:5.19M, Peak:5.19M | Scene, ViewLayer | Updating Lookup Tables
Fra:1 Mem:25.94M (Peak 32.88M) | Time:00:00.03 | Mem:5.44M, Peak:5.44M | Scene, ViewLayer | Updating Lights
Fra:1 Mem:25.94M (Peak 32.88M) | Time:00:00.03 | Mem:5.44M, Peak:5.44M | Scene, ViewLayer | Updating Lights | Computing distribution
Fra:1 Mem:25.94M (Peak 32.88M) | Time:00:00.03 | Mem:5.44M, Peak:5.44M | Scene, ViewLayer | Updating Lights | Importance map
Fra:1 Mem:89.97M (Peak 378.07M) | Time:00:00.17 | Mem:69.48M, Peak:229.45M | Scene, ViewLayer | Updating Integrator
Fra:1 Mem:89.98M (Peak 378.07M) | Time:00:00.17 | Mem:69.49M, Peak:229.45M | Scene, ViewLayer | Updating Film
Fra:1 Mem:89.98M (Peak 378.07M) | Time:00:00.17 | Mem:69.24M, Peak:229.45M | Scene, ViewLayer | Updating Lookup Tables
Fra:1 Mem:89.98M (Peak 378.07M) | Time:00:00.17 | Mem:69.49M, Peak:229.45M | Scene, ViewLayer | Updating Baking
Fra:1 Mem:89.98M (Peak 378.07M) | Time:00:00.17 | Mem:69.49M, Peak:229.45M | Scene, ViewLayer | Updating Device | Writing constant memory
Fra:1 Mem:89.98M (Peak 378.07M) | Time:00:00.17 | Mem:69.49M, Peak:229.45M | Scene, ViewLayer | Sample 0/32
Fra:1 Mem:109.07M (Peak 378.07M) | Time:00:00.18 | Remaining:00:00.37 | Mem:88.49M, Peak:229.45M | Scene, ViewLayer | Sample 1/32
Fra:1 Mem:117.07M (Peak 378.07M) | Time:00:00.60 | Mem:88.49M, Peak:229.45M | Scene, ViewLayer | Sample 32/32
Fra:1 Mem:117.07M (Peak 378.07M) | Time:00:00.60 | Mem:88.49M, Peak:229.45M | Scene, ViewLayer | Finished
Saved: '/home/janus/iwi9-datasets/objaverse-rendering/no_textures_5/55bf1cb4ae154f4c8a7a9c43ef855813/004.png'
 Time: 00:00.64 (Saving: 00:00.03)

Fra:1 Mem:25.11M (Peak 28.64M) | Time:00:00.00 | Mem:0.00M, Peak:0.00M | Scene, ViewLayer | Synchronizing object | QUETZA_QUETZA_0
Fra:1 Mem:26.52M (Peak 32.91M) | Time:00:00.01 | Mem:0.00M, Peak:0.00M | Scene, ViewLayer | Initializing
Fra:1 Mem:22.06M (Peak 32.91M) | Time:00:00.02 | Mem:0.00M, Peak:0.00M | Scene, ViewLayer | Waiting for render to start
Fra:1 Mem:22.06M (Peak 32.91M) | Time:00:00.02 | Mem:0.00M, Peak:0.00M | Scene, ViewLayer | Loading render kernels (may take a few minutes the first time)
Fra:1 Mem:22.06M (Peak 32.91M) | Time:00:00.02 | Mem:0.00M, Peak:0.00M | Scene, ViewLayer | Updating Scene
Fra:1 Mem:22.06M (Peak 32.91M) | Time:00:00.02 | Mem:0.00M, Peak:0.00M | Scene, ViewLayer | Updating Shaders
Fra:1 Mem:22.31M (Peak 32.91M) | Time:00:00.02 | Mem:0.00M, Peak:0.00M | Scene, ViewLayer | Updating Procedurals
Fra:1 Mem:22.31M (Peak 32.91M) | Time:00:00.02 | Mem:0.00M, Peak:0.00M | Scene, ViewLayer | Updating Background
Fra:1 Mem:22.31M (Peak 32.91M) | Time:00:00.02 | Mem:0.00M, Peak:0.00M | Scene, ViewLayer | Updating Camera
Fra:1 Mem:22.31M (Peak 32.91M) | Time:00:00.02 | Mem:0.00M, Peak:0.00M | Scene, ViewLayer | Updating Meshes Flags
Fra:1 Mem:22.31M (Peak 32.91M) | Time:00:00.02 | Mem:0.00M, Peak:0.00M | Scene, ViewLayer | Updating Objects
Fra:1 Mem:22.31M (Peak 32.91M) | Time:00:00.02 | Mem:0.00M, Peak:0.00M | Scene, ViewLayer | Updating Objects | Copying Transformations to device
Fra:1 Mem:22.31M (Peak 32.91M) | Time:00:00.02 | Mem:0.00M, Peak:0.00M | Scene, ViewLayer | Updating Objects | Applying Static Transformations
Fra:1 Mem:22.31M (Peak 32.91M) | Time:00:00.02 | Mem:0.00M, Peak:0.00M | Scene, ViewLayer | Updating Particle Systems
Fra:1 Mem:22.31M (Peak 32.91M) | Time:00:00.02 | Mem:0.00M, Peak:0.00M | Scene, ViewLayer | Updating Particle Systems | Copying Particles to device
Fra:1 Mem:22.31M (Peak 32.91M) | Time:00:00.02 | Mem:0.00M, Peak:0.00M | Scene, ViewLayer | Updating Meshes
Fra:1 Mem:22.65M (Peak 32.91M) | Time:00:00.02 | Mem:0.00M, Peak:0.00M | Scene, ViewLayer | Updating Mesh | Computing attributes
Fra:1 Mem:23.30M (Peak 32.91M) | Time:00:00.02 | Mem:0.00M, Peak:0.00M | Scene, ViewLayer | Updating Mesh | Copying Attributes to device
Fra:1 Mem:23.30M (Peak 32.91M) | Time:00:00.02 | Mem:0.65M, Peak:0.65M | Scene, ViewLayer | Updating Scene BVH | Building
Fra:1 Mem:23.30M (Peak 32.91M) | Time:00:00.02 | Mem:0.65M, Peak:0.65M | Scene, ViewLayer | Updating Scene BVH | Building BVH
Fra:1 Mem:23.30M (Peak 32.91M) | Time:00:00.02 | Mem:2.03M, Peak:2.03M | Scene, ViewLayer | Updating Scene BVH | Building BVH 0%
Fra:1 Mem:23.30M (Peak 32.91M) | Time:00:00.02 | Mem:2.53M, Peak:3.53M | Scene, ViewLayer | Updating Scene BVH | Copying BVH to device
Fra:1 Mem:23.30M (Peak 32.91M) | Time:00:00.02 | Mem:2.53M, Peak:3.53M | Scene, ViewLayer | Updating Mesh | Computing normals
Fra:1 Mem:24.80M (Peak 32.91M) | Time:00:00.02 | Mem:2.53M, Peak:3.53M | Scene, ViewLayer | Updating Mesh | Copying Mesh to device
Fra:1 Mem:24.80M (Peak 32.91M) | Time:00:00.02 | Mem:4.03M, Peak:4.03M | Scene, ViewLayer | Updating Objects Flags
Fra:1 Mem:24.80M (Peak 32.91M) | Time:00:00.02 | Mem:4.03M, Peak:4.03M | Scene, ViewLayer | Updating Primitive Offsets
Fra:1 Mem:24.80M (Peak 32.91M) | Time:00:00.02 | Mem:4.03M, Peak:4.03M | Scene, ViewLayer | Updating Images
Fra:1 Mem:24.80M (Peak 32.91M) | Time:00:00.02 | Mem:4.03M, Peak:4.03M | Scene, ViewLayer | Updating Images | Loading 00194.exr
Fra:1 Mem:24.92M (Peak 32.91M) | Time:00:00.02 | Mem:4.03M, Peak:4.03M | Scene, ViewLayer | Updating Images | Loading zigzagged_0131.jpg
Fra:1 Mem:26.14M (Peak 32.91M) | Time:00:00.03 | Mem:5.36M, Peak:5.36M | Scene, ViewLayer | Updating Camera Volume
Fra:1 Mem:26.14M (Peak 32.91M) | Time:00:00.03 | Mem:5.36M, Peak:5.36M | Scene, ViewLayer | Updating Lookup Tables
Fra:1 Mem:26.14M (Peak 32.91M) | Time:00:00.03 | Mem:5.61M, Peak:5.61M | Scene, ViewLayer | Updating Lights
Fra:1 Mem:26.14M (Peak 32.91M) | Time:00:00.03 | Mem:5.61M, Peak:5.61M | Scene, ViewLayer | Updating Lights | Computing distribution
Fra:1 Mem:26.14M (Peak 32.91M) | Time:00:00.03 | Mem:5.61M, Peak:5.61M | Scene, ViewLayer | Updating Lights | Importance map
Fra:1 Mem:90.17M (Peak 378.27M) | Time:00:00.17 | Mem:69.66M, Peak:229.63M | Scene, ViewLayer | Updating Integrator
Fra:1 Mem:90.18M (Peak 378.27M) | Time:00:00.17 | Mem:69.67M, Peak:229.63M | Scene, ViewLayer | Updating Film
Fra:1 Mem:90.18M (Peak 378.27M) | Time:00:00.17 | Mem:69.42M, Peak:229.63M | Scene, ViewLayer | Updating Lookup Tables
Fra:1 Mem:90.18M (Peak 378.27M) | Time:00:00.17 | Mem:69.67M, Peak:229.63M | Scene, ViewLayer | Updating Baking
Fra:1 Mem:90.18M (Peak 378.27M) | Time:00:00.17 | Mem:69.67M, Peak:229.63M | Scene, ViewLayer | Updating Device | Writing constant memory
Fra:1 Mem:90.18M (Peak 378.27M) | Time:00:00.17 | Mem:69.67M, Peak:229.63M | Scene, ViewLayer | Sample 0/32
Fra:1 Mem:109.27M (Peak 378.27M) | Time:00:00.18 | Remaining:00:00.30 | Mem:88.67M, Peak:229.63M | Scene, ViewLayer | Sample 1/32
Fra:1 Mem:117.27M (Peak 378.27M) | Time:00:00.49 | Mem:88.67M, Peak:229.63M | Scene, ViewLayer | Sample 32/32
Fra:1 Mem:117.27M (Peak 378.27M) | Time:00:00.49 | Mem:88.67M, Peak:229.63M | Scene, ViewLayer | Finished
Saved: '/home/janus/iwi9-datasets/objaverse-rendering/no_textures_5/55bf1cb4ae154f4c8a7a9c43ef855813/005.png'
 Time: 00:00.53 (Saving: 00:00.03)

Fra:1 Mem:25.13M (Peak 28.66M) | Time:00:00.00 | Mem:0.00M, Peak:0.00M | Scene, ViewLayer | Synchronizing object | QUETZA_QUETZA_0
Fra:1 Mem:26.54M (Peak 32.86M) | Time:00:00.01 | Mem:0.00M, Peak:0.00M | Scene, ViewLayer | Initializing
Fra:1 Mem:22.08M (Peak 32.86M) | Time:00:00.01 | Mem:0.00M, Peak:0.00M | Scene, ViewLayer | Waiting for render to start
Fra:1 Mem:22.08M (Peak 32.86M) | Time:00:00.01 | Mem:0.00M, Peak:0.00M | Scene, ViewLayer | Loading render kernels (may take a few minutes the first time)
Fra:1 Mem:22.08M (Peak 32.86M) | Time:00:00.01 | Mem:0.00M, Peak:0.00M | Scene, ViewLayer | Updating Scene
Fra:1 Mem:22.08M (Peak 32.86M) | Time:00:00.01 | Mem:0.00M, Peak:0.00M | Scene, ViewLayer | Updating Shaders
Fra:1 Mem:22.33M (Peak 32.86M) | Time:00:00.02 | Mem:0.00M, Peak:0.00M | Scene, ViewLayer | Updating Procedurals
Fra:1 Mem:22.33M (Peak 32.86M) | Time:00:00.02 | Mem:0.00M, Peak:0.00M | Scene, ViewLayer | Updating Background
Fra:1 Mem:22.33M (Peak 32.86M) | Time:00:00.02 | Mem:0.00M, Peak:0.00M | Scene, ViewLayer | Updating Camera
Fra:1 Mem:22.33M (Peak 32.86M) | Time:00:00.02 | Mem:0.00M, Peak:0.00M | Scene, ViewLayer | Updating Meshes Flags
Fra:1 Mem:22.33M (Peak 32.86M) | Time:00:00.02 | Mem:0.00M, Peak:0.00M | Scene, ViewLayer | Updating Objects
Fra:1 Mem:22.33M (Peak 32.86M) | Time:00:00.02 | Mem:0.00M, Peak:0.00M | Scene, ViewLayer | Updating Objects | Copying Transformations to device
Fra:1 Mem:22.33M (Peak 32.86M) | Time:00:00.02 | Mem:0.00M, Peak:0.00M | Scene, ViewLayer | Updating Objects | Applying Static Transformations
Fra:1 Mem:22.33M (Peak 32.86M) | Time:00:00.02 | Mem:0.00M, Peak:0.00M | Scene, ViewLayer | Updating Particle Systems
Fra:1 Mem:22.33M (Peak 32.86M) | Time:00:00.02 | Mem:0.00M, Peak:0.00M | Scene, ViewLayer | Updating Particle Systems | Copying Particles to device
Fra:1 Mem:22.33M (Peak 32.86M) | Time:00:00.02 | Mem:0.00M, Peak:0.00M | Scene, ViewLayer | Updating Meshes
Fra:1 Mem:22.68M (Peak 32.86M) | Time:00:00.02 | Mem:0.00M, Peak:0.00M | Scene, ViewLayer | Updating Mesh | Computing attributes
Fra:1 Mem:23.32M (Peak 32.86M) | Time:00:00.02 | Mem:0.00M, Peak:0.00M | Scene, ViewLayer | Updating Mesh | Copying Attributes to device
Fra:1 Mem:23.32M (Peak 32.86M) | Time:00:00.02 | Mem:0.65M, Peak:0.65M | Scene, ViewLayer | Updating Scene BVH | Building
Fra:1 Mem:23.32M (Peak 32.86M) | Time:00:00.02 | Mem:0.65M, Peak:0.65M | Scene, ViewLayer | Updating Scene BVH | Building BVH
Fra:1 Mem:23.32M (Peak 32.86M) | Time:00:00.02 | Mem:2.03M, Peak:2.03M | Scene, ViewLayer | Updating Scene BVH | Building BVH 0%
Fra:1 Mem:23.32M (Peak 32.86M) | Time:00:00.02 | Mem:2.53M, Peak:3.53M | Scene, ViewLayer | Updating Scene BVH | Copying BVH to device
Fra:1 Mem:23.32M (Peak 32.86M) | Time:00:00.02 | Mem:2.53M, Peak:3.53M | Scene, ViewLayer | Updating Mesh | Computing normals
Fra:1 Mem:24.82M (Peak 32.86M) | Time:00:00.02 | Mem:2.53M, Peak:3.53M | Scene, ViewLayer | Updating Mesh | Copying Mesh to device
Fra:1 Mem:24.82M (Peak 32.86M) | Time:00:00.02 | Mem:4.03M, Peak:4.03M | Scene, ViewLayer | Updating Objects Flags
Fra:1 Mem:24.82M (Peak 32.86M) | Time:00:00.02 | Mem:4.03M, Peak:4.03M | Scene, ViewLayer | Updating Primitive Offsets
Fra:1 Mem:24.82M (Peak 32.86M) | Time:00:00.02 | Mem:4.03M, Peak:4.03M | Scene, ViewLayer | Updating Images
Fra:1 Mem:24.82M (Peak 32.86M) | Time:00:00.02 | Mem:4.03M, Peak:4.03M | Scene, ViewLayer | Updating Images | Loading 00194.exr
Fra:1 Mem:24.94M (Peak 32.86M) | Time:00:00.02 | Mem:4.03M, Peak:4.03M | Scene, ViewLayer | Updating Images | Loading fibrous_0105.jpg
Fra:1 Mem:26.19M (Peak 32.86M) | Time:00:00.03 | Mem:5.39M, Peak:5.39M | Scene, ViewLayer | Updating Camera Volume
Fra:1 Mem:26.19M (Peak 32.86M) | Time:00:00.03 | Mem:5.39M, Peak:5.39M | Scene, ViewLayer | Updating Lookup Tables
Fra:1 Mem:26.19M (Peak 32.86M) | Time:00:00.03 | Mem:5.64M, Peak:5.64M | Scene, ViewLayer | Updating Lights
Fra:1 Mem:26.19M (Peak 32.86M) | Time:00:00.03 | Mem:5.64M, Peak:5.64M | Scene, ViewLayer | Updating Lights | Computing distribution
Fra:1 Mem:26.19M (Peak 32.86M) | Time:00:00.03 | Mem:5.64M, Peak:5.64M | Scene, ViewLayer | Updating Lights | Importance map
Fra:1 Mem:90.22M (Peak 378.32M) | Time:00:00.17 | Mem:69.68M, Peak:229.65M | Scene, ViewLayer | Updating Integrator
Fra:1 Mem:90.23M (Peak 378.32M) | Time:00:00.17 | Mem:69.69M, Peak:229.65M | Scene, ViewLayer | Updating Film
Fra:1 Mem:90.23M (Peak 378.32M) | Time:00:00.17 | Mem:69.44M, Peak:229.65M | Scene, ViewLayer | Updating Lookup Tables
Fra:1 Mem:90.23M (Peak 378.32M) | Time:00:00.17 | Mem:69.70M, Peak:229.65M | Scene, ViewLayer | Updating Baking
Fra:1 Mem:90.23M (Peak 378.32M) | Time:00:00.17 | Mem:69.70M, Peak:229.65M | Scene, ViewLayer | Updating Device | Writing constant memory
Fra:1 Mem:90.23M (Peak 378.32M) | Time:00:00.17 | Mem:69.70M, Peak:229.65M | Scene, ViewLayer | Sample 0/32
Fra:1 Mem:109.32M (Peak 378.32M) | Time:00:00.17 | Remaining:00:00.27 | Mem:88.70M, Peak:229.65M | Scene, ViewLayer | Sample 1/32
Fra:1 Mem:117.32M (Peak 378.32M) | Time:00:00.47 | Mem:88.70M, Peak:229.65M | Scene, ViewLayer | Sample 32/32
Fra:1 Mem:117.32M (Peak 378.32M) | Time:00:00.47 | Mem:88.70M, Peak:229.65M | Scene, ViewLayer | Finished
Saved: '/home/janus/iwi9-datasets/objaverse-rendering/no_textures_5/55bf1cb4ae154f4c8a7a9c43ef855813/006.png'
 Time: 00:00.51 (Saving: 00:00.03)

Fra:1 Mem:25.16M (Peak 28.69M) | Time:00:00.00 | Mem:0.00M, Peak:0.00M | Scene, ViewLayer | Synchronizing object | QUETZA_QUETZA_0
Fra:1 Mem:26.56M (Peak 33.03M) | Time:00:00.02 | Mem:0.00M, Peak:0.00M | Scene, ViewLayer | Initializing
Fra:1 Mem:22.10M (Peak 33.03M) | Time:00:00.02 | Mem:0.00M, Peak:0.00M | Scene, ViewLayer | Waiting for render to start
Fra:1 Mem:22.11M (Peak 33.03M) | Time:00:00.02 | Mem:0.00M, Peak:0.00M | Scene, ViewLayer | Loading render kernels (may take a few minutes the first time)
Fra:1 Mem:22.11M (Peak 33.03M) | Time:00:00.02 | Mem:0.00M, Peak:0.00M | Scene, ViewLayer | Updating Scene
Fra:1 Mem:22.11M (Peak 33.03M) | Time:00:00.02 | Mem:0.00M, Peak:0.00M | Scene, ViewLayer | Updating Shaders
Fra:1 Mem:22.36M (Peak 33.03M) | Time:00:00.02 | Mem:0.00M, Peak:0.00M | Scene, ViewLayer | Updating Procedurals
Fra:1 Mem:22.36M (Peak 33.03M) | Time:00:00.02 | Mem:0.00M, Peak:0.00M | Scene, ViewLayer | Updating Background
Fra:1 Mem:22.36M (Peak 33.03M) | Time:00:00.02 | Mem:0.00M, Peak:0.00M | Scene, ViewLayer | Updating Camera
Fra:1 Mem:22.36M (Peak 33.03M) | Time:00:00.02 | Mem:0.00M, Peak:0.00M | Scene, ViewLayer | Updating Meshes Flags
Fra:1 Mem:22.36M (Peak 33.03M) | Time:00:00.02 | Mem:0.00M, Peak:0.00M | Scene, ViewLayer | Updating Objects
Fra:1 Mem:22.36M (Peak 33.03M) | Time:00:00.02 | Mem:0.00M, Peak:0.00M | Scene, ViewLayer | Updating Objects | Copying Transformations to device
Fra:1 Mem:22.36M (Peak 33.03M) | Time:00:00.02 | Mem:0.00M, Peak:0.00M | Scene, ViewLayer | Updating Objects | Applying Static Transformations
Fra:1 Mem:22.36M (Peak 33.03M) | Time:00:00.02 | Mem:0.00M, Peak:0.00M | Scene, ViewLayer | Updating Particle Systems
Fra:1 Mem:22.36M (Peak 33.03M) | Time:00:00.02 | Mem:0.00M, Peak:0.00M | Scene, ViewLayer | Updating Particle Systems | Copying Particles to device
Fra:1 Mem:22.36M (Peak 33.03M) | Time:00:00.02 | Mem:0.00M, Peak:0.00M | Scene, ViewLayer | Updating Meshes
Fra:1 Mem:22.70M (Peak 33.03M) | Time:00:00.02 | Mem:0.00M, Peak:0.00M | Scene, ViewLayer | Updating Mesh | Computing attributes
Fra:1 Mem:23.34M (Peak 33.03M) | Time:00:00.02 | Mem:0.00M, Peak:0.00M | Scene, ViewLayer | Updating Mesh | Copying Attributes to device
Fra:1 Mem:23.34M (Peak 33.03M) | Time:00:00.02 | Mem:0.65M, Peak:0.65M | Scene, ViewLayer | Updating Scene BVH | Building
Fra:1 Mem:23.34M (Peak 33.03M) | Time:00:00.02 | Mem:0.65M, Peak:0.65M | Scene, ViewLayer | Updating Scene BVH | Building BVH
Fra:1 Mem:23.34M (Peak 33.03M) | Time:00:00.02 | Mem:2.03M, Peak:2.03M | Scene, ViewLayer | Updating Scene BVH | Building BVH 0%
Fra:1 Mem:23.34M (Peak 33.03M) | Time:00:00.02 | Mem:2.53M, Peak:3.53M | Scene, ViewLayer | Updating Scene BVH | Copying BVH to device
Fra:1 Mem:23.34M (Peak 33.03M) | Time:00:00.02 | Mem:2.53M, Peak:3.53M | Scene, ViewLayer | Updating Mesh | Computing normals
Fra:1 Mem:24.84M (Peak 33.03M) | Time:00:00.02 | Mem:2.53M, Peak:3.53M | Scene, ViewLayer | Updating Mesh | Copying Mesh to device
Fra:1 Mem:24.84M (Peak 33.03M) | Time:00:00.02 | Mem:4.03M, Peak:4.03M | Scene, ViewLayer | Updating Objects Flags
Fra:1 Mem:24.84M (Peak 33.03M) | Time:00:00.02 | Mem:4.03M, Peak:4.03M | Scene, ViewLayer | Updating Primitive Offsets
Fra:1 Mem:24.84M (Peak 33.03M) | Time:00:00.02 | Mem:4.03M, Peak:4.03M | Scene, ViewLayer | Updating Images
Fra:1 Mem:24.84M (Peak 33.03M) | Time:00:00.02 | Mem:4.03M, Peak:4.03M | Scene, ViewLayer | Updating Images | Loading 00194.exr
Fra:1 Mem:24.97M (Peak 33.03M) | Time:00:00.02 | Mem:4.03M, Peak:4.03M | Scene, ViewLayer | Updating Images | Loading meshed_0180.jpg
Fra:1 Mem:25.80M (Peak 33.03M) | Time:00:00.03 | Mem:4.98M, Peak:4.98M | Scene, ViewLayer | Updating Camera Volume
Fra:1 Mem:25.80M (Peak 33.03M) | Time:00:00.03 | Mem:4.98M, Peak:4.98M | Scene, ViewLayer | Updating Lookup Tables
Fra:1 Mem:25.80M (Peak 33.03M) | Time:00:00.03 | Mem:5.23M, Peak:5.23M | Scene, ViewLayer | Updating Lights
Fra:1 Mem:25.80M (Peak 33.03M) | Time:00:00.03 | Mem:5.23M, Peak:5.23M | Scene, ViewLayer | Updating Lights | Computing distribution
Fra:1 Mem:25.80M (Peak 33.03M) | Time:00:00.03 | Mem:5.23M, Peak:5.23M | Scene, ViewLayer | Updating Lights | Importance map
Fra:1 Mem:89.83M (Peak 377.93M) | Time:00:00.17 | Mem:69.28M, Peak:229.24M | Scene, ViewLayer | Updating Integrator
Fra:1 Mem:89.84M (Peak 377.93M) | Time:00:00.17 | Mem:69.28M, Peak:229.24M | Scene, ViewLayer | Updating Film
Fra:1 Mem:89.85M (Peak 377.93M) | Time:00:00.17 | Mem:69.03M, Peak:229.24M | Scene, ViewLayer | Updating Lookup Tables
Fra:1 Mem:89.85M (Peak 377.93M) | Time:00:00.17 | Mem:69.29M, Peak:229.24M | Scene, ViewLayer | Updating Baking
Fra:1 Mem:89.85M (Peak 377.93M) | Time:00:00.17 | Mem:69.29M, Peak:229.24M | Scene, ViewLayer | Updating Device | Writing constant memory
Fra:1 Mem:89.85M (Peak 377.93M) | Time:00:00.17 | Mem:69.29M, Peak:229.24M | Scene, ViewLayer | Sample 0/32
Fra:1 Mem:108.94M (Peak 377.93M) | Time:00:00.18 | Remaining:00:00.30 | Mem:88.29M, Peak:229.24M | Scene, ViewLayer | Sample 1/32
Fra:1 Mem:116.94M (Peak 377.93M) | Time:00:00.49 | Mem:88.29M, Peak:229.24M | Scene, ViewLayer | Sample 32/32
Fra:1 Mem:116.94M (Peak 377.93M) | Time:00:00.49 | Mem:88.29M, Peak:229.24M | Scene, ViewLayer | Finished
Saved: '/home/janus/iwi9-datasets/objaverse-rendering/no_textures_5/55bf1cb4ae154f4c8a7a9c43ef855813/007.png'
 Time: 00:00.52 (Saving: 00:00.03)

Fra:1 Mem:25.18M (Peak 28.77M) | Time:00:00.00 | Mem:0.00M, Peak:0.00M | Scene, ViewLayer | Synchronizing object | QUETZA_QUETZA_0
Fra:1 Mem:26.58M (Peak 32.92M) | Time:00:00.01 | Mem:0.00M, Peak:0.00M | Scene, ViewLayer | Initializing
Fra:1 Mem:22.13M (Peak 32.92M) | Time:00:00.01 | Mem:0.00M, Peak:0.00M | Scene, ViewLayer | Waiting for render to start
Fra:1 Mem:22.13M (Peak 32.92M) | Time:00:00.01 | Mem:0.00M, Peak:0.00M | Scene, ViewLayer | Loading render kernels (may take a few minutes the first time)
Fra:1 Mem:22.13M (Peak 32.92M) | Time:00:00.01 | Mem:0.00M, Peak:0.00M | Scene, ViewLayer | Updating Scene
Fra:1 Mem:22.13M (Peak 32.92M) | Time:00:00.01 | Mem:0.00M, Peak:0.00M | Scene, ViewLayer | Updating Shaders
Fra:1 Mem:22.38M (Peak 32.92M) | Time:00:00.02 | Mem:0.00M, Peak:0.00M | Scene, ViewLayer | Updating Procedurals
Fra:1 Mem:22.38M (Peak 32.92M) | Time:00:00.02 | Mem:0.00M, Peak:0.00M | Scene, ViewLayer | Updating Background
Fra:1 Mem:22.38M (Peak 32.92M) | Time:00:00.02 | Mem:0.00M, Peak:0.00M | Scene, ViewLayer | Updating Camera
Fra:1 Mem:22.38M (Peak 32.92M) | Time:00:00.02 | Mem:0.00M, Peak:0.00M | Scene, ViewLayer | Updating Meshes Flags
Fra:1 Mem:22.38M (Peak 32.92M) | Time:00:00.02 | Mem:0.00M, Peak:0.00M | Scene, ViewLayer | Updating Objects
Fra:1 Mem:22.38M (Peak 32.92M) | Time:00:00.02 | Mem:0.00M, Peak:0.00M | Scene, ViewLayer | Updating Objects | Copying Transformations to device
Fra:1 Mem:22.38M (Peak 32.92M) | Time:00:00.02 | Mem:0.00M, Peak:0.00M | Scene, ViewLayer | Updating Objects | Applying Static Transformations
Fra:1 Mem:22.38M (Peak 32.92M) | Time:00:00.02 | Mem:0.00M, Peak:0.00M | Scene, ViewLayer | Updating Particle Systems
Fra:1 Mem:22.38M (Peak 32.92M) | Time:00:00.02 | Mem:0.00M, Peak:0.00M | Scene, ViewLayer | Updating Particle Systems | Copying Particles to device
Fra:1 Mem:22.38M (Peak 32.92M) | Time:00:00.02 | Mem:0.00M, Peak:0.00M | Scene, ViewLayer | Updating Meshes
Fra:1 Mem:22.72M (Peak 32.92M) | Time:00:00.02 | Mem:0.00M, Peak:0.00M | Scene, ViewLayer | Updating Mesh | Computing attributes
Fra:1 Mem:23.36M (Peak 32.92M) | Time:00:00.02 | Mem:0.00M, Peak:0.00M | Scene, ViewLayer | Updating Mesh | Copying Attributes to device
Fra:1 Mem:23.36M (Peak 32.92M) | Time:00:00.02 | Mem:0.65M, Peak:0.65M | Scene, ViewLayer | Updating Scene BVH | Building
Fra:1 Mem:23.36M (Peak 32.92M) | Time:00:00.02 | Mem:0.65M, Peak:0.65M | Scene, ViewLayer | Updating Scene BVH | Building BVH
Fra:1 Mem:23.36M (Peak 32.92M) | Time:00:00.02 | Mem:2.03M, Peak:2.03M | Scene, ViewLayer | Updating Scene BVH | Building BVH 0%
Fra:1 Mem:23.36M (Peak 32.92M) | Time:00:00.02 | Mem:2.53M, Peak:3.53M | Scene, ViewLayer | Updating Scene BVH | Copying BVH to device
Fra:1 Mem:23.36M (Peak 32.92M) | Time:00:00.02 | Mem:2.53M, Peak:3.53M | Scene, ViewLayer | Updating Mesh | Computing normals
Fra:1 Mem:24.86M (Peak 32.92M) | Time:00:00.02 | Mem:2.53M, Peak:3.53M | Scene, ViewLayer | Updating Mesh | Copying Mesh to device
Fra:1 Mem:24.86M (Peak 32.92M) | Time:00:00.02 | Mem:4.03M, Peak:4.03M | Scene, ViewLayer | Updating Objects Flags
Fra:1 Mem:24.86M (Peak 32.92M) | Time:00:00.02 | Mem:4.03M, Peak:4.03M | Scene, ViewLayer | Updating Primitive Offsets
Fra:1 Mem:24.86M (Peak 32.92M) | Time:00:00.02 | Mem:4.03M, Peak:4.03M | Scene, ViewLayer | Updating Images
Fra:1 Mem:24.86M (Peak 32.92M) | Time:00:00.02 | Mem:4.03M, Peak:4.03M | Scene, ViewLayer | Updating Images | Loading 00194.exr
Fra:1 Mem:24.99M (Peak 32.92M) | Time:00:00.02 | Mem:4.03M, Peak:4.03M | Scene, ViewLayer | Updating Images | Loading studded_0069.jpg
Fra:1 Mem:25.40M (Peak 32.92M) | Time:00:00.03 | Mem:4.56M, Peak:4.56M | Scene, ViewLayer | Updating Camera Volume
Fra:1 Mem:25.40M (Peak 32.92M) | Time:00:00.03 | Mem:4.56M, Peak:4.56M | Scene, ViewLayer | Updating Lookup Tables
Fra:1 Mem:25.40M (Peak 32.92M) | Time:00:00.03 | Mem:4.81M, Peak:4.81M | Scene, ViewLayer | Updating Lights
Fra:1 Mem:25.40M (Peak 32.92M) | Time:00:00.03 | Mem:4.81M, Peak:4.81M | Scene, ViewLayer | Updating Lights | Computing distribution
Fra:1 Mem:25.40M (Peak 32.92M) | Time:00:00.03 | Mem:4.81M, Peak:4.81M | Scene, ViewLayer | Updating Lights | Importance map
Fra:1 Mem:89.43M (Peak 377.53M) | Time:00:00.17 | Mem:68.85M, Peak:228.82M | Scene, ViewLayer | Updating Integrator
Fra:1 Mem:89.44M (Peak 377.53M) | Time:00:00.17 | Mem:68.86M, Peak:228.82M | Scene, ViewLayer | Updating Film
Fra:1 Mem:89.44M (Peak 377.53M) | Time:00:00.17 | Mem:68.61M, Peak:228.82M | Scene, ViewLayer | Updating Lookup Tables
Fra:1 Mem:89.44M (Peak 377.53M) | Time:00:00.17 | Mem:68.86M, Peak:228.82M | Scene, ViewLayer | Updating Baking
Fra:1 Mem:89.44M (Peak 377.53M) | Time:00:00.17 | Mem:68.86M, Peak:228.82M | Scene, ViewLayer | Updating Device | Writing constant memory
Fra:1 Mem:89.44M (Peak 377.53M) | Time:00:00.17 | Mem:68.86M, Peak:228.82M | Scene, ViewLayer | Sample 0/32
Fra:1 Mem:108.53M (Peak 377.53M) | Time:00:00.18 | Remaining:00:00.31 | Mem:87.86M, Peak:228.82M | Scene, ViewLayer | Sample 1/32
Fra:1 Mem:116.53M (Peak 377.53M) | Time:00:00.49 | Mem:87.86M, Peak:228.82M | Scene, ViewLayer | Sample 32/32
Fra:1 Mem:116.53M (Peak 377.53M) | Time:00:00.49 | Mem:87.86M, Peak:228.82M | Scene, ViewLayer | Finished
Saved: '/home/janus/iwi9-datasets/objaverse-rendering/no_textures_5/55bf1cb4ae154f4c8a7a9c43ef855813/008.png'
 Time: 00:00.53 (Saving: 00:00.03)

Fra:1 Mem:25.20M (Peak 28.73M) | Time:00:00.00 | Mem:0.00M, Peak:0.00M | Scene, ViewLayer | Synchronizing object | QUETZA_QUETZA_0
Fra:1 Mem:26.61M (Peak 33.01M) | Time:00:00.01 | Mem:0.00M, Peak:0.00M | Scene, ViewLayer | Initializing
Fra:1 Mem:22.15M (Peak 33.01M) | Time:00:00.01 | Mem:0.00M, Peak:0.00M | Scene, ViewLayer | Waiting for render to start
Fra:1 Mem:22.15M (Peak 33.01M) | Time:00:00.01 | Mem:0.00M, Peak:0.00M | Scene, ViewLayer | Loading render kernels (may take a few minutes the first time)
Fra:1 Mem:22.15M (Peak 33.01M) | Time:00:00.01 | Mem:0.00M, Peak:0.00M | Scene, ViewLayer | Updating Scene
Fra:1 Mem:22.15M (Peak 33.01M) | Time:00:00.01 | Mem:0.00M, Peak:0.00M | Scene, ViewLayer | Updating Shaders
Fra:1 Mem:22.40M (Peak 33.01M) | Time:00:00.02 | Mem:0.00M, Peak:0.00M | Scene, ViewLayer | Updating Procedurals
Fra:1 Mem:22.40M (Peak 33.01M) | Time:00:00.02 | Mem:0.00M, Peak:0.00M | Scene, ViewLayer | Updating Background
Fra:1 Mem:22.40M (Peak 33.01M) | Time:00:00.02 | Mem:0.00M, Peak:0.00M | Scene, ViewLayer | Updating Camera
Fra:1 Mem:22.40M (Peak 33.01M) | Time:00:00.02 | Mem:0.00M, Peak:0.00M | Scene, ViewLayer | Updating Meshes Flags
Fra:1 Mem:22.40M (Peak 33.01M) | Time:00:00.02 | Mem:0.00M, Peak:0.00M | Scene, ViewLayer | Updating Objects
Fra:1 Mem:22.40M (Peak 33.01M) | Time:00:00.02 | Mem:0.00M, Peak:0.00M | Scene, ViewLayer | Updating Objects | Copying Transformations to device
Fra:1 Mem:22.40M (Peak 33.01M) | Time:00:00.02 | Mem:0.00M, Peak:0.00M | Scene, ViewLayer | Updating Objects | Applying Static Transformations
Fra:1 Mem:22.40M (Peak 33.01M) | Time:00:00.02 | Mem:0.00M, Peak:0.00M | Scene, ViewLayer | Updating Particle Systems
Fra:1 Mem:22.40M (Peak 33.01M) | Time:00:00.02 | Mem:0.00M, Peak:0.00M | Scene, ViewLayer | Updating Particle Systems | Copying Particles to device
Fra:1 Mem:22.40M (Peak 33.01M) | Time:00:00.02 | Mem:0.00M, Peak:0.00M | Scene, ViewLayer | Updating Meshes
Fra:1 Mem:22.74M (Peak 33.01M) | Time:00:00.02 | Mem:0.00M, Peak:0.00M | Scene, ViewLayer | Updating Mesh | Computing attributes
Fra:1 Mem:23.39M (Peak 33.01M) | Time:00:00.02 | Mem:0.00M, Peak:0.00M | Scene, ViewLayer | Updating Mesh | Copying Attributes to device
Fra:1 Mem:23.39M (Peak 33.01M) | Time:00:00.02 | Mem:0.65M, Peak:0.65M | Scene, ViewLayer | Updating Scene BVH | Building
Fra:1 Mem:23.39M (Peak 33.01M) | Time:00:00.02 | Mem:0.65M, Peak:0.65M | Scene, ViewLayer | Updating Scene BVH | Building BVH
Fra:1 Mem:23.39M (Peak 33.01M) | Time:00:00.02 | Mem:2.03M, Peak:2.03M | Scene, ViewLayer | Updating Scene BVH | Building BVH 0%
Fra:1 Mem:23.39M (Peak 33.01M) | Time:00:00.02 | Mem:2.53M, Peak:3.53M | Scene, ViewLayer | Updating Scene BVH | Copying BVH to device
Fra:1 Mem:23.39M (Peak 33.01M) | Time:00:00.02 | Mem:2.53M, Peak:3.53M | Scene, ViewLayer | Updating Mesh | Computing normals
Fra:1 Mem:24.89M (Peak 33.01M) | Time:00:00.02 | Mem:2.53M, Peak:3.53M | Scene, ViewLayer | Updating Mesh | Copying Mesh to device
Fra:1 Mem:24.89M (Peak 33.01M) | Time:00:00.02 | Mem:4.03M, Peak:4.03M | Scene, ViewLayer | Updating Objects Flags
Fra:1 Mem:24.89M (Peak 33.01M) | Time:00:00.02 | Mem:4.03M, Peak:4.03M | Scene, ViewLayer | Updating Primitive Offsets
Fra:1 Mem:24.89M (Peak 33.01M) | Time:00:00.02 | Mem:4.03M, Peak:4.03M | Scene, ViewLayer | Updating Images
Fra:1 Mem:24.89M (Peak 33.01M) | Time:00:00.02 | Mem:4.03M, Peak:4.03M | Scene, ViewLayer | Updating Images | Loading 00194.exr
Fra:1 Mem:25.01M (Peak 33.01M) | Time:00:00.02 | Mem:4.03M, Peak:4.03M | Scene, ViewLayer | Updating Images | Loading lined_0130.jpg
Fra:1 Mem:25.98M (Peak 33.01M) | Time:00:00.02 | Mem:5.11M, Peak:5.11M | Scene, ViewLayer | Updating Camera Volume
Fra:1 Mem:25.98M (Peak 33.01M) | Time:00:00.02 | Mem:5.11M, Peak:5.11M | Scene, ViewLayer | Updating Lookup Tables
Fra:1 Mem:25.98M (Peak 33.01M) | Time:00:00.02 | Mem:5.36M, Peak:5.36M | Scene, ViewLayer | Updating Lights
Fra:1 Mem:25.98M (Peak 33.01M) | Time:00:00.02 | Mem:5.36M, Peak:5.36M | Scene, ViewLayer | Updating Lights | Computing distribution
Fra:1 Mem:25.98M (Peak 33.01M) | Time:00:00.02 | Mem:5.36M, Peak:5.36M | Scene, ViewLayer | Updating Lights | Importance map
Fra:1 Mem:90.01M (Peak 378.10M) | Time:00:00.16 | Mem:69.40M, Peak:229.37M | Scene, ViewLayer | Updating Integrator
Fra:1 Mem:90.01M (Peak 378.10M) | Time:00:00.16 | Mem:69.41M, Peak:229.37M | Scene, ViewLayer | Updating Film
Fra:1 Mem:90.02M (Peak 378.10M) | Time:00:00.16 | Mem:69.16M, Peak:229.37M | Scene, ViewLayer | Updating Lookup Tables
Fra:1 Mem:90.02M (Peak 378.10M) | Time:00:00.16 | Mem:69.42M, Peak:229.37M | Scene, ViewLayer | Updating Baking
Fra:1 Mem:90.02M (Peak 378.10M) | Time:00:00.16 | Mem:69.42M, Peak:229.37M | Scene, ViewLayer | Updating Device | Writing constant memory
Fra:1 Mem:90.02M (Peak 378.10M) | Time:00:00.16 | Mem:69.42M, Peak:229.37M | Scene, ViewLayer | Sample 0/32
Fra:1 Mem:109.11M (Peak 378.10M) | Time:00:00.17 | Remaining:00:00.29 | Mem:88.42M, Peak:229.37M | Scene, ViewLayer | Sample 1/32
Fra:1 Mem:117.11M (Peak 378.10M) | Time:00:00.49 | Mem:88.42M, Peak:229.37M | Scene, ViewLayer | Sample 32/32
Fra:1 Mem:117.11M (Peak 378.10M) | Time:00:00.49 | Mem:88.42M, Peak:229.37M | Scene, ViewLayer | Finished
Saved: '/home/janus/iwi9-datasets/objaverse-rendering/no_textures_5/55bf1cb4ae154f4c8a7a9c43ef855813/009.png'
 Time: 00:00.52 (Saving: 00:00.03)

Fra:1 Mem:25.22M (Peak 28.75M) | Time:00:00.00 | Mem:0.00M, Peak:0.00M | Scene, ViewLayer | Synchronizing object | QUETZA_QUETZA_0
Fra:1 Mem:26.63M (Peak 32.96M) | Time:00:00.01 | Mem:0.00M, Peak:0.00M | Scene, ViewLayer | Initializing
Fra:1 Mem:22.17M (Peak 32.96M) | Time:00:00.02 | Mem:0.00M, Peak:0.00M | Scene, ViewLayer | Waiting for render to start
Fra:1 Mem:22.17M (Peak 32.96M) | Time:00:00.02 | Mem:0.00M, Peak:0.00M | Scene, ViewLayer | Loading render kernels (may take a few minutes the first time)
Fra:1 Mem:22.17M (Peak 32.96M) | Time:00:00.02 | Mem:0.00M, Peak:0.00M | Scene, ViewLayer | Updating Scene
Fra:1 Mem:22.17M (Peak 32.96M) | Time:00:00.02 | Mem:0.00M, Peak:0.00M | Scene, ViewLayer | Updating Shaders
Fra:1 Mem:22.42M (Peak 32.96M) | Time:00:00.02 | Mem:0.00M, Peak:0.00M | Scene, ViewLayer | Updating Procedurals
Fra:1 Mem:22.42M (Peak 32.96M) | Time:00:00.02 | Mem:0.00M, Peak:0.00M | Scene, ViewLayer | Updating Background
Fra:1 Mem:22.42M (Peak 32.96M) | Time:00:00.02 | Mem:0.00M, Peak:0.00M | Scene, ViewLayer | Updating Camera
Fra:1 Mem:22.42M (Peak 32.96M) | Time:00:00.02 | Mem:0.00M, Peak:0.00M | Scene, ViewLayer | Updating Meshes Flags
Fra:1 Mem:22.42M (Peak 32.96M) | Time:00:00.02 | Mem:0.00M, Peak:0.00M | Scene, ViewLayer | Updating Objects
Fra:1 Mem:22.42M (Peak 32.96M) | Time:00:00.02 | Mem:0.00M, Peak:0.00M | Scene, ViewLayer | Updating Objects | Copying Transformations to device
Fra:1 Mem:22.42M (Peak 32.96M) | Time:00:00.02 | Mem:0.00M, Peak:0.00M | Scene, ViewLayer | Updating Objects | Applying Static Transformations
Fra:1 Mem:22.42M (Peak 32.96M) | Time:00:00.02 | Mem:0.00M, Peak:0.00M | Scene, ViewLayer | Updating Particle Systems
Fra:1 Mem:22.42M (Peak 32.96M) | Time:00:00.02 | Mem:0.00M, Peak:0.00M | Scene, ViewLayer | Updating Particle Systems | Copying Particles to device
Fra:1 Mem:22.42M (Peak 32.96M) | Time:00:00.02 | Mem:0.00M, Peak:0.00M | Scene, ViewLayer | Updating Meshes
Fra:1 Mem:22.76M (Peak 32.96M) | Time:00:00.02 | Mem:0.00M, Peak:0.00M | Scene, ViewLayer | Updating Mesh | Computing attributes
Fra:1 Mem:23.41M (Peak 32.96M) | Time:00:00.02 | Mem:0.00M, Peak:0.00M | Scene, ViewLayer | Updating Mesh | Copying Attributes to device
Fra:1 Mem:23.41M (Peak 32.96M) | Time:00:00.02 | Mem:0.65M, Peak:0.65M | Scene, ViewLayer | Updating Scene BVH | Building
Fra:1 Mem:23.41M (Peak 32.96M) | Time:00:00.02 | Mem:0.65M, Peak:0.65M | Scene, ViewLayer | Updating Scene BVH | Building BVH
Fra:1 Mem:23.41M (Peak 32.96M) | Time:00:00.02 | Mem:2.03M, Peak:2.03M | Scene, ViewLayer | Updating Scene BVH | Building BVH 0%
Fra:1 Mem:23.41M (Peak 32.96M) | Time:00:00.02 | Mem:2.53M, Peak:3.53M | Scene, ViewLayer | Updating Scene BVH | Copying BVH to device
Fra:1 Mem:23.41M (Peak 32.96M) | Time:00:00.02 | Mem:2.53M, Peak:3.53M | Scene, ViewLayer | Updating Mesh | Computing normals
Fra:1 Mem:24.91M (Peak 32.96M) | Time:00:00.02 | Mem:2.53M, Peak:3.53M | Scene, ViewLayer | Updating Mesh | Copying Mesh to device
Fra:1 Mem:24.91M (Peak 32.96M) | Time:00:00.02 | Mem:4.03M, Peak:4.03M | Scene, ViewLayer | Updating Objects Flags
Fra:1 Mem:24.91M (Peak 32.96M) | Time:00:00.02 | Mem:4.03M, Peak:4.03M | Scene, ViewLayer | Updating Primitive Offsets
Fra:1 Mem:24.91M (Peak 32.96M) | Time:00:00.02 | Mem:4.03M, Peak:4.03M | Scene, ViewLayer | Updating Images
Fra:1 Mem:24.91M (Peak 32.96M) | Time:00:00.02 | Mem:4.03M, Peak:4.03M | Scene, ViewLayer | Updating Images | Loading 00194.exr
Fra:1 Mem:25.03M (Peak 32.96M) | Time:00:00.02 | Mem:4.03M, Peak:4.03M | Scene, ViewLayer | Updating Images | Loading grid_0134.jpg
Fra:1 Mem:25.48M (Peak 32.96M) | Time:00:00.03 | Mem:4.59M, Peak:4.59M | Scene, ViewLayer | Updating Camera Volume
Fra:1 Mem:25.48M (Peak 32.96M) | Time:00:00.03 | Mem:4.59M, Peak:4.59M | Scene, ViewLayer | Updating Lookup Tables
Fra:1 Mem:25.48M (Peak 32.96M) | Time:00:00.03 | Mem:4.84M, Peak:4.84M | Scene, ViewLayer | Updating Lights
Fra:1 Mem:25.48M (Peak 32.96M) | Time:00:00.03 | Mem:4.84M, Peak:4.84M | Scene, ViewLayer | Updating Lights | Computing distribution
Fra:1 Mem:25.48M (Peak 32.96M) | Time:00:00.03 | Mem:4.84M, Peak:4.84M | Scene, ViewLayer | Updating Lights | Importance map
Fra:1 Mem:89.51M (Peak 377.61M) | Time:00:00.17 | Mem:68.89M, Peak:228.86M | Scene, ViewLayer | Updating Integrator
Fra:1 Mem:89.52M (Peak 377.61M) | Time:00:00.17 | Mem:68.89M, Peak:228.86M | Scene, ViewLayer | Updating Film
Fra:1 Mem:89.52M (Peak 377.61M) | Time:00:00.17 | Mem:68.64M, Peak:228.86M | Scene, ViewLayer | Updating Lookup Tables
Fra:1 Mem:89.52M (Peak 377.61M) | Time:00:00.17 | Mem:68.90M, Peak:228.86M | Scene, ViewLayer | Updating Baking
Fra:1 Mem:89.52M (Peak 377.61M) | Time:00:00.17 | Mem:68.90M, Peak:228.86M | Scene, ViewLayer | Updating Device | Writing constant memory
Fra:1 Mem:89.52M (Peak 377.61M) | Time:00:00.17 | Mem:68.90M, Peak:228.86M | Scene, ViewLayer | Sample 0/32
Fra:1 Mem:108.61M (Peak 377.61M) | Time:00:00.18 | Remaining:00:00.30 | Mem:87.90M, Peak:228.86M | Scene, ViewLayer | Sample 1/32
Fra:1 Mem:116.61M (Peak 377.61M) | Time:00:00.50 | Mem:87.90M, Peak:228.86M | Scene, ViewLayer | Sample 32/32
Fra:1 Mem:116.61M (Peak 377.61M) | Time:00:00.50 | Mem:87.90M, Peak:228.86M | Scene, ViewLayer | Finished
Saved: '/home/janus/iwi9-datasets/objaverse-rendering/no_textures_5/55bf1cb4ae154f4c8a7a9c43ef855813/010.png'
 Time: 00:00.54 (Saving: 00:00.03)

Fra:1 Mem:25.25M (Peak 28.78M) | Time:00:00.00 | Mem:0.00M, Peak:0.00M | Scene, ViewLayer | Synchronizing object | QUETZA_QUETZA_0
Fra:1 Mem:26.65M (Peak 32.97M) | Time:00:00.02 | Mem:0.00M, Peak:0.00M | Scene, ViewLayer | Initializing
Fra:1 Mem:22.19M (Peak 32.97M) | Time:00:00.02 | Mem:0.00M, Peak:0.00M | Scene, ViewLayer | Waiting for render to start
Fra:1 Mem:22.20M (Peak 32.97M) | Time:00:00.02 | Mem:0.00M, Peak:0.00M | Scene, ViewLayer | Loading render kernels (may take a few minutes the first time)
Fra:1 Mem:22.20M (Peak 32.97M) | Time:00:00.02 | Mem:0.00M, Peak:0.00M | Scene, ViewLayer | Updating Scene
Fra:1 Mem:22.20M (Peak 32.97M) | Time:00:00.02 | Mem:0.00M, Peak:0.00M | Scene, ViewLayer | Updating Shaders
Fra:1 Mem:22.45M (Peak 32.97M) | Time:00:00.02 | Mem:0.00M, Peak:0.00M | Scene, ViewLayer | Updating Procedurals
Fra:1 Mem:22.45M (Peak 32.97M) | Time:00:00.02 | Mem:0.00M, Peak:0.00M | Scene, ViewLayer | Updating Background
Fra:1 Mem:22.45M (Peak 32.97M) | Time:00:00.02 | Mem:0.00M, Peak:0.00M | Scene, ViewLayer | Updating Camera
Fra:1 Mem:22.45M (Peak 32.97M) | Time:00:00.02 | Mem:0.00M, Peak:0.00M | Scene, ViewLayer | Updating Meshes Flags
Fra:1 Mem:22.45M (Peak 32.97M) | Time:00:00.02 | Mem:0.00M, Peak:0.00M | Scene, ViewLayer | Updating Objects
Fra:1 Mem:22.45M (Peak 32.97M) | Time:00:00.02 | Mem:0.00M, Peak:0.00M | Scene, ViewLayer | Updating Objects | Copying Transformations to device
Fra:1 Mem:22.45M (Peak 32.97M) | Time:00:00.02 | Mem:0.00M, Peak:0.00M | Scene, ViewLayer | Updating Objects | Applying Static Transformations
Fra:1 Mem:22.45M (Peak 32.97M) | Time:00:00.02 | Mem:0.00M, Peak:0.00M | Scene, ViewLayer | Updating Particle Systems
Fra:1 Mem:22.45M (Peak 32.97M) | Time:00:00.02 | Mem:0.00M, Peak:0.00M | Scene, ViewLayer | Updating Particle Systems | Copying Particles to device
Fra:1 Mem:22.45M (Peak 32.97M) | Time:00:00.02 | Mem:0.00M, Peak:0.00M | Scene, ViewLayer | Updating Meshes
Fra:1 Mem:22.79M (Peak 32.97M) | Time:00:00.02 | Mem:0.00M, Peak:0.00M | Scene, ViewLayer | Updating Mesh | Computing attributes
Fra:1 Mem:23.43M (Peak 32.97M) | Time:00:00.02 | Mem:0.00M, Peak:0.00M | Scene, ViewLayer | Updating Mesh | Copying Attributes to device
Fra:1 Mem:23.43M (Peak 32.97M) | Time:00:00.02 | Mem:0.65M, Peak:0.65M | Scene, ViewLayer | Updating Scene BVH | Building
Fra:1 Mem:23.43M (Peak 32.97M) | Time:00:00.02 | Mem:0.65M, Peak:0.65M | Scene, ViewLayer | Updating Scene BVH | Building BVH
Fra:1 Mem:23.43M (Peak 32.97M) | Time:00:00.02 | Mem:2.03M, Peak:2.03M | Scene, ViewLayer | Updating Scene BVH | Building BVH 0%
Fra:1 Mem:23.43M (Peak 32.97M) | Time:00:00.02 | Mem:2.53M, Peak:3.53M | Scene, ViewLayer | Updating Scene BVH | Copying BVH to device
Fra:1 Mem:23.43M (Peak 32.97M) | Time:00:00.02 | Mem:2.53M, Peak:3.53M | Scene, ViewLayer | Updating Mesh | Computing normals
Fra:1 Mem:24.93M (Peak 32.97M) | Time:00:00.02 | Mem:2.53M, Peak:3.53M | Scene, ViewLayer | Updating Mesh | Copying Mesh to device
Fra:1 Mem:24.93M (Peak 32.97M) | Time:00:00.02 | Mem:4.03M, Peak:4.03M | Scene, ViewLayer | Updating Objects Flags
Fra:1 Mem:24.93M (Peak 32.97M) | Time:00:00.02 | Mem:4.03M, Peak:4.03M | Scene, ViewLayer | Updating Primitive Offsets
Fra:1 Mem:24.93M (Peak 32.97M) | Time:00:00.02 | Mem:4.03M, Peak:4.03M | Scene, ViewLayer | Updating Images
Fra:1 Mem:24.93M (Peak 32.97M) | Time:00:00.02 | Mem:4.03M, Peak:4.03M | Scene, ViewLayer | Updating Images | Loading 00194.exr
Fra:1 Mem:25.06M (Peak 32.97M) | Time:00:00.02 | Mem:4.03M, Peak:4.03M | Scene, ViewLayer | Updating Images | Loading lined_0099.jpg
Fra:1 Mem:26.24M (Peak 32.97M) | Time:00:00.03 | Mem:5.33M, Peak:5.33M | Scene, ViewLayer | Updating Camera Volume
Fra:1 Mem:26.24M (Peak 32.97M) | Time:00:00.03 | Mem:5.33M, Peak:5.33M | Scene, ViewLayer | Updating Lookup Tables
Fra:1 Mem:26.24M (Peak 32.97M) | Time:00:00.03 | Mem:5.58M, Peak:5.58M | Scene, ViewLayer | Updating Lights
Fra:1 Mem:26.24M (Peak 32.97M) | Time:00:00.03 | Mem:5.58M, Peak:5.58M | Scene, ViewLayer | Updating Lights | Computing distribution
Fra:1 Mem:26.24M (Peak 32.97M) | Time:00:00.03 | Mem:5.58M, Peak:5.58M | Scene, ViewLayer | Updating Lights | Importance map
Fra:1 Mem:90.27M (Peak 378.37M) | Time:00:00.17 | Mem:69.62M, Peak:229.59M | Scene, ViewLayer | Updating Integrator
Fra:1 Mem:90.28M (Peak 378.37M) | Time:00:00.17 | Mem:69.63M, Peak:229.59M | Scene, ViewLayer | Updating Film
Fra:1 Mem:90.28M (Peak 378.37M) | Time:00:00.17 | Mem:69.38M, Peak:229.59M | Scene, ViewLayer | Updating Lookup Tables
Fra:1 Mem:90.28M (Peak 378.37M) | Time:00:00.17 | Mem:69.63M, Peak:229.59M | Scene, ViewLayer | Updating Baking
Fra:1 Mem:90.28M (Peak 378.37M) | Time:00:00.17 | Mem:69.63M, Peak:229.59M | Scene, ViewLayer | Updating Device | Writing constant memory
Fra:1 Mem:90.28M (Peak 378.37M) | Time:00:00.17 | Mem:69.63M, Peak:229.59M | Scene, ViewLayer | Sample 0/32
Fra:1 Mem:109.37M (Peak 378.37M) | Time:00:00.18 | Remaining:00:00.30 | Mem:88.63M, Peak:229.59M | Scene, ViewLayer | Sample 1/32
Fra:1 Mem:117.37M (Peak 378.37M) | Time:00:00.50 | Mem:88.63M, Peak:229.59M | Scene, ViewLayer | Sample 32/32
Fra:1 Mem:117.37M (Peak 378.37M) | Time:00:00.50 | Mem:88.63M, Peak:229.59M | Scene, ViewLayer | Finished
Saved: '/home/janus/iwi9-datasets/objaverse-rendering/no_textures_5/55bf1cb4ae154f4c8a7a9c43ef855813/011.png'
 Time: 00:00.53 (Saving: 00:00.03)

Data are loaded, start creating Blender stuff
glTF import finished in 0.06s
Finished /home/janus/iwi9-datasets/objaverse-objects/hf-objaverse-v1/glbs/000-023/55bf1cb4ae154f4c8a7a9c43ef855813.glb in 7.255948543548584 seconds

Blender quit
/home/janus/iwi9-datasets/objaverse-objects/hf-objaverse-v1/glbs/000-029/b2631389d8ab431bb790c874318a5ab6.glb
Blender 3.3.1 (hash b292cfe5a936 built 2022-10-05 00:14:35)
/run/user/210289/gvfs/ non-existent directory
Fra:1 Mem:11.32M (Peak 12.24M) | Time:00:00.00 | Mem:0.00M, Peak:0.00M | Scene, ViewLayer | Synchronizing object | Object_2
Fra:1 Mem:11.32M (Peak 12.24M) | Time:00:00.00 | Mem:0.00M, Peak:0.00M | Scene, ViewLayer | Synchronizing object | Object_4
Fra:1 Mem:11.72M (Peak 12.83M) | Time:00:00.00 | Mem:0.00M, Peak:0.00M | Scene, ViewLayer | Initializing
Fra:1 Mem:10.78M (Peak 12.83M) | Time:00:00.00 | Mem:0.00M, Peak:0.00M | Scene, ViewLayer | Waiting for render to start
Fra:1 Mem:10.78M (Peak 12.83M) | Time:00:00.00 | Mem:0.00M, Peak:0.00M | Scene, ViewLayer | Loading render kernels (may take a few minutes the first time)
Fra:1 Mem:10.78M (Peak 12.83M) | Time:00:00.00 | Mem:0.00M, Peak:0.00M | Scene, ViewLayer | Updating Scene
Fra:1 Mem:10.78M (Peak 12.83M) | Time:00:00.00 | Mem:0.00M, Peak:0.00M | Scene, ViewLayer | Updating Shaders
Fra:1 Mem:11.29M (Peak 12.83M) | Time:00:00.04 | Mem:0.00M, Peak:0.00M | Scene, ViewLayer | Updating Procedurals
Fra:1 Mem:11.29M (Peak 12.83M) | Time:00:00.04 | Mem:0.00M, Peak:0.00M | Scene, ViewLayer | Updating Background
Fra:1 Mem:11.29M (Peak 12.83M) | Time:00:00.04 | Mem:0.00M, Peak:0.00M | Scene, ViewLayer | Updating Camera
Fra:1 Mem:11.29M (Peak 12.83M) | Time:00:00.04 | Mem:0.00M, Peak:0.00M | Scene, ViewLayer | Updating Meshes Flags
Fra:1 Mem:11.29M (Peak 12.83M) | Time:00:00.04 | Mem:0.00M, Peak:0.00M | Scene, ViewLayer | Updating Objects
Fra:1 Mem:11.29M (Peak 12.83M) | Time:00:00.04 | Mem:0.00M, Peak:0.00M | Scene, ViewLayer | Updating Objects | Copying Transformations to device
Fra:1 Mem:11.29M (Peak 12.83M) | Time:00:00.04 | Mem:0.00M, Peak:0.00M | Scene, ViewLayer | Updating Objects | Applying Static Transformations
Fra:1 Mem:11.29M (Peak 12.83M) | Time:00:00.04 | Mem:0.00M, Peak:0.00M | Scene, ViewLayer | Updating Particle Systems
Fra:1 Mem:11.29M (Peak 12.83M) | Time:00:00.04 | Mem:0.00M, Peak:0.00M | Scene, ViewLayer | Updating Particle Systems | Copying Particles to device
Fra:1 Mem:11.29M (Peak 12.83M) | Time:00:00.04 | Mem:0.00M, Peak:0.00M | Scene, ViewLayer | Updating Meshes
Fra:1 Mem:11.34M (Peak 12.83M) | Time:00:00.04 | Mem:0.00M, Peak:0.00M | Scene, ViewLayer | Updating Mesh | Computing attributes
Fra:1 Mem:11.49M (Peak 12.83M) | Time:00:00.04 | Mem:0.00M, Peak:0.00M | Scene, ViewLayer | Updating Mesh | Copying Attributes to device
Fra:1 Mem:11.49M (Peak 12.83M) | Time:00:00.04 | Mem:0.15M, Peak:0.15M | Scene, ViewLayer | Updating Scene BVH | Building
Fra:1 Mem:11.49M (Peak 12.83M) | Time:00:00.04 | Mem:0.15M, Peak:0.15M | Scene, ViewLayer | Updating Scene BVH | Building BVH
Fra:1 Mem:11.49M (Peak 12.83M) | Time:00:00.04 | Mem:0.38M, Peak:0.38M | Scene, ViewLayer | Updating Scene BVH | Building BVH 0%
Fra:1 Mem:11.49M (Peak 12.83M) | Time:00:00.04 | Mem:0.51M, Peak:0.63M | Scene, ViewLayer | Updating Scene BVH | Copying BVH to device
Fra:1 Mem:11.49M (Peak 12.83M) | Time:00:00.04 | Mem:0.51M, Peak:0.63M | Scene, ViewLayer | Updating Mesh | Computing normals
Fra:1 Mem:11.81M (Peak 12.83M) | Time:00:00.04 | Mem:0.51M, Peak:0.63M | Scene, ViewLayer | Updating Mesh | Copying Mesh to device
Fra:1 Mem:11.81M (Peak 12.83M) | Time:00:00.04 | Mem:0.82M, Peak:0.82M | Scene, ViewLayer | Updating Objects Flags
Fra:1 Mem:11.81M (Peak 12.83M) | Time:00:00.04 | Mem:0.82M, Peak:0.82M | Scene, ViewLayer | Updating Primitive Offsets
Fra:1 Mem:11.81M (Peak 12.83M) | Time:00:00.04 | Mem:0.82M, Peak:0.82M | Scene, ViewLayer | Updating Images
Fra:1 Mem:11.81M (Peak 12.83M) | Time:00:00.04 | Mem:0.82M, Peak:0.82M | Scene, ViewLayer | Updating Images | Loading 01108.exr
Fra:1 Mem:11.93M (Peak 12.83M) | Time:00:00.04 | Mem:0.82M, Peak:0.82M | Scene, ViewLayer | Updating Images | Loading potholed_0101.jpg
Fra:1 Mem:12.38M (Peak 12.83M) | Time:00:00.06 | Mem:1.38M, Peak:1.38M | Scene, ViewLayer | Updating Camera Volume
Fra:1 Mem:12.38M (Peak 12.83M) | Time:00:00.06 | Mem:1.38M, Peak:1.38M | Scene, ViewLayer | Updating Lookup Tables
Fra:1 Mem:12.38M (Peak 12.83M) | Time:00:00.06 | Mem:1.63M, Peak:1.63M | Scene, ViewLayer | Updating Lights
Fra:1 Mem:12.38M (Peak 12.83M) | Time:00:00.06 | Mem:1.63M, Peak:1.63M | Scene, ViewLayer | Updating Lights | Computing distribution
Fra:1 Mem:12.38M (Peak 12.83M) | Time:00:00.06 | Mem:1.63M, Peak:1.63M | Scene, ViewLayer | Updating Lights | Importance map
Fra:1 Mem:76.41M (Peak 364.51M) | Time:00:00.20 | Mem:65.68M, Peak:225.65M | Scene, ViewLayer | Updating Integrator
Fra:1 Mem:76.42M (Peak 364.51M) | Time:00:00.20 | Mem:65.68M, Peak:225.65M | Scene, ViewLayer | Updating Film
Fra:1 Mem:76.42M (Peak 364.51M) | Time:00:00.20 | Mem:65.43M, Peak:225.65M | Scene, ViewLayer | Updating Lookup Tables
Fra:1 Mem:76.42M (Peak 364.51M) | Time:00:00.20 | Mem:65.69M, Peak:225.65M | Scene, ViewLayer | Updating Baking
Fra:1 Mem:76.42M (Peak 364.51M) | Time:00:00.20 | Mem:65.69M, Peak:225.65M | Scene, ViewLayer | Updating Device | Writing constant memory
Fra:1 Mem:76.42M (Peak 364.51M) | Time:00:00.20 | Mem:65.69M, Peak:225.65M | Scene, ViewLayer | Sample 0/32
Fra:1 Mem:95.51M (Peak 364.51M) | Time:00:00.21 | Remaining:00:00.27 | Mem:84.69M, Peak:225.65M | Scene, ViewLayer | Sample 1/32
Fra:1 Mem:103.51M (Peak 364.51M) | Time:00:00.49 | Mem:84.69M, Peak:225.65M | Scene, ViewLayer | Sample 32/32
Fra:1 Mem:103.51M (Peak 364.51M) | Time:00:00.49 | Mem:84.69M, Peak:225.65M | Scene, ViewLayer | Finished
Saved: '/home/janus/iwi9-datasets/objaverse-rendering/no_textures_5/b2631389d8ab431bb790c874318a5ab6/000.png'
 Time: 00:00.68 (Saving: 00:00.19)

Fra:1 Mem:11.64M (Peak 12.52M) | Time:00:00.00 | Mem:0.00M, Peak:0.00M | Scene, ViewLayer | Synchronizing object | Object_2
Fra:1 Mem:11.65M (Peak 12.52M) | Time:00:00.00 | Mem:0.00M, Peak:0.00M | Scene, ViewLayer | Synchronizing object | Object_4
Fra:1 Mem:12.04M (Peak 13.31M) | Time:00:00.00 | Mem:0.00M, Peak:0.00M | Scene, ViewLayer | Initializing
Fra:1 Mem:11.10M (Peak 13.31M) | Time:00:00.00 | Mem:0.00M, Peak:0.00M | Scene, ViewLayer | Waiting for render to start
Fra:1 Mem:11.10M (Peak 13.31M) | Time:00:00.00 | Mem:0.00M, Peak:0.00M | Scene, ViewLayer | Loading render kernels (may take a few minutes the first time)
Fra:1 Mem:11.10M (Peak 13.31M) | Time:00:00.00 | Mem:0.00M, Peak:0.00M | Scene, ViewLayer | Updating Scene
Fra:1 Mem:11.10M (Peak 13.31M) | Time:00:00.00 | Mem:0.00M, Peak:0.00M | Scene, ViewLayer | Updating Shaders
Fra:1 Mem:11.36M (Peak 13.31M) | Time:00:00.00 | Mem:0.00M, Peak:0.00M | Scene, ViewLayer | Updating Procedurals
Fra:1 Mem:11.36M (Peak 13.31M) | Time:00:00.00 | Mem:0.00M, Peak:0.00M | Scene, ViewLayer | Updating Background
Fra:1 Mem:11.36M (Peak 13.31M) | Time:00:00.00 | Mem:0.00M, Peak:0.00M | Scene, ViewLayer | Updating Camera
Fra:1 Mem:11.36M (Peak 13.31M) | Time:00:00.00 | Mem:0.00M, Peak:0.00M | Scene, ViewLayer | Updating Meshes Flags
Fra:1 Mem:11.36M (Peak 13.31M) | Time:00:00.00 | Mem:0.00M, Peak:0.00M | Scene, ViewLayer | Updating Objects
Fra:1 Mem:11.36M (Peak 13.31M) | Time:00:00.00 | Mem:0.00M, Peak:0.00M | Scene, ViewLayer | Updating Objects | Copying Transformations to device
Fra:1 Mem:11.36M (Peak 13.31M) | Time:00:00.00 | Mem:0.00M, Peak:0.00M | Scene, ViewLayer | Updating Objects | Applying Static Transformations
Fra:1 Mem:11.36M (Peak 13.31M) | Time:00:00.00 | Mem:0.00M, Peak:0.00M | Scene, ViewLayer | Updating Particle Systems
Fra:1 Mem:11.36M (Peak 13.31M) | Time:00:00.00 | Mem:0.00M, Peak:0.00M | Scene, ViewLayer | Updating Particle Systems | Copying Particles to device
Fra:1 Mem:11.36M (Peak 13.31M) | Time:00:00.00 | Mem:0.00M, Peak:0.00M | Scene, ViewLayer | Updating Meshes
Fra:1 Mem:11.41M (Peak 13.31M) | Time:00:00.00 | Mem:0.00M, Peak:0.00M | Scene, ViewLayer | Updating Mesh | Computing attributes
Fra:1 Mem:11.56M (Peak 13.31M) | Time:00:00.00 | Mem:0.00M, Peak:0.00M | Scene, ViewLayer | Updating Mesh | Copying Attributes to device
Fra:1 Mem:11.56M (Peak 13.31M) | Time:00:00.00 | Mem:0.15M, Peak:0.15M | Scene, ViewLayer | Updating Scene BVH | Building
Fra:1 Mem:11.56M (Peak 13.31M) | Time:00:00.00 | Mem:0.15M, Peak:0.15M | Scene, ViewLayer | Updating Scene BVH | Building BVH
Fra:1 Mem:11.56M (Peak 13.31M) | Time:00:00.00 | Mem:0.38M, Peak:0.38M | Scene, ViewLayer | Updating Scene BVH | Building BVH 0%
Fra:1 Mem:11.56M (Peak 13.31M) | Time:00:00.00 | Mem:0.51M, Peak:0.63M | Scene, ViewLayer | Updating Scene BVH | Copying BVH to device
Fra:1 Mem:11.56M (Peak 13.31M) | Time:00:00.00 | Mem:0.51M, Peak:0.63M | Scene, ViewLayer | Updating Mesh | Computing normals
Fra:1 Mem:11.88M (Peak 13.31M) | Time:00:00.00 | Mem:0.51M, Peak:0.63M | Scene, ViewLayer | Updating Mesh | Copying Mesh to device
Fra:1 Mem:11.88M (Peak 13.31M) | Time:00:00.00 | Mem:0.82M, Peak:0.82M | Scene, ViewLayer | Updating Objects Flags
Fra:1 Mem:11.88M (Peak 13.31M) | Time:00:00.00 | Mem:0.82M, Peak:0.82M | Scene, ViewLayer | Updating Primitive Offsets
Fra:1 Mem:11.88M (Peak 13.31M) | Time:00:00.00 | Mem:0.82M, Peak:0.82M | Scene, ViewLayer | Updating Images
Fra:1 Mem:11.88M (Peak 13.31M) | Time:00:00.00 | Mem:0.82M, Peak:0.82M | Scene, ViewLayer | Updating Images | Loading 01108.exr
Fra:1 Mem:12.00M (Peak 13.31M) | Time:00:00.00 | Mem:0.82M, Peak:0.82M | Scene, ViewLayer | Updating Images | Loading interlaced_0198.jpg
Fra:1 Mem:12.68M (Peak 13.31M) | Time:00:00.01 | Mem:1.61M, Peak:1.61M | Scene, ViewLayer | Updating Camera Volume
Fra:1 Mem:12.68M (Peak 13.31M) | Time:00:00.01 | Mem:1.61M, Peak:1.61M | Scene, ViewLayer | Updating Lookup Tables
Fra:1 Mem:12.68M (Peak 13.31M) | Time:00:00.01 | Mem:1.86M, Peak:1.86M | Scene, ViewLayer | Updating Lights
Fra:1 Mem:12.68M (Peak 13.31M) | Time:00:00.01 | Mem:1.86M, Peak:1.86M | Scene, ViewLayer | Updating Lights | Computing distribution
Fra:1 Mem:12.68M (Peak 13.31M) | Time:00:00.01 | Mem:1.86M, Peak:1.86M | Scene, ViewLayer | Updating Lights | Importance map
Fra:1 Mem:76.71M (Peak 364.80M) | Time:00:00.15 | Mem:65.90M, Peak:225.87M | Scene, ViewLayer | Updating Integrator
Fra:1 Mem:76.71M (Peak 364.80M) | Time:00:00.15 | Mem:65.91M, Peak:225.87M | Scene, ViewLayer | Updating Film
Fra:1 Mem:76.72M (Peak 364.80M) | Time:00:00.15 | Mem:65.66M, Peak:225.87M | Scene, ViewLayer | Updating Lookup Tables
Fra:1 Mem:76.72M (Peak 364.80M) | Time:00:00.15 | Mem:65.91M, Peak:225.87M | Scene, ViewLayer | Updating Baking
Fra:1 Mem:76.72M (Peak 364.80M) | Time:00:00.15 | Mem:65.91M, Peak:225.87M | Scene, ViewLayer | Updating Device | Writing constant memory
Fra:1 Mem:76.72M (Peak 364.80M) | Time:00:00.15 | Mem:65.91M, Peak:225.87M | Scene, ViewLayer | Sample 0/32
Fra:1 Mem:95.81M (Peak 364.80M) | Time:00:00.16 | Remaining:00:00.25 | Mem:84.91M, Peak:225.87M | Scene, ViewLayer | Sample 1/32
Fra:1 Mem:103.81M (Peak 364.80M) | Time:00:00.44 | Mem:84.91M, Peak:225.87M | Scene, ViewLayer | Sample 32/32
Fra:1 Mem:103.81M (Peak 364.80M) | Time:00:00.44 | Mem:84.91M, Peak:225.87M | Scene, ViewLayer | Finished
Saved: '/home/janus/iwi9-datasets/objaverse-rendering/no_textures_5/b2631389d8ab431bb790c874318a5ab6/001.png'
 Time: 00:00.47 (Saving: 00:00.03)

Fra:1 Mem:11.71M (Peak 12.58M) | Time:00:00.00 | Mem:0.00M, Peak:0.00M | Scene, ViewLayer | Synchronizing object | Object_2
Fra:1 Mem:11.71M (Peak 12.58M) | Time:00:00.00 | Mem:0.00M, Peak:0.00M | Scene, ViewLayer | Synchronizing object | Object_4
Fra:1 Mem:12.11M (Peak 13.33M) | Time:00:00.00 | Mem:0.00M, Peak:0.00M | Scene, ViewLayer | Initializing
Fra:1 Mem:11.17M (Peak 13.33M) | Time:00:00.00 | Mem:0.00M, Peak:0.00M | Scene, ViewLayer | Waiting for render to start
Fra:1 Mem:11.17M (Peak 13.33M) | Time:00:00.00 | Mem:0.00M, Peak:0.00M | Scene, ViewLayer | Loading render kernels (may take a few minutes the first time)
Fra:1 Mem:11.17M (Peak 13.33M) | Time:00:00.00 | Mem:0.00M, Peak:0.00M | Scene, ViewLayer | Updating Scene
Fra:1 Mem:11.17M (Peak 13.33M) | Time:00:00.00 | Mem:0.00M, Peak:0.00M | Scene, ViewLayer | Updating Shaders
Fra:1 Mem:11.42M (Peak 13.33M) | Time:00:00.00 | Mem:0.00M, Peak:0.00M | Scene, ViewLayer | Updating Procedurals
Fra:1 Mem:11.42M (Peak 13.33M) | Time:00:00.00 | Mem:0.00M, Peak:0.00M | Scene, ViewLayer | Updating Background
Fra:1 Mem:11.42M (Peak 13.33M) | Time:00:00.00 | Mem:0.00M, Peak:0.00M | Scene, ViewLayer | Updating Camera
Fra:1 Mem:11.42M (Peak 13.33M) | Time:00:00.00 | Mem:0.00M, Peak:0.00M | Scene, ViewLayer | Updating Meshes Flags
Fra:1 Mem:11.42M (Peak 13.33M) | Time:00:00.00 | Mem:0.00M, Peak:0.00M | Scene, ViewLayer | Updating Objects
Fra:1 Mem:11.42M (Peak 13.33M) | Time:00:00.00 | Mem:0.00M, Peak:0.00M | Scene, ViewLayer | Updating Objects | Copying Transformations to device
Fra:1 Mem:11.42M (Peak 13.33M) | Time:00:00.00 | Mem:0.00M, Peak:0.00M | Scene, ViewLayer | Updating Objects | Applying Static Transformations
Fra:1 Mem:11.42M (Peak 13.33M) | Time:00:00.00 | Mem:0.00M, Peak:0.00M | Scene, ViewLayer | Updating Particle Systems
Fra:1 Mem:11.42M (Peak 13.33M) | Time:00:00.00 | Mem:0.00M, Peak:0.00M | Scene, ViewLayer | Updating Particle Systems | Copying Particles to device
Fra:1 Mem:11.42M (Peak 13.33M) | Time:00:00.00 | Mem:0.00M, Peak:0.00M | Scene, ViewLayer | Updating Meshes
Fra:1 Mem:11.48M (Peak 13.33M) | Time:00:00.00 | Mem:0.00M, Peak:0.00M | Scene, ViewLayer | Updating Mesh | Computing attributes
Fra:1 Mem:11.63M (Peak 13.33M) | Time:00:00.00 | Mem:0.00M, Peak:0.00M | Scene, ViewLayer | Updating Mesh | Copying Attributes to device
Fra:1 Mem:11.63M (Peak 13.33M) | Time:00:00.00 | Mem:0.15M, Peak:0.15M | Scene, ViewLayer | Updating Scene BVH | Building
Fra:1 Mem:11.63M (Peak 13.33M) | Time:00:00.00 | Mem:0.15M, Peak:0.15M | Scene, ViewLayer | Updating Scene BVH | Building BVH
Fra:1 Mem:11.63M (Peak 13.33M) | Time:00:00.00 | Mem:0.38M, Peak:0.38M | Scene, ViewLayer | Updating Scene BVH | Building BVH 0%
Fra:1 Mem:11.63M (Peak 13.33M) | Time:00:00.00 | Mem:0.51M, Peak:0.63M | Scene, ViewLayer | Updating Scene BVH | Copying BVH to device
Fra:1 Mem:11.63M (Peak 13.33M) | Time:00:00.00 | Mem:0.51M, Peak:0.63M | Scene, ViewLayer | Updating Mesh | Computing normals
Fra:1 Mem:11.95M (Peak 13.33M) | Time:00:00.00 | Mem:0.51M, Peak:0.63M | Scene, ViewLayer | Updating Mesh | Copying Mesh to device
Fra:1 Mem:11.95M (Peak 13.33M) | Time:00:00.00 | Mem:0.82M, Peak:0.82M | Scene, ViewLayer | Updating Objects Flags
Fra:1 Mem:11.95M (Peak 13.33M) | Time:00:00.00 | Mem:0.82M, Peak:0.82M | Scene, ViewLayer | Updating Primitive Offsets
Fra:1 Mem:11.95M (Peak 13.33M) | Time:00:00.00 | Mem:0.82M, Peak:0.82M | Scene, ViewLayer | Updating Images
Fra:1 Mem:11.95M (Peak 13.33M) | Time:00:00.00 | Mem:0.82M, Peak:0.82M | Scene, ViewLayer | Updating Images | Loading 01108.exr
Fra:1 Mem:12.07M (Peak 13.33M) | Time:00:00.00 | Mem:0.82M, Peak:0.82M | Scene, ViewLayer | Updating Images | Loading crystalline_0117.jpg
Fra:1 Mem:13.53M (Peak 13.53M) | Time:00:00.01 | Mem:2.39M, Peak:2.39M | Scene, ViewLayer | Updating Camera Volume
Fra:1 Mem:13.53M (Peak 13.53M) | Time:00:00.01 | Mem:2.39M, Peak:2.39M | Scene, ViewLayer | Updating Lookup Tables
Fra:1 Mem:13.53M (Peak 13.53M) | Time:00:00.01 | Mem:2.64M, Peak:2.64M | Scene, ViewLayer | Updating Lights
Fra:1 Mem:13.53M (Peak 13.53M) | Time:00:00.01 | Mem:2.64M, Peak:2.64M | Scene, ViewLayer | Updating Lights | Computing distribution
Fra:1 Mem:13.53M (Peak 13.53M) | Time:00:00.01 | Mem:2.64M, Peak:2.64M | Scene, ViewLayer | Updating Lights | Importance map
Fra:1 Mem:77.56M (Peak 365.66M) | Time:00:00.15 | Mem:66.69M, Peak:226.66M | Scene, ViewLayer | Updating Integrator
Fra:1 Mem:77.57M (Peak 365.66M) | Time:00:00.15 | Mem:66.70M, Peak:226.66M | Scene, ViewLayer | Updating Film
Fra:1 Mem:77.57M (Peak 365.66M) | Time:00:00.15 | Mem:66.45M, Peak:226.66M | Scene, ViewLayer | Updating Lookup Tables
Fra:1 Mem:77.57M (Peak 365.66M) | Time:00:00.15 | Mem:66.70M, Peak:226.66M | Scene, ViewLayer | Updating Baking
Fra:1 Mem:77.57M (Peak 365.66M) | Time:00:00.15 | Mem:66.70M, Peak:226.66M | Scene, ViewLayer | Updating Device | Writing constant memory
Fra:1 Mem:77.57M (Peak 365.66M) | Time:00:00.15 | Mem:66.70M, Peak:226.66M | Scene, ViewLayer | Sample 0/32
Fra:1 Mem:96.66M (Peak 365.66M) | Time:00:00.16 | Remaining:00:00.25 | Mem:85.70M, Peak:226.66M | Scene, ViewLayer | Sample 1/32
Fra:1 Mem:104.66M (Peak 365.66M) | Time:00:00.43 | Mem:85.70M, Peak:226.66M | Scene, ViewLayer | Sample 32/32
Fra:1 Mem:104.66M (Peak 365.66M) | Time:00:00.43 | Mem:85.70M, Peak:226.66M | Scene, ViewLayer | Finished
Saved: '/home/janus/iwi9-datasets/objaverse-rendering/no_textures_5/b2631389d8ab431bb790c874318a5ab6/002.png'
 Time: 00:00.46 (Saving: 00:00.03)

Fra:1 Mem:11.77M (Peak 12.71M) | Time:00:00.00 | Mem:0.00M, Peak:0.00M | Scene, ViewLayer | Synchronizing object | Object_2
Fra:1 Mem:11.86M (Peak 12.71M) | Time:00:00.00 | Mem:0.00M, Peak:0.00M | Scene, ViewLayer | Synchronizing object | Object_4
Fra:1 Mem:12.17M (Peak 13.36M) | Time:00:00.00 | Mem:0.00M, Peak:0.00M | Scene, ViewLayer | Initializing
Fra:1 Mem:11.23M (Peak 13.36M) | Time:00:00.00 | Mem:0.00M, Peak:0.00M | Scene, ViewLayer | Waiting for render to start
Fra:1 Mem:11.24M (Peak 13.36M) | Time:00:00.00 | Mem:0.00M, Peak:0.00M | Scene, ViewLayer | Loading render kernels (may take a few minutes the first time)
Fra:1 Mem:11.24M (Peak 13.36M) | Time:00:00.00 | Mem:0.00M, Peak:0.00M | Scene, ViewLayer | Updating Scene
Fra:1 Mem:11.24M (Peak 13.36M) | Time:00:00.00 | Mem:0.00M, Peak:0.00M | Scene, ViewLayer | Updating Shaders
Fra:1 Mem:11.49M (Peak 13.36M) | Time:00:00.00 | Mem:0.00M, Peak:0.00M | Scene, ViewLayer | Updating Procedurals
Fra:1 Mem:11.49M (Peak 13.36M) | Time:00:00.00 | Mem:0.00M, Peak:0.00M | Scene, ViewLayer | Updating Background
Fra:1 Mem:11.49M (Peak 13.36M) | Time:00:00.00 | Mem:0.00M, Peak:0.00M | Scene, ViewLayer | Updating Camera
Fra:1 Mem:11.49M (Peak 13.36M) | Time:00:00.00 | Mem:0.00M, Peak:0.00M | Scene, ViewLayer | Updating Meshes Flags
Fra:1 Mem:11.49M (Peak 13.36M) | Time:00:00.00 | Mem:0.00M, Peak:0.00M | Scene, ViewLayer | Updating Objects
Fra:1 Mem:11.49M (Peak 13.36M) | Time:00:00.00 | Mem:0.00M, Peak:0.00M | Scene, ViewLayer | Updating Objects | Copying Transformations to device
Fra:1 Mem:11.49M (Peak 13.36M) | Time:00:00.00 | Mem:0.00M, Peak:0.00M | Scene, ViewLayer | Updating Objects | Applying Static Transformations
Fra:1 Mem:11.49M (Peak 13.36M) | Time:00:00.00 | Mem:0.00M, Peak:0.00M | Scene, ViewLayer | Updating Particle Systems
Fra:1 Mem:11.49M (Peak 13.36M) | Time:00:00.00 | Mem:0.00M, Peak:0.00M | Scene, ViewLayer | Updating Particle Systems | Copying Particles to device
Fra:1 Mem:11.49M (Peak 13.36M) | Time:00:00.00 | Mem:0.00M, Peak:0.00M | Scene, ViewLayer | Updating Meshes
Fra:1 Mem:11.55M (Peak 13.36M) | Time:00:00.00 | Mem:0.00M, Peak:0.00M | Scene, ViewLayer | Updating Mesh | Computing attributes
Fra:1 Mem:11.70M (Peak 13.36M) | Time:00:00.00 | Mem:0.00M, Peak:0.00M | Scene, ViewLayer | Updating Mesh | Copying Attributes to device
Fra:1 Mem:11.69M (Peak 13.36M) | Time:00:00.00 | Mem:0.15M, Peak:0.15M | Scene, ViewLayer | Updating Scene BVH | Building
Fra:1 Mem:11.69M (Peak 13.36M) | Time:00:00.00 | Mem:0.15M, Peak:0.15M | Scene, ViewLayer | Updating Scene BVH | Building BVH
Fra:1 Mem:11.69M (Peak 13.36M) | Time:00:00.00 | Mem:0.38M, Peak:0.38M | Scene, ViewLayer | Updating Scene BVH | Building BVH 0%
Fra:1 Mem:11.69M (Peak 13.36M) | Time:00:00.00 | Mem:0.51M, Peak:0.63M | Scene, ViewLayer | Updating Scene BVH | Copying BVH to device
Fra:1 Mem:11.69M (Peak 13.36M) | Time:00:00.00 | Mem:0.51M, Peak:0.63M | Scene, ViewLayer | Updating Mesh | Computing normals
Fra:1 Mem:12.01M (Peak 13.36M) | Time:00:00.00 | Mem:0.51M, Peak:0.63M | Scene, ViewLayer | Updating Mesh | Copying Mesh to device
Fra:1 Mem:12.01M (Peak 13.36M) | Time:00:00.00 | Mem:0.82M, Peak:0.82M | Scene, ViewLayer | Updating Objects Flags
Fra:1 Mem:12.01M (Peak 13.36M) | Time:00:00.00 | Mem:0.82M, Peak:0.82M | Scene, ViewLayer | Updating Primitive Offsets
Fra:1 Mem:12.01M (Peak 13.36M) | Time:00:00.00 | Mem:0.82M, Peak:0.82M | Scene, ViewLayer | Updating Images
Fra:1 Mem:12.01M (Peak 13.36M) | Time:00:00.00 | Mem:0.82M, Peak:0.82M | Scene, ViewLayer | Updating Images | Loading 01108.exr
Fra:1 Mem:12.14M (Peak 13.36M) | Time:00:00.00 | Mem:0.82M, Peak:0.82M | Scene, ViewLayer | Updating Images | Loading perforated_0136.jpg
Fra:1 Mem:12.96M (Peak 13.36M) | Time:00:00.01 | Mem:1.76M, Peak:1.76M | Scene, ViewLayer | Updating Camera Volume
Fra:1 Mem:12.96M (Peak 13.36M) | Time:00:00.01 | Mem:1.76M, Peak:1.76M | Scene, ViewLayer | Updating Lookup Tables
Fra:1 Mem:12.96M (Peak 13.36M) | Time:00:00.01 | Mem:2.01M, Peak:2.01M | Scene, ViewLayer | Updating Lights
Fra:1 Mem:12.96M (Peak 13.36M) | Time:00:00.01 | Mem:2.01M, Peak:2.01M | Scene, ViewLayer | Updating Lights | Computing distribution
Fra:1 Mem:12.96M (Peak 13.36M) | Time:00:00.01 | Mem:2.01M, Peak:2.01M | Scene, ViewLayer | Updating Lights | Importance map
Fra:1 Mem:76.99M (Peak 365.09M) | Time:00:00.15 | Mem:66.05M, Peak:226.02M | Scene, ViewLayer | Updating Integrator
Fra:1 Mem:77.00M (Peak 365.09M) | Time:00:00.15 | Mem:66.06M, Peak:226.02M | Scene, ViewLayer | Updating Film
Fra:1 Mem:77.00M (Peak 365.09M) | Time:00:00.15 | Mem:65.81M, Peak:226.02M | Scene, ViewLayer | Updating Lookup Tables
Fra:1 Mem:77.00M (Peak 365.09M) | Time:00:00.15 | Mem:66.07M, Peak:226.02M | Scene, ViewLayer | Updating Baking
Fra:1 Mem:77.00M (Peak 365.09M) | Time:00:00.15 | Mem:66.07M, Peak:226.02M | Scene, ViewLayer | Updating Device | Writing constant memory
Fra:1 Mem:77.00M (Peak 365.09M) | Time:00:00.15 | Mem:66.07M, Peak:226.02M | Scene, ViewLayer | Sample 0/32
Fra:1 Mem:96.09M (Peak 365.09M) | Time:00:00.16 | Remaining:00:00.22 | Mem:85.07M, Peak:226.02M | Scene, ViewLayer | Sample 1/32
Fra:1 Mem:104.09M (Peak 365.09M) | Time:00:00.41 | Mem:85.07M, Peak:226.02M | Scene, ViewLayer | Sample 32/32
Fra:1 Mem:104.09M (Peak 365.09M) | Time:00:00.41 | Mem:85.07M, Peak:226.02M | Scene, ViewLayer | Finished
Saved: '/home/janus/iwi9-datasets/objaverse-rendering/no_textures_5/b2631389d8ab431bb790c874318a5ab6/003.png'
 Time: 00:00.44 (Saving: 00:00.03)

Fra:1 Mem:11.84M (Peak 12.75M) | Time:00:00.00 | Mem:0.00M, Peak:0.00M | Scene, ViewLayer | Synchronizing object | Object_2
Fra:1 Mem:11.86M (Peak 12.75M) | Time:00:00.00 | Mem:0.00M, Peak:0.00M | Scene, ViewLayer | Synchronizing object | Object_4
Fra:1 Mem:12.24M (Peak 13.48M) | Time:00:00.00 | Mem:0.00M, Peak:0.00M | Scene, ViewLayer | Initializing
Fra:1 Mem:11.30M (Peak 13.48M) | Time:00:00.00 | Mem:0.00M, Peak:0.00M | Scene, ViewLayer | Waiting for render to start
Fra:1 Mem:11.31M (Peak 13.48M) | Time:00:00.00 | Mem:0.00M, Peak:0.00M | Scene, ViewLayer | Loading render kernels (may take a few minutes the first time)
Fra:1 Mem:11.31M (Peak 13.48M) | Time:00:00.00 | Mem:0.00M, Peak:0.00M | Scene, ViewLayer | Updating Scene
Fra:1 Mem:11.31M (Peak 13.48M) | Time:00:00.00 | Mem:0.00M, Peak:0.00M | Scene, ViewLayer | Updating Shaders
Fra:1 Mem:11.56M (Peak 13.48M) | Time:00:00.00 | Mem:0.00M, Peak:0.00M | Scene, ViewLayer | Updating Procedurals
Fra:1 Mem:11.56M (Peak 13.48M) | Time:00:00.00 | Mem:0.00M, Peak:0.00M | Scene, ViewLayer | Updating Background
Fra:1 Mem:11.56M (Peak 13.48M) | Time:00:00.00 | Mem:0.00M, Peak:0.00M | Scene, ViewLayer | Updating Camera
Fra:1 Mem:11.56M (Peak 13.48M) | Time:00:00.00 | Mem:0.00M, Peak:0.00M | Scene, ViewLayer | Updating Meshes Flags
Fra:1 Mem:11.56M (Peak 13.48M) | Time:00:00.00 | Mem:0.00M, Peak:0.00M | Scene, ViewLayer | Updating Objects
Fra:1 Mem:11.56M (Peak 13.48M) | Time:00:00.00 | Mem:0.00M, Peak:0.00M | Scene, ViewLayer | Updating Objects | Copying Transformations to device
Fra:1 Mem:11.56M (Peak 13.48M) | Time:00:00.00 | Mem:0.00M, Peak:0.00M | Scene, ViewLayer | Updating Objects | Applying Static Transformations
Fra:1 Mem:11.56M (Peak 13.48M) | Time:00:00.00 | Mem:0.00M, Peak:0.00M | Scene, ViewLayer | Updating Particle Systems
Fra:1 Mem:11.56M (Peak 13.48M) | Time:00:00.00 | Mem:0.00M, Peak:0.00M | Scene, ViewLayer | Updating Particle Systems | Copying Particles to device
Fra:1 Mem:11.56M (Peak 13.48M) | Time:00:00.00 | Mem:0.00M, Peak:0.00M | Scene, ViewLayer | Updating Meshes
Fra:1 Mem:11.62M (Peak 13.48M) | Time:00:00.00 | Mem:0.00M, Peak:0.00M | Scene, ViewLayer | Updating Mesh | Computing attributes
Fra:1 Mem:11.77M (Peak 13.48M) | Time:00:00.00 | Mem:0.00M, Peak:0.00M | Scene, ViewLayer | Updating Mesh | Copying Attributes to device
Fra:1 Mem:11.77M (Peak 13.48M) | Time:00:00.00 | Mem:0.15M, Peak:0.15M | Scene, ViewLayer | Updating Scene BVH | Building
Fra:1 Mem:11.77M (Peak 13.48M) | Time:00:00.00 | Mem:0.15M, Peak:0.15M | Scene, ViewLayer | Updating Scene BVH | Building BVH
Fra:1 Mem:11.77M (Peak 13.48M) | Time:00:00.00 | Mem:0.38M, Peak:0.38M | Scene, ViewLayer | Updating Scene BVH | Building BVH 0%
Fra:1 Mem:11.77M (Peak 13.48M) | Time:00:00.00 | Mem:0.51M, Peak:0.63M | Scene, ViewLayer | Updating Scene BVH | Copying BVH to device
Fra:1 Mem:11.77M (Peak 13.48M) | Time:00:00.00 | Mem:0.51M, Peak:0.63M | Scene, ViewLayer | Updating Mesh | Computing normals
Fra:1 Mem:12.08M (Peak 13.48M) | Time:00:00.00 | Mem:0.51M, Peak:0.63M | Scene, ViewLayer | Updating Mesh | Copying Mesh to device
Fra:1 Mem:12.08M (Peak 13.48M) | Time:00:00.00 | Mem:0.82M, Peak:0.82M | Scene, ViewLayer | Updating Objects Flags
Fra:1 Mem:12.08M (Peak 13.48M) | Time:00:00.00 | Mem:0.82M, Peak:0.82M | Scene, ViewLayer | Updating Primitive Offsets
Fra:1 Mem:12.08M (Peak 13.48M) | Time:00:00.00 | Mem:0.82M, Peak:0.82M | Scene, ViewLayer | Updating Images
Fra:1 Mem:12.08M (Peak 13.48M) | Time:00:00.00 | Mem:0.82M, Peak:0.82M | Scene, ViewLayer | Updating Images | Loading 01108.exr
Fra:1 Mem:12.21M (Peak 13.48M) | Time:00:00.00 | Mem:0.82M, Peak:0.82M | Scene, ViewLayer | Updating Images | Loading matted_0034.jpg
Fra:1 Mem:12.73M (Peak 13.48M) | Time:00:00.01 | Mem:1.46M, Peak:1.46M | Scene, ViewLayer | Updating Camera Volume
Fra:1 Mem:12.73M (Peak 13.48M) | Time:00:00.01 | Mem:1.46M, Peak:1.46M | Scene, ViewLayer | Updating Lookup Tables
Fra:1 Mem:12.73M (Peak 13.48M) | Time:00:00.01 | Mem:1.71M, Peak:1.71M | Scene, ViewLayer | Updating Lights
Fra:1 Mem:12.73M (Peak 13.48M) | Time:00:00.01 | Mem:1.71M, Peak:1.71M | Scene, ViewLayer | Updating Lights | Computing distribution
Fra:1 Mem:12.73M (Peak 13.48M) | Time:00:00.01 | Mem:1.71M, Peak:1.71M | Scene, ViewLayer | Updating Lights | Importance map
Fra:1 Mem:76.76M (Peak 364.86M) | Time:00:00.15 | Mem:65.75M, Peak:225.72M | Scene, ViewLayer | Updating Integrator
Fra:1 Mem:76.77M (Peak 364.86M) | Time:00:00.15 | Mem:65.76M, Peak:225.72M | Scene, ViewLayer | Updating Film
Fra:1 Mem:76.77M (Peak 364.86M) | Time:00:00.15 | Mem:65.51M, Peak:225.72M | Scene, ViewLayer | Updating Lookup Tables
Fra:1 Mem:76.77M (Peak 364.86M) | Time:00:00.15 | Mem:65.76M, Peak:225.72M | Scene, ViewLayer | Updating Baking
Fra:1 Mem:76.77M (Peak 364.86M) | Time:00:00.15 | Mem:65.76M, Peak:225.72M | Scene, ViewLayer | Updating Device | Writing constant memory
Fra:1 Mem:76.77M (Peak 364.86M) | Time:00:00.15 | Mem:65.76M, Peak:225.72M | Scene, ViewLayer | Sample 0/32
Fra:1 Mem:95.86M (Peak 364.86M) | Time:00:00.16 | Remaining:00:00.22 | Mem:84.76M, Peak:225.72M | Scene, ViewLayer | Sample 1/32
Fra:1 Mem:103.86M (Peak 364.86M) | Time:00:00.42 | Mem:84.76M, Peak:225.72M | Scene, ViewLayer | Sample 32/32
Fra:1 Mem:103.86M (Peak 364.86M) | Time:00:00.42 | Mem:84.76M, Peak:225.72M | Scene, ViewLayer | Finished
Saved: '/home/janus/iwi9-datasets/objaverse-rendering/no_textures_5/b2631389d8ab431bb790c874318a5ab6/004.png'
 Time: 00:00.46 (Saving: 00:00.03)

Fra:1 Mem:11.91M (Peak 12.63M) | Time:00:00.00 | Mem:0.00M, Peak:0.00M | Scene, ViewLayer | Synchronizing object | Object_2
Fra:1 Mem:11.92M (Peak 12.63M) | Time:00:00.00 | Mem:0.00M, Peak:0.00M | Scene, ViewLayer | Synchronizing object | Object_4
Fra:1 Mem:12.31M (Peak 13.55M) | Time:00:00.00 | Mem:0.00M, Peak:0.00M | Scene, ViewLayer | Initializing
Fra:1 Mem:11.37M (Peak 13.55M) | Time:00:00.00 | Mem:0.00M, Peak:0.00M | Scene, ViewLayer | Waiting for render to start
Fra:1 Mem:11.38M (Peak 13.55M) | Time:00:00.00 | Mem:0.00M, Peak:0.00M | Scene, ViewLayer | Loading render kernels (may take a few minutes the first time)
Fra:1 Mem:11.38M (Peak 13.55M) | Time:00:00.00 | Mem:0.00M, Peak:0.00M | Scene, ViewLayer | Updating Scene
Fra:1 Mem:11.38M (Peak 13.55M) | Time:00:00.00 | Mem:0.00M, Peak:0.00M | Scene, ViewLayer | Updating Shaders
Fra:1 Mem:11.63M (Peak 13.55M) | Time:00:00.00 | Mem:0.00M, Peak:0.00M | Scene, ViewLayer | Updating Procedurals
Fra:1 Mem:11.63M (Peak 13.55M) | Time:00:00.00 | Mem:0.00M, Peak:0.00M | Scene, ViewLayer | Updating Background
Fra:1 Mem:11.63M (Peak 13.55M) | Time:00:00.00 | Mem:0.00M, Peak:0.00M | Scene, ViewLayer | Updating Camera
Fra:1 Mem:11.63M (Peak 13.55M) | Time:00:00.00 | Mem:0.00M, Peak:0.00M | Scene, ViewLayer | Updating Meshes Flags
Fra:1 Mem:11.63M (Peak 13.55M) | Time:00:00.00 | Mem:0.00M, Peak:0.00M | Scene, ViewLayer | Updating Objects
Fra:1 Mem:11.63M (Peak 13.55M) | Time:00:00.00 | Mem:0.00M, Peak:0.00M | Scene, ViewLayer | Updating Objects | Copying Transformations to device
Fra:1 Mem:11.63M (Peak 13.55M) | Time:00:00.00 | Mem:0.00M, Peak:0.00M | Scene, ViewLayer | Updating Objects | Applying Static Transformations
Fra:1 Mem:11.63M (Peak 13.55M) | Time:00:00.00 | Mem:0.00M, Peak:0.00M | Scene, ViewLayer | Updating Particle Systems
Fra:1 Mem:11.63M (Peak 13.55M) | Time:00:00.00 | Mem:0.00M, Peak:0.00M | Scene, ViewLayer | Updating Particle Systems | Copying Particles to device
Fra:1 Mem:11.63M (Peak 13.55M) | Time:00:00.00 | Mem:0.00M, Peak:0.00M | Scene, ViewLayer | Updating Meshes
Fra:1 Mem:11.69M (Peak 13.55M) | Time:00:00.00 | Mem:0.00M, Peak:0.00M | Scene, ViewLayer | Updating Mesh | Computing attributes
Fra:1 Mem:11.84M (Peak 13.55M) | Time:00:00.00 | Mem:0.00M, Peak:0.00M | Scene, ViewLayer | Updating Mesh | Copying Attributes to device
Fra:1 Mem:11.83M (Peak 13.55M) | Time:00:00.00 | Mem:0.15M, Peak:0.15M | Scene, ViewLayer | Updating Scene BVH | Building
Fra:1 Mem:11.83M (Peak 13.55M) | Time:00:00.00 | Mem:0.15M, Peak:0.15M | Scene, ViewLayer | Updating Scene BVH | Building BVH
Fra:1 Mem:11.83M (Peak 13.55M) | Time:00:00.00 | Mem:0.38M, Peak:0.38M | Scene, ViewLayer | Updating Scene BVH | Building BVH 0%
Fra:1 Mem:11.83M (Peak 13.55M) | Time:00:00.00 | Mem:0.51M, Peak:0.63M | Scene, ViewLayer | Updating Scene BVH | Copying BVH to device
Fra:1 Mem:11.83M (Peak 13.55M) | Time:00:00.00 | Mem:0.51M, Peak:0.63M | Scene, ViewLayer | Updating Mesh | Computing normals
Fra:1 Mem:12.15M (Peak 13.55M) | Time:00:00.00 | Mem:0.51M, Peak:0.63M | Scene, ViewLayer | Updating Mesh | Copying Mesh to device
Fra:1 Mem:12.15M (Peak 13.55M) | Time:00:00.00 | Mem:0.82M, Peak:0.82M | Scene, ViewLayer | Updating Objects Flags
Fra:1 Mem:12.15M (Peak 13.55M) | Time:00:00.00 | Mem:0.82M, Peak:0.82M | Scene, ViewLayer | Updating Primitive Offsets
Fra:1 Mem:12.15M (Peak 13.55M) | Time:00:00.00 | Mem:0.82M, Peak:0.82M | Scene, ViewLayer | Updating Images
Fra:1 Mem:12.15M (Peak 13.55M) | Time:00:00.00 | Mem:0.82M, Peak:0.82M | Scene, ViewLayer | Updating Images | Loading 01108.exr
Fra:1 Mem:12.28M (Peak 13.55M) | Time:00:00.00 | Mem:0.82M, Peak:0.82M | Scene, ViewLayer | Updating Images | Loading frilly_0034.jpg
Fra:1 Mem:13.06M (Peak 13.55M) | Time:00:00.01 | Mem:1.72M, Peak:1.72M | Scene, ViewLayer | Updating Camera Volume
Fra:1 Mem:13.06M (Peak 13.55M) | Time:00:00.01 | Mem:1.72M, Peak:1.72M | Scene, ViewLayer | Updating Lookup Tables
Fra:1 Mem:13.06M (Peak 13.55M) | Time:00:00.01 | Mem:1.97M, Peak:1.97M | Scene, ViewLayer | Updating Lights
Fra:1 Mem:13.06M (Peak 13.55M) | Time:00:00.01 | Mem:1.97M, Peak:1.97M | Scene, ViewLayer | Updating Lights | Computing distribution
Fra:1 Mem:13.06M (Peak 13.55M) | Time:00:00.01 | Mem:1.97M, Peak:1.97M | Scene, ViewLayer | Updating Lights | Importance map
Fra:1 Mem:77.09M (Peak 365.19M) | Time:00:00.15 | Mem:66.02M, Peak:225.98M | Scene, ViewLayer | Updating Integrator
Fra:1 Mem:77.10M (Peak 365.19M) | Time:00:00.15 | Mem:66.02M, Peak:225.98M | Scene, ViewLayer | Updating Film
Fra:1 Mem:77.10M (Peak 365.19M) | Time:00:00.15 | Mem:65.77M, Peak:225.98M | Scene, ViewLayer | Updating Lookup Tables
Fra:1 Mem:77.10M (Peak 365.19M) | Time:00:00.15 | Mem:66.03M, Peak:225.98M | Scene, ViewLayer | Updating Baking
Fra:1 Mem:77.10M (Peak 365.19M) | Time:00:00.15 | Mem:66.03M, Peak:225.98M | Scene, ViewLayer | Updating Device | Writing constant memory
Fra:1 Mem:77.11M (Peak 365.19M) | Time:00:00.15 | Mem:66.03M, Peak:225.98M | Scene, ViewLayer | Sample 0/32
Fra:1 Mem:96.19M (Peak 365.19M) | Time:00:00.16 | Remaining:00:00.23 | Mem:85.03M, Peak:225.98M | Scene, ViewLayer | Sample 1/32
Fra:1 Mem:104.19M (Peak 365.19M) | Time:00:00.46 | Mem:85.03M, Peak:225.98M | Scene, ViewLayer | Sample 32/32
Fra:1 Mem:104.19M (Peak 365.19M) | Time:00:00.46 | Mem:85.03M, Peak:225.98M | Scene, ViewLayer | Finished
Saved: '/home/janus/iwi9-datasets/objaverse-rendering/no_textures_5/b2631389d8ab431bb790c874318a5ab6/005.png'
 Time: 00:00.50 (Saving: 00:00.03)

Fra:1 Mem:11.98M (Peak 12.89M) | Time:00:00.00 | Mem:0.00M, Peak:0.00M | Scene, ViewLayer | Synchronizing object | Object_2
Fra:1 Mem:12.06M (Peak 12.89M) | Time:00:00.00 | Mem:0.00M, Peak:0.00M | Scene, ViewLayer | Synchronizing object | Object_4
Fra:1 Mem:12.38M (Peak 13.60M) | Time:00:00.00 | Mem:0.00M, Peak:0.00M | Scene, ViewLayer | Initializing
Fra:1 Mem:11.44M (Peak 13.60M) | Time:00:00.00 | Mem:0.00M, Peak:0.00M | Scene, ViewLayer | Waiting for render to start
Fra:1 Mem:11.44M (Peak 13.60M) | Time:00:00.00 | Mem:0.00M, Peak:0.00M | Scene, ViewLayer | Loading render kernels (may take a few minutes the first time)
Fra:1 Mem:11.44M (Peak 13.60M) | Time:00:00.00 | Mem:0.00M, Peak:0.00M | Scene, ViewLayer | Updating Scene
Fra:1 Mem:11.44M (Peak 13.60M) | Time:00:00.00 | Mem:0.00M, Peak:0.00M | Scene, ViewLayer | Updating Shaders
Fra:1 Mem:11.70M (Peak 13.60M) | Time:00:00.00 | Mem:0.00M, Peak:0.00M | Scene, ViewLayer | Updating Procedurals
Fra:1 Mem:11.70M (Peak 13.60M) | Time:00:00.00 | Mem:0.00M, Peak:0.00M | Scene, ViewLayer | Updating Background
Fra:1 Mem:11.70M (Peak 13.60M) | Time:00:00.00 | Mem:0.00M, Peak:0.00M | Scene, ViewLayer | Updating Camera
Fra:1 Mem:11.70M (Peak 13.60M) | Time:00:00.00 | Mem:0.00M, Peak:0.00M | Scene, ViewLayer | Updating Meshes Flags
Fra:1 Mem:11.70M (Peak 13.60M) | Time:00:00.00 | Mem:0.00M, Peak:0.00M | Scene, ViewLayer | Updating Objects
Fra:1 Mem:11.70M (Peak 13.60M) | Time:00:00.00 | Mem:0.00M, Peak:0.00M | Scene, ViewLayer | Updating Objects | Copying Transformations to device
Fra:1 Mem:11.70M (Peak 13.60M) | Time:00:00.00 | Mem:0.00M, Peak:0.00M | Scene, ViewLayer | Updating Objects | Applying Static Transformations
Fra:1 Mem:11.70M (Peak 13.60M) | Time:00:00.00 | Mem:0.00M, Peak:0.00M | Scene, ViewLayer | Updating Particle Systems
Fra:1 Mem:11.70M (Peak 13.60M) | Time:00:00.00 | Mem:0.00M, Peak:0.00M | Scene, ViewLayer | Updating Particle Systems | Copying Particles to device
Fra:1 Mem:11.70M (Peak 13.60M) | Time:00:00.00 | Mem:0.00M, Peak:0.00M | Scene, ViewLayer | Updating Meshes
Fra:1 Mem:11.75M (Peak 13.60M) | Time:00:00.00 | Mem:0.00M, Peak:0.00M | Scene, ViewLayer | Updating Mesh | Computing attributes
Fra:1 Mem:11.90M (Peak 13.60M) | Time:00:00.00 | Mem:0.00M, Peak:0.00M | Scene, ViewLayer | Updating Mesh | Copying Attributes to device
Fra:1 Mem:11.90M (Peak 13.60M) | Time:00:00.00 | Mem:0.15M, Peak:0.15M | Scene, ViewLayer | Updating Scene BVH | Building
Fra:1 Mem:11.90M (Peak 13.60M) | Time:00:00.00 | Mem:0.15M, Peak:0.15M | Scene, ViewLayer | Updating Scene BVH | Building BVH
Fra:1 Mem:11.90M (Peak 13.60M) | Time:00:00.00 | Mem:0.38M, Peak:0.38M | Scene, ViewLayer | Updating Scene BVH | Building BVH 0%
Fra:1 Mem:11.90M (Peak 13.60M) | Time:00:00.00 | Mem:0.51M, Peak:0.63M | Scene, ViewLayer | Updating Scene BVH | Copying BVH to device
Fra:1 Mem:11.90M (Peak 13.60M) | Time:00:00.00 | Mem:0.51M, Peak:0.63M | Scene, ViewLayer | Updating Mesh | Computing normals
Fra:1 Mem:12.22M (Peak 13.60M) | Time:00:00.00 | Mem:0.51M, Peak:0.63M | Scene, ViewLayer | Updating Mesh | Copying Mesh to device
Fra:1 Mem:12.22M (Peak 13.60M) | Time:00:00.00 | Mem:0.82M, Peak:0.82M | Scene, ViewLayer | Updating Objects Flags
Fra:1 Mem:12.22M (Peak 13.60M) | Time:00:00.00 | Mem:0.82M, Peak:0.82M | Scene, ViewLayer | Updating Primitive Offsets
Fra:1 Mem:12.22M (Peak 13.60M) | Time:00:00.00 | Mem:0.82M, Peak:0.82M | Scene, ViewLayer | Updating Images
Fra:1 Mem:12.22M (Peak 13.60M) | Time:00:00.00 | Mem:0.82M, Peak:0.82M | Scene, ViewLayer | Updating Images | Loading 01108.exr
Fra:1 Mem:12.34M (Peak 13.60M) | Time:00:00.00 | Mem:0.82M, Peak:0.82M | Scene, ViewLayer | Updating Images | Loading cracked_0111.jpg
Fra:1 Mem:13.67M (Peak 13.67M) | Time:00:00.01 | Mem:2.26M, Peak:2.26M | Scene, ViewLayer | Updating Camera Volume
Fra:1 Mem:13.67M (Peak 13.67M) | Time:00:00.01 | Mem:2.26M, Peak:2.26M | Scene, ViewLayer | Updating Lookup Tables
Fra:1 Mem:13.67M (Peak 13.67M) | Time:00:00.01 | Mem:2.51M, Peak:2.51M | Scene, ViewLayer | Updating Lights
Fra:1 Mem:13.67M (Peak 13.67M) | Time:00:00.01 | Mem:2.52M, Peak:2.52M | Scene, ViewLayer | Updating Lights | Computing distribution
Fra:1 Mem:13.67M (Peak 13.67M) | Time:00:00.01 | Mem:2.52M, Peak:2.52M | Scene, ViewLayer | Updating Lights | Importance map
Fra:1 Mem:77.70M (Peak 365.80M) | Time:00:00.15 | Mem:66.56M, Peak:226.53M | Scene, ViewLayer | Updating Integrator
Fra:1 Mem:77.71M (Peak 365.80M) | Time:00:00.15 | Mem:66.57M, Peak:226.53M | Scene, ViewLayer | Updating Film
Fra:1 Mem:77.71M (Peak 365.80M) | Time:00:00.15 | Mem:66.32M, Peak:226.53M | Scene, ViewLayer | Updating Lookup Tables
Fra:1 Mem:77.71M (Peak 365.80M) | Time:00:00.15 | Mem:66.57M, Peak:226.53M | Scene, ViewLayer | Updating Baking
Fra:1 Mem:77.71M (Peak 365.80M) | Time:00:00.15 | Mem:66.57M, Peak:226.53M | Scene, ViewLayer | Updating Device | Writing constant memory
Fra:1 Mem:77.71M (Peak 365.80M) | Time:00:00.15 | Mem:66.57M, Peak:226.53M | Scene, ViewLayer | Sample 0/32
Fra:1 Mem:96.80M (Peak 365.80M) | Time:00:00.16 | Remaining:00:00.23 | Mem:85.57M, Peak:226.53M | Scene, ViewLayer | Sample 1/32
Fra:1 Mem:104.80M (Peak 365.80M) | Time:00:00.44 | Mem:85.57M, Peak:226.53M | Scene, ViewLayer | Sample 32/32
Fra:1 Mem:104.80M (Peak 365.80M) | Time:00:00.44 | Mem:85.57M, Peak:226.53M | Scene, ViewLayer | Finished
Saved: '/home/janus/iwi9-datasets/objaverse-rendering/no_textures_5/b2631389d8ab431bb790c874318a5ab6/006.png'
 Time: 00:00.47 (Saving: 00:00.03)

Fra:1 Mem:12.05M (Peak 12.71M) | Time:00:00.00 | Mem:0.00M, Peak:0.00M | Scene, ViewLayer | Synchronizing object | Object_2
Fra:1 Mem:12.15M (Peak 12.71M) | Time:00:00.00 | Mem:0.00M, Peak:0.00M | Scene, ViewLayer | Synchronizing object | Object_4
Fra:1 Mem:12.45M (Peak 13.74M) | Time:00:00.00 | Mem:0.00M, Peak:0.00M | Scene, ViewLayer | Initializing
Fra:1 Mem:11.51M (Peak 13.74M) | Time:00:00.00 | Mem:0.00M, Peak:0.00M | Scene, ViewLayer | Waiting for render to start
Fra:1 Mem:11.51M (Peak 13.74M) | Time:00:00.00 | Mem:0.00M, Peak:0.00M | Scene, ViewLayer | Loading render kernels (may take a few minutes the first time)
Fra:1 Mem:11.51M (Peak 13.74M) | Time:00:00.00 | Mem:0.00M, Peak:0.00M | Scene, ViewLayer | Updating Scene
Fra:1 Mem:11.51M (Peak 13.74M) | Time:00:00.00 | Mem:0.00M, Peak:0.00M | Scene, ViewLayer | Updating Shaders
Fra:1 Mem:11.76M (Peak 13.74M) | Time:00:00.00 | Mem:0.00M, Peak:0.00M | Scene, ViewLayer | Updating Procedurals
Fra:1 Mem:11.76M (Peak 13.74M) | Time:00:00.00 | Mem:0.00M, Peak:0.00M | Scene, ViewLayer | Updating Background
Fra:1 Mem:11.76M (Peak 13.74M) | Time:00:00.00 | Mem:0.00M, Peak:0.00M | Scene, ViewLayer | Updating Camera
Fra:1 Mem:11.76M (Peak 13.74M) | Time:00:00.00 | Mem:0.00M, Peak:0.00M | Scene, ViewLayer | Updating Meshes Flags
Fra:1 Mem:11.76M (Peak 13.74M) | Time:00:00.00 | Mem:0.00M, Peak:0.00M | Scene, ViewLayer | Updating Objects
Fra:1 Mem:11.76M (Peak 13.74M) | Time:00:00.00 | Mem:0.00M, Peak:0.00M | Scene, ViewLayer | Updating Objects | Copying Transformations to device
Fra:1 Mem:11.76M (Peak 13.74M) | Time:00:00.00 | Mem:0.00M, Peak:0.00M | Scene, ViewLayer | Updating Objects | Applying Static Transformations
Fra:1 Mem:11.76M (Peak 13.74M) | Time:00:00.00 | Mem:0.00M, Peak:0.00M | Scene, ViewLayer | Updating Particle Systems
Fra:1 Mem:11.76M (Peak 13.74M) | Time:00:00.00 | Mem:0.00M, Peak:0.00M | Scene, ViewLayer | Updating Particle Systems | Copying Particles to device
Fra:1 Mem:11.76M (Peak 13.74M) | Time:00:00.00 | Mem:0.00M, Peak:0.00M | Scene, ViewLayer | Updating Meshes
Fra:1 Mem:11.82M (Peak 13.74M) | Time:00:00.00 | Mem:0.00M, Peak:0.00M | Scene, ViewLayer | Updating Mesh | Computing attributes
Fra:1 Mem:11.97M (Peak 13.74M) | Time:00:00.00 | Mem:0.00M, Peak:0.00M | Scene, ViewLayer | Updating Mesh | Copying Attributes to device
Fra:1 Mem:11.97M (Peak 13.74M) | Time:00:00.00 | Mem:0.15M, Peak:0.15M | Scene, ViewLayer | Updating Scene BVH | Building
Fra:1 Mem:11.97M (Peak 13.74M) | Time:00:00.00 | Mem:0.15M, Peak:0.15M | Scene, ViewLayer | Updating Scene BVH | Building BVH
Fra:1 Mem:11.97M (Peak 13.74M) | Time:00:00.00 | Mem:0.38M, Peak:0.38M | Scene, ViewLayer | Updating Scene BVH | Building BVH 0%
Fra:1 Mem:11.97M (Peak 13.74M) | Time:00:00.00 | Mem:0.51M, Peak:0.63M | Scene, ViewLayer | Updating Scene BVH | Copying BVH to device
Fra:1 Mem:11.97M (Peak 13.74M) | Time:00:00.00 | Mem:0.51M, Peak:0.63M | Scene, ViewLayer | Updating Mesh | Computing normals
Fra:1 Mem:12.29M (Peak 13.74M) | Time:00:00.00 | Mem:0.51M, Peak:0.63M | Scene, ViewLayer | Updating Mesh | Copying Mesh to device
Fra:1 Mem:12.29M (Peak 13.74M) | Time:00:00.00 | Mem:0.82M, Peak:0.82M | Scene, ViewLayer | Updating Objects Flags
Fra:1 Mem:12.29M (Peak 13.74M) | Time:00:00.00 | Mem:0.82M, Peak:0.82M | Scene, ViewLayer | Updating Primitive Offsets
Fra:1 Mem:12.29M (Peak 13.74M) | Time:00:00.00 | Mem:0.82M, Peak:0.82M | Scene, ViewLayer | Updating Images
Fra:1 Mem:12.29M (Peak 13.74M) | Time:00:00.00 | Mem:0.82M, Peak:0.82M | Scene, ViewLayer | Updating Images | Loading 01108.exr
Fra:1 Mem:12.41M (Peak 13.74M) | Time:00:00.00 | Mem:0.82M, Peak:0.82M | Scene, ViewLayer | Updating Images | Loading stained_0119.jpg
Fra:1 Mem:13.87M (Peak 13.87M) | Time:00:00.01 | Mem:2.40M, Peak:2.40M | Scene, ViewLayer | Updating Camera Volume
Fra:1 Mem:13.87M (Peak 13.87M) | Time:00:00.01 | Mem:2.40M, Peak:2.40M | Scene, ViewLayer | Updating Lookup Tables
Fra:1 Mem:13.87M (Peak 13.87M) | Time:00:00.01 | Mem:2.65M, Peak:2.65M | Scene, ViewLayer | Updating Lights
Fra:1 Mem:13.87M (Peak 13.87M) | Time:00:00.01 | Mem:2.65M, Peak:2.65M | Scene, ViewLayer | Updating Lights | Computing distribution
Fra:1 Mem:13.87M (Peak 13.87M) | Time:00:00.01 | Mem:2.65M, Peak:2.65M | Scene, ViewLayer | Updating Lights | Importance map
Fra:1 Mem:77.90M (Peak 366.00M) | Time:00:00.15 | Mem:66.69M, Peak:226.66M | Scene, ViewLayer | Updating Integrator
Fra:1 Mem:77.91M (Peak 366.00M) | Time:00:00.15 | Mem:66.70M, Peak:226.66M | Scene, ViewLayer | Updating Film
Fra:1 Mem:77.92M (Peak 366.00M) | Time:00:00.15 | Mem:66.45M, Peak:226.66M | Scene, ViewLayer | Updating Lookup Tables
Fra:1 Mem:77.92M (Peak 366.00M) | Time:00:00.15 | Mem:66.70M, Peak:226.66M | Scene, ViewLayer | Updating Baking
Fra:1 Mem:77.92M (Peak 366.00M) | Time:00:00.15 | Mem:66.70M, Peak:226.66M | Scene, ViewLayer | Updating Device | Writing constant memory
Fra:1 Mem:77.92M (Peak 366.00M) | Time:00:00.15 | Mem:66.70M, Peak:226.66M | Scene, ViewLayer | Sample 0/32
Fra:1 Mem:97.00M (Peak 366.00M) | Time:00:00.16 | Remaining:00:00.23 | Mem:85.70M, Peak:226.66M | Scene, ViewLayer | Sample 1/32
Fra:1 Mem:105.01M (Peak 366.00M) | Time:00:00.42 | Mem:85.70M, Peak:226.66M | Scene, ViewLayer | Sample 32/32
Fra:1 Mem:105.01M (Peak 366.00M) | Time:00:00.42 | Mem:85.70M, Peak:226.66M | Scene, ViewLayer | Finished
Saved: '/home/janus/iwi9-datasets/objaverse-rendering/no_textures_5/b2631389d8ab431bb790c874318a5ab6/007.png'
 Time: 00:00.45 (Saving: 00:00.03)

Fra:1 Mem:12.11M (Peak 13.02M) | Time:00:00.00 | Mem:0.00M, Peak:0.00M | Scene, ViewLayer | Synchronizing object | Object_4
Fra:1 Mem:12.29M (Peak 13.02M) | Time:00:00.00 | Mem:0.00M, Peak:0.00M | Scene, ViewLayer | Synchronizing object | Object_2
Fra:1 Mem:12.51M (Peak 13.81M) | Time:00:00.00 | Mem:0.00M, Peak:0.00M | Scene, ViewLayer | Initializing
Fra:1 Mem:11.57M (Peak 13.81M) | Time:00:00.00 | Mem:0.00M, Peak:0.00M | Scene, ViewLayer | Waiting for render to start
Fra:1 Mem:11.58M (Peak 13.81M) | Time:00:00.00 | Mem:0.00M, Peak:0.00M | Scene, ViewLayer | Loading render kernels (may take a few minutes the first time)
Fra:1 Mem:11.58M (Peak 13.81M) | Time:00:00.00 | Mem:0.00M, Peak:0.00M | Scene, ViewLayer | Updating Scene
Fra:1 Mem:11.58M (Peak 13.81M) | Time:00:00.00 | Mem:0.00M, Peak:0.00M | Scene, ViewLayer | Updating Shaders
Fra:1 Mem:11.83M (Peak 13.81M) | Time:00:00.00 | Mem:0.00M, Peak:0.00M | Scene, ViewLayer | Updating Procedurals
Fra:1 Mem:11.83M (Peak 13.81M) | Time:00:00.00 | Mem:0.00M, Peak:0.00M | Scene, ViewLayer | Updating Background
Fra:1 Mem:11.83M (Peak 13.81M) | Time:00:00.00 | Mem:0.00M, Peak:0.00M | Scene, ViewLayer | Updating Camera
Fra:1 Mem:11.83M (Peak 13.81M) | Time:00:00.00 | Mem:0.00M, Peak:0.00M | Scene, ViewLayer | Updating Meshes Flags
Fra:1 Mem:11.83M (Peak 13.81M) | Time:00:00.00 | Mem:0.00M, Peak:0.00M | Scene, ViewLayer | Updating Objects
Fra:1 Mem:11.83M (Peak 13.81M) | Time:00:00.00 | Mem:0.00M, Peak:0.00M | Scene, ViewLayer | Updating Objects | Copying Transformations to device
Fra:1 Mem:11.83M (Peak 13.81M) | Time:00:00.00 | Mem:0.00M, Peak:0.00M | Scene, ViewLayer | Updating Objects | Applying Static Transformations
Fra:1 Mem:11.83M (Peak 13.81M) | Time:00:00.00 | Mem:0.00M, Peak:0.00M | Scene, ViewLayer | Updating Particle Systems
Fra:1 Mem:11.83M (Peak 13.81M) | Time:00:00.00 | Mem:0.00M, Peak:0.00M | Scene, ViewLayer | Updating Particle Systems | Copying Particles to device
Fra:1 Mem:11.83M (Peak 13.81M) | Time:00:00.00 | Mem:0.00M, Peak:0.00M | Scene, ViewLayer | Updating Meshes
Fra:1 Mem:11.89M (Peak 13.81M) | Time:00:00.00 | Mem:0.00M, Peak:0.00M | Scene, ViewLayer | Updating Mesh | Computing attributes
Fra:1 Mem:12.03M (Peak 13.81M) | Time:00:00.00 | Mem:0.00M, Peak:0.00M | Scene, ViewLayer | Updating Mesh | Copying Attributes to device
Fra:1 Mem:12.03M (Peak 13.81M) | Time:00:00.00 | Mem:0.15M, Peak:0.15M | Scene, ViewLayer | Updating Scene BVH | Building
Fra:1 Mem:12.03M (Peak 13.81M) | Time:00:00.00 | Mem:0.15M, Peak:0.15M | Scene, ViewLayer | Updating Scene BVH | Building BVH
Fra:1 Mem:12.03M (Peak 13.81M) | Time:00:00.00 | Mem:0.38M, Peak:0.38M | Scene, ViewLayer | Updating Scene BVH | Building BVH 0%
Fra:1 Mem:12.03M (Peak 13.81M) | Time:00:00.00 | Mem:0.51M, Peak:0.63M | Scene, ViewLayer | Updating Scene BVH | Copying BVH to device
Fra:1 Mem:12.03M (Peak 13.81M) | Time:00:00.00 | Mem:0.51M, Peak:0.63M | Scene, ViewLayer | Updating Mesh | Computing normals
Fra:1 Mem:12.35M (Peak 13.81M) | Time:00:00.00 | Mem:0.51M, Peak:0.63M | Scene, ViewLayer | Updating Mesh | Copying Mesh to device
Fra:1 Mem:12.35M (Peak 13.81M) | Time:00:00.00 | Mem:0.82M, Peak:0.82M | Scene, ViewLayer | Updating Objects Flags
Fra:1 Mem:12.35M (Peak 13.81M) | Time:00:00.00 | Mem:0.82M, Peak:0.82M | Scene, ViewLayer | Updating Primitive Offsets
Fra:1 Mem:12.35M (Peak 13.81M) | Time:00:00.00 | Mem:0.82M, Peak:0.82M | Scene, ViewLayer | Updating Images
Fra:1 Mem:12.35M (Peak 13.81M) | Time:00:00.00 | Mem:0.82M, Peak:0.82M | Scene, ViewLayer | Updating Images | Loading 01108.exr
Fra:1 Mem:12.48M (Peak 13.81M) | Time:00:00.00 | Mem:0.82M, Peak:0.82M | Scene, ViewLayer | Updating Images | Loading dotted_0207.jpg
Fra:1 Mem:13.69M (Peak 13.81M) | Time:00:00.01 | Mem:2.15M, Peak:2.15M | Scene, ViewLayer | Updating Camera Volume
Fra:1 Mem:13.69M (Peak 13.81M) | Time:00:00.01 | Mem:2.15M, Peak:2.15M | Scene, ViewLayer | Updating Lookup Tables
Fra:1 Mem:13.69M (Peak 13.81M) | Time:00:00.01 | Mem:2.40M, Peak:2.40M | Scene, ViewLayer | Updating Lights
Fra:1 Mem:13.69M (Peak 13.81M) | Time:00:00.01 | Mem:2.40M, Peak:2.40M | Scene, ViewLayer | Updating Lights | Computing distribution
Fra:1 Mem:13.69M (Peak 13.81M) | Time:00:00.01 | Mem:2.40M, Peak:2.40M | Scene, ViewLayer | Updating Lights | Importance map
Fra:1 Mem:77.72M (Peak 365.82M) | Time:00:00.15 | Mem:66.45M, Peak:226.41M | Scene, ViewLayer | Updating Integrator
Fra:1 Mem:77.73M (Peak 365.82M) | Time:00:00.15 | Mem:66.45M, Peak:226.41M | Scene, ViewLayer | Updating Film
Fra:1 Mem:77.74M (Peak 365.82M) | Time:00:00.15 | Mem:66.20M, Peak:226.41M | Scene, ViewLayer | Updating Lookup Tables
Fra:1 Mem:77.74M (Peak 365.82M) | Time:00:00.15 | Mem:66.46M, Peak:226.41M | Scene, ViewLayer | Updating Baking
Fra:1 Mem:77.74M (Peak 365.82M) | Time:00:00.15 | Mem:66.46M, Peak:226.41M | Scene, ViewLayer | Updating Device | Writing constant memory
Fra:1 Mem:77.74M (Peak 365.82M) | Time:00:00.15 | Mem:66.46M, Peak:226.41M | Scene, ViewLayer | Sample 0/32
Fra:1 Mem:96.82M (Peak 365.82M) | Time:00:00.16 | Remaining:00:00.23 | Mem:85.46M, Peak:226.41M | Scene, ViewLayer | Sample 1/32
Fra:1 Mem:104.83M (Peak 365.82M) | Time:00:00.44 | Mem:85.46M, Peak:226.41M | Scene, ViewLayer | Sample 32/32
Fra:1 Mem:104.83M (Peak 365.82M) | Time:00:00.44 | Mem:85.46M, Peak:226.41M | Scene, ViewLayer | Finished
Saved: '/home/janus/iwi9-datasets/objaverse-rendering/no_textures_5/b2631389d8ab431bb790c874318a5ab6/008.png'
 Time: 00:00.47 (Saving: 00:00.03)

Fra:1 Mem:12.19M (Peak 13.09M) | Time:00:00.00 | Mem:0.00M, Peak:0.00M | Scene, ViewLayer | Synchronizing object | Object_2
Fra:1 Mem:12.19M (Peak 13.09M) | Time:00:00.00 | Mem:0.00M, Peak:0.00M | Scene, ViewLayer | Synchronizing object | Object_4
Fra:1 Mem:12.59M (Peak 13.65M) | Time:00:00.00 | Mem:0.00M, Peak:0.00M | Scene, ViewLayer | Initializing
Fra:1 Mem:11.65M (Peak 13.65M) | Time:00:00.00 | Mem:0.00M, Peak:0.00M | Scene, ViewLayer | Waiting for render to start
Fra:1 Mem:11.65M (Peak 13.65M) | Time:00:00.00 | Mem:0.00M, Peak:0.00M | Scene, ViewLayer | Loading render kernels (may take a few minutes the first time)
Fra:1 Mem:11.65M (Peak 13.65M) | Time:00:00.00 | Mem:0.00M, Peak:0.00M | Scene, ViewLayer | Updating Scene
Fra:1 Mem:11.65M (Peak 13.65M) | Time:00:00.00 | Mem:0.00M, Peak:0.00M | Scene, ViewLayer | Updating Shaders
Fra:1 Mem:11.90M (Peak 13.65M) | Time:00:00.00 | Mem:0.00M, Peak:0.00M | Scene, ViewLayer | Updating Procedurals
Fra:1 Mem:11.90M (Peak 13.65M) | Time:00:00.00 | Mem:0.00M, Peak:0.00M | Scene, ViewLayer | Updating Background
Fra:1 Mem:11.90M (Peak 13.65M) | Time:00:00.00 | Mem:0.00M, Peak:0.00M | Scene, ViewLayer | Updating Camera
Fra:1 Mem:11.90M (Peak 13.65M) | Time:00:00.00 | Mem:0.00M, Peak:0.00M | Scene, ViewLayer | Updating Meshes Flags
Fra:1 Mem:11.90M (Peak 13.65M) | Time:00:00.00 | Mem:0.00M, Peak:0.00M | Scene, ViewLayer | Updating Objects
Fra:1 Mem:11.90M (Peak 13.65M) | Time:00:00.00 | Mem:0.00M, Peak:0.00M | Scene, ViewLayer | Updating Objects | Copying Transformations to device
Fra:1 Mem:11.90M (Peak 13.65M) | Time:00:00.00 | Mem:0.00M, Peak:0.00M | Scene, ViewLayer | Updating Objects | Applying Static Transformations
Fra:1 Mem:11.90M (Peak 13.65M) | Time:00:00.00 | Mem:0.00M, Peak:0.00M | Scene, ViewLayer | Updating Particle Systems
Fra:1 Mem:11.90M (Peak 13.65M) | Time:00:00.00 | Mem:0.00M, Peak:0.00M | Scene, ViewLayer | Updating Particle Systems | Copying Particles to device
Fra:1 Mem:11.90M (Peak 13.65M) | Time:00:00.00 | Mem:0.00M, Peak:0.00M | Scene, ViewLayer | Updating Meshes
Fra:1 Mem:11.96M (Peak 13.65M) | Time:00:00.00 | Mem:0.00M, Peak:0.00M | Scene, ViewLayer | Updating Mesh | Computing attributes
Fra:1 Mem:12.11M (Peak 13.65M) | Time:00:00.00 | Mem:0.00M, Peak:0.00M | Scene, ViewLayer | Updating Mesh | Copying Attributes to device
Fra:1 Mem:12.11M (Peak 13.65M) | Time:00:00.00 | Mem:0.15M, Peak:0.15M | Scene, ViewLayer | Updating Scene BVH | Building
Fra:1 Mem:12.11M (Peak 13.65M) | Time:00:00.00 | Mem:0.15M, Peak:0.15M | Scene, ViewLayer | Updating Scene BVH | Building BVH
Fra:1 Mem:12.11M (Peak 13.65M) | Time:00:00.00 | Mem:0.38M, Peak:0.38M | Scene, ViewLayer | Updating Scene BVH | Building BVH 0%
Fra:1 Mem:12.11M (Peak 13.65M) | Time:00:00.00 | Mem:0.51M, Peak:0.63M | Scene, ViewLayer | Updating Scene BVH | Copying BVH to device
Fra:1 Mem:12.11M (Peak 13.65M) | Time:00:00.00 | Mem:0.51M, Peak:0.63M | Scene, ViewLayer | Updating Mesh | Computing normals
Fra:1 Mem:12.43M (Peak 13.65M) | Time:00:00.00 | Mem:0.51M, Peak:0.63M | Scene, ViewLayer | Updating Mesh | Copying Mesh to device
Fra:1 Mem:12.43M (Peak 13.65M) | Time:00:00.00 | Mem:0.82M, Peak:0.82M | Scene, ViewLayer | Updating Objects Flags
Fra:1 Mem:12.43M (Peak 13.65M) | Time:00:00.00 | Mem:0.82M, Peak:0.82M | Scene, ViewLayer | Updating Primitive Offsets
Fra:1 Mem:12.43M (Peak 13.65M) | Time:00:00.00 | Mem:0.82M, Peak:0.82M | Scene, ViewLayer | Updating Images
Fra:1 Mem:12.43M (Peak 13.65M) | Time:00:00.00 | Mem:0.82M, Peak:0.82M | Scene, ViewLayer | Updating Images | Loading 01108.exr
Fra:1 Mem:12.55M (Peak 13.65M) | Time:00:00.00 | Mem:0.82M, Peak:0.82M | Scene, ViewLayer | Updating Images | Loading potholed_0143.jpg
Fra:1 Mem:13.91M (Peak 13.91M) | Time:00:00.01 | Mem:2.30M, Peak:2.30M | Scene, ViewLayer | Updating Camera Volume
Fra:1 Mem:13.91M (Peak 13.91M) | Time:00:00.01 | Mem:2.30M, Peak:2.30M | Scene, ViewLayer | Updating Lookup Tables
Fra:1 Mem:13.91M (Peak 13.91M) | Time:00:00.01 | Mem:2.55M, Peak:2.55M | Scene, ViewLayer | Updating Lights
Fra:1 Mem:13.91M (Peak 13.91M) | Time:00:00.01 | Mem:2.55M, Peak:2.55M | Scene, ViewLayer | Updating Lights | Computing distribution
Fra:1 Mem:13.91M (Peak 13.91M) | Time:00:00.01 | Mem:2.55M, Peak:2.55M | Scene, ViewLayer | Updating Lights | Importance map
Fra:1 Mem:77.94M (Peak 366.04M) | Time:00:00.15 | Mem:66.59M, Peak:226.56M | Scene, ViewLayer | Updating Integrator
Fra:1 Mem:77.95M (Peak 366.04M) | Time:00:00.15 | Mem:66.60M, Peak:226.56M | Scene, ViewLayer | Updating Film
Fra:1 Mem:77.95M (Peak 366.04M) | Time:00:00.15 | Mem:66.35M, Peak:226.56M | Scene, ViewLayer | Updating Lookup Tables
Fra:1 Mem:77.95M (Peak 366.04M) | Time:00:00.15 | Mem:66.60M, Peak:226.56M | Scene, ViewLayer | Updating Baking
Fra:1 Mem:77.95M (Peak 366.04M) | Time:00:00.15 | Mem:66.60M, Peak:226.56M | Scene, ViewLayer | Updating Device | Writing constant memory
Fra:1 Mem:77.95M (Peak 366.04M) | Time:00:00.15 | Mem:66.60M, Peak:226.56M | Scene, ViewLayer | Sample 0/32
Fra:1 Mem:97.04M (Peak 366.04M) | Time:00:00.16 | Remaining:00:00.25 | Mem:85.60M, Peak:226.56M | Scene, ViewLayer | Sample 1/32
Fra:1 Mem:105.04M (Peak 366.04M) | Time:00:00.45 | Mem:85.60M, Peak:226.56M | Scene, ViewLayer | Sample 32/32
Fra:1 Mem:105.04M (Peak 366.04M) | Time:00:00.45 | Mem:85.60M, Peak:226.56M | Scene, ViewLayer | Finished
Saved: '/home/janus/iwi9-datasets/objaverse-rendering/no_textures_5/b2631389d8ab431bb790c874318a5ab6/009.png'
 Time: 00:00.49 (Saving: 00:00.03)

Fra:1 Mem:12.25M (Peak 13.13M) | Time:00:00.00 | Mem:0.00M, Peak:0.00M | Scene, ViewLayer | Synchronizing object | Object_2
Fra:1 Mem:12.27M (Peak 13.13M) | Time:00:00.00 | Mem:0.00M, Peak:0.00M | Scene, ViewLayer | Synchronizing object | Object_4
Fra:1 Mem:12.65M (Peak 13.85M) | Time:00:00.00 | Mem:0.00M, Peak:0.00M | Scene, ViewLayer | Initializing
Fra:1 Mem:11.72M (Peak 13.85M) | Time:00:00.00 | Mem:0.00M, Peak:0.00M | Scene, ViewLayer | Waiting for render to start
Fra:1 Mem:11.72M (Peak 13.85M) | Time:00:00.00 | Mem:0.00M, Peak:0.00M | Scene, ViewLayer | Loading render kernels (may take a few minutes the first time)
Fra:1 Mem:11.72M (Peak 13.85M) | Time:00:00.00 | Mem:0.00M, Peak:0.00M | Scene, ViewLayer | Updating Scene
Fra:1 Mem:11.72M (Peak 13.85M) | Time:00:00.00 | Mem:0.00M, Peak:0.00M | Scene, ViewLayer | Updating Shaders
Fra:1 Mem:11.97M (Peak 13.85M) | Time:00:00.00 | Mem:0.00M, Peak:0.00M | Scene, ViewLayer | Updating Procedurals
Fra:1 Mem:11.97M (Peak 13.85M) | Time:00:00.00 | Mem:0.00M, Peak:0.00M | Scene, ViewLayer | Updating Background
Fra:1 Mem:11.97M (Peak 13.85M) | Time:00:00.00 | Mem:0.00M, Peak:0.00M | Scene, ViewLayer | Updating Camera
Fra:1 Mem:11.97M (Peak 13.85M) | Time:00:00.00 | Mem:0.00M, Peak:0.00M | Scene, ViewLayer | Updating Meshes Flags
Fra:1 Mem:11.97M (Peak 13.85M) | Time:00:00.00 | Mem:0.00M, Peak:0.00M | Scene, ViewLayer | Updating Objects
Fra:1 Mem:11.97M (Peak 13.85M) | Time:00:00.00 | Mem:0.00M, Peak:0.00M | Scene, ViewLayer | Updating Objects | Copying Transformations to device
Fra:1 Mem:11.97M (Peak 13.85M) | Time:00:00.00 | Mem:0.00M, Peak:0.00M | Scene, ViewLayer | Updating Objects | Applying Static Transformations
Fra:1 Mem:11.97M (Peak 13.85M) | Time:00:00.00 | Mem:0.00M, Peak:0.00M | Scene, ViewLayer | Updating Particle Systems
Fra:1 Mem:11.97M (Peak 13.85M) | Time:00:00.00 | Mem:0.00M, Peak:0.00M | Scene, ViewLayer | Updating Particle Systems | Copying Particles to device
Fra:1 Mem:11.97M (Peak 13.85M) | Time:00:00.00 | Mem:0.00M, Peak:0.00M | Scene, ViewLayer | Updating Meshes
Fra:1 Mem:12.03M (Peak 13.85M) | Time:00:00.00 | Mem:0.00M, Peak:0.00M | Scene, ViewLayer | Updating Mesh | Computing attributes
Fra:1 Mem:12.18M (Peak 13.85M) | Time:00:00.00 | Mem:0.00M, Peak:0.00M | Scene, ViewLayer | Updating Mesh | Copying Attributes to device
Fra:1 Mem:12.18M (Peak 13.85M) | Time:00:00.00 | Mem:0.15M, Peak:0.15M | Scene, ViewLayer | Updating Scene BVH | Building
Fra:1 Mem:12.18M (Peak 13.85M) | Time:00:00.00 | Mem:0.15M, Peak:0.15M | Scene, ViewLayer | Updating Scene BVH | Building BVH
Fra:1 Mem:12.18M (Peak 13.85M) | Time:00:00.00 | Mem:0.38M, Peak:0.38M | Scene, ViewLayer | Updating Scene BVH | Building BVH 0%
Fra:1 Mem:12.18M (Peak 13.85M) | Time:00:00.00 | Mem:0.51M, Peak:0.63M | Scene, ViewLayer | Updating Scene BVH | Copying BVH to device
Fra:1 Mem:12.18M (Peak 13.85M) | Time:00:00.00 | Mem:0.51M, Peak:0.63M | Scene, ViewLayer | Updating Mesh | Computing normals
Fra:1 Mem:12.49M (Peak 13.85M) | Time:00:00.00 | Mem:0.51M, Peak:0.63M | Scene, ViewLayer | Updating Mesh | Copying Mesh to device
Fra:1 Mem:12.49M (Peak 13.85M) | Time:00:00.00 | Mem:0.82M, Peak:0.82M | Scene, ViewLayer | Updating Objects Flags
Fra:1 Mem:12.49M (Peak 13.85M) | Time:00:00.00 | Mem:0.82M, Peak:0.82M | Scene, ViewLayer | Updating Primitive Offsets
Fra:1 Mem:12.49M (Peak 13.85M) | Time:00:00.00 | Mem:0.82M, Peak:0.82M | Scene, ViewLayer | Updating Images
Fra:1 Mem:12.49M (Peak 13.85M) | Time:00:00.00 | Mem:0.82M, Peak:0.82M | Scene, ViewLayer | Updating Images | Loading 01108.exr
Fra:1 Mem:12.62M (Peak 13.85M) | Time:00:00.00 | Mem:0.82M, Peak:0.82M | Scene, ViewLayer | Updating Images | Loading blotchy_0058.jpg
Fra:1 Mem:13.05M (Peak 13.85M) | Time:00:00.01 | Mem:1.37M, Peak:1.37M | Scene, ViewLayer | Updating Camera Volume
Fra:1 Mem:13.05M (Peak 13.85M) | Time:00:00.01 | Mem:1.37M, Peak:1.37M | Scene, ViewLayer | Updating Lookup Tables
Fra:1 Mem:13.05M (Peak 13.85M) | Time:00:00.01 | Mem:1.62M, Peak:1.62M | Scene, ViewLayer | Updating Lights
Fra:1 Mem:13.05M (Peak 13.85M) | Time:00:00.01 | Mem:1.62M, Peak:1.62M | Scene, ViewLayer | Updating Lights | Computing distribution
Fra:1 Mem:13.05M (Peak 13.85M) | Time:00:00.01 | Mem:1.62M, Peak:1.62M | Scene, ViewLayer | Updating Lights | Importance map
Fra:1 Mem:77.09M (Peak 365.18M) | Time:00:00.15 | Mem:65.67M, Peak:225.64M | Scene, ViewLayer | Updating Integrator
Fra:1 Mem:77.09M (Peak 365.18M) | Time:00:00.15 | Mem:65.67M, Peak:225.64M | Scene, ViewLayer | Updating Film
Fra:1 Mem:77.10M (Peak 365.18M) | Time:00:00.15 | Mem:65.42M, Peak:225.64M | Scene, ViewLayer | Updating Lookup Tables
Fra:1 Mem:77.10M (Peak 365.18M) | Time:00:00.15 | Mem:65.68M, Peak:225.64M | Scene, ViewLayer | Updating Baking
Fra:1 Mem:77.10M (Peak 365.18M) | Time:00:00.15 | Mem:65.68M, Peak:225.64M | Scene, ViewLayer | Updating Device | Writing constant memory
Fra:1 Mem:77.10M (Peak 365.18M) | Time:00:00.15 | Mem:65.68M, Peak:225.64M | Scene, ViewLayer | Sample 0/32
Fra:1 Mem:96.19M (Peak 365.18M) | Time:00:00.16 | Remaining:00:00.25 | Mem:84.68M, Peak:225.64M | Scene, ViewLayer | Sample 1/32
Fra:1 Mem:104.19M (Peak 365.18M) | Time:00:00.46 | Mem:84.68M, Peak:225.64M | Scene, ViewLayer | Sample 32/32
Fra:1 Mem:104.19M (Peak 365.18M) | Time:00:00.46 | Mem:84.68M, Peak:225.64M | Scene, ViewLayer | Finished
Saved: '/home/janus/iwi9-datasets/objaverse-rendering/no_textures_5/b2631389d8ab431bb790c874318a5ab6/010.png'
 Time: 00:00.49 (Saving: 00:00.03)

Fra:1 Mem:12.32M (Peak 13.29M) | Time:00:00.00 | Mem:0.00M, Peak:0.00M | Scene, ViewLayer | Synchronizing object | Object_2
Fra:1 Mem:12.32M (Peak 13.29M) | Time:00:00.00 | Mem:0.00M, Peak:0.00M | Scene, ViewLayer | Synchronizing object | Object_4
Fra:1 Mem:12.72M (Peak 13.94M) | Time:00:00.00 | Mem:0.00M, Peak:0.00M | Scene, ViewLayer | Initializing
Fra:1 Mem:11.78M (Peak 13.94M) | Time:00:00.00 | Mem:0.00M, Peak:0.00M | Scene, ViewLayer | Waiting for render to start
Fra:1 Mem:11.78M (Peak 13.94M) | Time:00:00.00 | Mem:0.00M, Peak:0.00M | Scene, ViewLayer | Loading render kernels (may take a few minutes the first time)
Fra:1 Mem:11.78M (Peak 13.94M) | Time:00:00.00 | Mem:0.00M, Peak:0.00M | Scene, ViewLayer | Updating Scene
Fra:1 Mem:11.78M (Peak 13.94M) | Time:00:00.00 | Mem:0.00M, Peak:0.00M | Scene, ViewLayer | Updating Shaders
Fra:1 Mem:12.04M (Peak 13.94M) | Time:00:00.00 | Mem:0.00M, Peak:0.00M | Scene, ViewLayer | Updating Procedurals
Fra:1 Mem:12.04M (Peak 13.94M) | Time:00:00.00 | Mem:0.00M, Peak:0.00M | Scene, ViewLayer | Updating Background
Fra:1 Mem:12.04M (Peak 13.94M) | Time:00:00.00 | Mem:0.00M, Peak:0.00M | Scene, ViewLayer | Updating Camera
Fra:1 Mem:12.04M (Peak 13.94M) | Time:00:00.00 | Mem:0.00M, Peak:0.00M | Scene, ViewLayer | Updating Meshes Flags
Fra:1 Mem:12.04M (Peak 13.94M) | Time:00:00.00 | Mem:0.00M, Peak:0.00M | Scene, ViewLayer | Updating Objects
Fra:1 Mem:12.04M (Peak 13.94M) | Time:00:00.00 | Mem:0.00M, Peak:0.00M | Scene, ViewLayer | Updating Objects | Copying Transformations to device
Fra:1 Mem:12.04M (Peak 13.94M) | Time:00:00.00 | Mem:0.00M, Peak:0.00M | Scene, ViewLayer | Updating Objects | Applying Static Transformations
Fra:1 Mem:12.04M (Peak 13.94M) | Time:00:00.00 | Mem:0.00M, Peak:0.00M | Scene, ViewLayer | Updating Particle Systems
Fra:1 Mem:12.04M (Peak 13.94M) | Time:00:00.00 | Mem:0.00M, Peak:0.00M | Scene, ViewLayer | Updating Particle Systems | Copying Particles to device
Fra:1 Mem:12.04M (Peak 13.94M) | Time:00:00.00 | Mem:0.00M, Peak:0.00M | Scene, ViewLayer | Updating Meshes
Fra:1 Mem:12.09M (Peak 13.94M) | Time:00:00.00 | Mem:0.00M, Peak:0.00M | Scene, ViewLayer | Updating Mesh | Computing attributes
Fra:1 Mem:12.24M (Peak 13.94M) | Time:00:00.00 | Mem:0.00M, Peak:0.00M | Scene, ViewLayer | Updating Mesh | Copying Attributes to device
Fra:1 Mem:12.24M (Peak 13.94M) | Time:00:00.00 | Mem:0.15M, Peak:0.15M | Scene, ViewLayer | Updating Scene BVH | Building
Fra:1 Mem:12.24M (Peak 13.94M) | Time:00:00.00 | Mem:0.15M, Peak:0.15M | Scene, ViewLayer | Updating Scene BVH | Building BVH
Fra:1 Mem:12.24M (Peak 13.94M) | Time:00:00.00 | Mem:0.38M, Peak:0.38M | Scene, ViewLayer | Updating Scene BVH | Building BVH 0%
Fra:1 Mem:12.24M (Peak 13.94M) | Time:00:00.00 | Mem:0.51M, Peak:0.63M | Scene, ViewLayer | Updating Scene BVH | Copying BVH to device
Fra:1 Mem:12.24M (Peak 13.94M) | Time:00:00.00 | Mem:0.51M, Peak:0.63M | Scene, ViewLayer | Updating Mesh | Computing normals
Fra:1 Mem:12.56M (Peak 13.94M) | Time:00:00.00 | Mem:0.51M, Peak:0.63M | Scene, ViewLayer | Updating Mesh | Copying Mesh to device
Fra:1 Mem:12.56M (Peak 13.94M) | Time:00:00.00 | Mem:0.82M, Peak:0.82M | Scene, ViewLayer | Updating Objects Flags
Fra:1 Mem:12.56M (Peak 13.94M) | Time:00:00.00 | Mem:0.82M, Peak:0.82M | Scene, ViewLayer | Updating Primitive Offsets
Fra:1 Mem:12.56M (Peak 13.94M) | Time:00:00.00 | Mem:0.82M, Peak:0.82M | Scene, ViewLayer | Updating Images
Fra:1 Mem:12.56M (Peak 13.94M) | Time:00:00.00 | Mem:0.82M, Peak:0.82M | Scene, ViewLayer | Updating Images | Loading 01108.exr
Fra:1 Mem:12.68M (Peak 13.94M) | Time:00:00.00 | Mem:0.82M, Peak:0.82M | Scene, ViewLayer | Updating Images | Loading cobwebbed_0128.jpg
Fra:1 Mem:13.24M (Peak 13.94M) | Time:00:00.01 | Mem:1.50M, Peak:1.50M | Scene, ViewLayer | Updating Camera Volume
Fra:1 Mem:13.24M (Peak 13.94M) | Time:00:00.01 | Mem:1.50M, Peak:1.50M | Scene, ViewLayer | Updating Lookup Tables
Fra:1 Mem:13.24M (Peak 13.94M) | Time:00:00.01 | Mem:1.75M, Peak:1.75M | Scene, ViewLayer | Updating Lights
Fra:1 Mem:13.24M (Peak 13.94M) | Time:00:00.01 | Mem:1.75M, Peak:1.75M | Scene, ViewLayer | Updating Lights | Computing distribution
Fra:1 Mem:13.24M (Peak 13.94M) | Time:00:00.01 | Mem:1.75M, Peak:1.75M | Scene, ViewLayer | Updating Lights | Importance map
Fra:1 Mem:77.27M (Peak 365.37M) | Time:00:00.15 | Mem:65.79M, Peak:225.76M | Scene, ViewLayer | Updating Integrator
Fra:1 Mem:77.28M (Peak 365.37M) | Time:00:00.15 | Mem:65.80M, Peak:225.76M | Scene, ViewLayer | Updating Film
Fra:1 Mem:77.29M (Peak 365.37M) | Time:00:00.15 | Mem:65.55M, Peak:225.76M | Scene, ViewLayer | Updating Lookup Tables
Fra:1 Mem:77.29M (Peak 365.37M) | Time:00:00.15 | Mem:65.80M, Peak:225.76M | Scene, ViewLayer | Updating Baking
Fra:1 Mem:77.29M (Peak 365.37M) | Time:00:00.15 | Mem:65.80M, Peak:225.76M | Scene, ViewLayer | Updating Device | Writing constant memory
Fra:1 Mem:77.29M (Peak 365.37M) | Time:00:00.15 | Mem:65.80M, Peak:225.76M | Scene, ViewLayer | Sample 0/32
Fra:1 Mem:96.37M (Peak 365.37M) | Time:00:00.16 | Remaining:00:00.24 | Mem:84.80M, Peak:225.76M | Scene, ViewLayer | Sample 1/32
Fra:1 Mem:104.38M (Peak 365.37M) | Time:00:00.44 | Mem:84.80M, Peak:225.76M | Scene, ViewLayer | Sample 32/32
Fra:1 Mem:104.38M (Peak 365.37M) | Time:00:00.44 | Mem:84.80M, Peak:225.76M | Scene, ViewLayer | Finished
Saved: '/home/janus/iwi9-datasets/objaverse-rendering/no_textures_5/b2631389d8ab431bb790c874318a5ab6/011.png'
 Time: 00:00.47 (Saving: 00:00.03)

Data are loaded, start creating Blender stuff
glTF import finished in 0.02s
Finished /home/janus/iwi9-datasets/objaverse-objects/hf-objaverse-v1/glbs/000-029/b2631389d8ab431bb790c874318a5ab6.glb in 6.27054762840271 seconds

Blender quit
/home/janus/iwi9-datasets/objaverse-objects/hf-objaverse-v1/glbs/000-088/5495ab490bc54d619b67becfa7443a4c.glb
Blender 3.3.1 (hash b292cfe5a936 built 2022-10-05 00:14:35)
/run/user/210289/gvfs/ non-existent directory
Fra:1 Mem:85.41M (Peak 104.04M) | Time:00:00.03 | Mem:0.00M, Peak:0.00M | Scene, ViewLayer | Synchronizing object | Object_2
Fra:1 Mem:85.41M (Peak 104.04M) | Time:00:00.03 | Mem:0.00M, Peak:0.00M | Scene, ViewLayer | Synchronizing object | Object_4
Fra:1 Mem:95.51M (Peak 131.73M) | Time:00:00.10 | Mem:0.00M, Peak:0.00M | Scene, ViewLayer | Initializing
Fra:1 Mem:70.07M (Peak 131.73M) | Time:00:00.10 | Mem:0.00M, Peak:0.00M | Scene, ViewLayer | Waiting for render to start
Fra:1 Mem:70.07M (Peak 131.73M) | Time:00:00.10 | Mem:0.00M, Peak:0.00M | Scene, ViewLayer | Loading render kernels (may take a few minutes the first time)
Fra:1 Mem:70.07M (Peak 131.73M) | Time:00:00.10 | Mem:0.00M, Peak:0.00M | Scene, ViewLayer | Updating Scene
Fra:1 Mem:70.07M (Peak 131.73M) | Time:00:00.10 | Mem:0.00M, Peak:0.00M | Scene, ViewLayer | Updating Shaders
Fra:1 Mem:70.57M (Peak 131.73M) | Time:00:00.14 | Mem:0.00M, Peak:0.00M | Scene, ViewLayer | Updating Procedurals
Fra:1 Mem:70.57M (Peak 131.73M) | Time:00:00.14 | Mem:0.00M, Peak:0.00M | Scene, ViewLayer | Updating Background
Fra:1 Mem:70.57M (Peak 131.73M) | Time:00:00.14 | Mem:0.00M, Peak:0.00M | Scene, ViewLayer | Updating Camera
Fra:1 Mem:70.57M (Peak 131.73M) | Time:00:00.14 | Mem:0.00M, Peak:0.00M | Scene, ViewLayer | Updating Meshes Flags
Fra:1 Mem:70.57M (Peak 131.73M) | Time:00:00.14 | Mem:0.00M, Peak:0.00M | Scene, ViewLayer | Updating Objects
Fra:1 Mem:70.57M (Peak 131.73M) | Time:00:00.14 | Mem:0.00M, Peak:0.00M | Scene, ViewLayer | Updating Objects | Copying Transformations to device
Fra:1 Mem:70.57M (Peak 131.73M) | Time:00:00.14 | Mem:0.00M, Peak:0.00M | Scene, ViewLayer | Updating Objects | Applying Static Transformations
Fra:1 Mem:70.57M (Peak 131.73M) | Time:00:00.14 | Mem:0.00M, Peak:0.00M | Scene, ViewLayer | Updating Particle Systems
Fra:1 Mem:70.57M (Peak 131.73M) | Time:00:00.14 | Mem:0.00M, Peak:0.00M | Scene, ViewLayer | Updating Particle Systems | Copying Particles to device
Fra:1 Mem:70.57M (Peak 131.73M) | Time:00:00.14 | Mem:0.00M, Peak:0.00M | Scene, ViewLayer | Updating Meshes
Fra:1 Mem:73.01M (Peak 131.73M) | Time:00:00.15 | Mem:0.00M, Peak:0.00M | Scene, ViewLayer | Updating Mesh | Computing attributes
Fra:1 Mem:77.64M (Peak 131.73M) | Time:00:00.15 | Mem:0.00M, Peak:0.00M | Scene, ViewLayer | Updating Mesh | Copying Attributes to device
Fra:1 Mem:77.64M (Peak 131.73M) | Time:00:00.15 | Mem:4.62M, Peak:4.62M | Scene, ViewLayer | Updating Scene BVH | Building
Fra:1 Mem:77.64M (Peak 131.73M) | Time:00:00.15 | Mem:4.62M, Peak:4.62M | Scene, ViewLayer | Updating Scene BVH | Building BVH
Fra:1 Mem:77.64M (Peak 131.73M) | Time:00:00.15 | Mem:15.42M, Peak:15.42M | Scene, ViewLayer | Updating Scene BVH | Building BVH 0%
Fra:1 Mem:77.64M (Peak 131.73M) | Time:00:00.15 | Mem:18.12M, Peak:26.12M | Scene, ViewLayer | Updating Scene BVH | Copying BVH to device
Fra:1 Mem:77.64M (Peak 131.73M) | Time:00:00.15 | Mem:18.12M, Peak:26.12M | Scene, ViewLayer | Updating Mesh | Computing normals
Fra:1 Mem:88.39M (Peak 131.73M) | Time:00:00.16 | Mem:18.12M, Peak:26.12M | Scene, ViewLayer | Updating Mesh | Copying Mesh to device
Fra:1 Mem:88.39M (Peak 131.73M) | Time:00:00.16 | Mem:28.87M, Peak:28.87M | Scene, ViewLayer | Updating Objects Flags
Fra:1 Mem:88.39M (Peak 131.73M) | Time:00:00.16 | Mem:28.87M, Peak:28.87M | Scene, ViewLayer | Updating Primitive Offsets
Fra:1 Mem:88.39M (Peak 131.73M) | Time:00:00.16 | Mem:28.87M, Peak:28.87M | Scene, ViewLayer | Updating Images
Fra:1 Mem:88.39M (Peak 131.73M) | Time:00:00.16 | Mem:28.87M, Peak:28.87M | Scene, ViewLayer | Updating Images | Loading 01279.exr
Fra:1 Mem:88.52M (Peak 131.73M) | Time:00:00.16 | Mem:28.87M, Peak:28.87M | Scene, ViewLayer | Updating Images | Loading spiralled_0017.jpg
Fra:1 Mem:89.46M (Peak 131.73M) | Time:00:00.18 | Mem:29.93M, Peak:29.93M | Scene, ViewLayer | Updating Camera Volume
Fra:1 Mem:89.46M (Peak 131.73M) | Time:00:00.18 | Mem:29.93M, Peak:29.93M | Scene, ViewLayer | Updating Lookup Tables
Fra:1 Mem:89.46M (Peak 131.73M) | Time:00:00.18 | Mem:30.18M, Peak:30.18M | Scene, ViewLayer | Updating Lights
Fra:1 Mem:89.46M (Peak 131.73M) | Time:00:00.18 | Mem:30.18M, Peak:30.18M | Scene, ViewLayer | Updating Lights | Computing distribution
Fra:1 Mem:89.46M (Peak 131.73M) | Time:00:00.18 | Mem:30.18M, Peak:30.18M | Scene, ViewLayer | Updating Lights | Importance map
Fra:1 Mem:153.49M (Peak 441.59M) | Time:00:00.31 | Mem:94.23M, Peak:254.20M | Scene, ViewLayer | Updating Integrator
Fra:1 Mem:153.50M (Peak 441.59M) | Time:00:00.31 | Mem:94.24M, Peak:254.20M | Scene, ViewLayer | Updating Film
Fra:1 Mem:153.51M (Peak 441.59M) | Time:00:00.31 | Mem:93.99M, Peak:254.20M | Scene, ViewLayer | Updating Lookup Tables
Fra:1 Mem:153.51M (Peak 441.59M) | Time:00:00.31 | Mem:94.24M, Peak:254.20M | Scene, ViewLayer | Updating Baking
Fra:1 Mem:153.51M (Peak 441.59M) | Time:00:00.31 | Mem:94.24M, Peak:254.20M | Scene, ViewLayer | Updating Device | Writing constant memory
Fra:1 Mem:153.51M (Peak 441.59M) | Time:00:00.31 | Mem:94.24M, Peak:254.20M | Scene, ViewLayer | Sample 0/32
Fra:1 Mem:172.59M (Peak 441.59M) | Time:00:00.32 | Remaining:00:00.24 | Mem:113.24M, Peak:254.20M | Scene, ViewLayer | Sample 1/32
Fra:1 Mem:180.60M (Peak 441.59M) | Time:00:00.59 | Mem:113.24M, Peak:254.20M | Scene, ViewLayer | Sample 32/32
Fra:1 Mem:180.60M (Peak 441.59M) | Time:00:00.59 | Mem:113.24M, Peak:254.20M | Scene, ViewLayer | Finished
Saved: '/home/janus/iwi9-datasets/objaverse-rendering/no_textures_5/5495ab490bc54d619b67becfa7443a4c/000.png'
 Time: 00:00.78 (Saving: 00:00.19)

Fra:1 Mem:85.73M (Peak 104.52M) | Time:00:00.03 | Mem:0.00M, Peak:0.00M | Scene, ViewLayer | Synchronizing object | Object_2
Fra:1 Mem:86.61M (Peak 104.52M) | Time:00:00.03 | Mem:0.00M, Peak:0.00M | Scene, ViewLayer | Synchronizing object | Object_4
Fra:1 Mem:95.83M (Peak 131.93M) | Time:00:00.10 | Mem:0.00M, Peak:0.00M | Scene, ViewLayer | Initializing
Fra:1 Mem:70.39M (Peak 131.93M) | Time:00:00.10 | Mem:0.00M, Peak:0.00M | Scene, ViewLayer | Waiting for render to start
Fra:1 Mem:70.39M (Peak 131.93M) | Time:00:00.10 | Mem:0.00M, Peak:0.00M | Scene, ViewLayer | Loading render kernels (may take a few minutes the first time)
Fra:1 Mem:70.39M (Peak 131.93M) | Time:00:00.10 | Mem:0.00M, Peak:0.00M | Scene, ViewLayer | Updating Scene
Fra:1 Mem:70.39M (Peak 131.93M) | Time:00:00.10 | Mem:0.00M, Peak:0.00M | Scene, ViewLayer | Updating Shaders
Fra:1 Mem:70.64M (Peak 131.93M) | Time:00:00.11 | Mem:0.00M, Peak:0.00M | Scene, ViewLayer | Updating Procedurals
Fra:1 Mem:70.64M (Peak 131.93M) | Time:00:00.11 | Mem:0.00M, Peak:0.00M | Scene, ViewLayer | Updating Background
Fra:1 Mem:70.64M (Peak 131.93M) | Time:00:00.11 | Mem:0.00M, Peak:0.00M | Scene, ViewLayer | Updating Camera
Fra:1 Mem:70.64M (Peak 131.93M) | Time:00:00.11 | Mem:0.00M, Peak:0.00M | Scene, ViewLayer | Updating Meshes Flags
Fra:1 Mem:70.64M (Peak 131.93M) | Time:00:00.11 | Mem:0.00M, Peak:0.00M | Scene, ViewLayer | Updating Objects
Fra:1 Mem:70.64M (Peak 131.93M) | Time:00:00.11 | Mem:0.00M, Peak:0.00M | Scene, ViewLayer | Updating Objects | Copying Transformations to device
Fra:1 Mem:70.64M (Peak 131.93M) | Time:00:00.11 | Mem:0.00M, Peak:0.00M | Scene, ViewLayer | Updating Objects | Applying Static Transformations
Fra:1 Mem:70.64M (Peak 131.93M) | Time:00:00.11 | Mem:0.00M, Peak:0.00M | Scene, ViewLayer | Updating Particle Systems
Fra:1 Mem:70.64M (Peak 131.93M) | Time:00:00.11 | Mem:0.00M, Peak:0.00M | Scene, ViewLayer | Updating Particle Systems | Copying Particles to device
Fra:1 Mem:70.64M (Peak 131.93M) | Time:00:00.11 | Mem:0.00M, Peak:0.00M | Scene, ViewLayer | Updating Meshes
Fra:1 Mem:73.08M (Peak 131.93M) | Time:00:00.11 | Mem:0.00M, Peak:0.00M | Scene, ViewLayer | Updating Mesh | Computing attributes
Fra:1 Mem:77.70M (Peak 131.93M) | Time:00:00.11 | Mem:0.00M, Peak:0.00M | Scene, ViewLayer | Updating Mesh | Copying Attributes to device
Fra:1 Mem:77.70M (Peak 131.93M) | Time:00:00.11 | Mem:4.62M, Peak:4.62M | Scene, ViewLayer | Updating Scene BVH | Building
Fra:1 Mem:77.70M (Peak 131.93M) | Time:00:00.11 | Mem:4.62M, Peak:4.62M | Scene, ViewLayer | Updating Scene BVH | Building BVH
Fra:1 Mem:77.70M (Peak 131.93M) | Time:00:00.11 | Mem:15.42M, Peak:15.42M | Scene, ViewLayer | Updating Scene BVH | Building BVH 0%
Fra:1 Mem:77.70M (Peak 131.93M) | Time:00:00.12 | Mem:18.12M, Peak:26.12M | Scene, ViewLayer | Updating Scene BVH | Copying BVH to device
Fra:1 Mem:77.70M (Peak 131.93M) | Time:00:00.12 | Mem:18.12M, Peak:26.12M | Scene, ViewLayer | Updating Mesh | Computing normals
Fra:1 Mem:88.46M (Peak 131.93M) | Time:00:00.12 | Mem:18.12M, Peak:26.12M | Scene, ViewLayer | Updating Mesh | Copying Mesh to device
Fra:1 Mem:88.46M (Peak 131.93M) | Time:00:00.12 | Mem:28.87M, Peak:28.87M | Scene, ViewLayer | Updating Objects Flags
Fra:1 Mem:88.46M (Peak 131.93M) | Time:00:00.12 | Mem:28.87M, Peak:28.87M | Scene, ViewLayer | Updating Primitive Offsets
Fra:1 Mem:88.46M (Peak 131.93M) | Time:00:00.12 | Mem:28.87M, Peak:28.87M | Scene, ViewLayer | Updating Images
Fra:1 Mem:88.46M (Peak 131.93M) | Time:00:00.12 | Mem:28.87M, Peak:28.87M | Scene, ViewLayer | Updating Images | Loading 01279.exr
Fra:1 Mem:88.58M (Peak 131.93M) | Time:00:00.12 | Mem:28.87M, Peak:28.87M | Scene, ViewLayer | Updating Images | Loading bumpy_0178.jpg
Fra:1 Mem:88.98M (Peak 131.93M) | Time:00:00.12 | Mem:29.38M, Peak:29.38M | Scene, ViewLayer | Updating Camera Volume
Fra:1 Mem:88.98M (Peak 131.93M) | Time:00:00.12 | Mem:29.38M, Peak:29.38M | Scene, ViewLayer | Updating Lookup Tables
Fra:1 Mem:88.98M (Peak 131.93M) | Time:00:00.12 | Mem:29.63M, Peak:29.63M | Scene, ViewLayer | Updating Lights
Fra:1 Mem:88.98M (Peak 131.93M) | Time:00:00.12 | Mem:29.63M, Peak:29.63M | Scene, ViewLayer | Updating Lights | Computing distribution
Fra:1 Mem:88.98M (Peak 131.93M) | Time:00:00.12 | Mem:29.63M, Peak:29.63M | Scene, ViewLayer | Updating Lights | Importance map
Fra:1 Mem:153.01M (Peak 441.11M) | Time:00:00.26 | Mem:93.68M, Peak:253.65M | Scene, ViewLayer | Updating Integrator
Fra:1 Mem:153.02M (Peak 441.11M) | Time:00:00.26 | Mem:93.69M, Peak:253.65M | Scene, ViewLayer | Updating Film
Fra:1 Mem:153.02M (Peak 441.11M) | Time:00:00.26 | Mem:93.44M, Peak:253.65M | Scene, ViewLayer | Updating Lookup Tables
Fra:1 Mem:153.02M (Peak 441.11M) | Time:00:00.26 | Mem:93.69M, Peak:253.65M | Scene, ViewLayer | Updating Baking
Fra:1 Mem:153.02M (Peak 441.11M) | Time:00:00.26 | Mem:93.69M, Peak:253.65M | Scene, ViewLayer | Updating Device | Writing constant memory
Fra:1 Mem:153.02M (Peak 441.11M) | Time:00:00.26 | Mem:93.69M, Peak:253.65M | Scene, ViewLayer | Sample 0/32
Fra:1 Mem:172.11M (Peak 441.11M) | Time:00:00.27 | Remaining:00:00.20 | Mem:112.69M, Peak:253.65M | Scene, ViewLayer | Sample 1/32
Fra:1 Mem:180.11M (Peak 441.11M) | Time:00:00.54 | Mem:112.69M, Peak:253.65M | Scene, ViewLayer | Sample 32/32
Fra:1 Mem:180.11M (Peak 441.11M) | Time:00:00.54 | Mem:112.69M, Peak:253.65M | Scene, ViewLayer | Finished
Saved: '/home/janus/iwi9-datasets/objaverse-rendering/no_textures_5/5495ab490bc54d619b67becfa7443a4c/001.png'
 Time: 00:00.57 (Saving: 00:00.03)

Fra:1 Mem:85.80M (Peak 104.44M) | Time:00:00.03 | Mem:0.00M, Peak:0.00M | Scene, ViewLayer | Synchronizing object | Object_2
Fra:1 Mem:86.68M (Peak 104.44M) | Time:00:00.03 | Mem:0.00M, Peak:0.00M | Scene, ViewLayer | Synchronizing object | Object_4
Fra:1 Mem:95.89M (Peak 132.41M) | Time:00:00.10 | Mem:0.00M, Peak:0.00M | Scene, ViewLayer | Initializing
Fra:1 Mem:70.45M (Peak 132.41M) | Time:00:00.10 | Mem:0.00M, Peak:0.00M | Scene, ViewLayer | Waiting for render to start
Fra:1 Mem:70.46M (Peak 132.41M) | Time:00:00.10 | Mem:0.00M, Peak:0.00M | Scene, ViewLayer | Loading render kernels (may take a few minutes the first time)
Fra:1 Mem:70.46M (Peak 132.41M) | Time:00:00.10 | Mem:0.00M, Peak:0.00M | Scene, ViewLayer | Updating Scene
Fra:1 Mem:70.46M (Peak 132.41M) | Time:00:00.10 | Mem:0.00M, Peak:0.00M | Scene, ViewLayer | Updating Shaders
Fra:1 Mem:70.71M (Peak 132.41M) | Time:00:00.10 | Mem:0.00M, Peak:0.00M | Scene, ViewLayer | Updating Procedurals
Fra:1 Mem:70.71M (Peak 132.41M) | Time:00:00.10 | Mem:0.00M, Peak:0.00M | Scene, ViewLayer | Updating Background
Fra:1 Mem:70.71M (Peak 132.41M) | Time:00:00.10 | Mem:0.00M, Peak:0.00M | Scene, ViewLayer | Updating Camera
Fra:1 Mem:70.71M (Peak 132.41M) | Time:00:00.10 | Mem:0.00M, Peak:0.00M | Scene, ViewLayer | Updating Meshes Flags
Fra:1 Mem:70.71M (Peak 132.41M) | Time:00:00.10 | Mem:0.00M, Peak:0.00M | Scene, ViewLayer | Updating Objects
Fra:1 Mem:70.71M (Peak 132.41M) | Time:00:00.10 | Mem:0.00M, Peak:0.00M | Scene, ViewLayer | Updating Objects | Copying Transformations to device
Fra:1 Mem:70.71M (Peak 132.41M) | Time:00:00.10 | Mem:0.00M, Peak:0.00M | Scene, ViewLayer | Updating Objects | Applying Static Transformations
Fra:1 Mem:70.71M (Peak 132.41M) | Time:00:00.10 | Mem:0.00M, Peak:0.00M | Scene, ViewLayer | Updating Particle Systems
Fra:1 Mem:70.71M (Peak 132.41M) | Time:00:00.10 | Mem:0.00M, Peak:0.00M | Scene, ViewLayer | Updating Particle Systems | Copying Particles to device
Fra:1 Mem:70.71M (Peak 132.41M) | Time:00:00.10 | Mem:0.00M, Peak:0.00M | Scene, ViewLayer | Updating Meshes
Fra:1 Mem:73.15M (Peak 132.41M) | Time:00:00.11 | Mem:0.00M, Peak:0.00M | Scene, ViewLayer | Updating Mesh | Computing attributes
Fra:1 Mem:77.77M (Peak 132.41M) | Time:00:00.11 | Mem:0.00M, Peak:0.00M | Scene, ViewLayer | Updating Mesh | Copying Attributes to device
Fra:1 Mem:77.77M (Peak 132.41M) | Time:00:00.11 | Mem:4.62M, Peak:4.62M | Scene, ViewLayer | Updating Scene BVH | Building
Fra:1 Mem:77.77M (Peak 132.41M) | Time:00:00.11 | Mem:4.62M, Peak:4.62M | Scene, ViewLayer | Updating Scene BVH | Building BVH
Fra:1 Mem:77.77M (Peak 132.41M) | Time:00:00.11 | Mem:15.42M, Peak:15.42M | Scene, ViewLayer | Updating Scene BVH | Building BVH 0%
Fra:1 Mem:77.77M (Peak 132.41M) | Time:00:00.11 | Mem:18.12M, Peak:26.12M | Scene, ViewLayer | Updating Scene BVH | Copying BVH to device
Fra:1 Mem:77.77M (Peak 132.41M) | Time:00:00.11 | Mem:18.12M, Peak:26.12M | Scene, ViewLayer | Updating Mesh | Computing normals
Fra:1 Mem:88.53M (Peak 132.41M) | Time:00:00.12 | Mem:18.12M, Peak:26.12M | Scene, ViewLayer | Updating Mesh | Copying Mesh to device
Fra:1 Mem:88.53M (Peak 132.41M) | Time:00:00.12 | Mem:28.87M, Peak:28.87M | Scene, ViewLayer | Updating Objects Flags
Fra:1 Mem:88.53M (Peak 132.41M) | Time:00:00.12 | Mem:28.87M, Peak:28.87M | Scene, ViewLayer | Updating Primitive Offsets
Fra:1 Mem:88.53M (Peak 132.41M) | Time:00:00.12 | Mem:28.87M, Peak:28.87M | Scene, ViewLayer | Updating Images
Fra:1 Mem:88.53M (Peak 132.41M) | Time:00:00.12 | Mem:28.87M, Peak:28.87M | Scene, ViewLayer | Updating Images | Loading 01279.exr
Fra:1 Mem:88.65M (Peak 132.41M) | Time:00:00.12 | Mem:28.87M, Peak:28.87M | Scene, ViewLayer | Updating Images | Loading crystalline_0151.jpg
Fra:1 Mem:90.17M (Peak 132.41M) | Time:00:00.12 | Mem:30.51M, Peak:30.51M | Scene, ViewLayer | Updating Camera Volume
Fra:1 Mem:90.17M (Peak 132.41M) | Time:00:00.12 | Mem:30.51M, Peak:30.51M | Scene, ViewLayer | Updating Lookup Tables
Fra:1 Mem:90.17M (Peak 132.41M) | Time:00:00.12 | Mem:30.76M, Peak:30.76M | Scene, ViewLayer | Updating Lights
Fra:1 Mem:90.17M (Peak 132.41M) | Time:00:00.12 | Mem:30.76M, Peak:30.76M | Scene, ViewLayer | Updating Lights | Computing distribution
Fra:1 Mem:90.17M (Peak 132.41M) | Time:00:00.12 | Mem:30.76M, Peak:30.76M | Scene, ViewLayer | Updating Lights | Importance map
Fra:1 Mem:154.21M (Peak 442.30M) | Time:00:00.26 | Mem:94.80M, Peak:254.77M | Scene, ViewLayer | Updating Integrator
Fra:1 Mem:154.21M (Peak 442.30M) | Time:00:00.26 | Mem:94.81M, Peak:254.77M | Scene, ViewLayer | Updating Film
Fra:1 Mem:154.22M (Peak 442.30M) | Time:00:00.26 | Mem:94.56M, Peak:254.77M | Scene, ViewLayer | Updating Lookup Tables
Fra:1 Mem:154.22M (Peak 442.30M) | Time:00:00.26 | Mem:94.82M, Peak:254.77M | Scene, ViewLayer | Updating Baking
Fra:1 Mem:154.22M (Peak 442.30M) | Time:00:00.26 | Mem:94.82M, Peak:254.77M | Scene, ViewLayer | Updating Device | Writing constant memory
Fra:1 Mem:154.22M (Peak 442.30M) | Time:00:00.26 | Mem:94.82M, Peak:254.77M | Scene, ViewLayer | Sample 0/32
Fra:1 Mem:173.31M (Peak 442.30M) | Time:00:00.26 | Remaining:00:00.17 | Mem:113.82M, Peak:254.77M | Scene, ViewLayer | Sample 1/32
Fra:1 Mem:181.31M (Peak 442.30M) | Time:00:00.50 | Mem:113.82M, Peak:254.77M | Scene, ViewLayer | Sample 32/32
Fra:1 Mem:181.31M (Peak 442.30M) | Time:00:00.50 | Mem:113.82M, Peak:254.77M | Scene, ViewLayer | Finished
Saved: '/home/janus/iwi9-datasets/objaverse-rendering/no_textures_5/5495ab490bc54d619b67becfa7443a4c/002.png'
 Time: 00:00.54 (Saving: 00:00.03)

Fra:1 Mem:85.87M (Peak 104.80M) | Time:00:00.03 | Mem:0.00M, Peak:0.00M | Scene, ViewLayer | Synchronizing object | Object_2
Fra:1 Mem:85.87M (Peak 104.80M) | Time:00:00.03 | Mem:0.00M, Peak:0.00M | Scene, ViewLayer | Synchronizing object | Object_4
Fra:1 Mem:95.97M (Peak 132.15M) | Time:00:00.10 | Mem:0.00M, Peak:0.00M | Scene, ViewLayer | Initializing
Fra:1 Mem:70.52M (Peak 132.15M) | Time:00:00.10 | Mem:0.00M, Peak:0.00M | Scene, ViewLayer | Waiting for render to start
Fra:1 Mem:70.53M (Peak 132.15M) | Time:00:00.10 | Mem:0.00M, Peak:0.00M | Scene, ViewLayer | Loading render kernels (may take a few minutes the first time)
Fra:1 Mem:70.53M (Peak 132.15M) | Time:00:00.10 | Mem:0.00M, Peak:0.00M | Scene, ViewLayer | Updating Scene
Fra:1 Mem:70.53M (Peak 132.15M) | Time:00:00.10 | Mem:0.00M, Peak:0.00M | Scene, ViewLayer | Updating Shaders
Fra:1 Mem:70.78M (Peak 132.15M) | Time:00:00.10 | Mem:0.00M, Peak:0.00M | Scene, ViewLayer | Updating Procedurals
Fra:1 Mem:70.78M (Peak 132.15M) | Time:00:00.10 | Mem:0.00M, Peak:0.00M | Scene, ViewLayer | Updating Background
Fra:1 Mem:70.78M (Peak 132.15M) | Time:00:00.10 | Mem:0.00M, Peak:0.00M | Scene, ViewLayer | Updating Camera
Fra:1 Mem:70.78M (Peak 132.15M) | Time:00:00.10 | Mem:0.00M, Peak:0.00M | Scene, ViewLayer | Updating Meshes Flags
Fra:1 Mem:70.78M (Peak 132.15M) | Time:00:00.10 | Mem:0.00M, Peak:0.00M | Scene, ViewLayer | Updating Objects
Fra:1 Mem:70.78M (Peak 132.15M) | Time:00:00.10 | Mem:0.00M, Peak:0.00M | Scene, ViewLayer | Updating Objects | Copying Transformations to device
Fra:1 Mem:70.78M (Peak 132.15M) | Time:00:00.10 | Mem:0.00M, Peak:0.00M | Scene, ViewLayer | Updating Objects | Applying Static Transformations
Fra:1 Mem:70.78M (Peak 132.15M) | Time:00:00.10 | Mem:0.00M, Peak:0.00M | Scene, ViewLayer | Updating Particle Systems
Fra:1 Mem:70.78M (Peak 132.15M) | Time:00:00.10 | Mem:0.00M, Peak:0.00M | Scene, ViewLayer | Updating Particle Systems | Copying Particles to device
Fra:1 Mem:70.78M (Peak 132.15M) | Time:00:00.10 | Mem:0.00M, Peak:0.00M | Scene, ViewLayer | Updating Meshes
Fra:1 Mem:73.22M (Peak 132.15M) | Time:00:00.11 | Mem:0.00M, Peak:0.00M | Scene, ViewLayer | Updating Mesh | Computing attributes
Fra:1 Mem:77.84M (Peak 132.15M) | Time:00:00.11 | Mem:0.00M, Peak:0.00M | Scene, ViewLayer | Updating Mesh | Copying Attributes to device
Fra:1 Mem:77.84M (Peak 132.15M) | Time:00:00.11 | Mem:4.62M, Peak:4.62M | Scene, ViewLayer | Updating Scene BVH | Building
Fra:1 Mem:77.84M (Peak 132.15M) | Time:00:00.11 | Mem:4.62M, Peak:4.62M | Scene, ViewLayer | Updating Scene BVH | Building BVH
Fra:1 Mem:77.84M (Peak 132.15M) | Time:00:00.11 | Mem:15.42M, Peak:15.42M | Scene, ViewLayer | Updating Scene BVH | Building BVH 0%
Fra:1 Mem:77.84M (Peak 132.15M) | Time:00:00.11 | Mem:18.12M, Peak:26.12M | Scene, ViewLayer | Updating Scene BVH | Copying BVH to device
Fra:1 Mem:77.84M (Peak 132.15M) | Time:00:00.11 | Mem:18.12M, Peak:26.12M | Scene, ViewLayer | Updating Mesh | Computing normals
Fra:1 Mem:88.60M (Peak 132.15M) | Time:00:00.12 | Mem:18.12M, Peak:26.12M | Scene, ViewLayer | Updating Mesh | Copying Mesh to device
Fra:1 Mem:88.60M (Peak 132.15M) | Time:00:00.12 | Mem:28.87M, Peak:28.87M | Scene, ViewLayer | Updating Objects Flags
Fra:1 Mem:88.60M (Peak 132.15M) | Time:00:00.12 | Mem:28.87M, Peak:28.87M | Scene, ViewLayer | Updating Primitive Offsets
Fra:1 Mem:88.60M (Peak 132.15M) | Time:00:00.12 | Mem:28.87M, Peak:28.87M | Scene, ViewLayer | Updating Images
Fra:1 Mem:88.60M (Peak 132.15M) | Time:00:00.12 | Mem:28.87M, Peak:28.87M | Scene, ViewLayer | Updating Images | Loading 01279.exr
Fra:1 Mem:88.72M (Peak 132.15M) | Time:00:00.12 | Mem:28.87M, Peak:28.87M | Scene, ViewLayer | Updating Images | Loading grooved_0050.jpg
Fra:1 Mem:89.94M (Peak 132.15M) | Time:00:00.12 | Mem:30.21M, Peak:30.21M | Scene, ViewLayer | Updating Camera Volume
Fra:1 Mem:89.94M (Peak 132.15M) | Time:00:00.12 | Mem:30.21M, Peak:30.21M | Scene, ViewLayer | Updating Lookup Tables
Fra:1 Mem:89.94M (Peak 132.15M) | Time:00:00.12 | Mem:30.46M, Peak:30.46M | Scene, ViewLayer | Updating Lights
Fra:1 Mem:89.94M (Peak 132.15M) | Time:00:00.12 | Mem:30.46M, Peak:30.46M | Scene, ViewLayer | Updating Lights | Computing distribution
Fra:1 Mem:89.94M (Peak 132.15M) | Time:00:00.12 | Mem:30.46M, Peak:30.46M | Scene, ViewLayer | Updating Lights | Importance map
Fra:1 Mem:153.97M (Peak 442.07M) | Time:00:00.26 | Mem:94.50M, Peak:254.47M | Scene, ViewLayer | Updating Integrator
Fra:1 Mem:153.98M (Peak 442.07M) | Time:00:00.26 | Mem:94.51M, Peak:254.47M | Scene, ViewLayer | Updating Film
Fra:1 Mem:153.98M (Peak 442.07M) | Time:00:00.26 | Mem:94.26M, Peak:254.47M | Scene, ViewLayer | Updating Lookup Tables
Fra:1 Mem:153.98M (Peak 442.07M) | Time:00:00.26 | Mem:94.51M, Peak:254.47M | Scene, ViewLayer | Updating Baking
Fra:1 Mem:153.98M (Peak 442.07M) | Time:00:00.26 | Mem:94.51M, Peak:254.47M | Scene, ViewLayer | Updating Device | Writing constant memory
Fra:1 Mem:153.98M (Peak 442.07M) | Time:00:00.26 | Mem:94.51M, Peak:254.47M | Scene, ViewLayer | Sample 0/32
Fra:1 Mem:173.07M (Peak 442.07M) | Time:00:00.27 | Remaining:00:00.19 | Mem:113.51M, Peak:254.47M | Scene, ViewLayer | Sample 1/32
Fra:1 Mem:181.07M (Peak 442.07M) | Time:00:00.50 | Mem:113.51M, Peak:254.47M | Scene, ViewLayer | Sample 32/32
Fra:1 Mem:181.07M (Peak 442.07M) | Time:00:00.50 | Mem:113.51M, Peak:254.47M | Scene, ViewLayer | Finished
Saved: '/home/janus/iwi9-datasets/objaverse-rendering/no_textures_5/5495ab490bc54d619b67becfa7443a4c/003.png'
 Time: 00:00.53 (Saving: 00:00.03)

Fra:1 Mem:85.94M (Peak 104.69M) | Time:00:00.03 | Mem:0.00M, Peak:0.00M | Scene, ViewLayer | Synchronizing object | Object_2
Fra:1 Mem:86.82M (Peak 104.69M) | Time:00:00.03 | Mem:0.00M, Peak:0.00M | Scene, ViewLayer | Synchronizing object | Object_4
Fra:1 Mem:96.03M (Peak 132.55M) | Time:00:00.11 | Mem:0.00M, Peak:0.00M | Scene, ViewLayer | Initializing
Fra:1 Mem:70.59M (Peak 132.55M) | Time:00:00.11 | Mem:0.00M, Peak:0.00M | Scene, ViewLayer | Waiting for render to start
Fra:1 Mem:70.60M (Peak 132.55M) | Time:00:00.11 | Mem:0.00M, Peak:0.00M | Scene, ViewLayer | Loading render kernels (may take a few minutes the first time)
Fra:1 Mem:70.60M (Peak 132.55M) | Time:00:00.11 | Mem:0.00M, Peak:0.00M | Scene, ViewLayer | Updating Scene
Fra:1 Mem:70.60M (Peak 132.55M) | Time:00:00.11 | Mem:0.00M, Peak:0.00M | Scene, ViewLayer | Updating Shaders
Fra:1 Mem:70.85M (Peak 132.55M) | Time:00:00.11 | Mem:0.00M, Peak:0.00M | Scene, ViewLayer | Updating Procedurals
Fra:1 Mem:70.85M (Peak 132.55M) | Time:00:00.11 | Mem:0.00M, Peak:0.00M | Scene, ViewLayer | Updating Background
Fra:1 Mem:70.85M (Peak 132.55M) | Time:00:00.11 | Mem:0.00M, Peak:0.00M | Scene, ViewLayer | Updating Camera
Fra:1 Mem:70.85M (Peak 132.55M) | Time:00:00.11 | Mem:0.00M, Peak:0.00M | Scene, ViewLayer | Updating Meshes Flags
Fra:1 Mem:70.85M (Peak 132.55M) | Time:00:00.11 | Mem:0.00M, Peak:0.00M | Scene, ViewLayer | Updating Objects
Fra:1 Mem:70.85M (Peak 132.55M) | Time:00:00.11 | Mem:0.00M, Peak:0.00M | Scene, ViewLayer | Updating Objects | Copying Transformations to device
Fra:1 Mem:70.85M (Peak 132.55M) | Time:00:00.11 | Mem:0.00M, Peak:0.00M | Scene, ViewLayer | Updating Objects | Applying Static Transformations
Fra:1 Mem:70.85M (Peak 132.55M) | Time:00:00.11 | Mem:0.00M, Peak:0.00M | Scene, ViewLayer | Updating Particle Systems
Fra:1 Mem:70.85M (Peak 132.55M) | Time:00:00.11 | Mem:0.00M, Peak:0.00M | Scene, ViewLayer | Updating Particle Systems | Copying Particles to device
Fra:1 Mem:70.85M (Peak 132.55M) | Time:00:00.11 | Mem:0.00M, Peak:0.00M | Scene, ViewLayer | Updating Meshes
Fra:1 Mem:73.29M (Peak 132.55M) | Time:00:00.11 | Mem:0.00M, Peak:0.00M | Scene, ViewLayer | Updating Mesh | Computing attributes
Fra:1 Mem:77.91M (Peak 132.55M) | Time:00:00.11 | Mem:0.00M, Peak:0.00M | Scene, ViewLayer | Updating Mesh | Copying Attributes to device
Fra:1 Mem:77.91M (Peak 132.55M) | Time:00:00.11 | Mem:4.62M, Peak:4.62M | Scene, ViewLayer | Updating Scene BVH | Building
Fra:1 Mem:77.91M (Peak 132.55M) | Time:00:00.11 | Mem:4.62M, Peak:4.62M | Scene, ViewLayer | Updating Scene BVH | Building BVH
Fra:1 Mem:77.91M (Peak 132.55M) | Time:00:00.11 | Mem:15.42M, Peak:15.42M | Scene, ViewLayer | Updating Scene BVH | Building BVH 0%
Fra:1 Mem:77.91M (Peak 132.55M) | Time:00:00.12 | Mem:18.12M, Peak:26.12M | Scene, ViewLayer | Updating Scene BVH | Copying BVH to device
Fra:1 Mem:77.91M (Peak 132.55M) | Time:00:00.12 | Mem:18.12M, Peak:26.12M | Scene, ViewLayer | Updating Mesh | Computing normals
Fra:1 Mem:88.67M (Peak 132.55M) | Time:00:00.12 | Mem:18.12M, Peak:26.12M | Scene, ViewLayer | Updating Mesh | Copying Mesh to device
Fra:1 Mem:88.67M (Peak 132.55M) | Time:00:00.12 | Mem:28.87M, Peak:28.87M | Scene, ViewLayer | Updating Objects Flags
Fra:1 Mem:88.67M (Peak 132.55M) | Time:00:00.12 | Mem:28.87M, Peak:28.87M | Scene, ViewLayer | Updating Primitive Offsets
Fra:1 Mem:88.67M (Peak 132.55M) | Time:00:00.12 | Mem:28.87M, Peak:28.87M | Scene, ViewLayer | Updating Images
Fra:1 Mem:88.67M (Peak 132.55M) | Time:00:00.12 | Mem:28.87M, Peak:28.87M | Scene, ViewLayer | Updating Images | Loading 01279.exr
Fra:1 Mem:88.79M (Peak 132.55M) | Time:00:00.12 | Mem:28.87M, Peak:28.87M | Scene, ViewLayer | Updating Images | Loading bumpy_0201.jpg
Fra:1 Mem:90.32M (Peak 132.55M) | Time:00:00.13 | Mem:30.52M, Peak:30.52M | Scene, ViewLayer | Updating Camera Volume
Fra:1 Mem:90.32M (Peak 132.55M) | Time:00:00.13 | Mem:30.52M, Peak:30.52M | Scene, ViewLayer | Updating Lookup Tables
Fra:1 Mem:90.32M (Peak 132.55M) | Time:00:00.13 | Mem:30.77M, Peak:30.77M | Scene, ViewLayer | Updating Lights
Fra:1 Mem:90.33M (Peak 132.55M) | Time:00:00.13 | Mem:30.77M, Peak:30.77M | Scene, ViewLayer | Updating Lights | Computing distribution
Fra:1 Mem:90.33M (Peak 132.55M) | Time:00:00.13 | Mem:30.77M, Peak:30.77M | Scene, ViewLayer | Updating Lights | Importance map
Fra:1 Mem:154.36M (Peak 442.45M) | Time:00:00.27 | Mem:94.82M, Peak:254.78M | Scene, ViewLayer | Updating Integrator
Fra:1 Mem:154.36M (Peak 442.45M) | Time:00:00.27 | Mem:94.82M, Peak:254.78M | Scene, ViewLayer | Updating Film
Fra:1 Mem:154.37M (Peak 442.45M) | Time:00:00.27 | Mem:94.57M, Peak:254.78M | Scene, ViewLayer | Updating Lookup Tables
Fra:1 Mem:154.37M (Peak 442.45M) | Time:00:00.27 | Mem:94.83M, Peak:254.78M | Scene, ViewLayer | Updating Baking
Fra:1 Mem:154.37M (Peak 442.45M) | Time:00:00.27 | Mem:94.83M, Peak:254.78M | Scene, ViewLayer | Updating Device | Writing constant memory
Fra:1 Mem:154.37M (Peak 442.45M) | Time:00:00.27 | Mem:94.83M, Peak:254.78M | Scene, ViewLayer | Sample 0/32
Fra:1 Mem:173.46M (Peak 442.45M) | Time:00:00.27 | Remaining:00:00.20 | Mem:113.83M, Peak:254.78M | Scene, ViewLayer | Sample 1/32
Fra:1 Mem:181.46M (Peak 442.45M) | Time:00:00.53 | Mem:113.83M, Peak:254.78M | Scene, ViewLayer | Sample 32/32
Fra:1 Mem:181.46M (Peak 442.45M) | Time:00:00.53 | Mem:113.83M, Peak:254.78M | Scene, ViewLayer | Finished
Saved: '/home/janus/iwi9-datasets/objaverse-rendering/no_textures_5/5495ab490bc54d619b67becfa7443a4c/004.png'
 Time: 00:00.57 (Saving: 00:00.03)

Fra:1 Mem:86.01M (Peak 104.54M) | Time:00:00.03 | Mem:0.00M, Peak:0.00M | Scene, ViewLayer | Synchronizing object | Object_2
Fra:1 Mem:86.01M (Peak 104.54M) | Time:00:00.03 | Mem:0.00M, Peak:0.00M | Scene, ViewLayer | Synchronizing object | Object_3
Fra:1 Mem:96.10M (Peak 132.14M) | Time:00:00.10 | Mem:0.00M, Peak:0.00M | Scene, ViewLayer | Initializing
Fra:1 Mem:70.66M (Peak 132.14M) | Time:00:00.10 | Mem:0.00M, Peak:0.00M | Scene, ViewLayer | Waiting for render to start
Fra:1 Mem:70.66M (Peak 132.14M) | Time:00:00.10 | Mem:0.00M, Peak:0.00M | Scene, ViewLayer | Loading render kernels (may take a few minutes the first time)
Fra:1 Mem:70.66M (Peak 132.14M) | Time:00:00.10 | Mem:0.00M, Peak:0.00M | Scene, ViewLayer | Updating Scene
Fra:1 Mem:70.66M (Peak 132.14M) | Time:00:00.10 | Mem:0.00M, Peak:0.00M | Scene, ViewLayer | Updating Shaders
Fra:1 Mem:70.91M (Peak 132.14M) | Time:00:00.11 | Mem:0.00M, Peak:0.00M | Scene, ViewLayer | Updating Procedurals
Fra:1 Mem:70.91M (Peak 132.14M) | Time:00:00.11 | Mem:0.00M, Peak:0.00M | Scene, ViewLayer | Updating Background
Fra:1 Mem:70.91M (Peak 132.14M) | Time:00:00.11 | Mem:0.00M, Peak:0.00M | Scene, ViewLayer | Updating Camera
Fra:1 Mem:70.91M (Peak 132.14M) | Time:00:00.11 | Mem:0.00M, Peak:0.00M | Scene, ViewLayer | Updating Meshes Flags
Fra:1 Mem:70.91M (Peak 132.14M) | Time:00:00.11 | Mem:0.00M, Peak:0.00M | Scene, ViewLayer | Updating Objects
Fra:1 Mem:70.91M (Peak 132.14M) | Time:00:00.11 | Mem:0.00M, Peak:0.00M | Scene, ViewLayer | Updating Objects | Copying Transformations to device
Fra:1 Mem:70.92M (Peak 132.14M) | Time:00:00.11 | Mem:0.00M, Peak:0.00M | Scene, ViewLayer | Updating Objects | Applying Static Transformations
Fra:1 Mem:70.92M (Peak 132.14M) | Time:00:00.11 | Mem:0.00M, Peak:0.00M | Scene, ViewLayer | Updating Particle Systems
Fra:1 Mem:70.92M (Peak 132.14M) | Time:00:00.11 | Mem:0.00M, Peak:0.00M | Scene, ViewLayer | Updating Particle Systems | Copying Particles to device
Fra:1 Mem:70.92M (Peak 132.14M) | Time:00:00.11 | Mem:0.00M, Peak:0.00M | Scene, ViewLayer | Updating Meshes
Fra:1 Mem:73.36M (Peak 132.14M) | Time:00:00.11 | Mem:0.00M, Peak:0.00M | Scene, ViewLayer | Updating Mesh | Computing attributes
Fra:1 Mem:77.98M (Peak 132.14M) | Time:00:00.11 | Mem:0.00M, Peak:0.00M | Scene, ViewLayer | Updating Mesh | Copying Attributes to device
Fra:1 Mem:77.98M (Peak 132.14M) | Time:00:00.11 | Mem:4.62M, Peak:4.62M | Scene, ViewLayer | Updating Scene BVH | Building
Fra:1 Mem:77.98M (Peak 132.14M) | Time:00:00.11 | Mem:4.62M, Peak:4.62M | Scene, ViewLayer | Updating Scene BVH | Building BVH
Fra:1 Mem:77.98M (Peak 132.14M) | Time:00:00.11 | Mem:15.42M, Peak:15.42M | Scene, ViewLayer | Updating Scene BVH | Building BVH 0%
Fra:1 Mem:77.98M (Peak 132.14M) | Time:00:00.12 | Mem:18.12M, Peak:26.12M | Scene, ViewLayer | Updating Scene BVH | Copying BVH to device
Fra:1 Mem:77.98M (Peak 132.14M) | Time:00:00.12 | Mem:18.12M, Peak:26.12M | Scene, ViewLayer | Updating Mesh | Computing normals
Fra:1 Mem:88.73M (Peak 132.14M) | Time:00:00.12 | Mem:18.12M, Peak:26.12M | Scene, ViewLayer | Updating Mesh | Copying Mesh to device
Fra:1 Mem:88.73M (Peak 132.14M) | Time:00:00.12 | Mem:28.87M, Peak:28.87M | Scene, ViewLayer | Updating Objects Flags
Fra:1 Mem:88.73M (Peak 132.14M) | Time:00:00.12 | Mem:28.87M, Peak:28.87M | Scene, ViewLayer | Updating Primitive Offsets
Fra:1 Mem:88.73M (Peak 132.14M) | Time:00:00.12 | Mem:28.87M, Peak:28.87M | Scene, ViewLayer | Updating Images
Fra:1 Mem:88.73M (Peak 132.14M) | Time:00:00.12 | Mem:28.87M, Peak:28.87M | Scene, ViewLayer | Updating Images | Loading 01279.exr
Fra:1 Mem:88.86M (Peak 132.14M) | Time:00:00.12 | Mem:28.87M, Peak:28.87M | Scene, ViewLayer | Updating Images | Loading wrinkled_0118.jpg
Fra:1 Mem:89.84M (Peak 132.14M) | Time:00:00.13 | Mem:29.98M, Peak:29.98M | Scene, ViewLayer | Updating Camera Volume
Fra:1 Mem:89.84M (Peak 132.14M) | Time:00:00.13 | Mem:29.98M, Peak:29.98M | Scene, ViewLayer | Updating Lookup Tables
Fra:1 Mem:89.84M (Peak 132.14M) | Time:00:00.13 | Mem:30.23M, Peak:30.23M | Scene, ViewLayer | Updating Lights
Fra:1 Mem:89.85M (Peak 132.14M) | Time:00:00.13 | Mem:30.23M, Peak:30.23M | Scene, ViewLayer | Updating Lights | Computing distribution
Fra:1 Mem:89.85M (Peak 132.14M) | Time:00:00.13 | Mem:30.23M, Peak:30.23M | Scene, ViewLayer | Updating Lights | Importance map
Fra:1 Mem:153.88M (Peak 441.97M) | Time:00:00.27 | Mem:94.27M, Peak:254.24M | Scene, ViewLayer | Updating Integrator
Fra:1 Mem:153.88M (Peak 441.97M) | Time:00:00.27 | Mem:94.28M, Peak:254.24M | Scene, ViewLayer | Updating Film
Fra:1 Mem:153.89M (Peak 441.97M) | Time:00:00.27 | Mem:94.03M, Peak:254.24M | Scene, ViewLayer | Updating Lookup Tables
Fra:1 Mem:153.89M (Peak 441.97M) | Time:00:00.27 | Mem:94.28M, Peak:254.24M | Scene, ViewLayer | Updating Baking
Fra:1 Mem:153.89M (Peak 441.97M) | Time:00:00.27 | Mem:94.28M, Peak:254.24M | Scene, ViewLayer | Updating Device | Writing constant memory
Fra:1 Mem:153.89M (Peak 441.97M) | Time:00:00.27 | Mem:94.28M, Peak:254.24M | Scene, ViewLayer | Sample 0/32
Fra:1 Mem:172.98M (Peak 441.97M) | Time:00:00.28 | Remaining:00:00.21 | Mem:113.28M, Peak:254.24M | Scene, ViewLayer | Sample 1/32
Fra:1 Mem:180.98M (Peak 441.97M) | Time:00:00.52 | Mem:113.28M, Peak:254.24M | Scene, ViewLayer | Sample 32/32
Fra:1 Mem:180.98M (Peak 441.97M) | Time:00:00.52 | Mem:113.28M, Peak:254.24M | Scene, ViewLayer | Finished
Saved: '/home/janus/iwi9-datasets/objaverse-rendering/no_textures_5/5495ab490bc54d619b67becfa7443a4c/005.png'
 Time: 00:00.55 (Saving: 00:00.03)

Fra:1 Mem:86.07M (Peak 104.64M) | Time:00:00.03 | Mem:0.00M, Peak:0.00M | Scene, ViewLayer | Synchronizing object | Object_2
Fra:1 Mem:86.95M (Peak 104.64M) | Time:00:00.03 | Mem:0.00M, Peak:0.00M | Scene, ViewLayer | Synchronizing object | Object_3
Fra:1 Mem:96.17M (Peak 132.34M) | Time:00:00.11 | Mem:0.00M, Peak:0.00M | Scene, ViewLayer | Initializing
Fra:1 Mem:70.73M (Peak 132.34M) | Time:00:00.11 | Mem:0.00M, Peak:0.00M | Scene, ViewLayer | Waiting for render to start
Fra:1 Mem:70.73M (Peak 132.34M) | Time:00:00.11 | Mem:0.00M, Peak:0.00M | Scene, ViewLayer | Loading render kernels (may take a few minutes the first time)
Fra:1 Mem:70.73M (Peak 132.34M) | Time:00:00.11 | Mem:0.00M, Peak:0.00M | Scene, ViewLayer | Updating Scene
Fra:1 Mem:70.73M (Peak 132.34M) | Time:00:00.11 | Mem:0.00M, Peak:0.00M | Scene, ViewLayer | Updating Shaders
Fra:1 Mem:70.98M (Peak 132.34M) | Time:00:00.11 | Mem:0.00M, Peak:0.00M | Scene, ViewLayer | Updating Procedurals
Fra:1 Mem:70.98M (Peak 132.34M) | Time:00:00.11 | Mem:0.00M, Peak:0.00M | Scene, ViewLayer | Updating Background
Fra:1 Mem:70.98M (Peak 132.34M) | Time:00:00.11 | Mem:0.00M, Peak:0.00M | Scene, ViewLayer | Updating Camera
Fra:1 Mem:70.98M (Peak 132.34M) | Time:00:00.11 | Mem:0.00M, Peak:0.00M | Scene, ViewLayer | Updating Meshes Flags
Fra:1 Mem:70.98M (Peak 132.34M) | Time:00:00.11 | Mem:0.00M, Peak:0.00M | Scene, ViewLayer | Updating Objects
Fra:1 Mem:70.98M (Peak 132.34M) | Time:00:00.11 | Mem:0.00M, Peak:0.00M | Scene, ViewLayer | Updating Objects | Copying Transformations to device
Fra:1 Mem:70.98M (Peak 132.34M) | Time:00:00.11 | Mem:0.00M, Peak:0.00M | Scene, ViewLayer | Updating Objects | Applying Static Transformations
Fra:1 Mem:70.98M (Peak 132.34M) | Time:00:00.11 | Mem:0.00M, Peak:0.00M | Scene, ViewLayer | Updating Particle Systems
Fra:1 Mem:70.98M (Peak 132.34M) | Time:00:00.11 | Mem:0.00M, Peak:0.00M | Scene, ViewLayer | Updating Particle Systems | Copying Particles to device
Fra:1 Mem:70.98M (Peak 132.34M) | Time:00:00.11 | Mem:0.00M, Peak:0.00M | Scene, ViewLayer | Updating Meshes
Fra:1 Mem:73.42M (Peak 132.34M) | Time:00:00.12 | Mem:0.00M, Peak:0.00M | Scene, ViewLayer | Updating Mesh | Computing attributes
Fra:1 Mem:78.05M (Peak 132.34M) | Time:00:00.12 | Mem:0.00M, Peak:0.00M | Scene, ViewLayer | Updating Mesh | Copying Attributes to device
Fra:1 Mem:78.04M (Peak 132.34M) | Time:00:00.12 | Mem:4.62M, Peak:4.62M | Scene, ViewLayer | Updating Scene BVH | Building
Fra:1 Mem:78.04M (Peak 132.34M) | Time:00:00.12 | Mem:4.62M, Peak:4.62M | Scene, ViewLayer | Updating Scene BVH | Building BVH
Fra:1 Mem:78.04M (Peak 132.34M) | Time:00:00.12 | Mem:15.42M, Peak:15.42M | Scene, ViewLayer | Updating Scene BVH | Building BVH 0%
Fra:1 Mem:78.04M (Peak 132.34M) | Time:00:00.12 | Mem:18.12M, Peak:26.12M | Scene, ViewLayer | Updating Scene BVH | Copying BVH to device
Fra:1 Mem:78.04M (Peak 132.34M) | Time:00:00.12 | Mem:18.12M, Peak:26.12M | Scene, ViewLayer | Updating Mesh | Computing normals
Fra:1 Mem:88.80M (Peak 132.34M) | Time:00:00.12 | Mem:18.12M, Peak:26.12M | Scene, ViewLayer | Updating Mesh | Copying Mesh to device
Fra:1 Mem:88.80M (Peak 132.34M) | Time:00:00.12 | Mem:28.87M, Peak:28.87M | Scene, ViewLayer | Updating Objects Flags
Fra:1 Mem:88.80M (Peak 132.34M) | Time:00:00.12 | Mem:28.87M, Peak:28.87M | Scene, ViewLayer | Updating Primitive Offsets
Fra:1 Mem:88.80M (Peak 132.34M) | Time:00:00.12 | Mem:28.87M, Peak:28.87M | Scene, ViewLayer | Updating Images
Fra:1 Mem:88.80M (Peak 132.34M) | Time:00:00.12 | Mem:28.87M, Peak:28.87M | Scene, ViewLayer | Updating Images | Loading 01279.exr
Fra:1 Mem:88.92M (Peak 132.34M) | Time:00:00.12 | Mem:28.87M, Peak:28.87M | Scene, ViewLayer | Updating Images | Loading crosshatched_0058.jpg
Fra:1 Mem:89.41M (Peak 132.34M) | Time:00:00.13 | Mem:29.48M, Peak:29.48M | Scene, ViewLayer | Updating Camera Volume
Fra:1 Mem:89.41M (Peak 132.34M) | Time:00:00.13 | Mem:29.48M, Peak:29.48M | Scene, ViewLayer | Updating Lookup Tables
Fra:1 Mem:89.41M (Peak 132.34M) | Time:00:00.13 | Mem:29.73M, Peak:29.73M | Scene, ViewLayer | Updating Lights
Fra:1 Mem:89.41M (Peak 132.34M) | Time:00:00.13 | Mem:29.73M, Peak:29.73M | Scene, ViewLayer | Updating Lights | Computing distribution
Fra:1 Mem:89.41M (Peak 132.34M) | Time:00:00.13 | Mem:29.73M, Peak:29.73M | Scene, ViewLayer | Updating Lights | Importance map
Fra:1 Mem:153.44M (Peak 441.54M) | Time:00:00.27 | Mem:93.77M, Peak:253.74M | Scene, ViewLayer | Updating Integrator
Fra:1 Mem:153.45M (Peak 441.54M) | Time:00:00.27 | Mem:93.78M, Peak:253.74M | Scene, ViewLayer | Updating Film
Fra:1 Mem:153.46M (Peak 441.54M) | Time:00:00.27 | Mem:93.53M, Peak:253.74M | Scene, ViewLayer | Updating Lookup Tables
Fra:1 Mem:153.46M (Peak 441.54M) | Time:00:00.27 | Mem:93.78M, Peak:253.74M | Scene, ViewLayer | Updating Baking
Fra:1 Mem:153.46M (Peak 441.54M) | Time:00:00.27 | Mem:93.78M, Peak:253.74M | Scene, ViewLayer | Updating Device | Writing constant memory
Fra:1 Mem:153.46M (Peak 441.54M) | Time:00:00.27 | Mem:93.78M, Peak:253.74M | Scene, ViewLayer | Sample 0/32
Fra:1 Mem:172.54M (Peak 441.54M) | Time:00:00.28 | Remaining:00:00.24 | Mem:112.78M, Peak:253.74M | Scene, ViewLayer | Sample 1/32
Fra:1 Mem:180.55M (Peak 441.54M) | Time:00:00.54 | Mem:112.78M, Peak:253.74M | Scene, ViewLayer | Sample 32/32
Fra:1 Mem:180.55M (Peak 441.54M) | Time:00:00.54 | Mem:112.78M, Peak:253.74M | Scene, ViewLayer | Finished
Saved: '/home/janus/iwi9-datasets/objaverse-rendering/no_textures_5/5495ab490bc54d619b67becfa7443a4c/006.png'
 Time: 00:00.58 (Saving: 00:00.03)

Fra:1 Mem:86.14M (Peak 104.88M) | Time:00:00.03 | Mem:0.00M, Peak:0.00M | Scene, ViewLayer | Synchronizing object | Object_2
Fra:1 Mem:86.14M (Peak 104.88M) | Time:00:00.03 | Mem:0.00M, Peak:0.00M | Scene, ViewLayer | Synchronizing object | Object_4
Fra:1 Mem:96.23M (Peak 132.40M) | Time:00:00.11 | Mem:0.00M, Peak:0.00M | Scene, ViewLayer | Initializing
Fra:1 Mem:70.79M (Peak 132.40M) | Time:00:00.11 | Mem:0.00M, Peak:0.00M | Scene, ViewLayer | Waiting for render to start
Fra:1 Mem:70.80M (Peak 132.40M) | Time:00:00.11 | Mem:0.00M, Peak:0.00M | Scene, ViewLayer | Loading render kernels (may take a few minutes the first time)
Fra:1 Mem:70.80M (Peak 132.40M) | Time:00:00.11 | Mem:0.00M, Peak:0.00M | Scene, ViewLayer | Updating Scene
Fra:1 Mem:70.80M (Peak 132.40M) | Time:00:00.11 | Mem:0.00M, Peak:0.00M | Scene, ViewLayer | Updating Shaders
Fra:1 Mem:71.05M (Peak 132.40M) | Time:00:00.11 | Mem:0.00M, Peak:0.00M | Scene, ViewLayer | Updating Procedurals
Fra:1 Mem:71.05M (Peak 132.40M) | Time:00:00.11 | Mem:0.00M, Peak:0.00M | Scene, ViewLayer | Updating Background
Fra:1 Mem:71.05M (Peak 132.40M) | Time:00:00.11 | Mem:0.00M, Peak:0.00M | Scene, ViewLayer | Updating Camera
Fra:1 Mem:71.05M (Peak 132.40M) | Time:00:00.11 | Mem:0.00M, Peak:0.00M | Scene, ViewLayer | Updating Meshes Flags
Fra:1 Mem:71.05M (Peak 132.40M) | Time:00:00.11 | Mem:0.00M, Peak:0.00M | Scene, ViewLayer | Updating Objects
Fra:1 Mem:71.05M (Peak 132.40M) | Time:00:00.11 | Mem:0.00M, Peak:0.00M | Scene, ViewLayer | Updating Objects | Copying Transformations to device
Fra:1 Mem:71.05M (Peak 132.40M) | Time:00:00.11 | Mem:0.00M, Peak:0.00M | Scene, ViewLayer | Updating Objects | Applying Static Transformations
Fra:1 Mem:71.05M (Peak 132.40M) | Time:00:00.11 | Mem:0.00M, Peak:0.00M | Scene, ViewLayer | Updating Particle Systems
Fra:1 Mem:71.05M (Peak 132.40M) | Time:00:00.11 | Mem:0.00M, Peak:0.00M | Scene, ViewLayer | Updating Particle Systems | Copying Particles to device
Fra:1 Mem:71.05M (Peak 132.40M) | Time:00:00.11 | Mem:0.00M, Peak:0.00M | Scene, ViewLayer | Updating Meshes
Fra:1 Mem:73.49M (Peak 132.40M) | Time:00:00.11 | Mem:0.00M, Peak:0.00M | Scene, ViewLayer | Updating Mesh | Computing attributes
Fra:1 Mem:78.11M (Peak 132.40M) | Time:00:00.11 | Mem:0.00M, Peak:0.00M | Scene, ViewLayer | Updating Mesh | Copying Attributes to device
Fra:1 Mem:78.11M (Peak 132.40M) | Time:00:00.11 | Mem:4.62M, Peak:4.62M | Scene, ViewLayer | Updating Scene BVH | Building
Fra:1 Mem:78.11M (Peak 132.40M) | Time:00:00.11 | Mem:4.62M, Peak:4.62M | Scene, ViewLayer | Updating Scene BVH | Building BVH
Fra:1 Mem:78.11M (Peak 132.40M) | Time:00:00.11 | Mem:15.42M, Peak:15.42M | Scene, ViewLayer | Updating Scene BVH | Building BVH 0%
Fra:1 Mem:78.11M (Peak 132.40M) | Time:00:00.12 | Mem:18.12M, Peak:26.12M | Scene, ViewLayer | Updating Scene BVH | Copying BVH to device
Fra:1 Mem:78.11M (Peak 132.40M) | Time:00:00.12 | Mem:18.12M, Peak:26.12M | Scene, ViewLayer | Updating Mesh | Computing normals
Fra:1 Mem:88.87M (Peak 132.40M) | Time:00:00.12 | Mem:18.12M, Peak:26.12M | Scene, ViewLayer | Updating Mesh | Copying Mesh to device
Fra:1 Mem:88.87M (Peak 132.40M) | Time:00:00.12 | Mem:28.87M, Peak:28.87M | Scene, ViewLayer | Updating Objects Flags
Fra:1 Mem:88.87M (Peak 132.40M) | Time:00:00.12 | Mem:28.87M, Peak:28.87M | Scene, ViewLayer | Updating Primitive Offsets
Fra:1 Mem:88.87M (Peak 132.40M) | Time:00:00.12 | Mem:28.87M, Peak:28.87M | Scene, ViewLayer | Updating Images
Fra:1 Mem:88.87M (Peak 132.40M) | Time:00:00.12 | Mem:28.87M, Peak:28.87M | Scene, ViewLayer | Updating Images | Loading 01279.exr
Fra:1 Mem:88.99M (Peak 132.40M) | Time:00:00.12 | Mem:28.87M, Peak:28.87M | Scene, ViewLayer | Updating Images | Loading pleated_0123.jpg
Fra:1 Mem:89.86M (Peak 132.40M) | Time:00:00.13 | Mem:29.86M, Peak:29.86M | Scene, ViewLayer | Updating Camera Volume
Fra:1 Mem:89.86M (Peak 132.40M) | Time:00:00.13 | Mem:29.86M, Peak:29.86M | Scene, ViewLayer | Updating Lookup Tables
Fra:1 Mem:89.86M (Peak 132.40M) | Time:00:00.13 | Mem:30.11M, Peak:30.11M | Scene, ViewLayer | Updating Lights
Fra:1 Mem:89.86M (Peak 132.40M) | Time:00:00.13 | Mem:30.11M, Peak:30.11M | Scene, ViewLayer | Updating Lights | Computing distribution
Fra:1 Mem:89.86M (Peak 132.40M) | Time:00:00.13 | Mem:30.11M, Peak:30.11M | Scene, ViewLayer | Updating Lights | Importance map
Fra:1 Mem:153.89M (Peak 441.99M) | Time:00:00.26 | Mem:94.15M, Peak:254.12M | Scene, ViewLayer | Updating Integrator
Fra:1 Mem:153.90M (Peak 441.99M) | Time:00:00.26 | Mem:94.16M, Peak:254.12M | Scene, ViewLayer | Updating Film
Fra:1 Mem:153.90M (Peak 441.99M) | Time:00:00.26 | Mem:93.91M, Peak:254.12M | Scene, ViewLayer | Updating Lookup Tables
Fra:1 Mem:153.90M (Peak 441.99M) | Time:00:00.26 | Mem:94.16M, Peak:254.12M | Scene, ViewLayer | Updating Baking
Fra:1 Mem:153.90M (Peak 441.99M) | Time:00:00.26 | Mem:94.16M, Peak:254.12M | Scene, ViewLayer | Updating Device | Writing constant memory
Fra:1 Mem:153.90M (Peak 441.99M) | Time:00:00.26 | Mem:94.16M, Peak:254.12M | Scene, ViewLayer | Sample 0/32
Fra:1 Mem:172.99M (Peak 441.99M) | Time:00:00.27 | Remaining:00:00.26 | Mem:113.16M, Peak:254.12M | Scene, ViewLayer | Sample 1/32
slurmstepd: error: *** JOB 805439 ON a0124 CANCELLED AT 2023-08-10T16:26:30 ***
=== JOB_STATISTICS ===
=== current date     : Thu Aug 10 16:26:32 CEST 2023
= Job-ID             : 805439 on alex
= Job-Name           : rendering.slurm
= Job-Command        : /home/hpc/b112dc/b112dc10/git/objaverse-rendering/slurm_files/rendering.slurm
= Initial workdir    : /home/hpc/b112dc/b112dc10/git/objaverse-rendering
= Queue/Partition    : a40
= Slurm account      : b112dc with QOS=normal
= Requested resources: cpu=30,mem=112500M,node=1,billing=30,gres/gpu=2,gres/gpu:a40=2 for 08:00:00
= Elapsed runtime    : 00:03:12
= Total RAM usage    : 1.3 GiB of assigned 109 GiB (1.2%)   
= Node list          : a0124
= Subm/Elig/Start/End: 2023-08-10T16:21:13 / 2023-08-10T16:21:13 / 2023-08-10T16:23:18 / 2023-08-10T16:26:30
======================
=== Quota infos ======
/usr/bin/shownicerquota.pl: timeout running quota command - quota data will be incomplete.
    Path              Used     SoftQ    HardQ    Gracetime  Filec    FileQ    FiHaQ    FileGrace    
======================
=== GPU utilization ==
gpu_name, gpu_bus_id, pid, gpu_utilization [%], mem_utilization [%], max_memory_usage [MiB], time [ms]
