### Starting TaskPrologue of job 805682 on a0329 at Thu Aug 10 20:42:12 CEST 2023
Running on cores 64-93 with governor ondemand
Thu Aug 10 20:42:12 2023       
+---------------------------------------------------------------------------------------+
| NVIDIA-SMI 535.54.03              Driver Version: 535.54.03    CUDA Version: 12.2     |
|-----------------------------------------+----------------------+----------------------+
| GPU  Name                 Persistence-M | Bus-Id        Disp.A | Volatile Uncorr. ECC |
| Fan  Temp   Perf          Pwr:Usage/Cap |         Memory-Usage | GPU-Util  Compute M. |
|                                         |                      |               MIG M. |
|=========================================+======================+======================|
|   0  NVIDIA A40                     On  | 00000000:81:00.0 Off |                  Off |
|  0%   41C    P8              22W / 300W |      4MiB / 49140MiB |      0%      Default |
|                                         |                      |                  N/A |
+-----------------------------------------+----------------------+----------------------+
|   1  NVIDIA A40                     On  | 00000000:A1:00.0 Off |                  Off |
|  0%   40C    P8              22W / 300W |      4MiB / 49140MiB |      0%      Default |
|                                         |                      |                  N/A |
+-----------------------------------------+----------------------+----------------------+
                                                                                         
+---------------------------------------------------------------------------------------+
| Processes:                                                                            |
|  GPU   GI   CI        PID   Type   Process name                            GPU Memory |
|        ID   ID                                                             Usage      |
|=======================================================================================|
|  No running processes found                                                           |
+---------------------------------------------------------------------------------------+
### Finished TaskPrologue

no change     /apps/python/3.9-anaconda/condabin/conda
no change     /apps/python/3.9-anaconda/bin/conda
no change     /apps/python/3.9-anaconda/bin/conda-env
no change     /apps/python/3.9-anaconda/bin/activate
no change     /apps/python/3.9-anaconda/bin/deactivate
no change     /apps/python/3.9-anaconda/etc/profile.d/conda.sh
no change     /apps/python/3.9-anaconda/etc/fish/conf.d/conda.fish
no change     /apps/python/3.9-anaconda/shell/condabin/Conda.psm1
no change     /apps/python/3.9-anaconda/shell/condabin/conda-hook.ps1
no change     /apps/python/3.9-anaconda/lib/python3.9/site-packages/xontrib/conda.xsh
no change     /apps/python/3.9-anaconda/etc/profile.d/conda.csh
no change     /home/hpc/b112dc/b112dc10/.bashrc
No action taken.
/home/janus/iwi9-datasets/objaverse-objects/hf-objaverse-v1/glbs/000-075/4033d59b50a145aeb0f8955282bd2526.glb
Data are loaded, start creating Blender stuff
glTF import finished in 0.01s
Failed to render /home/janus/iwi9-datasets/objaverse-objects/hf-objaverse-v1/glbs/000-075/4033d59b50a145aeb0f8955282bd2526.glb
'Namespace' object has no attribute 'texture'
Blender 3.3.1 (hash b292cfe5a936 built 2022-10-05 00:14:35)
/run/user/210289/gvfs/ non-existent directory

Blender quit
/home/janus/iwi9-datasets/objaverse-objects/hf-objaverse-v1/glbs/000-123/d8ac823f63cf47af83b5f2c44b322ca3.glb
Data are loaded, start creating Blender stuff
glTF import finished in 0.01s
Failed to render /home/janus/iwi9-datasets/objaverse-objects/hf-objaverse-v1/glbs/000-123/d8ac823f63cf47af83b5f2c44b322ca3.glb
'Namespace' object has no attribute 'texture'
Blender 3.3.1 (hash b292cfe5a936 built 2022-10-05 00:14:35)
/run/user/210289/gvfs/ non-existent directory

Blender quit
/home/janus/iwi9-datasets/objaverse-objects/hf-objaverse-v1/glbs/000-088/464ba8a17aef4fd8b1a4302f9aff2138.glb
Data are loaded, start creating Blender stuff
glTF import finished in 0.14s
Failed to render /home/janus/iwi9-datasets/objaverse-objects/hf-objaverse-v1/glbs/000-088/464ba8a17aef4fd8b1a4302f9aff2138.glb
'Namespace' object has no attribute 'texture'
Blender 3.3.1 (hash b292cfe5a936 built 2022-10-05 00:14:35)
/run/user/210289/gvfs/ non-existent directory

Blender quit
/home/janus/iwi9-datasets/objaverse-objects/hf-objaverse-v1/glbs/000-088/7a5c1ff0afe246cb8009c1d36742c205.glb
Data are loaded, start creating Blender stuff
glTF import finished in 0.14s
Failed to render /home/janus/iwi9-datasets/objaverse-objects/hf-objaverse-v1/glbs/000-088/7a5c1ff0afe246cb8009c1d36742c205.glb
'Namespace' object has no attribute 'texture'
Blender 3.3.1 (hash b292cfe5a936 built 2022-10-05 00:14:35)
/run/user/210289/gvfs/ non-existent directory

Blender quit
/home/janus/iwi9-datasets/objaverse-objects/hf-objaverse-v1/glbs/000-147/a804ea3d188143869699ce7c9cda3a5f.glb
Data are loaded, start creating Blender stuff
glTF import finished in 0.56s
Failed to render /home/janus/iwi9-datasets/objaverse-objects/hf-objaverse-v1/glbs/000-147/a804ea3d188143869699ce7c9cda3a5f.glb
'Namespace' object has no attribute 'texture'
Blender 3.3.1 (hash b292cfe5a936 built 2022-10-05 00:14:35)
/run/user/210289/gvfs/ non-existent directory

Blender quit
/home/janus/iwi9-datasets/objaverse-objects/hf-objaverse-v1/glbs/000-037/cb729816037a4628b3675bf0d3ce1183.glb
Data are loaded, start creating Blender stuff
glTF import finished in 0.07s
Failed to render /home/janus/iwi9-datasets/objaverse-objects/hf-objaverse-v1/glbs/000-037/cb729816037a4628b3675bf0d3ce1183.glb
'Namespace' object has no attribute 'texture'
Blender 3.3.1 (hash b292cfe5a936 built 2022-10-05 00:14:35)
/run/user/210289/gvfs/ non-existent directory

Blender quit
/home/janus/iwi9-datasets/objaverse-objects/hf-objaverse-v1/glbs/000-016/ce0bbc9ee005477991633c7497ea4dd2.glb
Data are loaded, start creating Blender stuff
glTF import finished in 0.01s
Failed to render /home/janus/iwi9-datasets/objaverse-objects/hf-objaverse-v1/glbs/000-016/ce0bbc9ee005477991633c7497ea4dd2.glb
'Namespace' object has no attribute 'texture'
Blender 3.3.1 (hash b292cfe5a936 built 2022-10-05 00:14:35)
/run/user/210289/gvfs/ non-existent directory

Blender quit
/home/janus/iwi9-datasets/objaverse-objects/hf-objaverse-v1/glbs/000-037/3576b80c459b43f285e7b0fc887554cb.glb
Data are loaded, start creating Blender stuff
glTF import finished in 0.03s
Failed to render /home/janus/iwi9-datasets/objaverse-objects/hf-objaverse-v1/glbs/000-037/3576b80c459b43f285e7b0fc887554cb.glb
'Namespace' object has no attribute 'texture'
Blender 3.3.1 (hash b292cfe5a936 built 2022-10-05 00:14:35)
/run/user/210289/gvfs/ non-existent directory

Blender quit
/home/janus/iwi9-datasets/objaverse-objects/hf-objaverse-v1/glbs/000-088/bbfdec9a51d546df93995bfab89b3a78.glb
Data are loaded, start creating Blender stuff
glTF import finished in 0.67s
Failed to render /home/janus/iwi9-datasets/objaverse-objects/hf-objaverse-v1/glbs/000-088/bbfdec9a51d546df93995bfab89b3a78.glb
'Namespace' object has no attribute 'texture'
Blender 3.3.1 (hash b292cfe5a936 built 2022-10-05 00:14:35)
/run/user/210289/gvfs/ non-existent directory

Blender quit
/home/janus/iwi9-datasets/objaverse-objects/hf-objaverse-v1/glbs/000-029/577ae2d8d40649ddbbc5e53093a8c395.glb
Data are loaded, start creating Blender stuff
glTF import finished in 0.05s
Failed to render /home/janus/iwi9-datasets/objaverse-objects/hf-objaverse-v1/glbs/000-029/577ae2d8d40649ddbbc5e53093a8c395.glb
'Namespace' object has no attribute 'texture'
Blender 3.3.1 (hash b292cfe5a936 built 2022-10-05 00:14:35)
/run/user/210289/gvfs/ non-existent directory

Blender quit
/home/janus/iwi9-datasets/objaverse-objects/hf-objaverse-v1/glbs/000-147/f2052f99dba242ad8ab0814eb0e88acd.glb
Data are loaded, start creating Blender stuff
glTF import finished in 0.65s
Failed to render /home/janus/iwi9-datasets/objaverse-objects/hf-objaverse-v1/glbs/000-147/f2052f99dba242ad8ab0814eb0e88acd.glb
'Namespace' object has no attribute 'texture'
Blender 3.3.1 (hash b292cfe5a936 built 2022-10-05 00:14:35)
/run/user/210289/gvfs/ non-existent directory

Blender quit
/home/janus/iwi9-datasets/objaverse-objects/hf-objaverse-v1/glbs/000-029/4a2278aca04b4f3eb901b7b019b4caa7.glb
Data are loaded, start creating Blender stuff
glTF import finished in 0.57s
Failed to render /home/janus/iwi9-datasets/objaverse-objects/hf-objaverse-v1/glbs/000-029/4a2278aca04b4f3eb901b7b019b4caa7.glb
'Namespace' object has no attribute 'texture'
Blender 3.3.1 (hash b292cfe5a936 built 2022-10-05 00:14:35)
/run/user/210289/gvfs/ non-existent directory

Blender quit
/home/janus/iwi9-datasets/objaverse-objects/hf-objaverse-v1/glbs/000-023/55bf1cb4ae154f4c8a7a9c43ef855813.glb
Data are loaded, start creating Blender stuff
glTF import finished in 0.06s
Failed to render /home/janus/iwi9-datasets/objaverse-objects/hf-objaverse-v1/glbs/000-023/55bf1cb4ae154f4c8a7a9c43ef855813.glb
'Namespace' object has no attribute 'texture'
Blender 3.3.1 (hash b292cfe5a936 built 2022-10-05 00:14:35)
/run/user/210289/gvfs/ non-existent directory

Blender quit
/home/janus/iwi9-datasets/objaverse-objects/hf-objaverse-v1/glbs/000-029/b2631389d8ab431bb790c874318a5ab6.glb
Data are loaded, start creating Blender stuff
glTF import finished in 0.02s
Failed to render /home/janus/iwi9-datasets/objaverse-objects/hf-objaverse-v1/glbs/000-029/b2631389d8ab431bb790c874318a5ab6.glb
'Namespace' object has no attribute 'texture'
Blender 3.3.1 (hash b292cfe5a936 built 2022-10-05 00:14:35)
/run/user/210289/gvfs/ non-existent directory

Blender quit
/home/janus/iwi9-datasets/objaverse-objects/hf-objaverse-v1/glbs/000-088/5495ab490bc54d619b67becfa7443a4c.glb
Data are loaded, start creating Blender stuff
glTF import finished in 0.35s
Failed to render /home/janus/iwi9-datasets/objaverse-objects/hf-objaverse-v1/glbs/000-088/5495ab490bc54d619b67becfa7443a4c.glb
'Namespace' object has no attribute 'texture'
Blender 3.3.1 (hash b292cfe5a936 built 2022-10-05 00:14:35)
/run/user/210289/gvfs/ non-existent directory

Blender quit
/home/janus/iwi9-datasets/objaverse-objects/hf-objaverse-v1/glbs/000-147/ae2dbe6a39304cf7a331c19181af3d36.glb
Data are loaded, start creating Blender stuff
glTF import finished in 0.54s
Failed to render /home/janus/iwi9-datasets/objaverse-objects/hf-objaverse-v1/glbs/000-147/ae2dbe6a39304cf7a331c19181af3d36.glb
'Namespace' object has no attribute 'texture'
Blender 3.3.1 (hash b292cfe5a936 built 2022-10-05 00:14:35)
/run/user/210289/gvfs/ non-existent directory

Blender quit
/home/janus/iwi9-datasets/objaverse-objects/hf-objaverse-v1/glbs/000-147/efa872c07c7b4049b3f8d50d14639632.glb
Data are loaded, start creating Blender stuff
glTF import finished in 0.50s
Failed to render /home/janus/iwi9-datasets/objaverse-objects/hf-objaverse-v1/glbs/000-147/efa872c07c7b4049b3f8d50d14639632.glb
'Namespace' object has no attribute 'texture'
Blender 3.3.1 (hash b292cfe5a936 built 2022-10-05 00:14:35)
/run/user/210289/gvfs/ non-existent directory

Blender quit
/home/janus/iwi9-datasets/objaverse-objects/hf-objaverse-v1/glbs/000-147/61fe4f6e50ee447987960f6a98e07b45.glb
Data are loaded, start creating Blender stuff
glTF import finished in 1.19s
Failed to render /home/janus/iwi9-datasets/objaverse-objects/hf-objaverse-v1/glbs/000-147/61fe4f6e50ee447987960f6a98e07b45.glb
'Namespace' object has no attribute 'texture'
Blender 3.3.1 (hash b292cfe5a936 built 2022-10-05 00:14:35)
/run/user/210289/gvfs/ non-existent directory

Blender quit
/home/janus/iwi9-datasets/objaverse-objects/hf-objaverse-v1/glbs/000-023/f525674ae6dc4a29b1faa9f9058ad51b.glb
Data are loaded, start creating Blender stuff
glTF import finished in 0.00s
Failed to render /home/janus/iwi9-datasets/objaverse-objects/hf-objaverse-v1/glbs/000-023/f525674ae6dc4a29b1faa9f9058ad51b.glb
'Namespace' object has no attribute 'texture'
Blender 3.3.1 (hash b292cfe5a936 built 2022-10-05 00:14:35)
/run/user/210289/gvfs/ non-existent directory

Blender quit
/home/janus/iwi9-datasets/objaverse-objects/hf-objaverse-v1/glbs/000-066/982b9714b88e4f4eb68be83f0240fc99.glb
Data are loaded, start creating Blender stuff
glTF import finished in 0.01s
Failed to render /home/janus/iwi9-datasets/objaverse-objects/hf-objaverse-v1/glbs/000-066/982b9714b88e4f4eb68be83f0240fc99.glb
'Namespace' object has no attribute 'texture'
Blender 3.3.1 (hash b292cfe5a936 built 2022-10-05 00:14:35)
/run/user/210289/gvfs/ non-existent directory

Blender quit
/home/janus/iwi9-datasets/objaverse-objects/hf-objaverse-v1/glbs/000-147/cb4fb02e6cd2405da3333ec7b42ed229.glb
Data are loaded, start creating Blender stuff
glTF import finished in 0.00s
Failed to render /home/janus/iwi9-datasets/objaverse-objects/hf-objaverse-v1/glbs/000-147/cb4fb02e6cd2405da3333ec7b42ed229.glb
'Namespace' object has no attribute 'texture'
Blender 3.3.1 (hash b292cfe5a936 built 2022-10-05 00:14:35)
/run/user/210289/gvfs/ non-existent directory

Blender quit
/home/janus/iwi9-datasets/objaverse-objects/hf-objaverse-v1/glbs/000-129/6b7a295c119747b4995671f176b2efa1.glb
Data are loaded, start creating Blender stuff
glTF import finished in 0.48s
Failed to render /home/janus/iwi9-datasets/objaverse-objects/hf-objaverse-v1/glbs/000-129/6b7a295c119747b4995671f176b2efa1.glb
'Namespace' object has no attribute 'texture'
Blender 3.3.1 (hash b292cfe5a936 built 2022-10-05 00:14:35)
/run/user/210289/gvfs/ non-existent directory

Blender quit
/home/janus/iwi9-datasets/objaverse-objects/hf-objaverse-v1/glbs/000-147/6eacb6fd996b4622919ac32d211c1848.glb
Data are loaded, start creating Blender stuff
glTF import finished in 0.01s
Failed to render /home/janus/iwi9-datasets/objaverse-objects/hf-objaverse-v1/glbs/000-147/6eacb6fd996b4622919ac32d211c1848.glb
'Namespace' object has no attribute 'texture'
Blender 3.3.1 (hash b292cfe5a936 built 2022-10-05 00:14:35)
/run/user/210289/gvfs/ non-existent directory

Blender quit
/home/janus/iwi9-datasets/objaverse-objects/hf-objaverse-v1/glbs/000-088/12f368cc5c6a4df4a2ce84fb7c27451c.glb
Data are loaded, start creating Blender stuff
glTF import finished in 0.07s
Failed to render /home/janus/iwi9-datasets/objaverse-objects/hf-objaverse-v1/glbs/000-088/12f368cc5c6a4df4a2ce84fb7c27451c.glb
'Namespace' object has no attribute 'texture'
Blender 3.3.1 (hash b292cfe5a936 built 2022-10-05 00:14:35)
/run/user/210289/gvfs/ non-existent directory

Blender quit
/home/janus/iwi9-datasets/objaverse-objects/hf-objaverse-v1/glbs/000-105/233eac4a6ec24898b3f8f9679b8af517.glb
Data are loaded, start creating Blender stuff
glTF import finished in 0.01s
Failed to render /home/janus/iwi9-datasets/objaverse-objects/hf-objaverse-v1/glbs/000-105/233eac4a6ec24898b3f8f9679b8af517.glb
'Namespace' object has no attribute 'texture'
Blender 3.3.1 (hash b292cfe5a936 built 2022-10-05 00:14:35)
/run/user/210289/gvfs/ non-existent directory

Blender quit
/home/janus/iwi9-datasets/objaverse-objects/hf-objaverse-v1/glbs/000-105/7a8dae0520a445049a9487b1950d838a.glb
Data are loaded, start creating Blender stuff
glTF import finished in 0.01s
Failed to render /home/janus/iwi9-datasets/objaverse-objects/hf-objaverse-v1/glbs/000-105/7a8dae0520a445049a9487b1950d838a.glb
'Namespace' object has no attribute 'texture'
Blender 3.3.1 (hash b292cfe5a936 built 2022-10-05 00:14:35)
/run/user/210289/gvfs/ non-existent directory

Blender quit
/home/janus/iwi9-datasets/objaverse-objects/hf-objaverse-v1/glbs/000-085/65501fe1b93d46d6bbd98c53727e9f47.glb
Data are loaded, start creating Blender stuff
glTF import finished in 0.03s
Failed to render /home/janus/iwi9-datasets/objaverse-objects/hf-objaverse-v1/glbs/000-085/65501fe1b93d46d6bbd98c53727e9f47.glb
'Namespace' object has no attribute 'texture'
Blender 3.3.1 (hash b292cfe5a936 built 2022-10-05 00:14:35)
/run/user/210289/gvfs/ non-existent directory

Blender quit
/home/janus/iwi9-datasets/objaverse-objects/hf-objaverse-v1/glbs/000-059/bb1b88cc19bf4854b8d88b79c8faf5c4.glb
Data are loaded, start creating Blender stuff
glTF import finished in 0.02s
Failed to render /home/janus/iwi9-datasets/objaverse-objects/hf-objaverse-v1/glbs/000-059/bb1b88cc19bf4854b8d88b79c8faf5c4.glb
'Namespace' object has no attribute 'texture'
Blender 3.3.1 (hash b292cfe5a936 built 2022-10-05 00:14:35)
/run/user/210289/gvfs/ non-existent directory

Blender quit
/home/janus/iwi9-datasets/objaverse-objects/hf-objaverse-v1/glbs/000-072/ca0cdc282caa45c7b827e7367425e009.glb
Data are loaded, start creating Blender stuff
glTF import finished in 0.00s
Failed to render /home/janus/iwi9-datasets/objaverse-objects/hf-objaverse-v1/glbs/000-072/ca0cdc282caa45c7b827e7367425e009.glb
'Namespace' object has no attribute 'texture'
Blender 3.3.1 (hash b292cfe5a936 built 2022-10-05 00:14:35)
/run/user/210289/gvfs/ non-existent directory

Blender quit
/home/janus/iwi9-datasets/objaverse-objects/hf-objaverse-v1/glbs/000-129/b2a7b641512e492c94f8afd91dda6f32.glb
Data are loaded, start creating Blender stuff
glTF import finished in 0.02s
Failed to render /home/janus/iwi9-datasets/objaverse-objects/hf-objaverse-v1/glbs/000-129/b2a7b641512e492c94f8afd91dda6f32.glb
'Namespace' object has no attribute 'texture'
Blender 3.3.1 (hash b292cfe5a936 built 2022-10-05 00:14:35)
/run/user/210289/gvfs/ non-existent directory

Blender quit
/home/janus/iwi9-datasets/objaverse-objects/hf-objaverse-v1/glbs/000-072/201c9a368ed6421f83eb7e449ba107dd.glb
Data are loaded, start creating Blender stuff
glTF import finished in 0.29s
Failed to render /home/janus/iwi9-datasets/objaverse-objects/hf-objaverse-v1/glbs/000-072/201c9a368ed6421f83eb7e449ba107dd.glb
'Namespace' object has no attribute 'texture'
Blender 3.3.1 (hash b292cfe5a936 built 2022-10-05 00:14:35)
/run/user/210289/gvfs/ non-existent directory

Blender quit
/home/janus/iwi9-datasets/objaverse-objects/hf-objaverse-v1/glbs/000-029/af97e8ebfc8a40df8e8a54197f5d19db.glb
Data are loaded, start creating Blender stuff
glTF import finished in 0.03s
Failed to render /home/janus/iwi9-datasets/objaverse-objects/hf-objaverse-v1/glbs/000-029/af97e8ebfc8a40df8e8a54197f5d19db.glb
'Namespace' object has no attribute 'texture'
Blender 3.3.1 (hash b292cfe5a936 built 2022-10-05 00:14:35)
/run/user/210289/gvfs/ non-existent directory

Blender quit
/home/janus/iwi9-datasets/objaverse-objects/hf-objaverse-v1/glbs/000-037/11c4b3b95ec94b7fb5b6b655f071cbb9.glb
Data are loaded, start creating Blender stuff
glTF import finished in 0.00s
Failed to render /home/janus/iwi9-datasets/objaverse-objects/hf-objaverse-v1/glbs/000-037/11c4b3b95ec94b7fb5b6b655f071cbb9.glb
'Namespace' object has no attribute 'texture'
Blender 3.3.1 (hash b292cfe5a936 built 2022-10-05 00:14:35)
/run/user/210289/gvfs/ non-existent directory

Blender quit
/home/janus/iwi9-datasets/objaverse-objects/hf-objaverse-v1/glbs/000-088/587acf08c3054964907c9b8fcbbbc75e.glb
Data are loaded, start creating Blender stuff
glTF import finished in 0.29s
Failed to render /home/janus/iwi9-datasets/objaverse-objects/hf-objaverse-v1/glbs/000-088/587acf08c3054964907c9b8fcbbbc75e.glb
'Namespace' object has no attribute 'texture'
Blender 3.3.1 (hash b292cfe5a936 built 2022-10-05 00:14:35)
/run/user/210289/gvfs/ non-existent directory

Blender quit
/home/janus/iwi9-datasets/objaverse-objects/hf-objaverse-v1/glbs/000-029/f33e492bb8304e12ad518d4a8062b5c0.glb
Data are loaded, start creating Blender stuff
glTF import finished in 0.06s
Failed to render /home/janus/iwi9-datasets/objaverse-objects/hf-objaverse-v1/glbs/000-029/f33e492bb8304e12ad518d4a8062b5c0.glb
'Namespace' object has no attribute 'texture'
Blender 3.3.1 (hash b292cfe5a936 built 2022-10-05 00:14:35)
/run/user/210289/gvfs/ non-existent directory

Blender quit
/home/janus/iwi9-datasets/objaverse-objects/hf-objaverse-v1/glbs/000-102/8a86353f41e24f6e83014e95e0b6eedd.glb
Data are loaded, start creating Blender stuff
glTF import finished in 0.56s
Failed to render /home/janus/iwi9-datasets/objaverse-objects/hf-objaverse-v1/glbs/000-102/8a86353f41e24f6e83014e95e0b6eedd.glb
'Namespace' object has no attribute 'texture'
Blender 3.3.1 (hash b292cfe5a936 built 2022-10-05 00:14:35)
/run/user/210289/gvfs/ non-existent directory

Blender quit
/home/janus/iwi9-datasets/objaverse-objects/hf-objaverse-v1/glbs/000-102/bddc7135963645c48c3206c857d81f12.glb
Data are loaded, start creating Blender stuff
glTF import finished in 0.02s
Failed to render /home/janus/iwi9-datasets/objaverse-objects/hf-objaverse-v1/glbs/000-102/bddc7135963645c48c3206c857d81f12.glb
'Namespace' object has no attribute 'texture'
Blender 3.3.1 (hash b292cfe5a936 built 2022-10-05 00:14:35)
/run/user/210289/gvfs/ non-existent directory

Blender quit
/home/janus/iwi9-datasets/objaverse-objects/hf-objaverse-v1/glbs/000-123/5cb637297ef24f4fab79ce8da94c5d85.glb
Data are loaded, start creating Blender stuff
glTF import finished in 0.03s
Failed to render /home/janus/iwi9-datasets/objaverse-objects/hf-objaverse-v1/glbs/000-123/5cb637297ef24f4fab79ce8da94c5d85.glb
'Namespace' object has no attribute 'texture'
Blender 3.3.1 (hash b292cfe5a936 built 2022-10-05 00:14:35)
/run/user/210289/gvfs/ non-existent directory

Blender quit
/home/janus/iwi9-datasets/objaverse-objects/hf-objaverse-v1/glbs/000-085/59330628ffee4a118bcd7fc22eb1426d.glb
Data are loaded, start creating Blender stuff
glTF import finished in 1.66s
Failed to render /home/janus/iwi9-datasets/objaverse-objects/hf-objaverse-v1/glbs/000-085/59330628ffee4a118bcd7fc22eb1426d.glb
'Namespace' object has no attribute 'texture'
Blender 3.3.1 (hash b292cfe5a936 built 2022-10-05 00:14:35)
/run/user/210289/gvfs/ non-existent directory

Blender quit
/home/janus/iwi9-datasets/objaverse-objects/hf-objaverse-v1/glbs/000-029/c2b9126dc463442ebe38addc503233b3.glb
Data are loaded, start creating Blender stuff
glTF import finished in 0.06s
Failed to render /home/janus/iwi9-datasets/objaverse-objects/hf-objaverse-v1/glbs/000-029/c2b9126dc463442ebe38addc503233b3.glb
'Namespace' object has no attribute 'texture'
Blender 3.3.1 (hash b292cfe5a936 built 2022-10-05 00:14:35)
/run/user/210289/gvfs/ non-existent directory

Blender quit
/home/janus/iwi9-datasets/objaverse-objects/hf-objaverse-v1/glbs/000-085/13e7e1258b664d9f8a5910d357e1d22c.glb
Data are loaded, start creating Blender stuff
glTF import finished in 0.55s
Failed to render /home/janus/iwi9-datasets/objaverse-objects/hf-objaverse-v1/glbs/000-085/13e7e1258b664d9f8a5910d357e1d22c.glb
'Namespace' object has no attribute 'texture'
Blender 3.3.1 (hash b292cfe5a936 built 2022-10-05 00:14:35)
/run/user/210289/gvfs/ non-existent directory

Blender quit
/home/janus/iwi9-datasets/objaverse-objects/hf-objaverse-v1/glbs/000-029/99585cb995604449a7b1fd28e22a73f1.glb
Data are loaded, start creating Blender stuff
glTF import finished in 0.00s
Failed to render /home/janus/iwi9-datasets/objaverse-objects/hf-objaverse-v1/glbs/000-029/99585cb995604449a7b1fd28e22a73f1.glb
'Namespace' object has no attribute 'texture'
Blender 3.3.1 (hash b292cfe5a936 built 2022-10-05 00:14:35)
/run/user/210289/gvfs/ non-existent directory

Blender quit
/home/janus/iwi9-datasets/objaverse-objects/hf-objaverse-v1/glbs/000-102/f295be3826254e0280f9ad172fc83c2b.glb
Data are loaded, start creating Blender stuff
glTF import finished in 0.01s
Failed to render /home/janus/iwi9-datasets/objaverse-objects/hf-objaverse-v1/glbs/000-102/f295be3826254e0280f9ad172fc83c2b.glb
'Namespace' object has no attribute 'texture'
Blender 3.3.1 (hash b292cfe5a936 built 2022-10-05 00:14:35)
/run/user/210289/gvfs/ non-existent directory

Blender quit
/home/janus/iwi9-datasets/objaverse-objects/hf-objaverse-v1/glbs/000-105/6ea29d5853584515abaa4a0821f6fa70.glb
Data are loaded, start creating Blender stuff
glTF import finished in 0.54s
Failed to render /home/janus/iwi9-datasets/objaverse-objects/hf-objaverse-v1/glbs/000-105/6ea29d5853584515abaa4a0821f6fa70.glb
'Namespace' object has no attribute 'texture'
Blender 3.3.1 (hash b292cfe5a936 built 2022-10-05 00:14:35)
/run/user/210289/gvfs/ non-existent directory

Blender quit
/home/janus/iwi9-datasets/objaverse-objects/hf-objaverse-v1/glbs/000-147/1862a41990a6461cb8b564b9f87880ae.glb
Data are loaded, start creating Blender stuff
glTF import finished in 0.02s
Failed to render /home/janus/iwi9-datasets/objaverse-objects/hf-objaverse-v1/glbs/000-147/1862a41990a6461cb8b564b9f87880ae.glb
'Namespace' object has no attribute 'texture'
Blender 3.3.1 (hash b292cfe5a936 built 2022-10-05 00:14:35)
/run/user/210289/gvfs/ non-existent directory

Blender quit
/home/janus/iwi9-datasets/objaverse-objects/hf-objaverse-v1/glbs/000-085/ae9fb815b71b42d1896ead0cfa0fbdf4.glb
Data are loaded, start creating Blender stuff
glTF import finished in 0.10s
Failed to render /home/janus/iwi9-datasets/objaverse-objects/hf-objaverse-v1/glbs/000-085/ae9fb815b71b42d1896ead0cfa0fbdf4.glb
'Namespace' object has no attribute 'texture'
Blender 3.3.1 (hash b292cfe5a936 built 2022-10-05 00:14:35)
/run/user/210289/gvfs/ non-existent directory

Blender quit
/home/janus/iwi9-datasets/objaverse-objects/hf-objaverse-v1/glbs/000-123/288828141ac8456a9afbce3df99c4db1.glb
Data are loaded, start creating Blender stuff
glTF import finished in 0.01s
Failed to render /home/janus/iwi9-datasets/objaverse-objects/hf-objaverse-v1/glbs/000-123/288828141ac8456a9afbce3df99c4db1.glb
'Namespace' object has no attribute 'texture'
Blender 3.3.1 (hash b292cfe5a936 built 2022-10-05 00:14:35)
/run/user/210289/gvfs/ non-existent directory

Blender quit
/home/janus/iwi9-datasets/objaverse-objects/hf-objaverse-v1/glbs/000-085/22b6e8932605445e862656630f4dd4d2.glb
Data are loaded, start creating Blender stuff
glTF import finished in 0.01s
Failed to render /home/janus/iwi9-datasets/objaverse-objects/hf-objaverse-v1/glbs/000-085/22b6e8932605445e862656630f4dd4d2.glb
'Namespace' object has no attribute 'texture'
Blender 3.3.1 (hash b292cfe5a936 built 2022-10-05 00:14:35)
/run/user/210289/gvfs/ non-existent directory

Blender quit
/home/janus/iwi9-datasets/objaverse-objects/hf-objaverse-v1/glbs/000-085/90b03e4e1ce24f5592bbfbb15b41c442.glb
Data are loaded, start creating Blender stuff
glTF import finished in 0.40s
Failed to render /home/janus/iwi9-datasets/objaverse-objects/hf-objaverse-v1/glbs/000-085/90b03e4e1ce24f5592bbfbb15b41c442.glb
'Namespace' object has no attribute 'texture'
Blender 3.3.1 (hash b292cfe5a936 built 2022-10-05 00:14:35)
/run/user/210289/gvfs/ non-existent directory

Blender quit
/home/janus/iwi9-datasets/objaverse-objects/hf-objaverse-v1/glbs/000-129/620f2e2dc1544c3781265d6046111ce3.glb
Data are loaded, start creating Blender stuff
glTF import finished in 0.02s
Failed to render /home/janus/iwi9-datasets/objaverse-objects/hf-objaverse-v1/glbs/000-129/620f2e2dc1544c3781265d6046111ce3.glb
'Namespace' object has no attribute 'texture'
Blender 3.3.1 (hash b292cfe5a936 built 2022-10-05 00:14:35)
/run/user/210289/gvfs/ non-existent directory

Blender quit
/home/janus/iwi9-datasets/objaverse-objects/hf-objaverse-v1/glbs/000-105/893db43f5ae44c44a6d8f47133ed6690.glb
Data are loaded, start creating Blender stuff
glTF import finished in 0.08s
Failed to render /home/janus/iwi9-datasets/objaverse-objects/hf-objaverse-v1/glbs/000-105/893db43f5ae44c44a6d8f47133ed6690.glb
'Namespace' object has no attribute 'texture'
Blender 3.3.1 (hash b292cfe5a936 built 2022-10-05 00:14:35)
/run/user/210289/gvfs/ non-existent directory

Blender quit
/home/janus/iwi9-datasets/objaverse-objects/hf-objaverse-v1/glbs/000-105/86e9cc55a94444e18a8a09cb776d7476.glb
Data are loaded, start creating Blender stuff
glTF import finished in 0.04s
Failed to render /home/janus/iwi9-datasets/objaverse-objects/hf-objaverse-v1/glbs/000-105/86e9cc55a94444e18a8a09cb776d7476.glb
'Namespace' object has no attribute 'texture'
Blender 3.3.1 (hash b292cfe5a936 built 2022-10-05 00:14:35)
/run/user/210289/gvfs/ non-existent directory

Blender quit
/home/janus/iwi9-datasets/objaverse-objects/hf-objaverse-v1/glbs/000-129/af18bd5377b64e92b93c347ada67f829.glb
Data are loaded, start creating Blender stuff
glTF import finished in 0.00s
Failed to render /home/janus/iwi9-datasets/objaverse-objects/hf-objaverse-v1/glbs/000-129/af18bd5377b64e92b93c347ada67f829.glb
'Namespace' object has no attribute 'texture'
Blender 3.3.1 (hash b292cfe5a936 built 2022-10-05 00:14:35)
/run/user/210289/gvfs/ non-existent directory

Blender quit
/home/janus/iwi9-datasets/objaverse-objects/hf-objaverse-v1/glbs/000-059/8e89a2a011554f5cb7722adbfebc31e1.glb
Data are loaded, start creating Blender stuff
glTF import finished in 0.16s
Failed to render /home/janus/iwi9-datasets/objaverse-objects/hf-objaverse-v1/glbs/000-059/8e89a2a011554f5cb7722adbfebc31e1.glb
'Namespace' object has no attribute 'texture'
Blender 3.3.1 (hash b292cfe5a936 built 2022-10-05 00:14:35)
/run/user/210289/gvfs/ non-existent directory

Blender quit
/home/janus/iwi9-datasets/objaverse-objects/hf-objaverse-v1/glbs/000-102/bc6f2074c1b04c6b8a000303a00ca166.glb
Data are loaded, start creating Blender stuff
glTF import finished in 0.01s
Failed to render /home/janus/iwi9-datasets/objaverse-objects/hf-objaverse-v1/glbs/000-102/bc6f2074c1b04c6b8a000303a00ca166.glb
'Namespace' object has no attribute 'texture'
Blender 3.3.1 (hash b292cfe5a936 built 2022-10-05 00:14:35)
/run/user/210289/gvfs/ non-existent directory

Blender quit
/home/janus/iwi9-datasets/objaverse-objects/hf-objaverse-v1/glbs/000-102/99328b5cdc854aed9c6b0e271ed850bd.glb
Data are loaded, start creating Blender stuff
glTF import finished in 0.01s
Failed to render /home/janus/iwi9-datasets/objaverse-objects/hf-objaverse-v1/glbs/000-102/99328b5cdc854aed9c6b0e271ed850bd.glb
'Namespace' object has no attribute 'texture'
Blender 3.3.1 (hash b292cfe5a936 built 2022-10-05 00:14:35)
/run/user/210289/gvfs/ non-existent directory

Blender quit
/home/janus/iwi9-datasets/objaverse-objects/hf-objaverse-v1/glbs/000-147/b3ce0bf5d8414181aee92b5179edaa90.glb
Data are loaded, start creating Blender stuff
glTF import finished in 0.01s
Failed to render /home/janus/iwi9-datasets/objaverse-objects/hf-objaverse-v1/glbs/000-147/b3ce0bf5d8414181aee92b5179edaa90.glb
'Namespace' object has no attribute 'texture'
Blender 3.3.1 (hash b292cfe5a936 built 2022-10-05 00:14:35)
/run/user/210289/gvfs/ non-existent directory

Blender quit
/home/janus/iwi9-datasets/objaverse-objects/hf-objaverse-v1/glbs/000-030/120e76a9ab7d4c9395fd358167d169d5.glb
Data are loaded, start creating Blender stuff
glTF import finished in 0.05s
Failed to render /home/janus/iwi9-datasets/objaverse-objects/hf-objaverse-v1/glbs/000-030/120e76a9ab7d4c9395fd358167d169d5.glb
'Namespace' object has no attribute 'texture'
Blender 3.3.1 (hash b292cfe5a936 built 2022-10-05 00:14:35)
/run/user/210289/gvfs/ non-existent directory

Blender quit
/home/janus/iwi9-datasets/objaverse-objects/hf-objaverse-v1/glbs/000-085/19bf03e81e314523be4cb2f387b42c56.glb
Data are loaded, start creating Blender stuff
glTF import finished in 0.16s
Failed to render /home/janus/iwi9-datasets/objaverse-objects/hf-objaverse-v1/glbs/000-085/19bf03e81e314523be4cb2f387b42c56.glb
'Namespace' object has no attribute 'texture'
Blender 3.3.1 (hash b292cfe5a936 built 2022-10-05 00:14:35)
/run/user/210289/gvfs/ non-existent directory

Blender quit
/home/janus/iwi9-datasets/objaverse-objects/hf-objaverse-v1/glbs/000-147/a1709426112742d99e9d98d91618772b.glb
Data are loaded, start creating Blender stuff
glTF import finished in 0.12s
Failed to render /home/janus/iwi9-datasets/objaverse-objects/hf-objaverse-v1/glbs/000-147/a1709426112742d99e9d98d91618772b.glb
'Namespace' object has no attribute 'texture'
Blender 3.3.1 (hash b292cfe5a936 built 2022-10-05 00:14:35)
/run/user/210289/gvfs/ non-existent directory

Blender quit
/home/janus/iwi9-datasets/objaverse-objects/hf-objaverse-v1/glbs/000-088/196d22abfb3d42599110b4e5308f30ef.glb
Data are loaded, start creating Blender stuff
glTF import finished in 0.01s
Failed to render /home/janus/iwi9-datasets/objaverse-objects/hf-objaverse-v1/glbs/000-088/196d22abfb3d42599110b4e5308f30ef.glb
'Namespace' object has no attribute 'texture'
Blender 3.3.1 (hash b292cfe5a936 built 2022-10-05 00:14:35)
/run/user/210289/gvfs/ non-existent directory

Blender quit
/home/janus/iwi9-datasets/objaverse-objects/hf-objaverse-v1/glbs/000-102/b925632275a94a929a8cf825bfa113f4.glb
Data are loaded, start creating Blender stuff
glTF import finished in 0.00s
Failed to render /home/janus/iwi9-datasets/objaverse-objects/hf-objaverse-v1/glbs/000-102/b925632275a94a929a8cf825bfa113f4.glb
'Namespace' object has no attribute 'texture'
Blender 3.3.1 (hash b292cfe5a936 built 2022-10-05 00:14:35)
/run/user/210289/gvfs/ non-existent directory

Blender quit
/home/janus/iwi9-datasets/objaverse-objects/hf-objaverse-v1/glbs/000-102/7e9f1130fc6c433c951df495efe700c5.glb
Data are loaded, start creating Blender stuff
glTF import finished in 0.02s
Failed to render /home/janus/iwi9-datasets/objaverse-objects/hf-objaverse-v1/glbs/000-102/7e9f1130fc6c433c951df495efe700c5.glb
'Namespace' object has no attribute 'texture'
Blender 3.3.1 (hash b292cfe5a936 built 2022-10-05 00:14:35)
/run/user/210289/gvfs/ non-existent directory

Blender quit
/home/janus/iwi9-datasets/objaverse-objects/hf-objaverse-v1/glbs/000-088/87788fe6b6f44bf2af39ccdf6f8ff9c1.glb
Data are loaded, start creating Blender stuff
glTF import finished in 0.12s
Failed to render /home/janus/iwi9-datasets/objaverse-objects/hf-objaverse-v1/glbs/000-088/87788fe6b6f44bf2af39ccdf6f8ff9c1.glb
'Namespace' object has no attribute 'texture'
Blender 3.3.1 (hash b292cfe5a936 built 2022-10-05 00:14:35)
/run/user/210289/gvfs/ non-existent directory

Blender quit
/home/janus/iwi9-datasets/objaverse-objects/hf-objaverse-v1/glbs/000-088/221424d782f840e8b04b2c6aed203feb.glb
Data are loaded, start creating Blender stuff
glTF import finished in 0.05s
Failed to render /home/janus/iwi9-datasets/objaverse-objects/hf-objaverse-v1/glbs/000-088/221424d782f840e8b04b2c6aed203feb.glb
'Namespace' object has no attribute 'texture'
Blender 3.3.1 (hash b292cfe5a936 built 2022-10-05 00:14:35)
/run/user/210289/gvfs/ non-existent directory

Blender quit
/home/janus/iwi9-datasets/objaverse-objects/hf-objaverse-v1/glbs/000-059/b83d6b10406f427ebc47d1dbfd3a3b68.glb
Data are loaded, start creating Blender stuff
glTF import finished in 0.00s
Failed to render /home/janus/iwi9-datasets/objaverse-objects/hf-objaverse-v1/glbs/000-059/b83d6b10406f427ebc47d1dbfd3a3b68.glb
'Namespace' object has no attribute 'texture'
Blender 3.3.1 (hash b292cfe5a936 built 2022-10-05 00:14:35)
/run/user/210289/gvfs/ non-existent directory

Blender quit
/home/janus/iwi9-datasets/objaverse-objects/hf-objaverse-v1/glbs/000-105/8ccda2a548074532aba7b3e034bb1e68.glb
Data are loaded, start creating Blender stuff
glTF import finished in 1.05s
Failed to render /home/janus/iwi9-datasets/objaverse-objects/hf-objaverse-v1/glbs/000-105/8ccda2a548074532aba7b3e034bb1e68.glb
'Namespace' object has no attribute 'texture'
Blender 3.3.1 (hash b292cfe5a936 built 2022-10-05 00:14:35)
/run/user/210289/gvfs/ non-existent directory

Blender quit
/home/janus/iwi9-datasets/objaverse-objects/hf-objaverse-v1/glbs/000-088/7bbf5b1ee0e6458e8b00d56f48dc3365.glb
Data are loaded, start creating Blender stuff
glTF import finished in 0.35s
Failed to render /home/janus/iwi9-datasets/objaverse-objects/hf-objaverse-v1/glbs/000-088/7bbf5b1ee0e6458e8b00d56f48dc3365.glb
'Namespace' object has no attribute 'texture'
Blender 3.3.1 (hash b292cfe5a936 built 2022-10-05 00:14:35)
/run/user/210289/gvfs/ non-existent directory

Blender quit
/home/janus/iwi9-datasets/objaverse-objects/hf-objaverse-v1/glbs/000-102/ac521fc5bb9e4a7da65047e462af72a7.glb
Data are loaded, start creating Blender stuff
glTF import finished in 0.01s
Failed to render /home/janus/iwi9-datasets/objaverse-objects/hf-objaverse-v1/glbs/000-102/ac521fc5bb9e4a7da65047e462af72a7.glb
'Namespace' object has no attribute 'texture'
Blender 3.3.1 (hash b292cfe5a936 built 2022-10-05 00:14:35)
/run/user/210289/gvfs/ non-existent directory

Blender quit
/home/janus/iwi9-datasets/objaverse-objects/hf-objaverse-v1/glbs/000-037/2baee3f8cba540e68b7aa3db47b419cf.glb
Data are loaded, start creating Blender stuff
glTF import finished in 0.02s
Failed to render /home/janus/iwi9-datasets/objaverse-objects/hf-objaverse-v1/glbs/000-037/2baee3f8cba540e68b7aa3db47b419cf.glb
'Namespace' object has no attribute 'texture'
Blender 3.3.1 (hash b292cfe5a936 built 2022-10-05 00:14:35)
/run/user/210289/gvfs/ non-existent directory

Blender quit
/home/janus/iwi9-datasets/objaverse-objects/hf-objaverse-v1/glbs/000-102/7127dd1c214447e480b8e94f357fbfb6.glb
Data are loaded, start creating Blender stuff
glTF import finished in 0.00s
Failed to render /home/janus/iwi9-datasets/objaverse-objects/hf-objaverse-v1/glbs/000-102/7127dd1c214447e480b8e94f357fbfb6.glb
'Namespace' object has no attribute 'texture'
Blender 3.3.1 (hash b292cfe5a936 built 2022-10-05 00:14:35)
/run/user/210289/gvfs/ non-existent directory

Blender quit
/home/janus/iwi9-datasets/objaverse-objects/hf-objaverse-v1/glbs/000-072/be1caae7da5a439fa4d54118313df5d8.glb
Data are loaded, start creating Blender stuff
glTF import finished in 0.60s
Failed to render /home/janus/iwi9-datasets/objaverse-objects/hf-objaverse-v1/glbs/000-072/be1caae7da5a439fa4d54118313df5d8.glb
'Namespace' object has no attribute 'texture'
Blender 3.3.1 (hash b292cfe5a936 built 2022-10-05 00:14:35)
/run/user/210289/gvfs/ non-existent directory

Blender quit
/home/janus/iwi9-datasets/objaverse-objects/hf-objaverse-v1/glbs/000-085/71d2524438c242649b95d131ed61d459.glb
Data are loaded, start creating Blender stuff
glTF import finished in 0.04s
Failed to render /home/janus/iwi9-datasets/objaverse-objects/hf-objaverse-v1/glbs/000-085/71d2524438c242649b95d131ed61d459.glb
'Namespace' object has no attribute 'texture'
Blender 3.3.1 (hash b292cfe5a936 built 2022-10-05 00:14:35)
/run/user/210289/gvfs/ non-existent directory

Blender quit
/home/janus/iwi9-datasets/objaverse-objects/hf-objaverse-v1/glbs/000-072/df1d6ebf75ba48668ae06cdcc1822331.glb
Data are loaded, start creating Blender stuff
glTF import finished in 0.01s
Failed to render /home/janus/iwi9-datasets/objaverse-objects/hf-objaverse-v1/glbs/000-072/df1d6ebf75ba48668ae06cdcc1822331.glb
'Namespace' object has no attribute 'texture'
Blender 3.3.1 (hash b292cfe5a936 built 2022-10-05 00:14:35)
/run/user/210289/gvfs/ non-existent directory

Blender quit
/home/janus/iwi9-datasets/objaverse-objects/hf-objaverse-v1/glbs/000-085/23dad024637c4dd2ac7992894e09d55f.glb
Data are loaded, start creating Blender stuff
glTF import finished in 0.43s
Failed to render /home/janus/iwi9-datasets/objaverse-objects/hf-objaverse-v1/glbs/000-085/23dad024637c4dd2ac7992894e09d55f.glb
'Namespace' object has no attribute 'texture'
Blender 3.3.1 (hash b292cfe5a936 built 2022-10-05 00:14:35)
/run/user/210289/gvfs/ non-existent directory

Blender quit
/home/janus/iwi9-datasets/objaverse-objects/hf-objaverse-v1/glbs/000-072/1ce5315858a1469fa5a8c66e814ac0e4.glb
Blender 3.3.1 (hash b292cfe5a936 built 2022-10-05 00:14:35)
/run/user/210289/gvfs/ non-existent directory
Fra:1 Mem:16.73M (Peak 19.20M) | Time:00:00.00 | Mem:0.00M, Peak:0.00M | Scene, ViewLayer | Synchronizing object | Object_2
Fra:1 Mem:16.73M (Peak 19.20M) | Time:00:00.00 | Mem:0.00M, Peak:0.00M | Scene, ViewLayer | Synchronizing object | Object_4
Fra:1 Mem:17.83M (Peak 21.45M) | Time:00:00.01 | Mem:0.00M, Peak:0.00M | Scene, ViewLayer | Initializing
Fra:1 Mem:15.57M (Peak 21.45M) | Time:00:00.01 | Mem:0.00M, Peak:0.00M | Scene, ViewLayer | Waiting for render to start
Fra:1 Mem:15.57M (Peak 21.45M) | Time:00:00.01 | Mem:0.00M, Peak:0.00M | Scene, ViewLayer | Loading render kernels (may take a few minutes the first time)
Fra:1 Mem:15.57M (Peak 21.45M) | Time:00:00.01 | Mem:0.00M, Peak:0.00M | Scene, ViewLayer | Updating Scene
Fra:1 Mem:15.57M (Peak 21.45M) | Time:00:00.01 | Mem:0.00M, Peak:0.00M | Scene, ViewLayer | Updating Shaders
Fra:1 Mem:16.08M (Peak 21.45M) | Time:00:00.10 | Mem:0.00M, Peak:0.00M | Scene, ViewLayer | Updating Procedurals
Fra:1 Mem:16.08M (Peak 21.45M) | Time:00:00.10 | Mem:0.00M, Peak:0.00M | Scene, ViewLayer | Updating Background
Fra:1 Mem:16.08M (Peak 21.45M) | Time:00:00.10 | Mem:0.00M, Peak:0.00M | Scene, ViewLayer | Updating Camera
Fra:1 Mem:16.08M (Peak 21.45M) | Time:00:00.10 | Mem:0.00M, Peak:0.00M | Scene, ViewLayer | Updating Meshes Flags
Fra:1 Mem:16.08M (Peak 21.45M) | Time:00:00.10 | Mem:0.00M, Peak:0.00M | Scene, ViewLayer | Updating Objects
Fra:1 Mem:16.08M (Peak 21.45M) | Time:00:00.10 | Mem:0.00M, Peak:0.00M | Scene, ViewLayer | Updating Objects | Copying Transformations to device
Fra:1 Mem:16.08M (Peak 21.45M) | Time:00:00.10 | Mem:0.00M, Peak:0.00M | Scene, ViewLayer | Updating Objects | Applying Static Transformations
Fra:1 Mem:16.08M (Peak 21.45M) | Time:00:00.10 | Mem:0.00M, Peak:0.00M | Scene, ViewLayer | Updating Particle Systems
Fra:1 Mem:16.08M (Peak 21.45M) | Time:00:00.10 | Mem:0.00M, Peak:0.00M | Scene, ViewLayer | Updating Particle Systems | Copying Particles to device
Fra:1 Mem:16.08M (Peak 21.45M) | Time:00:00.10 | Mem:0.00M, Peak:0.00M | Scene, ViewLayer | Updating Meshes
Fra:1 Mem:16.25M (Peak 21.45M) | Time:00:00.10 | Mem:0.00M, Peak:0.00M | Scene, ViewLayer | Updating Mesh | Computing attributes
Fra:1 Mem:16.68M (Peak 21.45M) | Time:00:00.10 | Mem:0.00M, Peak:0.00M | Scene, ViewLayer | Updating Mesh | Copying Attributes to device
Fra:1 Mem:16.68M (Peak 21.45M) | Time:00:00.10 | Mem:0.43M, Peak:0.43M | Scene, ViewLayer | Updating Scene BVH | Building
Fra:1 Mem:16.68M (Peak 21.45M) | Time:00:00.10 | Mem:0.43M, Peak:0.43M | Scene, ViewLayer | Updating Scene BVH | Building BVH
Fra:1 Mem:16.68M (Peak 21.45M) | Time:00:00.10 | Mem:1.22M, Peak:1.22M | Scene, ViewLayer | Updating Scene BVH | Building BVH 0%
Fra:1 Mem:16.68M (Peak 21.45M) | Time:00:00.11 | Mem:1.50M, Peak:2.00M | Scene, ViewLayer | Updating Scene BVH | Copying BVH to device
Fra:1 Mem:16.68M (Peak 21.45M) | Time:00:00.11 | Mem:1.50M, Peak:2.00M | Scene, ViewLayer | Updating Mesh | Computing normals
Fra:1 Mem:17.61M (Peak 21.45M) | Time:00:00.11 | Mem:1.50M, Peak:2.00M | Scene, ViewLayer | Updating Mesh | Copying Mesh to device
Fra:1 Mem:17.61M (Peak 21.45M) | Time:00:00.11 | Mem:2.43M, Peak:2.43M | Scene, ViewLayer | Updating Objects Flags
Fra:1 Mem:17.61M (Peak 21.45M) | Time:00:00.11 | Mem:2.43M, Peak:2.43M | Scene, ViewLayer | Updating Primitive Offsets
Fra:1 Mem:17.61M (Peak 21.45M) | Time:00:00.11 | Mem:2.43M, Peak:2.43M | Scene, ViewLayer | Updating Images
Fra:1 Mem:17.61M (Peak 21.45M) | Time:00:00.11 | Mem:2.43M, Peak:2.43M | Scene, ViewLayer | Updating Images | Loading 00568.exr
Fra:1 Mem:17.73M (Peak 21.45M) | Time:00:00.11 | Mem:2.43M, Peak:2.43M | Scene, ViewLayer | Updating Images | Loading swirly_0084.jpg
Fra:1 Mem:18.32M (Peak 21.45M) | Time:00:00.13 | Mem:3.12M, Peak:3.12M | Scene, ViewLayer | Updating Camera Volume
Fra:1 Mem:18.32M (Peak 21.45M) | Time:00:00.13 | Mem:3.12M, Peak:3.12M | Scene, ViewLayer | Updating Lookup Tables
Fra:1 Mem:18.32M (Peak 21.45M) | Time:00:00.13 | Mem:3.37M, Peak:3.37M | Scene, ViewLayer | Updating Lights
Fra:1 Mem:18.32M (Peak 21.45M) | Time:00:00.13 | Mem:3.37M, Peak:3.37M | Scene, ViewLayer | Updating Lights | Computing distribution
Fra:1 Mem:18.32M (Peak 21.45M) | Time:00:00.13 | Mem:3.37M, Peak:3.37M | Scene, ViewLayer | Updating Lights | Importance map
Fra:1 Mem:82.35M (Peak 370.45M) | Time:00:00.27 | Mem:67.42M, Peak:227.39M | Scene, ViewLayer | Updating Integrator
Fra:1 Mem:82.36M (Peak 370.45M) | Time:00:00.27 | Mem:67.43M, Peak:227.39M | Scene, ViewLayer | Updating Film
Fra:1 Mem:82.36M (Peak 370.45M) | Time:00:00.27 | Mem:67.18M, Peak:227.39M | Scene, ViewLayer | Updating Lookup Tables
Fra:1 Mem:82.36M (Peak 370.45M) | Time:00:00.27 | Mem:67.43M, Peak:227.39M | Scene, ViewLayer | Updating Baking
Fra:1 Mem:82.36M (Peak 370.45M) | Time:00:00.27 | Mem:67.43M, Peak:227.39M | Scene, ViewLayer | Updating Device | Writing constant memory
Fra:1 Mem:82.36M (Peak 370.45M) | Time:00:00.27 | Mem:67.43M, Peak:227.39M | Scene, ViewLayer | Sample 0/32
Fra:1 Mem:101.45M (Peak 370.45M) | Time:00:00.28 | Remaining:00:00.22 | Mem:86.43M, Peak:227.39M | Scene, ViewLayer | Sample 1/32
Fra:1 Mem:109.45M (Peak 370.45M) | Time:00:00.57 | Mem:86.43M, Peak:227.39M | Scene, ViewLayer | Sample 32/32
Fra:1 Mem:109.45M (Peak 370.45M) | Time:00:00.57 | Mem:86.43M, Peak:227.39M | Scene, ViewLayer | Finished
Saved: '/home/janus/iwi9-datasets/objaverse-rendering/no_textures_5/1ce5315858a1469fa5a8c66e814ac0e4/000.png'
 Time: 00:00.85 (Saving: 00:00.27)

Fra:1 Mem:17.05M (Peak 19.81M) | Time:00:00.00 | Mem:0.00M, Peak:0.00M | Scene, ViewLayer | Synchronizing object | Object_2
Fra:1 Mem:17.05M (Peak 19.81M) | Time:00:00.00 | Mem:0.00M, Peak:0.00M | Scene, ViewLayer | Synchronizing object | Object_3
Fra:1 Mem:18.14M (Peak 21.56M) | Time:00:00.01 | Mem:0.00M, Peak:0.00M | Scene, ViewLayer | Initializing
Fra:1 Mem:15.89M (Peak 21.56M) | Time:00:00.01 | Mem:0.00M, Peak:0.00M | Scene, ViewLayer | Waiting for render to start
Fra:1 Mem:15.89M (Peak 21.56M) | Time:00:00.01 | Mem:0.00M, Peak:0.00M | Scene, ViewLayer | Loading render kernels (may take a few minutes the first time)
Fra:1 Mem:15.89M (Peak 21.56M) | Time:00:00.01 | Mem:0.00M, Peak:0.00M | Scene, ViewLayer | Updating Scene
Fra:1 Mem:15.89M (Peak 21.56M) | Time:00:00.01 | Mem:0.00M, Peak:0.00M | Scene, ViewLayer | Updating Shaders
Fra:1 Mem:16.15M (Peak 21.56M) | Time:00:00.01 | Mem:0.00M, Peak:0.00M | Scene, ViewLayer | Updating Procedurals
Fra:1 Mem:16.15M (Peak 21.56M) | Time:00:00.01 | Mem:0.00M, Peak:0.00M | Scene, ViewLayer | Updating Background
Fra:1 Mem:16.15M (Peak 21.56M) | Time:00:00.01 | Mem:0.00M, Peak:0.00M | Scene, ViewLayer | Updating Camera
Fra:1 Mem:16.15M (Peak 21.56M) | Time:00:00.01 | Mem:0.00M, Peak:0.00M | Scene, ViewLayer | Updating Meshes Flags
Fra:1 Mem:16.15M (Peak 21.56M) | Time:00:00.01 | Mem:0.00M, Peak:0.00M | Scene, ViewLayer | Updating Objects
Fra:1 Mem:16.15M (Peak 21.56M) | Time:00:00.01 | Mem:0.00M, Peak:0.00M | Scene, ViewLayer | Updating Objects | Copying Transformations to device
Fra:1 Mem:16.15M (Peak 21.56M) | Time:00:00.01 | Mem:0.00M, Peak:0.00M | Scene, ViewLayer | Updating Objects | Applying Static Transformations
Fra:1 Mem:16.15M (Peak 21.56M) | Time:00:00.01 | Mem:0.00M, Peak:0.00M | Scene, ViewLayer | Updating Particle Systems
Fra:1 Mem:16.15M (Peak 21.56M) | Time:00:00.01 | Mem:0.00M, Peak:0.00M | Scene, ViewLayer | Updating Particle Systems | Copying Particles to device
Fra:1 Mem:16.15M (Peak 21.56M) | Time:00:00.01 | Mem:0.00M, Peak:0.00M | Scene, ViewLayer | Updating Meshes
Fra:1 Mem:16.32M (Peak 21.56M) | Time:00:00.01 | Mem:0.00M, Peak:0.00M | Scene, ViewLayer | Updating Mesh | Computing attributes
Fra:1 Mem:16.75M (Peak 21.56M) | Time:00:00.01 | Mem:0.00M, Peak:0.00M | Scene, ViewLayer | Updating Mesh | Copying Attributes to device
Fra:1 Mem:16.75M (Peak 21.56M) | Time:00:00.01 | Mem:0.43M, Peak:0.43M | Scene, ViewLayer | Updating Scene BVH | Building
Fra:1 Mem:16.75M (Peak 21.56M) | Time:00:00.01 | Mem:0.43M, Peak:0.43M | Scene, ViewLayer | Updating Scene BVH | Building BVH
Fra:1 Mem:16.75M (Peak 21.56M) | Time:00:00.01 | Mem:1.22M, Peak:1.22M | Scene, ViewLayer | Updating Scene BVH | Building BVH 0%
Fra:1 Mem:16.75M (Peak 21.56M) | Time:00:00.01 | Mem:1.50M, Peak:2.00M | Scene, ViewLayer | Updating Scene BVH | Copying BVH to device
Fra:1 Mem:16.75M (Peak 21.56M) | Time:00:00.01 | Mem:1.50M, Peak:2.00M | Scene, ViewLayer | Updating Mesh | Computing normals
Fra:1 Mem:17.68M (Peak 21.56M) | Time:00:00.01 | Mem:1.50M, Peak:2.00M | Scene, ViewLayer | Updating Mesh | Copying Mesh to device
Fra:1 Mem:17.68M (Peak 21.56M) | Time:00:00.01 | Mem:2.43M, Peak:2.43M | Scene, ViewLayer | Updating Objects Flags
Fra:1 Mem:17.68M (Peak 21.56M) | Time:00:00.01 | Mem:2.43M, Peak:2.43M | Scene, ViewLayer | Updating Primitive Offsets
Fra:1 Mem:17.68M (Peak 21.56M) | Time:00:00.01 | Mem:2.43M, Peak:2.43M | Scene, ViewLayer | Updating Images
Fra:1 Mem:17.68M (Peak 21.56M) | Time:00:00.01 | Mem:2.43M, Peak:2.43M | Scene, ViewLayer | Updating Images | Loading 00568.exr
Fra:1 Mem:17.80M (Peak 21.56M) | Time:00:00.01 | Mem:2.43M, Peak:2.43M | Scene, ViewLayer | Updating Images | Loading scaly_0113.jpg
Fra:1 Mem:19.06M (Peak 21.56M) | Time:00:00.02 | Mem:3.80M, Peak:3.80M | Scene, ViewLayer | Updating Camera Volume
Fra:1 Mem:19.06M (Peak 21.56M) | Time:00:00.02 | Mem:3.80M, Peak:3.80M | Scene, ViewLayer | Updating Lookup Tables
Fra:1 Mem:19.06M (Peak 21.56M) | Time:00:00.02 | Mem:4.05M, Peak:4.05M | Scene, ViewLayer | Updating Lights
Fra:1 Mem:19.06M (Peak 21.56M) | Time:00:00.02 | Mem:4.05M, Peak:4.05M | Scene, ViewLayer | Updating Lights | Computing distribution
Fra:1 Mem:19.06M (Peak 21.56M) | Time:00:00.02 | Mem:4.05M, Peak:4.05M | Scene, ViewLayer | Updating Lights | Importance map
Fra:1 Mem:83.09M (Peak 371.19M) | Time:00:00.16 | Mem:68.10M, Peak:228.06M | Scene, ViewLayer | Updating Integrator
Fra:1 Mem:83.10M (Peak 371.19M) | Time:00:00.16 | Mem:68.10M, Peak:228.06M | Scene, ViewLayer | Updating Film
Fra:1 Mem:83.11M (Peak 371.19M) | Time:00:00.16 | Mem:67.85M, Peak:228.06M | Scene, ViewLayer | Updating Lookup Tables
Fra:1 Mem:83.11M (Peak 371.19M) | Time:00:00.16 | Mem:68.11M, Peak:228.06M | Scene, ViewLayer | Updating Baking
Fra:1 Mem:83.11M (Peak 371.19M) | Time:00:00.16 | Mem:68.11M, Peak:228.06M | Scene, ViewLayer | Updating Device | Writing constant memory
Fra:1 Mem:83.11M (Peak 371.19M) | Time:00:00.16 | Mem:68.11M, Peak:228.06M | Scene, ViewLayer | Sample 0/32
Fra:1 Mem:102.20M (Peak 371.19M) | Time:00:00.16 | Remaining:00:00.19 | Mem:87.11M, Peak:228.06M | Scene, ViewLayer | Sample 1/32
Fra:1 Mem:110.20M (Peak 371.19M) | Time:00:00.38 | Mem:87.11M, Peak:228.06M | Scene, ViewLayer | Sample 32/32
Fra:1 Mem:110.20M (Peak 371.19M) | Time:00:00.38 | Mem:87.11M, Peak:228.06M | Scene, ViewLayer | Finished
Saved: '/home/janus/iwi9-datasets/objaverse-rendering/no_textures_5/1ce5315858a1469fa5a8c66e814ac0e4/001.png'
 Time: 00:00.41 (Saving: 00:00.03)

Fra:1 Mem:17.11M (Peak 19.54M) | Time:00:00.00 | Mem:0.00M, Peak:0.00M | Scene, ViewLayer | Synchronizing object | Object_2
Fra:1 Mem:17.11M (Peak 19.54M) | Time:00:00.00 | Mem:0.00M, Peak:0.00M | Scene, ViewLayer | Synchronizing object | Object_3
Fra:1 Mem:18.21M (Peak 21.74M) | Time:00:00.01 | Mem:0.00M, Peak:0.00M | Scene, ViewLayer | Initializing
Fra:1 Mem:15.96M (Peak 21.74M) | Time:00:00.01 | Mem:0.00M, Peak:0.00M | Scene, ViewLayer | Waiting for render to start
Fra:1 Mem:15.96M (Peak 21.74M) | Time:00:00.01 | Mem:0.00M, Peak:0.00M | Scene, ViewLayer | Loading render kernels (may take a few minutes the first time)
Fra:1 Mem:15.96M (Peak 21.74M) | Time:00:00.01 | Mem:0.00M, Peak:0.00M | Scene, ViewLayer | Updating Scene
Fra:1 Mem:15.96M (Peak 21.74M) | Time:00:00.01 | Mem:0.00M, Peak:0.00M | Scene, ViewLayer | Updating Shaders
Fra:1 Mem:16.21M (Peak 21.74M) | Time:00:00.01 | Mem:0.00M, Peak:0.00M | Scene, ViewLayer | Updating Procedurals
Fra:1 Mem:16.21M (Peak 21.74M) | Time:00:00.01 | Mem:0.00M, Peak:0.00M | Scene, ViewLayer | Updating Background
Fra:1 Mem:16.21M (Peak 21.74M) | Time:00:00.01 | Mem:0.00M, Peak:0.00M | Scene, ViewLayer | Updating Camera
Fra:1 Mem:16.21M (Peak 21.74M) | Time:00:00.01 | Mem:0.00M, Peak:0.00M | Scene, ViewLayer | Updating Meshes Flags
Fra:1 Mem:16.21M (Peak 21.74M) | Time:00:00.01 | Mem:0.00M, Peak:0.00M | Scene, ViewLayer | Updating Objects
Fra:1 Mem:16.21M (Peak 21.74M) | Time:00:00.01 | Mem:0.00M, Peak:0.00M | Scene, ViewLayer | Updating Objects | Copying Transformations to device
Fra:1 Mem:16.21M (Peak 21.74M) | Time:00:00.01 | Mem:0.00M, Peak:0.00M | Scene, ViewLayer | Updating Objects | Applying Static Transformations
Fra:1 Mem:16.21M (Peak 21.74M) | Time:00:00.01 | Mem:0.00M, Peak:0.00M | Scene, ViewLayer | Updating Particle Systems
Fra:1 Mem:16.21M (Peak 21.74M) | Time:00:00.01 | Mem:0.00M, Peak:0.00M | Scene, ViewLayer | Updating Particle Systems | Copying Particles to device
Fra:1 Mem:16.21M (Peak 21.74M) | Time:00:00.01 | Mem:0.00M, Peak:0.00M | Scene, ViewLayer | Updating Meshes
Fra:1 Mem:16.39M (Peak 21.74M) | Time:00:00.01 | Mem:0.00M, Peak:0.00M | Scene, ViewLayer | Updating Mesh | Computing attributes
Fra:1 Mem:16.81M (Peak 21.74M) | Time:00:00.01 | Mem:0.00M, Peak:0.00M | Scene, ViewLayer | Updating Mesh | Copying Attributes to device
Fra:1 Mem:16.81M (Peak 21.74M) | Time:00:00.01 | Mem:0.43M, Peak:0.43M | Scene, ViewLayer | Updating Scene BVH | Building
Fra:1 Mem:16.81M (Peak 21.74M) | Time:00:00.01 | Mem:0.43M, Peak:0.43M | Scene, ViewLayer | Updating Scene BVH | Building BVH
Fra:1 Mem:16.81M (Peak 21.74M) | Time:00:00.01 | Mem:1.22M, Peak:1.22M | Scene, ViewLayer | Updating Scene BVH | Building BVH 0%
Fra:1 Mem:16.81M (Peak 21.74M) | Time:00:00.01 | Mem:1.50M, Peak:2.00M | Scene, ViewLayer | Updating Scene BVH | Copying BVH to device
Fra:1 Mem:16.81M (Peak 21.74M) | Time:00:00.01 | Mem:1.50M, Peak:2.00M | Scene, ViewLayer | Updating Mesh | Computing normals
Fra:1 Mem:17.74M (Peak 21.74M) | Time:00:00.01 | Mem:1.50M, Peak:2.00M | Scene, ViewLayer | Updating Mesh | Copying Mesh to device
Fra:1 Mem:17.74M (Peak 21.74M) | Time:00:00.01 | Mem:2.43M, Peak:2.43M | Scene, ViewLayer | Updating Objects Flags
Fra:1 Mem:17.74M (Peak 21.74M) | Time:00:00.01 | Mem:2.43M, Peak:2.43M | Scene, ViewLayer | Updating Primitive Offsets
Fra:1 Mem:17.74M (Peak 21.74M) | Time:00:00.01 | Mem:2.43M, Peak:2.43M | Scene, ViewLayer | Updating Images
Fra:1 Mem:17.74M (Peak 21.74M) | Time:00:00.01 | Mem:2.43M, Peak:2.43M | Scene, ViewLayer | Updating Images | Loading 00568.exr
Fra:1 Mem:17.87M (Peak 21.74M) | Time:00:00.01 | Mem:2.43M, Peak:2.43M | Scene, ViewLayer | Updating Images | Loading cracked_0125.jpg
Fra:1 Mem:18.56M (Peak 21.74M) | Time:00:00.02 | Mem:3.24M, Peak:3.24M | Scene, ViewLayer | Updating Camera Volume
Fra:1 Mem:18.56M (Peak 21.74M) | Time:00:00.02 | Mem:3.24M, Peak:3.24M | Scene, ViewLayer | Updating Lookup Tables
Fra:1 Mem:18.56M (Peak 21.74M) | Time:00:00.02 | Mem:3.49M, Peak:3.49M | Scene, ViewLayer | Updating Lights
Fra:1 Mem:18.56M (Peak 21.74M) | Time:00:00.02 | Mem:3.49M, Peak:3.49M | Scene, ViewLayer | Updating Lights | Computing distribution
Fra:1 Mem:18.56M (Peak 21.74M) | Time:00:00.02 | Mem:3.49M, Peak:3.49M | Scene, ViewLayer | Updating Lights | Importance map
Fra:1 Mem:82.60M (Peak 370.69M) | Time:00:00.16 | Mem:67.53M, Peak:227.50M | Scene, ViewLayer | Updating Integrator
Fra:1 Mem:82.60M (Peak 370.69M) | Time:00:00.16 | Mem:67.54M, Peak:227.50M | Scene, ViewLayer | Updating Film
Fra:1 Mem:82.61M (Peak 370.69M) | Time:00:00.16 | Mem:67.29M, Peak:227.50M | Scene, ViewLayer | Updating Lookup Tables
Fra:1 Mem:82.61M (Peak 370.69M) | Time:00:00.16 | Mem:67.54M, Peak:227.50M | Scene, ViewLayer | Updating Baking
Fra:1 Mem:82.61M (Peak 370.69M) | Time:00:00.16 | Mem:67.54M, Peak:227.50M | Scene, ViewLayer | Updating Device | Writing constant memory
Fra:1 Mem:82.61M (Peak 370.69M) | Time:00:00.16 | Mem:67.54M, Peak:227.50M | Scene, ViewLayer | Sample 0/32
Fra:1 Mem:101.70M (Peak 370.69M) | Time:00:00.17 | Remaining:00:00.18 | Mem:86.54M, Peak:227.50M | Scene, ViewLayer | Sample 1/32
Fra:1 Mem:109.70M (Peak 370.69M) | Time:00:00.38 | Mem:86.54M, Peak:227.50M | Scene, ViewLayer | Sample 32/32
Fra:1 Mem:109.70M (Peak 370.69M) | Time:00:00.38 | Mem:86.54M, Peak:227.50M | Scene, ViewLayer | Finished
Saved: '/home/janus/iwi9-datasets/objaverse-rendering/no_textures_5/1ce5315858a1469fa5a8c66e814ac0e4/002.png'
 Time: 00:00.41 (Saving: 00:00.03)

Fra:1 Mem:17.19M (Peak 19.81M) | Time:00:00.00 | Mem:0.00M, Peak:0.00M | Scene, ViewLayer | Synchronizing object | Object_2
Fra:1 Mem:17.29M (Peak 19.81M) | Time:00:00.00 | Mem:0.00M, Peak:0.00M | Scene, ViewLayer | Synchronizing object | Object_4
Fra:1 Mem:18.28M (Peak 21.76M) | Time:00:00.01 | Mem:0.00M, Peak:0.00M | Scene, ViewLayer | Initializing
Fra:1 Mem:16.03M (Peak 21.76M) | Time:00:00.01 | Mem:0.00M, Peak:0.00M | Scene, ViewLayer | Waiting for render to start
Fra:1 Mem:16.03M (Peak 21.76M) | Time:00:00.01 | Mem:0.00M, Peak:0.00M | Scene, ViewLayer | Loading render kernels (may take a few minutes the first time)
Fra:1 Mem:16.03M (Peak 21.76M) | Time:00:00.01 | Mem:0.00M, Peak:0.00M | Scene, ViewLayer | Updating Scene
Fra:1 Mem:16.03M (Peak 21.76M) | Time:00:00.01 | Mem:0.00M, Peak:0.00M | Scene, ViewLayer | Updating Shaders
Fra:1 Mem:16.28M (Peak 21.76M) | Time:00:00.01 | Mem:0.00M, Peak:0.00M | Scene, ViewLayer | Updating Procedurals
Fra:1 Mem:16.28M (Peak 21.76M) | Time:00:00.01 | Mem:0.00M, Peak:0.00M | Scene, ViewLayer | Updating Background
Fra:1 Mem:16.28M (Peak 21.76M) | Time:00:00.01 | Mem:0.00M, Peak:0.00M | Scene, ViewLayer | Updating Camera
Fra:1 Mem:16.28M (Peak 21.76M) | Time:00:00.01 | Mem:0.00M, Peak:0.00M | Scene, ViewLayer | Updating Meshes Flags
Fra:1 Mem:16.28M (Peak 21.76M) | Time:00:00.01 | Mem:0.00M, Peak:0.00M | Scene, ViewLayer | Updating Objects
Fra:1 Mem:16.28M (Peak 21.76M) | Time:00:00.01 | Mem:0.00M, Peak:0.00M | Scene, ViewLayer | Updating Objects | Copying Transformations to device
Fra:1 Mem:16.28M (Peak 21.76M) | Time:00:00.01 | Mem:0.00M, Peak:0.00M | Scene, ViewLayer | Updating Objects | Applying Static Transformations
Fra:1 Mem:16.28M (Peak 21.76M) | Time:00:00.01 | Mem:0.00M, Peak:0.00M | Scene, ViewLayer | Updating Particle Systems
Fra:1 Mem:16.28M (Peak 21.76M) | Time:00:00.01 | Mem:0.00M, Peak:0.00M | Scene, ViewLayer | Updating Particle Systems | Copying Particles to device
Fra:1 Mem:16.28M (Peak 21.76M) | Time:00:00.01 | Mem:0.00M, Peak:0.00M | Scene, ViewLayer | Updating Meshes
Fra:1 Mem:16.46M (Peak 21.76M) | Time:00:00.01 | Mem:0.00M, Peak:0.00M | Scene, ViewLayer | Updating Mesh | Computing attributes
Fra:1 Mem:16.89M (Peak 21.76M) | Time:00:00.01 | Mem:0.00M, Peak:0.00M | Scene, ViewLayer | Updating Mesh | Copying Attributes to device
Fra:1 Mem:16.89M (Peak 21.76M) | Time:00:00.01 | Mem:0.43M, Peak:0.43M | Scene, ViewLayer | Updating Scene BVH | Building
Fra:1 Mem:16.89M (Peak 21.76M) | Time:00:00.01 | Mem:0.43M, Peak:0.43M | Scene, ViewLayer | Updating Scene BVH | Building BVH
Fra:1 Mem:16.89M (Peak 21.76M) | Time:00:00.01 | Mem:1.22M, Peak:1.22M | Scene, ViewLayer | Updating Scene BVH | Building BVH 0%
Fra:1 Mem:16.89M (Peak 21.76M) | Time:00:00.01 | Mem:1.50M, Peak:2.00M | Scene, ViewLayer | Updating Scene BVH | Copying BVH to device
Fra:1 Mem:16.89M (Peak 21.76M) | Time:00:00.01 | Mem:1.50M, Peak:2.00M | Scene, ViewLayer | Updating Mesh | Computing normals
Fra:1 Mem:17.81M (Peak 21.76M) | Time:00:00.01 | Mem:1.50M, Peak:2.00M | Scene, ViewLayer | Updating Mesh | Copying Mesh to device
Fra:1 Mem:17.81M (Peak 21.76M) | Time:00:00.01 | Mem:2.43M, Peak:2.43M | Scene, ViewLayer | Updating Objects Flags
Fra:1 Mem:17.81M (Peak 21.76M) | Time:00:00.01 | Mem:2.43M, Peak:2.43M | Scene, ViewLayer | Updating Primitive Offsets
Fra:1 Mem:17.81M (Peak 21.76M) | Time:00:00.01 | Mem:2.43M, Peak:2.43M | Scene, ViewLayer | Updating Images
Fra:1 Mem:17.81M (Peak 21.76M) | Time:00:00.01 | Mem:2.43M, Peak:2.43M | Scene, ViewLayer | Updating Images | Loading 00568.exr
Fra:1 Mem:17.94M (Peak 21.76M) | Time:00:00.01 | Mem:2.43M, Peak:2.43M | Scene, ViewLayer | Updating Images | Loading perforated_0153.jpg
Fra:1 Mem:18.33M (Peak 21.76M) | Time:00:00.02 | Mem:2.93M, Peak:2.93M | Scene, ViewLayer | Updating Camera Volume
Fra:1 Mem:18.33M (Peak 21.76M) | Time:00:00.02 | Mem:2.93M, Peak:2.93M | Scene, ViewLayer | Updating Lookup Tables
Fra:1 Mem:18.33M (Peak 21.76M) | Time:00:00.02 | Mem:3.18M, Peak:3.18M | Scene, ViewLayer | Updating Lights
Fra:1 Mem:18.33M (Peak 21.76M) | Time:00:00.02 | Mem:3.18M, Peak:3.18M | Scene, ViewLayer | Updating Lights | Computing distribution
Fra:1 Mem:18.33M (Peak 21.76M) | Time:00:00.02 | Mem:3.18M, Peak:3.18M | Scene, ViewLayer | Updating Lights | Importance map
Fra:1 Mem:82.36M (Peak 370.46M) | Time:00:00.16 | Mem:67.22M, Peak:227.19M | Scene, ViewLayer | Updating Integrator
Fra:1 Mem:82.37M (Peak 370.46M) | Time:00:00.16 | Mem:67.23M, Peak:227.19M | Scene, ViewLayer | Updating Film
Fra:1 Mem:82.37M (Peak 370.46M) | Time:00:00.16 | Mem:66.98M, Peak:227.19M | Scene, ViewLayer | Updating Lookup Tables
Fra:1 Mem:82.37M (Peak 370.46M) | Time:00:00.16 | Mem:67.23M, Peak:227.19M | Scene, ViewLayer | Updating Baking
Fra:1 Mem:82.37M (Peak 370.46M) | Time:00:00.16 | Mem:67.23M, Peak:227.19M | Scene, ViewLayer | Updating Device | Writing constant memory
Fra:1 Mem:82.37M (Peak 370.46M) | Time:00:00.16 | Mem:67.23M, Peak:227.19M | Scene, ViewLayer | Sample 0/32
Fra:1 Mem:101.46M (Peak 370.46M) | Time:00:00.17 | Remaining:00:00.17 | Mem:86.23M, Peak:227.19M | Scene, ViewLayer | Sample 1/32
Fra:1 Mem:109.46M (Peak 370.46M) | Time:00:00.37 | Mem:86.23M, Peak:227.19M | Scene, ViewLayer | Sample 32/32
Fra:1 Mem:109.46M (Peak 370.46M) | Time:00:00.37 | Mem:86.23M, Peak:227.19M | Scene, ViewLayer | Finished
Saved: '/home/janus/iwi9-datasets/objaverse-rendering/no_textures_5/1ce5315858a1469fa5a8c66e814ac0e4/003.png'
 Time: 00:00.40 (Saving: 00:00.03)

Fra:1 Mem:17.25M (Peak 19.90M) | Time:00:00.00 | Mem:0.00M, Peak:0.00M | Scene, ViewLayer | Synchronizing object | Object_2
Fra:1 Mem:17.25M (Peak 19.90M) | Time:00:00.00 | Mem:0.00M, Peak:0.00M | Scene, ViewLayer | Synchronizing object | Object_4
Fra:1 Mem:18.35M (Peak 21.92M) | Time:00:00.01 | Mem:0.00M, Peak:0.00M | Scene, ViewLayer | Initializing
Fra:1 Mem:16.10M (Peak 21.92M) | Time:00:00.01 | Mem:0.00M, Peak:0.00M | Scene, ViewLayer | Waiting for render to start
Fra:1 Mem:16.10M (Peak 21.92M) | Time:00:00.01 | Mem:0.00M, Peak:0.00M | Scene, ViewLayer | Loading render kernels (may take a few minutes the first time)
Fra:1 Mem:16.10M (Peak 21.92M) | Time:00:00.01 | Mem:0.00M, Peak:0.00M | Scene, ViewLayer | Updating Scene
Fra:1 Mem:16.10M (Peak 21.92M) | Time:00:00.01 | Mem:0.00M, Peak:0.00M | Scene, ViewLayer | Updating Shaders
Fra:1 Mem:16.35M (Peak 21.92M) | Time:00:00.01 | Mem:0.00M, Peak:0.00M | Scene, ViewLayer | Updating Procedurals
Fra:1 Mem:16.35M (Peak 21.92M) | Time:00:00.01 | Mem:0.00M, Peak:0.00M | Scene, ViewLayer | Updating Background
Fra:1 Mem:16.35M (Peak 21.92M) | Time:00:00.01 | Mem:0.00M, Peak:0.00M | Scene, ViewLayer | Updating Camera
Fra:1 Mem:16.35M (Peak 21.92M) | Time:00:00.01 | Mem:0.00M, Peak:0.00M | Scene, ViewLayer | Updating Meshes Flags
Fra:1 Mem:16.35M (Peak 21.92M) | Time:00:00.01 | Mem:0.00M, Peak:0.00M | Scene, ViewLayer | Updating Objects
Fra:1 Mem:16.35M (Peak 21.92M) | Time:00:00.01 | Mem:0.00M, Peak:0.00M | Scene, ViewLayer | Updating Objects | Copying Transformations to device
Fra:1 Mem:16.35M (Peak 21.92M) | Time:00:00.01 | Mem:0.00M, Peak:0.00M | Scene, ViewLayer | Updating Objects | Applying Static Transformations
Fra:1 Mem:16.35M (Peak 21.92M) | Time:00:00.01 | Mem:0.00M, Peak:0.00M | Scene, ViewLayer | Updating Particle Systems
Fra:1 Mem:16.35M (Peak 21.92M) | Time:00:00.01 | Mem:0.00M, Peak:0.00M | Scene, ViewLayer | Updating Particle Systems | Copying Particles to device
Fra:1 Mem:16.35M (Peak 21.92M) | Time:00:00.01 | Mem:0.00M, Peak:0.00M | Scene, ViewLayer | Updating Meshes
Fra:1 Mem:16.53M (Peak 21.92M) | Time:00:00.01 | Mem:0.00M, Peak:0.00M | Scene, ViewLayer | Updating Mesh | Computing attributes
Fra:1 Mem:16.95M (Peak 21.92M) | Time:00:00.01 | Mem:0.00M, Peak:0.00M | Scene, ViewLayer | Updating Mesh | Copying Attributes to device
Fra:1 Mem:16.95M (Peak 21.92M) | Time:00:00.01 | Mem:0.43M, Peak:0.43M | Scene, ViewLayer | Updating Scene BVH | Building
Fra:1 Mem:16.95M (Peak 21.92M) | Time:00:00.01 | Mem:0.43M, Peak:0.43M | Scene, ViewLayer | Updating Scene BVH | Building BVH
Fra:1 Mem:16.95M (Peak 21.92M) | Time:00:00.01 | Mem:1.22M, Peak:1.22M | Scene, ViewLayer | Updating Scene BVH | Building BVH 0%
Fra:1 Mem:16.95M (Peak 21.92M) | Time:00:00.01 | Mem:1.50M, Peak:2.00M | Scene, ViewLayer | Updating Scene BVH | Copying BVH to device
Fra:1 Mem:16.95M (Peak 21.92M) | Time:00:00.01 | Mem:1.50M, Peak:2.00M | Scene, ViewLayer | Updating Mesh | Computing normals
Fra:1 Mem:17.88M (Peak 21.92M) | Time:00:00.01 | Mem:1.50M, Peak:2.00M | Scene, ViewLayer | Updating Mesh | Copying Mesh to device
Fra:1 Mem:17.88M (Peak 21.92M) | Time:00:00.01 | Mem:2.43M, Peak:2.43M | Scene, ViewLayer | Updating Objects Flags
Fra:1 Mem:17.88M (Peak 21.92M) | Time:00:00.01 | Mem:2.43M, Peak:2.43M | Scene, ViewLayer | Updating Primitive Offsets
Fra:1 Mem:17.88M (Peak 21.92M) | Time:00:00.01 | Mem:2.43M, Peak:2.43M | Scene, ViewLayer | Updating Images
Fra:1 Mem:17.88M (Peak 21.92M) | Time:00:00.01 | Mem:2.43M, Peak:2.43M | Scene, ViewLayer | Updating Images | Loading 00568.exr
Fra:1 Mem:18.01M (Peak 21.92M) | Time:00:00.01 | Mem:2.43M, Peak:2.43M | Scene, ViewLayer | Updating Images | Loading lined_0155.jpg
Fra:1 Mem:18.91M (Peak 21.92M) | Time:00:00.02 | Mem:3.44M, Peak:3.44M | Scene, ViewLayer | Updating Camera Volume
Fra:1 Mem:18.91M (Peak 21.92M) | Time:00:00.02 | Mem:3.44M, Peak:3.44M | Scene, ViewLayer | Updating Lookup Tables
Fra:1 Mem:18.91M (Peak 21.92M) | Time:00:00.02 | Mem:3.69M, Peak:3.69M | Scene, ViewLayer | Updating Lights
Fra:1 Mem:18.91M (Peak 21.92M) | Time:00:00.02 | Mem:3.69M, Peak:3.69M | Scene, ViewLayer | Updating Lights | Computing distribution
Fra:1 Mem:18.91M (Peak 21.92M) | Time:00:00.02 | Mem:3.69M, Peak:3.69M | Scene, ViewLayer | Updating Lights | Importance map
Fra:1 Mem:82.94M (Peak 371.04M) | Time:00:00.16 | Mem:67.73M, Peak:227.70M | Scene, ViewLayer | Updating Integrator
Fra:1 Mem:82.95M (Peak 371.04M) | Time:00:00.16 | Mem:67.74M, Peak:227.70M | Scene, ViewLayer | Updating Film
Fra:1 Mem:82.95M (Peak 371.04M) | Time:00:00.16 | Mem:67.49M, Peak:227.70M | Scene, ViewLayer | Updating Lookup Tables
Fra:1 Mem:82.95M (Peak 371.04M) | Time:00:00.16 | Mem:67.74M, Peak:227.70M | Scene, ViewLayer | Updating Baking
Fra:1 Mem:82.95M (Peak 371.04M) | Time:00:00.16 | Mem:67.74M, Peak:227.70M | Scene, ViewLayer | Updating Device | Writing constant memory
Fra:1 Mem:82.95M (Peak 371.04M) | Time:00:00.16 | Mem:67.74M, Peak:227.70M | Scene, ViewLayer | Sample 0/32
Fra:1 Mem:102.04M (Peak 371.04M) | Time:00:00.16 | Remaining:00:00.19 | Mem:86.74M, Peak:227.70M | Scene, ViewLayer | Sample 1/32
Fra:1 Mem:110.04M (Peak 371.04M) | Time:00:00.38 | Mem:86.74M, Peak:227.70M | Scene, ViewLayer | Sample 32/32
Fra:1 Mem:110.04M (Peak 371.04M) | Time:00:00.38 | Mem:86.74M, Peak:227.70M | Scene, ViewLayer | Finished
Saved: '/home/janus/iwi9-datasets/objaverse-rendering/no_textures_5/1ce5315858a1469fa5a8c66e814ac0e4/004.png'
 Time: 00:00.41 (Saving: 00:00.03)

Fra:1 Mem:17.32M (Peak 19.59M) | Time:00:00.00 | Mem:0.00M, Peak:0.00M | Scene, ViewLayer | Synchronizing object | Object_2
Fra:1 Mem:17.32M (Peak 19.59M) | Time:00:00.00 | Mem:0.00M, Peak:0.00M | Scene, ViewLayer | Synchronizing object | Object_4
Fra:1 Mem:18.42M (Peak 21.98M) | Time:00:00.01 | Mem:0.00M, Peak:0.00M | Scene, ViewLayer | Initializing
Fra:1 Mem:16.16M (Peak 21.98M) | Time:00:00.01 | Mem:0.00M, Peak:0.00M | Scene, ViewLayer | Waiting for render to start
Fra:1 Mem:16.17M (Peak 21.98M) | Time:00:00.01 | Mem:0.00M, Peak:0.00M | Scene, ViewLayer | Loading render kernels (may take a few minutes the first time)
Fra:1 Mem:16.17M (Peak 21.98M) | Time:00:00.01 | Mem:0.00M, Peak:0.00M | Scene, ViewLayer | Updating Scene
Fra:1 Mem:16.17M (Peak 21.98M) | Time:00:00.01 | Mem:0.00M, Peak:0.00M | Scene, ViewLayer | Updating Shaders
Fra:1 Mem:16.42M (Peak 21.98M) | Time:00:00.01 | Mem:0.00M, Peak:0.00M | Scene, ViewLayer | Updating Procedurals
Fra:1 Mem:16.42M (Peak 21.98M) | Time:00:00.01 | Mem:0.00M, Peak:0.00M | Scene, ViewLayer | Updating Background
Fra:1 Mem:16.42M (Peak 21.98M) | Time:00:00.01 | Mem:0.00M, Peak:0.00M | Scene, ViewLayer | Updating Camera
Fra:1 Mem:16.42M (Peak 21.98M) | Time:00:00.01 | Mem:0.00M, Peak:0.00M | Scene, ViewLayer | Updating Meshes Flags
Fra:1 Mem:16.42M (Peak 21.98M) | Time:00:00.01 | Mem:0.00M, Peak:0.00M | Scene, ViewLayer | Updating Objects
Fra:1 Mem:16.42M (Peak 21.98M) | Time:00:00.01 | Mem:0.00M, Peak:0.00M | Scene, ViewLayer | Updating Objects | Copying Transformations to device
Fra:1 Mem:16.42M (Peak 21.98M) | Time:00:00.01 | Mem:0.00M, Peak:0.00M | Scene, ViewLayer | Updating Objects | Applying Static Transformations
Fra:1 Mem:16.42M (Peak 21.98M) | Time:00:00.01 | Mem:0.00M, Peak:0.00M | Scene, ViewLayer | Updating Particle Systems
Fra:1 Mem:16.42M (Peak 21.98M) | Time:00:00.01 | Mem:0.00M, Peak:0.00M | Scene, ViewLayer | Updating Particle Systems | Copying Particles to device
Fra:1 Mem:16.42M (Peak 21.98M) | Time:00:00.01 | Mem:0.00M, Peak:0.00M | Scene, ViewLayer | Updating Meshes
Fra:1 Mem:16.59M (Peak 21.98M) | Time:00:00.01 | Mem:0.00M, Peak:0.00M | Scene, ViewLayer | Updating Mesh | Computing attributes
Fra:1 Mem:17.02M (Peak 21.98M) | Time:00:00.01 | Mem:0.00M, Peak:0.00M | Scene, ViewLayer | Updating Mesh | Copying Attributes to device
Fra:1 Mem:17.02M (Peak 21.98M) | Time:00:00.01 | Mem:0.43M, Peak:0.43M | Scene, ViewLayer | Updating Scene BVH | Building
Fra:1 Mem:17.02M (Peak 21.98M) | Time:00:00.01 | Mem:0.43M, Peak:0.43M | Scene, ViewLayer | Updating Scene BVH | Building BVH
Fra:1 Mem:17.02M (Peak 21.98M) | Time:00:00.01 | Mem:1.22M, Peak:1.22M | Scene, ViewLayer | Updating Scene BVH | Building BVH 0%
Fra:1 Mem:17.02M (Peak 21.98M) | Time:00:00.01 | Mem:1.50M, Peak:2.00M | Scene, ViewLayer | Updating Scene BVH | Copying BVH to device
Fra:1 Mem:17.02M (Peak 21.98M) | Time:00:00.01 | Mem:1.50M, Peak:2.00M | Scene, ViewLayer | Updating Mesh | Computing normals
Fra:1 Mem:17.95M (Peak 21.98M) | Time:00:00.01 | Mem:1.50M, Peak:2.00M | Scene, ViewLayer | Updating Mesh | Copying Mesh to device
Fra:1 Mem:17.95M (Peak 21.98M) | Time:00:00.01 | Mem:2.43M, Peak:2.43M | Scene, ViewLayer | Updating Objects Flags
Fra:1 Mem:17.95M (Peak 21.98M) | Time:00:00.01 | Mem:2.43M, Peak:2.43M | Scene, ViewLayer | Updating Primitive Offsets
Fra:1 Mem:17.95M (Peak 21.98M) | Time:00:00.01 | Mem:2.43M, Peak:2.43M | Scene, ViewLayer | Updating Images
Fra:1 Mem:17.95M (Peak 21.98M) | Time:00:00.01 | Mem:2.43M, Peak:2.43M | Scene, ViewLayer | Updating Images | Loading 00568.exr
Fra:1 Mem:18.54M (Peak 21.98M) | Time:00:00.02 | Mem:3.01M, Peak:3.01M | Scene, ViewLayer | Updating Camera Volume
Fra:1 Mem:18.54M (Peak 21.98M) | Time:00:00.02 | Mem:3.01M, Peak:3.01M | Scene, ViewLayer | Updating Lookup Tables
Fra:1 Mem:18.54M (Peak 21.98M) | Time:00:00.02 | Mem:3.26M, Peak:3.26M | Scene, ViewLayer | Updating Lights
Fra:1 Mem:18.54M (Peak 21.98M) | Time:00:00.02 | Mem:3.26M, Peak:3.26M | Scene, ViewLayer | Updating Lights | Computing distribution
Fra:1 Mem:18.54M (Peak 21.98M) | Time:00:00.02 | Mem:3.26M, Peak:3.26M | Scene, ViewLayer | Updating Lights | Importance map
Fra:1 Mem:82.57M (Peak 370.67M) | Time:00:00.16 | Mem:67.30M, Peak:227.27M | Scene, ViewLayer | Updating Integrator
Fra:1 Mem:82.58M (Peak 370.67M) | Time:00:00.16 | Mem:67.31M, Peak:227.27M | Scene, ViewLayer | Updating Film
Fra:1 Mem:82.59M (Peak 370.67M) | Time:00:00.16 | Mem:67.06M, Peak:227.27M | Scene, ViewLayer | Updating Lookup Tables
Fra:1 Mem:82.59M (Peak 370.67M) | Time:00:00.16 | Mem:67.31M, Peak:227.27M | Scene, ViewLayer | Updating Baking
Fra:1 Mem:82.59M (Peak 370.67M) | Time:00:00.16 | Mem:67.31M, Peak:227.27M | Scene, ViewLayer | Updating Device | Writing constant memory
Fra:1 Mem:82.59M (Peak 370.67M) | Time:00:00.16 | Mem:67.31M, Peak:227.27M | Scene, ViewLayer | Sample 0/32
Fra:1 Mem:101.67M (Peak 370.67M) | Time:00:00.17 | Remaining:00:00.19 | Mem:86.31M, Peak:227.27M | Scene, ViewLayer | Sample 1/32
Fra:1 Mem:109.68M (Peak 370.67M) | Time:00:00.39 | Mem:86.31M, Peak:227.27M | Scene, ViewLayer | Sample 32/32
Fra:1 Mem:109.68M (Peak 370.67M) | Time:00:00.39 | Mem:86.31M, Peak:227.27M | Scene, ViewLayer | Finished
Saved: '/home/janus/iwi9-datasets/objaverse-rendering/no_textures_5/1ce5315858a1469fa5a8c66e814ac0e4/005.png'
 Time: 00:00.42 (Saving: 00:00.03)

Fra:1 Mem:17.39M (Peak 20.04M) | Time:00:00.00 | Mem:0.00M, Peak:0.00M | Scene, ViewLayer | Synchronizing object | Object_2
Fra:1 Mem:17.39M (Peak 20.04M) | Time:00:00.00 | Mem:0.00M, Peak:0.00M | Scene, ViewLayer | Synchronizing object | Object_4
Fra:1 Mem:18.48M (Peak 22.17M) | Time:00:00.01 | Mem:0.00M, Peak:0.00M | Scene, ViewLayer | Initializing
Fra:1 Mem:16.23M (Peak 22.17M) | Time:00:00.01 | Mem:0.00M, Peak:0.00M | Scene, ViewLayer | Waiting for render to start
Fra:1 Mem:16.23M (Peak 22.17M) | Time:00:00.01 | Mem:0.00M, Peak:0.00M | Scene, ViewLayer | Loading render kernels (may take a few minutes the first time)
Fra:1 Mem:16.23M (Peak 22.17M) | Time:00:00.01 | Mem:0.00M, Peak:0.00M | Scene, ViewLayer | Updating Scene
Fra:1 Mem:16.23M (Peak 22.17M) | Time:00:00.01 | Mem:0.00M, Peak:0.00M | Scene, ViewLayer | Updating Shaders
Fra:1 Mem:16.48M (Peak 22.17M) | Time:00:00.01 | Mem:0.00M, Peak:0.00M | Scene, ViewLayer | Updating Procedurals
Fra:1 Mem:16.48M (Peak 22.17M) | Time:00:00.01 | Mem:0.00M, Peak:0.00M | Scene, ViewLayer | Updating Background
Fra:1 Mem:16.48M (Peak 22.17M) | Time:00:00.01 | Mem:0.00M, Peak:0.00M | Scene, ViewLayer | Updating Camera
Fra:1 Mem:16.48M (Peak 22.17M) | Time:00:00.01 | Mem:0.00M, Peak:0.00M | Scene, ViewLayer | Updating Meshes Flags
Fra:1 Mem:16.48M (Peak 22.17M) | Time:00:00.01 | Mem:0.00M, Peak:0.00M | Scene, ViewLayer | Updating Objects
Fra:1 Mem:16.48M (Peak 22.17M) | Time:00:00.01 | Mem:0.00M, Peak:0.00M | Scene, ViewLayer | Updating Objects | Copying Transformations to device
Fra:1 Mem:16.49M (Peak 22.17M) | Time:00:00.01 | Mem:0.00M, Peak:0.00M | Scene, ViewLayer | Updating Objects | Applying Static Transformations
Fra:1 Mem:16.49M (Peak 22.17M) | Time:00:00.01 | Mem:0.00M, Peak:0.00M | Scene, ViewLayer | Updating Particle Systems
Fra:1 Mem:16.49M (Peak 22.17M) | Time:00:00.01 | Mem:0.00M, Peak:0.00M | Scene, ViewLayer | Updating Particle Systems | Copying Particles to device
Fra:1 Mem:16.49M (Peak 22.17M) | Time:00:00.01 | Mem:0.00M, Peak:0.00M | Scene, ViewLayer | Updating Meshes
Fra:1 Mem:16.66M (Peak 22.17M) | Time:00:00.01 | Mem:0.00M, Peak:0.00M | Scene, ViewLayer | Updating Mesh | Computing attributes
Fra:1 Mem:17.09M (Peak 22.17M) | Time:00:00.01 | Mem:0.00M, Peak:0.00M | Scene, ViewLayer | Updating Mesh | Copying Attributes to device
Fra:1 Mem:17.09M (Peak 22.17M) | Time:00:00.01 | Mem:0.43M, Peak:0.43M | Scene, ViewLayer | Updating Scene BVH | Building
Fra:1 Mem:17.09M (Peak 22.17M) | Time:00:00.01 | Mem:0.43M, Peak:0.43M | Scene, ViewLayer | Updating Scene BVH | Building BVH
Fra:1 Mem:17.09M (Peak 22.17M) | Time:00:00.01 | Mem:1.22M, Peak:1.22M | Scene, ViewLayer | Updating Scene BVH | Building BVH 0%
Fra:1 Mem:17.09M (Peak 22.17M) | Time:00:00.01 | Mem:1.50M, Peak:2.00M | Scene, ViewLayer | Updating Scene BVH | Copying BVH to device
Fra:1 Mem:17.09M (Peak 22.17M) | Time:00:00.01 | Mem:1.50M, Peak:2.00M | Scene, ViewLayer | Updating Mesh | Computing normals
Fra:1 Mem:18.02M (Peak 22.17M) | Time:00:00.01 | Mem:1.50M, Peak:2.00M | Scene, ViewLayer | Updating Mesh | Copying Mesh to device
Fra:1 Mem:18.02M (Peak 22.17M) | Time:00:00.01 | Mem:2.43M, Peak:2.43M | Scene, ViewLayer | Updating Objects Flags
Fra:1 Mem:18.02M (Peak 22.17M) | Time:00:00.01 | Mem:2.43M, Peak:2.43M | Scene, ViewLayer | Updating Primitive Offsets
Fra:1 Mem:18.02M (Peak 22.17M) | Time:00:00.01 | Mem:2.43M, Peak:2.43M | Scene, ViewLayer | Updating Images
Fra:1 Mem:18.02M (Peak 22.17M) | Time:00:00.01 | Mem:2.43M, Peak:2.43M | Scene, ViewLayer | Updating Images | Loading 00568.exr
Fra:1 Mem:18.14M (Peak 22.17M) | Time:00:00.01 | Mem:2.43M, Peak:2.43M | Scene, ViewLayer | Updating Images | Loading blotchy_0121.jpg
Fra:1 Mem:18.81M (Peak 22.17M) | Time:00:00.02 | Mem:3.21M, Peak:3.21M | Scene, ViewLayer | Updating Camera Volume
Fra:1 Mem:18.81M (Peak 22.17M) | Time:00:00.02 | Mem:3.21M, Peak:3.21M | Scene, ViewLayer | Updating Lookup Tables
Fra:1 Mem:18.81M (Peak 22.17M) | Time:00:00.02 | Mem:3.46M, Peak:3.46M | Scene, ViewLayer | Updating Lights
Fra:1 Mem:18.81M (Peak 22.17M) | Time:00:00.02 | Mem:3.46M, Peak:3.46M | Scene, ViewLayer | Updating Lights | Computing distribution
Fra:1 Mem:18.81M (Peak 22.17M) | Time:00:00.02 | Mem:3.46M, Peak:3.46M | Scene, ViewLayer | Updating Lights | Importance map
Fra:1 Mem:82.84M (Peak 370.94M) | Time:00:00.16 | Mem:67.50M, Peak:227.47M | Scene, ViewLayer | Updating Integrator
Fra:1 Mem:82.85M (Peak 370.94M) | Time:00:00.16 | Mem:67.51M, Peak:227.47M | Scene, ViewLayer | Updating Film
Fra:1 Mem:82.86M (Peak 370.94M) | Time:00:00.16 | Mem:67.26M, Peak:227.47M | Scene, ViewLayer | Updating Lookup Tables
Fra:1 Mem:82.86M (Peak 370.94M) | Time:00:00.16 | Mem:67.52M, Peak:227.47M | Scene, ViewLayer | Updating Baking
Fra:1 Mem:82.86M (Peak 370.94M) | Time:00:00.16 | Mem:67.52M, Peak:227.47M | Scene, ViewLayer | Updating Device | Writing constant memory
Fra:1 Mem:82.86M (Peak 370.94M) | Time:00:00.16 | Mem:67.52M, Peak:227.47M | Scene, ViewLayer | Sample 0/32
Fra:1 Mem:101.94M (Peak 370.94M) | Time:00:00.17 | Remaining:00:00.20 | Mem:86.52M, Peak:227.47M | Scene, ViewLayer | Sample 1/32
Fra:1 Mem:109.94M (Peak 370.94M) | Time:00:00.40 | Mem:86.52M, Peak:227.47M | Scene, ViewLayer | Sample 32/32
Fra:1 Mem:109.94M (Peak 370.94M) | Time:00:00.40 | Mem:86.52M, Peak:227.47M | Scene, ViewLayer | Finished
Saved: '/home/janus/iwi9-datasets/objaverse-rendering/no_textures_5/1ce5315858a1469fa5a8c66e814ac0e4/006.png'
 Time: 00:00.43 (Saving: 00:00.03)

Fra:1 Mem:17.45M (Peak 20.08M) | Time:00:00.00 | Mem:0.00M, Peak:0.00M | Scene, ViewLayer | Synchronizing object | Object_2
Fra:1 Mem:17.56M (Peak 20.08M) | Time:00:00.00 | Mem:0.00M, Peak:0.00M | Scene, ViewLayer | Synchronizing object | Object_4
Fra:1 Mem:18.55M (Peak 22.05M) | Time:00:00.01 | Mem:0.00M, Peak:0.00M | Scene, ViewLayer | Initializing
Fra:1 Mem:16.30M (Peak 22.05M) | Time:00:00.01 | Mem:0.00M, Peak:0.00M | Scene, ViewLayer | Waiting for render to start
Fra:1 Mem:16.30M (Peak 22.05M) | Time:00:00.01 | Mem:0.00M, Peak:0.00M | Scene, ViewLayer | Loading render kernels (may take a few minutes the first time)
Fra:1 Mem:16.30M (Peak 22.05M) | Time:00:00.01 | Mem:0.00M, Peak:0.00M | Scene, ViewLayer | Updating Scene
Fra:1 Mem:16.30M (Peak 22.05M) | Time:00:00.01 | Mem:0.00M, Peak:0.00M | Scene, ViewLayer | Updating Shaders
Fra:1 Mem:16.55M (Peak 22.05M) | Time:00:00.01 | Mem:0.00M, Peak:0.00M | Scene, ViewLayer | Updating Procedurals
Fra:1 Mem:16.55M (Peak 22.05M) | Time:00:00.01 | Mem:0.00M, Peak:0.00M | Scene, ViewLayer | Updating Background
Fra:1 Mem:16.55M (Peak 22.05M) | Time:00:00.01 | Mem:0.00M, Peak:0.00M | Scene, ViewLayer | Updating Camera
Fra:1 Mem:16.55M (Peak 22.05M) | Time:00:00.01 | Mem:0.00M, Peak:0.00M | Scene, ViewLayer | Updating Meshes Flags
Fra:1 Mem:16.55M (Peak 22.05M) | Time:00:00.01 | Mem:0.00M, Peak:0.00M | Scene, ViewLayer | Updating Objects
Fra:1 Mem:16.55M (Peak 22.05M) | Time:00:00.01 | Mem:0.00M, Peak:0.00M | Scene, ViewLayer | Updating Objects | Copying Transformations to device
Fra:1 Mem:16.55M (Peak 22.05M) | Time:00:00.01 | Mem:0.00M, Peak:0.00M | Scene, ViewLayer | Updating Objects | Applying Static Transformations
Fra:1 Mem:16.55M (Peak 22.05M) | Time:00:00.01 | Mem:0.00M, Peak:0.00M | Scene, ViewLayer | Updating Particle Systems
Fra:1 Mem:16.55M (Peak 22.05M) | Time:00:00.01 | Mem:0.00M, Peak:0.00M | Scene, ViewLayer | Updating Particle Systems | Copying Particles to device
Fra:1 Mem:16.55M (Peak 22.05M) | Time:00:00.01 | Mem:0.00M, Peak:0.00M | Scene, ViewLayer | Updating Meshes
Fra:1 Mem:16.73M (Peak 22.05M) | Time:00:00.01 | Mem:0.00M, Peak:0.00M | Scene, ViewLayer | Updating Mesh | Computing attributes
Fra:1 Mem:17.15M (Peak 22.05M) | Time:00:00.01 | Mem:0.00M, Peak:0.00M | Scene, ViewLayer | Updating Mesh | Copying Attributes to device
Fra:1 Mem:17.15M (Peak 22.05M) | Time:00:00.01 | Mem:0.43M, Peak:0.43M | Scene, ViewLayer | Updating Scene BVH | Building
Fra:1 Mem:17.15M (Peak 22.05M) | Time:00:00.01 | Mem:0.43M, Peak:0.43M | Scene, ViewLayer | Updating Scene BVH | Building BVH
Fra:1 Mem:17.15M (Peak 22.05M) | Time:00:00.01 | Mem:1.22M, Peak:1.22M | Scene, ViewLayer | Updating Scene BVH | Building BVH 0%
Fra:1 Mem:17.15M (Peak 22.05M) | Time:00:00.01 | Mem:1.50M, Peak:2.00M | Scene, ViewLayer | Updating Scene BVH | Copying BVH to device
Fra:1 Mem:17.15M (Peak 22.05M) | Time:00:00.01 | Mem:1.50M, Peak:2.00M | Scene, ViewLayer | Updating Mesh | Computing normals
Fra:1 Mem:18.08M (Peak 22.05M) | Time:00:00.01 | Mem:1.50M, Peak:2.00M | Scene, ViewLayer | Updating Mesh | Copying Mesh to device
Fra:1 Mem:18.08M (Peak 22.05M) | Time:00:00.01 | Mem:2.43M, Peak:2.43M | Scene, ViewLayer | Updating Objects Flags
Fra:1 Mem:18.08M (Peak 22.05M) | Time:00:00.01 | Mem:2.43M, Peak:2.43M | Scene, ViewLayer | Updating Primitive Offsets
Fra:1 Mem:18.08M (Peak 22.05M) | Time:00:00.01 | Mem:2.43M, Peak:2.43M | Scene, ViewLayer | Updating Images
Fra:1 Mem:18.08M (Peak 22.05M) | Time:00:00.01 | Mem:2.43M, Peak:2.43M | Scene, ViewLayer | Updating Images | Loading 00568.exr
Fra:1 Mem:18.21M (Peak 22.05M) | Time:00:00.01 | Mem:2.43M, Peak:2.43M | Scene, ViewLayer | Updating Images | Loading perforated_0164.jpg
Fra:1 Mem:19.39M (Peak 22.05M) | Time:00:00.02 | Mem:3.72M, Peak:3.72M | Scene, ViewLayer | Updating Camera Volume
Fra:1 Mem:19.39M (Peak 22.05M) | Time:00:00.02 | Mem:3.72M, Peak:3.72M | Scene, ViewLayer | Updating Lookup Tables
Fra:1 Mem:19.39M (Peak 22.05M) | Time:00:00.02 | Mem:3.97M, Peak:3.97M | Scene, ViewLayer | Updating Lights
Fra:1 Mem:19.39M (Peak 22.05M) | Time:00:00.02 | Mem:3.97M, Peak:3.97M | Scene, ViewLayer | Updating Lights | Computing distribution
Fra:1 Mem:19.39M (Peak 22.05M) | Time:00:00.02 | Mem:3.97M, Peak:3.97M | Scene, ViewLayer | Updating Lights | Importance map
Fra:1 Mem:83.42M (Peak 371.52M) | Time:00:00.16 | Mem:68.02M, Peak:227.99M | Scene, ViewLayer | Updating Integrator
Fra:1 Mem:83.43M (Peak 371.52M) | Time:00:00.16 | Mem:68.03M, Peak:227.99M | Scene, ViewLayer | Updating Film
Fra:1 Mem:83.43M (Peak 371.52M) | Time:00:00.16 | Mem:67.78M, Peak:227.99M | Scene, ViewLayer | Updating Lookup Tables
Fra:1 Mem:83.43M (Peak 371.52M) | Time:00:00.16 | Mem:68.03M, Peak:227.99M | Scene, ViewLayer | Updating Baking
Fra:1 Mem:83.43M (Peak 371.52M) | Time:00:00.16 | Mem:68.03M, Peak:227.99M | Scene, ViewLayer | Updating Device | Writing constant memory
Fra:1 Mem:83.43M (Peak 371.52M) | Time:00:00.16 | Mem:68.03M, Peak:227.99M | Scene, ViewLayer | Sample 0/32
Fra:1 Mem:102.52M (Peak 371.52M) | Time:00:00.17 | Remaining:00:00.17 | Mem:87.03M, Peak:227.99M | Scene, ViewLayer | Sample 1/32
Fra:1 Mem:110.52M (Peak 371.52M) | Time:00:00.40 | Mem:87.03M, Peak:227.99M | Scene, ViewLayer | Sample 32/32
Fra:1 Mem:110.52M (Peak 371.52M) | Time:00:00.40 | Mem:87.03M, Peak:227.99M | Scene, ViewLayer | Finished
Saved: '/home/janus/iwi9-datasets/objaverse-rendering/no_textures_5/1ce5315858a1469fa5a8c66e814ac0e4/007.png'
 Time: 00:00.43 (Saving: 00:00.03)

Fra:1 Mem:17.52M (Peak 20.03M) | Time:00:00.00 | Mem:0.00M, Peak:0.00M | Scene, ViewLayer | Synchronizing object | Object_2
Fra:1 Mem:17.63M (Peak 20.03M) | Time:00:00.00 | Mem:0.00M, Peak:0.00M | Scene, ViewLayer | Synchronizing object | Object_4
Fra:1 Mem:18.62M (Peak 22.22M) | Time:00:00.01 | Mem:0.00M, Peak:0.00M | Scene, ViewLayer | Initializing
Fra:1 Mem:16.36M (Peak 22.22M) | Time:00:00.01 | Mem:0.00M, Peak:0.00M | Scene, ViewLayer | Waiting for render to start
Fra:1 Mem:16.37M (Peak 22.22M) | Time:00:00.01 | Mem:0.00M, Peak:0.00M | Scene, ViewLayer | Loading render kernels (may take a few minutes the first time)
Fra:1 Mem:16.37M (Peak 22.22M) | Time:00:00.01 | Mem:0.00M, Peak:0.00M | Scene, ViewLayer | Updating Scene
Fra:1 Mem:16.37M (Peak 22.22M) | Time:00:00.01 | Mem:0.00M, Peak:0.00M | Scene, ViewLayer | Updating Shaders
Fra:1 Mem:16.62M (Peak 22.22M) | Time:00:00.01 | Mem:0.00M, Peak:0.00M | Scene, ViewLayer | Updating Procedurals
Fra:1 Mem:16.62M (Peak 22.22M) | Time:00:00.01 | Mem:0.00M, Peak:0.00M | Scene, ViewLayer | Updating Background
Fra:1 Mem:16.62M (Peak 22.22M) | Time:00:00.01 | Mem:0.00M, Peak:0.00M | Scene, ViewLayer | Updating Camera
Fra:1 Mem:16.62M (Peak 22.22M) | Time:00:00.01 | Mem:0.00M, Peak:0.00M | Scene, ViewLayer | Updating Meshes Flags
Fra:1 Mem:16.62M (Peak 22.22M) | Time:00:00.01 | Mem:0.00M, Peak:0.00M | Scene, ViewLayer | Updating Objects
Fra:1 Mem:16.62M (Peak 22.22M) | Time:00:00.01 | Mem:0.00M, Peak:0.00M | Scene, ViewLayer | Updating Objects | Copying Transformations to device
Fra:1 Mem:16.62M (Peak 22.22M) | Time:00:00.01 | Mem:0.00M, Peak:0.00M | Scene, ViewLayer | Updating Objects | Applying Static Transformations
Fra:1 Mem:16.62M (Peak 22.22M) | Time:00:00.01 | Mem:0.00M, Peak:0.00M | Scene, ViewLayer | Updating Particle Systems
Fra:1 Mem:16.62M (Peak 22.22M) | Time:00:00.01 | Mem:0.00M, Peak:0.00M | Scene, ViewLayer | Updating Particle Systems | Copying Particles to device
Fra:1 Mem:16.62M (Peak 22.22M) | Time:00:00.01 | Mem:0.00M, Peak:0.00M | Scene, ViewLayer | Updating Meshes
Fra:1 Mem:16.79M (Peak 22.22M) | Time:00:00.01 | Mem:0.00M, Peak:0.00M | Scene, ViewLayer | Updating Mesh | Computing attributes
Fra:1 Mem:17.22M (Peak 22.22M) | Time:00:00.01 | Mem:0.00M, Peak:0.00M | Scene, ViewLayer | Updating Mesh | Copying Attributes to device
Fra:1 Mem:17.22M (Peak 22.22M) | Time:00:00.01 | Mem:0.43M, Peak:0.43M | Scene, ViewLayer | Updating Scene BVH | Building
Fra:1 Mem:17.22M (Peak 22.22M) | Time:00:00.01 | Mem:0.43M, Peak:0.43M | Scene, ViewLayer | Updating Scene BVH | Building BVH
Fra:1 Mem:17.22M (Peak 22.22M) | Time:00:00.01 | Mem:1.22M, Peak:1.22M | Scene, ViewLayer | Updating Scene BVH | Building BVH 0%
Fra:1 Mem:17.22M (Peak 22.22M) | Time:00:00.01 | Mem:1.50M, Peak:2.00M | Scene, ViewLayer | Updating Scene BVH | Copying BVH to device
Fra:1 Mem:17.22M (Peak 22.22M) | Time:00:00.01 | Mem:1.50M, Peak:2.00M | Scene, ViewLayer | Updating Mesh | Computing normals
Fra:1 Mem:18.15M (Peak 22.22M) | Time:00:00.01 | Mem:1.50M, Peak:2.00M | Scene, ViewLayer | Updating Mesh | Copying Mesh to device
Fra:1 Mem:18.15M (Peak 22.22M) | Time:00:00.01 | Mem:2.43M, Peak:2.43M | Scene, ViewLayer | Updating Objects Flags
Fra:1 Mem:18.15M (Peak 22.22M) | Time:00:00.01 | Mem:2.43M, Peak:2.43M | Scene, ViewLayer | Updating Primitive Offsets
Fra:1 Mem:18.15M (Peak 22.22M) | Time:00:00.01 | Mem:2.43M, Peak:2.43M | Scene, ViewLayer | Updating Images
Fra:1 Mem:18.15M (Peak 22.22M) | Time:00:00.01 | Mem:2.43M, Peak:2.43M | Scene, ViewLayer | Updating Images | Loading 00568.exr
Fra:1 Mem:18.27M (Peak 22.22M) | Time:00:00.01 | Mem:2.43M, Peak:2.43M | Scene, ViewLayer | Updating Images | Loading freckled_0096.jpg
Fra:1 Mem:19.42M (Peak 22.22M) | Time:00:00.02 | Mem:3.69M, Peak:3.69M | Scene, ViewLayer | Updating Camera Volume
Fra:1 Mem:19.42M (Peak 22.22M) | Time:00:00.02 | Mem:3.69M, Peak:3.69M | Scene, ViewLayer | Updating Lookup Tables
Fra:1 Mem:19.42M (Peak 22.22M) | Time:00:00.02 | Mem:3.94M, Peak:3.94M | Scene, ViewLayer | Updating Lights
Fra:1 Mem:19.42M (Peak 22.22M) | Time:00:00.02 | Mem:3.94M, Peak:3.94M | Scene, ViewLayer | Updating Lights | Computing distribution
Fra:1 Mem:19.42M (Peak 22.22M) | Time:00:00.02 | Mem:3.94M, Peak:3.94M | Scene, ViewLayer | Updating Lights | Importance map
Fra:1 Mem:83.45M (Peak 371.55M) | Time:00:00.16 | Mem:67.98M, Peak:227.95M | Scene, ViewLayer | Updating Integrator
Fra:1 Mem:83.46M (Peak 371.55M) | Time:00:00.16 | Mem:67.99M, Peak:227.95M | Scene, ViewLayer | Updating Film
Fra:1 Mem:83.47M (Peak 371.55M) | Time:00:00.16 | Mem:67.74M, Peak:227.95M | Scene, ViewLayer | Updating Lookup Tables
Fra:1 Mem:83.47M (Peak 371.55M) | Time:00:00.16 | Mem:67.99M, Peak:227.95M | Scene, ViewLayer | Updating Baking
Fra:1 Mem:83.47M (Peak 371.55M) | Time:00:00.16 | Mem:67.99M, Peak:227.95M | Scene, ViewLayer | Updating Device | Writing constant memory
Fra:1 Mem:83.47M (Peak 371.55M) | Time:00:00.16 | Mem:67.99M, Peak:227.95M | Scene, ViewLayer | Sample 0/32
Fra:1 Mem:102.55M (Peak 371.55M) | Time:00:00.17 | Remaining:00:00.20 | Mem:86.99M, Peak:227.95M | Scene, ViewLayer | Sample 1/32
Fra:1 Mem:110.56M (Peak 371.55M) | Time:00:00.40 | Mem:86.99M, Peak:227.95M | Scene, ViewLayer | Sample 32/32
Fra:1 Mem:110.56M (Peak 371.55M) | Time:00:00.40 | Mem:86.99M, Peak:227.95M | Scene, ViewLayer | Finished
Saved: '/home/janus/iwi9-datasets/objaverse-rendering/no_textures_5/1ce5315858a1469fa5a8c66e814ac0e4/008.png'
 Time: 00:00.43 (Saving: 00:00.03)

Fra:1 Mem:17.60M (Peak 19.80M) | Time:00:00.00 | Mem:0.00M, Peak:0.00M | Scene, ViewLayer | Synchronizing object | Object_2
Fra:1 Mem:17.60M (Peak 19.80M) | Time:00:00.00 | Mem:0.00M, Peak:0.00M | Scene, ViewLayer | Synchronizing object | Object_4
Fra:1 Mem:18.69M (Peak 22.08M) | Time:00:00.01 | Mem:0.00M, Peak:0.00M | Scene, ViewLayer | Initializing
Fra:1 Mem:16.44M (Peak 22.08M) | Time:00:00.01 | Mem:0.00M, Peak:0.00M | Scene, ViewLayer | Waiting for render to start
Fra:1 Mem:16.44M (Peak 22.08M) | Time:00:00.01 | Mem:0.00M, Peak:0.00M | Scene, ViewLayer | Loading render kernels (may take a few minutes the first time)
Fra:1 Mem:16.44M (Peak 22.08M) | Time:00:00.01 | Mem:0.00M, Peak:0.00M | Scene, ViewLayer | Updating Scene
Fra:1 Mem:16.44M (Peak 22.08M) | Time:00:00.01 | Mem:0.00M, Peak:0.00M | Scene, ViewLayer | Updating Shaders
Fra:1 Mem:16.69M (Peak 22.08M) | Time:00:00.01 | Mem:0.00M, Peak:0.00M | Scene, ViewLayer | Updating Procedurals
Fra:1 Mem:16.69M (Peak 22.08M) | Time:00:00.01 | Mem:0.00M, Peak:0.00M | Scene, ViewLayer | Updating Background
Fra:1 Mem:16.69M (Peak 22.08M) | Time:00:00.01 | Mem:0.00M, Peak:0.00M | Scene, ViewLayer | Updating Camera
Fra:1 Mem:16.69M (Peak 22.08M) | Time:00:00.01 | Mem:0.00M, Peak:0.00M | Scene, ViewLayer | Updating Meshes Flags
Fra:1 Mem:16.69M (Peak 22.08M) | Time:00:00.01 | Mem:0.00M, Peak:0.00M | Scene, ViewLayer | Updating Objects
Fra:1 Mem:16.69M (Peak 22.08M) | Time:00:00.01 | Mem:0.00M, Peak:0.00M | Scene, ViewLayer | Updating Objects | Copying Transformations to device
Fra:1 Mem:16.69M (Peak 22.08M) | Time:00:00.01 | Mem:0.00M, Peak:0.00M | Scene, ViewLayer | Updating Objects | Applying Static Transformations
Fra:1 Mem:16.69M (Peak 22.08M) | Time:00:00.01 | Mem:0.00M, Peak:0.00M | Scene, ViewLayer | Updating Particle Systems
Fra:1 Mem:16.69M (Peak 22.08M) | Time:00:00.01 | Mem:0.00M, Peak:0.00M | Scene, ViewLayer | Updating Particle Systems | Copying Particles to device
Fra:1 Mem:16.69M (Peak 22.08M) | Time:00:00.01 | Mem:0.00M, Peak:0.00M | Scene, ViewLayer | Updating Meshes
Fra:1 Mem:16.87M (Peak 22.08M) | Time:00:00.01 | Mem:0.00M, Peak:0.00M | Scene, ViewLayer | Updating Mesh | Computing attributes
Fra:1 Mem:17.30M (Peak 22.08M) | Time:00:00.01 | Mem:0.00M, Peak:0.00M | Scene, ViewLayer | Updating Mesh | Copying Attributes to device
Fra:1 Mem:17.29M (Peak 22.08M) | Time:00:00.01 | Mem:0.43M, Peak:0.43M | Scene, ViewLayer | Updating Scene BVH | Building
Fra:1 Mem:17.29M (Peak 22.08M) | Time:00:00.01 | Mem:0.43M, Peak:0.43M | Scene, ViewLayer | Updating Scene BVH | Building BVH
Fra:1 Mem:17.29M (Peak 22.08M) | Time:00:00.01 | Mem:1.22M, Peak:1.22M | Scene, ViewLayer | Updating Scene BVH | Building BVH 0%
Fra:1 Mem:17.29M (Peak 22.08M) | Time:00:00.01 | Mem:1.50M, Peak:2.00M | Scene, ViewLayer | Updating Scene BVH | Copying BVH to device
Fra:1 Mem:17.29M (Peak 22.08M) | Time:00:00.01 | Mem:1.50M, Peak:2.00M | Scene, ViewLayer | Updating Mesh | Computing normals
Fra:1 Mem:18.22M (Peak 22.08M) | Time:00:00.01 | Mem:1.50M, Peak:2.00M | Scene, ViewLayer | Updating Mesh | Copying Mesh to device
Fra:1 Mem:18.22M (Peak 22.08M) | Time:00:00.01 | Mem:2.43M, Peak:2.43M | Scene, ViewLayer | Updating Objects Flags
Fra:1 Mem:18.22M (Peak 22.08M) | Time:00:00.01 | Mem:2.43M, Peak:2.43M | Scene, ViewLayer | Updating Primitive Offsets
Fra:1 Mem:18.22M (Peak 22.08M) | Time:00:00.01 | Mem:2.43M, Peak:2.43M | Scene, ViewLayer | Updating Images
Fra:1 Mem:18.22M (Peak 22.08M) | Time:00:00.01 | Mem:2.43M, Peak:2.43M | Scene, ViewLayer | Updating Images | Loading 00568.exr
Fra:1 Mem:18.35M (Peak 22.08M) | Time:00:00.01 | Mem:2.43M, Peak:2.43M | Scene, ViewLayer | Updating Images | Loading frilly_0077.jpg
Fra:1 Mem:19.92M (Peak 22.08M) | Time:00:00.02 | Mem:4.11M, Peak:4.11M | Scene, ViewLayer | Updating Camera Volume
Fra:1 Mem:19.92M (Peak 22.08M) | Time:00:00.02 | Mem:4.11M, Peak:4.11M | Scene, ViewLayer | Updating Lookup Tables
Fra:1 Mem:19.92M (Peak 22.08M) | Time:00:00.02 | Mem:4.36M, Peak:4.36M | Scene, ViewLayer | Updating Lights
Fra:1 Mem:19.92M (Peak 22.08M) | Time:00:00.02 | Mem:4.37M, Peak:4.37M | Scene, ViewLayer | Updating Lights | Computing distribution
Fra:1 Mem:19.92M (Peak 22.08M) | Time:00:00.02 | Mem:4.37M, Peak:4.37M | Scene, ViewLayer | Updating Lights | Importance map
Fra:1 Mem:83.95M (Peak 372.05M) | Time:00:00.17 | Mem:68.41M, Peak:228.38M | Scene, ViewLayer | Updating Integrator
Fra:1 Mem:83.96M (Peak 372.05M) | Time:00:00.17 | Mem:68.42M, Peak:228.38M | Scene, ViewLayer | Updating Film
Fra:1 Mem:83.97M (Peak 372.05M) | Time:00:00.17 | Mem:68.17M, Peak:228.38M | Scene, ViewLayer | Updating Lookup Tables
Fra:1 Mem:83.97M (Peak 372.05M) | Time:00:00.17 | Mem:68.42M, Peak:228.38M | Scene, ViewLayer | Updating Baking
Fra:1 Mem:83.97M (Peak 372.05M) | Time:00:00.17 | Mem:68.42M, Peak:228.38M | Scene, ViewLayer | Updating Device | Writing constant memory
Fra:1 Mem:83.97M (Peak 372.05M) | Time:00:00.17 | Mem:68.42M, Peak:228.38M | Scene, ViewLayer | Sample 0/32
Fra:1 Mem:103.05M (Peak 372.05M) | Time:00:00.17 | Remaining:00:00.18 | Mem:87.42M, Peak:228.38M | Scene, ViewLayer | Sample 1/32
Fra:1 Mem:111.06M (Peak 372.05M) | Time:00:00.39 | Mem:87.42M, Peak:228.38M | Scene, ViewLayer | Sample 32/32
Fra:1 Mem:111.06M (Peak 372.05M) | Time:00:00.39 | Mem:87.42M, Peak:228.38M | Scene, ViewLayer | Finished
Saved: '/home/janus/iwi9-datasets/objaverse-rendering/no_textures_5/1ce5315858a1469fa5a8c66e814ac0e4/009.png'
 Time: 00:00.42 (Saving: 00:00.03)

Fra:1 Mem:17.66M (Peak 19.90M) | Time:00:00.00 | Mem:0.00M, Peak:0.00M | Scene, ViewLayer | Synchronizing object | Object_3
Fra:1 Mem:17.80M (Peak 19.90M) | Time:00:00.00 | Mem:0.00M, Peak:0.00M | Scene, ViewLayer | Synchronizing object | Object_2
Fra:1 Mem:18.76M (Peak 21.85M) | Time:00:00.01 | Mem:0.00M, Peak:0.00M | Scene, ViewLayer | Initializing
Fra:1 Mem:16.50M (Peak 21.85M) | Time:00:00.01 | Mem:0.00M, Peak:0.00M | Scene, ViewLayer | Waiting for render to start
Fra:1 Mem:16.51M (Peak 21.85M) | Time:00:00.01 | Mem:0.00M, Peak:0.00M | Scene, ViewLayer | Loading render kernels (may take a few minutes the first time)
Fra:1 Mem:16.51M (Peak 21.85M) | Time:00:00.01 | Mem:0.00M, Peak:0.00M | Scene, ViewLayer | Updating Scene
Fra:1 Mem:16.51M (Peak 21.85M) | Time:00:00.01 | Mem:0.00M, Peak:0.00M | Scene, ViewLayer | Updating Shaders
Fra:1 Mem:16.76M (Peak 21.85M) | Time:00:00.01 | Mem:0.00M, Peak:0.00M | Scene, ViewLayer | Updating Procedurals
Fra:1 Mem:16.76M (Peak 21.85M) | Time:00:00.01 | Mem:0.00M, Peak:0.00M | Scene, ViewLayer | Updating Background
Fra:1 Mem:16.76M (Peak 21.85M) | Time:00:00.01 | Mem:0.00M, Peak:0.00M | Scene, ViewLayer | Updating Camera
Fra:1 Mem:16.76M (Peak 21.85M) | Time:00:00.01 | Mem:0.00M, Peak:0.00M | Scene, ViewLayer | Updating Meshes Flags
Fra:1 Mem:16.76M (Peak 21.85M) | Time:00:00.01 | Mem:0.00M, Peak:0.00M | Scene, ViewLayer | Updating Objects
Fra:1 Mem:16.76M (Peak 21.85M) | Time:00:00.01 | Mem:0.00M, Peak:0.00M | Scene, ViewLayer | Updating Objects | Copying Transformations to device
Fra:1 Mem:16.76M (Peak 21.85M) | Time:00:00.01 | Mem:0.00M, Peak:0.00M | Scene, ViewLayer | Updating Objects | Applying Static Transformations
Fra:1 Mem:16.76M (Peak 21.85M) | Time:00:00.01 | Mem:0.00M, Peak:0.00M | Scene, ViewLayer | Updating Particle Systems
Fra:1 Mem:16.76M (Peak 21.85M) | Time:00:00.01 | Mem:0.00M, Peak:0.00M | Scene, ViewLayer | Updating Particle Systems | Copying Particles to device
Fra:1 Mem:16.76M (Peak 21.85M) | Time:00:00.01 | Mem:0.00M, Peak:0.00M | Scene, ViewLayer | Updating Meshes
Fra:1 Mem:16.94M (Peak 21.85M) | Time:00:00.01 | Mem:0.00M, Peak:0.00M | Scene, ViewLayer | Updating Mesh | Computing attributes
Fra:1 Mem:17.36M (Peak 21.85M) | Time:00:00.01 | Mem:0.00M, Peak:0.00M | Scene, ViewLayer | Updating Mesh | Copying Attributes to device
Fra:1 Mem:17.36M (Peak 21.85M) | Time:00:00.01 | Mem:0.43M, Peak:0.43M | Scene, ViewLayer | Updating Scene BVH | Building
Fra:1 Mem:17.36M (Peak 21.85M) | Time:00:00.01 | Mem:0.43M, Peak:0.43M | Scene, ViewLayer | Updating Scene BVH | Building BVH
Fra:1 Mem:17.36M (Peak 21.85M) | Time:00:00.01 | Mem:1.22M, Peak:1.22M | Scene, ViewLayer | Updating Scene BVH | Building BVH 0%
Fra:1 Mem:17.36M (Peak 21.85M) | Time:00:00.02 | Mem:1.50M, Peak:2.00M | Scene, ViewLayer | Updating Scene BVH | Copying BVH to device
Fra:1 Mem:17.36M (Peak 21.85M) | Time:00:00.02 | Mem:1.50M, Peak:2.00M | Scene, ViewLayer | Updating Mesh | Computing normals
Fra:1 Mem:18.29M (Peak 21.85M) | Time:00:00.02 | Mem:1.50M, Peak:2.00M | Scene, ViewLayer | Updating Mesh | Copying Mesh to device
Fra:1 Mem:18.29M (Peak 21.85M) | Time:00:00.02 | Mem:2.43M, Peak:2.43M | Scene, ViewLayer | Updating Objects Flags
Fra:1 Mem:18.29M (Peak 21.85M) | Time:00:00.02 | Mem:2.43M, Peak:2.43M | Scene, ViewLayer | Updating Primitive Offsets
Fra:1 Mem:18.29M (Peak 21.85M) | Time:00:00.02 | Mem:2.43M, Peak:2.43M | Scene, ViewLayer | Updating Images
Fra:1 Mem:18.29M (Peak 21.85M) | Time:00:00.02 | Mem:2.43M, Peak:2.43M | Scene, ViewLayer | Updating Images | Loading 00568.exr
Fra:1 Mem:18.41M (Peak 21.85M) | Time:00:00.02 | Mem:2.43M, Peak:2.43M | Scene, ViewLayer | Updating Images | Loading crosshatched_0048.jpg
Fra:1 Mem:18.95M (Peak 21.85M) | Time:00:00.02 | Mem:3.08M, Peak:3.08M | Scene, ViewLayer | Updating Camera Volume
Fra:1 Mem:18.95M (Peak 21.85M) | Time:00:00.02 | Mem:3.08M, Peak:3.08M | Scene, ViewLayer | Updating Lookup Tables
Fra:1 Mem:18.95M (Peak 21.85M) | Time:00:00.02 | Mem:3.33M, Peak:3.33M | Scene, ViewLayer | Updating Lights
Fra:1 Mem:18.95M (Peak 21.85M) | Time:00:00.02 | Mem:3.33M, Peak:3.33M | Scene, ViewLayer | Updating Lights | Computing distribution
Fra:1 Mem:18.95M (Peak 21.85M) | Time:00:00.02 | Mem:3.33M, Peak:3.33M | Scene, ViewLayer | Updating Lights | Importance map
Fra:1 Mem:82.98M (Peak 371.08M) | Time:00:00.16 | Mem:67.37M, Peak:227.34M | Scene, ViewLayer | Updating Integrator
Fra:1 Mem:82.99M (Peak 371.08M) | Time:00:00.16 | Mem:67.38M, Peak:227.34M | Scene, ViewLayer | Updating Film
Fra:1 Mem:83.00M (Peak 371.08M) | Time:00:00.16 | Mem:67.13M, Peak:227.34M | Scene, ViewLayer | Updating Lookup Tables
Fra:1 Mem:83.00M (Peak 371.08M) | Time:00:00.16 | Mem:67.38M, Peak:227.34M | Scene, ViewLayer | Updating Baking
Fra:1 Mem:83.00M (Peak 371.08M) | Time:00:00.16 | Mem:67.38M, Peak:227.34M | Scene, ViewLayer | Updating Device | Writing constant memory
Fra:1 Mem:83.00M (Peak 371.08M) | Time:00:00.16 | Mem:67.38M, Peak:227.34M | Scene, ViewLayer | Sample 0/32
Fra:1 Mem:102.08M (Peak 371.08M) | Time:00:00.17 | Remaining:00:00.19 | Mem:86.38M, Peak:227.34M | Scene, ViewLayer | Sample 1/32
Fra:1 Mem:110.09M (Peak 371.08M) | Time:00:00.39 | Mem:86.38M, Peak:227.34M | Scene, ViewLayer | Sample 32/32
Fra:1 Mem:110.09M (Peak 371.08M) | Time:00:00.39 | Mem:86.38M, Peak:227.34M | Scene, ViewLayer | Finished
Saved: '/home/janus/iwi9-datasets/objaverse-rendering/no_textures_5/1ce5315858a1469fa5a8c66e814ac0e4/010.png'
 Time: 00:00.42 (Saving: 00:00.03)

Fra:1 Mem:17.73M (Peak 20.58M) | Time:00:00.00 | Mem:0.00M, Peak:0.00M | Scene, ViewLayer | Synchronizing object | Object_2
Fra:1 Mem:17.74M (Peak 20.58M) | Time:00:00.00 | Mem:0.00M, Peak:0.00M | Scene, ViewLayer | Synchronizing object | Object_4
Fra:1 Mem:18.83M (Peak 22.41M) | Time:00:00.01 | Mem:0.00M, Peak:0.00M | Scene, ViewLayer | Initializing
Fra:1 Mem:16.58M (Peak 22.41M) | Time:00:00.01 | Mem:0.00M, Peak:0.00M | Scene, ViewLayer | Waiting for render to start
Fra:1 Mem:16.58M (Peak 22.41M) | Time:00:00.01 | Mem:0.00M, Peak:0.00M | Scene, ViewLayer | Loading render kernels (may take a few minutes the first time)
Fra:1 Mem:16.58M (Peak 22.41M) | Time:00:00.01 | Mem:0.00M, Peak:0.00M | Scene, ViewLayer | Updating Scene
Fra:1 Mem:16.58M (Peak 22.41M) | Time:00:00.01 | Mem:0.00M, Peak:0.00M | Scene, ViewLayer | Updating Shaders
Fra:1 Mem:16.83M (Peak 22.41M) | Time:00:00.01 | Mem:0.00M, Peak:0.00M | Scene, ViewLayer | Updating Procedurals
Fra:1 Mem:16.83M (Peak 22.41M) | Time:00:00.01 | Mem:0.00M, Peak:0.00M | Scene, ViewLayer | Updating Background
Fra:1 Mem:16.83M (Peak 22.41M) | Time:00:00.01 | Mem:0.00M, Peak:0.00M | Scene, ViewLayer | Updating Camera
Fra:1 Mem:16.83M (Peak 22.41M) | Time:00:00.01 | Mem:0.00M, Peak:0.00M | Scene, ViewLayer | Updating Meshes Flags
Fra:1 Mem:16.83M (Peak 22.41M) | Time:00:00.01 | Mem:0.00M, Peak:0.00M | Scene, ViewLayer | Updating Objects
Fra:1 Mem:16.83M (Peak 22.41M) | Time:00:00.01 | Mem:0.00M, Peak:0.00M | Scene, ViewLayer | Updating Objects | Copying Transformations to device
Fra:1 Mem:16.83M (Peak 22.41M) | Time:00:00.01 | Mem:0.00M, Peak:0.00M | Scene, ViewLayer | Updating Objects | Applying Static Transformations
Fra:1 Mem:16.83M (Peak 22.41M) | Time:00:00.01 | Mem:0.00M, Peak:0.00M | Scene, ViewLayer | Updating Particle Systems
Fra:1 Mem:16.83M (Peak 22.41M) | Time:00:00.01 | Mem:0.00M, Peak:0.00M | Scene, ViewLayer | Updating Particle Systems | Copying Particles to device
Fra:1 Mem:16.83M (Peak 22.41M) | Time:00:00.01 | Mem:0.00M, Peak:0.00M | Scene, ViewLayer | Updating Meshes
Fra:1 Mem:17.01M (Peak 22.41M) | Time:00:00.01 | Mem:0.00M, Peak:0.00M | Scene, ViewLayer | Updating Mesh | Computing attributes
Fra:1 Mem:17.43M (Peak 22.41M) | Time:00:00.01 | Mem:0.00M, Peak:0.00M | Scene, ViewLayer | Updating Mesh | Copying Attributes to device
Fra:1 Mem:17.43M (Peak 22.41M) | Time:00:00.01 | Mem:0.43M, Peak:0.43M | Scene, ViewLayer | Updating Scene BVH | Building
Fra:1 Mem:17.43M (Peak 22.41M) | Time:00:00.01 | Mem:0.43M, Peak:0.43M | Scene, ViewLayer | Updating Scene BVH | Building BVH
Fra:1 Mem:17.43M (Peak 22.41M) | Time:00:00.01 | Mem:1.22M, Peak:1.22M | Scene, ViewLayer | Updating Scene BVH | Building BVH 0%
Fra:1 Mem:17.43M (Peak 22.41M) | Time:00:00.01 | Mem:1.50M, Peak:2.00M | Scene, ViewLayer | Updating Scene BVH | Copying BVH to device
Fra:1 Mem:17.43M (Peak 22.41M) | Time:00:00.01 | Mem:1.50M, Peak:2.00M | Scene, ViewLayer | Updating Mesh | Computing normals
Fra:1 Mem:18.36M (Peak 22.41M) | Time:00:00.01 | Mem:1.50M, Peak:2.00M | Scene, ViewLayer | Updating Mesh | Copying Mesh to device
Fra:1 Mem:18.36M (Peak 22.41M) | Time:00:00.01 | Mem:2.43M, Peak:2.43M | Scene, ViewLayer | Updating Objects Flags
Fra:1 Mem:18.36M (Peak 22.41M) | Time:00:00.01 | Mem:2.43M, Peak:2.43M | Scene, ViewLayer | Updating Primitive Offsets
Fra:1 Mem:18.36M (Peak 22.41M) | Time:00:00.01 | Mem:2.43M, Peak:2.43M | Scene, ViewLayer | Updating Images
Fra:1 Mem:18.36M (Peak 22.41M) | Time:00:00.01 | Mem:2.43M, Peak:2.43M | Scene, ViewLayer | Updating Images | Loading 00568.exr
Fra:1 Mem:18.49M (Peak 22.41M) | Time:00:00.01 | Mem:2.43M, Peak:2.43M | Scene, ViewLayer | Updating Images | Loading matted_0032.jpg
Fra:1 Mem:19.67M (Peak 22.41M) | Time:00:00.02 | Mem:3.72M, Peak:3.72M | Scene, ViewLayer | Updating Camera Volume
Fra:1 Mem:19.67M (Peak 22.41M) | Time:00:00.02 | Mem:3.72M, Peak:3.72M | Scene, ViewLayer | Updating Lookup Tables
Fra:1 Mem:19.67M (Peak 22.41M) | Time:00:00.02 | Mem:3.97M, Peak:3.97M | Scene, ViewLayer | Updating Lights
Fra:1 Mem:19.67M (Peak 22.41M) | Time:00:00.02 | Mem:3.97M, Peak:3.97M | Scene, ViewLayer | Updating Lights | Computing distribution
Fra:1 Mem:19.67M (Peak 22.41M) | Time:00:00.02 | Mem:3.97M, Peak:3.97M | Scene, ViewLayer | Updating Lights | Importance map
Fra:1 Mem:83.70M (Peak 371.80M) | Time:00:00.16 | Mem:68.02M, Peak:227.99M | Scene, ViewLayer | Updating Integrator
Fra:1 Mem:83.71M (Peak 371.80M) | Time:00:00.16 | Mem:68.03M, Peak:227.99M | Scene, ViewLayer | Updating Film
Fra:1 Mem:83.71M (Peak 371.80M) | Time:00:00.16 | Mem:67.78M, Peak:227.99M | Scene, ViewLayer | Updating Lookup Tables
Fra:1 Mem:83.71M (Peak 371.80M) | Time:00:00.16 | Mem:68.03M, Peak:227.99M | Scene, ViewLayer | Updating Baking
Fra:1 Mem:83.71M (Peak 371.80M) | Time:00:00.16 | Mem:68.03M, Peak:227.99M | Scene, ViewLayer | Updating Device | Writing constant memory
Fra:1 Mem:83.71M (Peak 371.80M) | Time:00:00.16 | Mem:68.03M, Peak:227.99M | Scene, ViewLayer | Sample 0/32
Fra:1 Mem:102.80M (Peak 371.80M) | Time:00:00.17 | Remaining:00:00.18 | Mem:87.03M, Peak:227.99M | Scene, ViewLayer | Sample 1/32
Fra:1 Mem:110.80M (Peak 371.80M) | Time:00:00.38 | Mem:87.03M, Peak:227.99M | Scene, ViewLayer | Sample 32/32
Fra:1 Mem:110.80M (Peak 371.80M) | Time:00:00.38 | Mem:87.03M, Peak:227.99M | Scene, ViewLayer | Finished
Saved: '/home/janus/iwi9-datasets/objaverse-rendering/no_textures_5/1ce5315858a1469fa5a8c66e814ac0e4/011.png'
 Time: 00:00.41 (Saving: 00:00.02)

Data are loaded, start creating Blender stuff
glTF import finished in 0.04s
Textures set to True
Textures set to True
Textures set to True
Textures set to True
Textures set to True
Textures set to True
Textures set to True
Textures set to True
Textures set to True
Textures set to True
Textures set to True
Textures set to True
Finished /home/janus/iwi9-datasets/objaverse-objects/hf-objaverse-v1/glbs/000-072/1ce5315858a1469fa5a8c66e814ac0e4.glb in 6.015007972717285 seconds

Blender quit
/home/janus/iwi9-datasets/objaverse-objects/hf-objaverse-v1/glbs/000-123/502b3e5d7e3e4194a9392e8151a34142.glb
Blender 3.3.1 (hash b292cfe5a936 built 2022-10-05 00:14:35)
/run/user/210289/gvfs/ non-existent directory
Fra:1 Mem:9.05M (Peak 9.08M) | Time:00:00.00 | Mem:0.00M, Peak:0.00M | Scene, ViewLayer | Synchronizing object | pCube1_lambert1_0
Fra:1 Mem:9.05M (Peak 9.08M) | Time:00:00.00 | Mem:0.00M, Peak:0.00M | Scene, ViewLayer | Initializing
Fra:1 Mem:8.87M (Peak 9.08M) | Time:00:00.00 | Mem:0.00M, Peak:0.00M | Scene, ViewLayer | Waiting for render to start
Fra:1 Mem:8.87M (Peak 9.08M) | Time:00:00.00 | Mem:0.00M, Peak:0.00M | Scene, ViewLayer | Loading render kernels (may take a few minutes the first time)
Fra:1 Mem:8.87M (Peak 9.08M) | Time:00:00.00 | Mem:0.00M, Peak:0.00M | Scene, ViewLayer | Updating Scene
Fra:1 Mem:8.87M (Peak 9.08M) | Time:00:00.00 | Mem:0.00M, Peak:0.00M | Scene, ViewLayer | Updating Shaders
Fra:1 Mem:9.37M (Peak 9.37M) | Time:00:00.04 | Mem:0.00M, Peak:0.00M | Scene, ViewLayer | Updating Procedurals
Fra:1 Mem:9.37M (Peak 9.37M) | Time:00:00.04 | Mem:0.00M, Peak:0.00M | Scene, ViewLayer | Updating Background
Fra:1 Mem:9.37M (Peak 9.37M) | Time:00:00.04 | Mem:0.00M, Peak:0.00M | Scene, ViewLayer | Updating Camera
Fra:1 Mem:9.37M (Peak 9.37M) | Time:00:00.04 | Mem:0.00M, Peak:0.00M | Scene, ViewLayer | Updating Meshes Flags
Fra:1 Mem:9.37M (Peak 9.37M) | Time:00:00.04 | Mem:0.00M, Peak:0.00M | Scene, ViewLayer | Updating Objects
Fra:1 Mem:9.37M (Peak 9.37M) | Time:00:00.04 | Mem:0.00M, Peak:0.00M | Scene, ViewLayer | Updating Objects | Copying Transformations to device
Fra:1 Mem:9.37M (Peak 9.37M) | Time:00:00.04 | Mem:0.00M, Peak:0.00M | Scene, ViewLayer | Updating Objects | Applying Static Transformations
Fra:1 Mem:9.37M (Peak 9.37M) | Time:00:00.04 | Mem:0.00M, Peak:0.00M | Scene, ViewLayer | Updating Particle Systems
Fra:1 Mem:9.37M (Peak 9.37M) | Time:00:00.04 | Mem:0.00M, Peak:0.00M | Scene, ViewLayer | Updating Particle Systems | Copying Particles to device
Fra:1 Mem:9.37M (Peak 9.37M) | Time:00:00.04 | Mem:0.00M, Peak:0.00M | Scene, ViewLayer | Updating Meshes
Fra:1 Mem:9.37M (Peak 9.37M) | Time:00:00.04 | Mem:0.00M, Peak:0.00M | Scene, ViewLayer | Updating Mesh | Computing attributes
Fra:1 Mem:9.37M (Peak 9.37M) | Time:00:00.04 | Mem:0.00M, Peak:0.00M | Scene, ViewLayer | Updating Mesh | Copying Attributes to device
Fra:1 Mem:9.37M (Peak 9.37M) | Time:00:00.04 | Mem:0.00M, Peak:0.00M | Scene, ViewLayer | Updating Scene BVH | Building
Fra:1 Mem:9.37M (Peak 9.37M) | Time:00:00.04 | Mem:0.00M, Peak:0.00M | Scene, ViewLayer | Updating Scene BVH | Building BVH
Fra:1 Mem:9.37M (Peak 9.37M) | Time:00:00.04 | Mem:0.01M, Peak:0.01M | Scene, ViewLayer | Updating Scene BVH | Building BVH 0%
Fra:1 Mem:9.37M (Peak 9.37M) | Time:00:00.04 | Mem:0.01M, Peak:0.01M | Scene, ViewLayer | Updating Scene BVH | Copying BVH to device
Fra:1 Mem:9.37M (Peak 9.37M) | Time:00:00.04 | Mem:0.01M, Peak:0.01M | Scene, ViewLayer | Updating Mesh | Computing normals
Fra:1 Mem:9.37M (Peak 9.37M) | Time:00:00.04 | Mem:0.01M, Peak:0.01M | Scene, ViewLayer | Updating Mesh | Copying Mesh to device
Fra:1 Mem:9.37M (Peak 9.37M) | Time:00:00.04 | Mem:0.01M, Peak:0.01M | Scene, ViewLayer | Updating Objects Flags
Fra:1 Mem:9.37M (Peak 9.37M) | Time:00:00.04 | Mem:0.01M, Peak:0.01M | Scene, ViewLayer | Updating Primitive Offsets
Fra:1 Mem:9.37M (Peak 9.37M) | Time:00:00.04 | Mem:0.01M, Peak:0.01M | Scene, ViewLayer | Updating Images
Fra:1 Mem:9.37M (Peak 9.37M) | Time:00:00.04 | Mem:0.01M, Peak:0.01M | Scene, ViewLayer | Updating Images | Loading 01120.exr
Fra:1 Mem:9.50M (Peak 9.50M) | Time:00:00.04 | Mem:0.01M, Peak:0.01M | Scene, ViewLayer | Updating Images | Loading striped_0054.jpg
Fra:1 Mem:10.54M (Peak 10.54M) | Time:00:00.05 | Mem:1.16M, Peak:1.16M | Scene, ViewLayer | Updating Camera Volume
Fra:1 Mem:10.54M (Peak 10.54M) | Time:00:00.05 | Mem:1.16M, Peak:1.16M | Scene, ViewLayer | Updating Lookup Tables
Fra:1 Mem:10.54M (Peak 10.54M) | Time:00:00.05 | Mem:1.41M, Peak:1.41M | Scene, ViewLayer | Updating Lights
Fra:1 Mem:10.54M (Peak 10.54M) | Time:00:00.05 | Mem:1.41M, Peak:1.41M | Scene, ViewLayer | Updating Lights | Computing distribution
Fra:1 Mem:10.54M (Peak 10.54M) | Time:00:00.05 | Mem:1.41M, Peak:1.41M | Scene, ViewLayer | Updating Lights | Importance map
Fra:1 Mem:74.57M (Peak 362.67M) | Time:00:00.19 | Mem:65.45M, Peak:225.42M | Scene, ViewLayer | Updating Integrator
Fra:1 Mem:74.58M (Peak 362.67M) | Time:00:00.19 | Mem:65.46M, Peak:225.42M | Scene, ViewLayer | Updating Film
Fra:1 Mem:74.58M (Peak 362.67M) | Time:00:00.19 | Mem:65.21M, Peak:225.42M | Scene, ViewLayer | Updating Lookup Tables
Fra:1 Mem:74.58M (Peak 362.67M) | Time:00:00.19 | Mem:65.46M, Peak:225.42M | Scene, ViewLayer | Updating Baking
Fra:1 Mem:74.58M (Peak 362.67M) | Time:00:00.19 | Mem:65.46M, Peak:225.42M | Scene, ViewLayer | Updating Device | Writing constant memory
Fra:1 Mem:74.58M (Peak 362.67M) | Time:00:00.19 | Mem:65.46M, Peak:225.42M | Scene, ViewLayer | Sample 0/32
Fra:1 Mem:93.67M (Peak 362.67M) | Time:00:00.20 | Remaining:00:00.18 | Mem:84.46M, Peak:225.42M | Scene, ViewLayer | Sample 1/32
Fra:1 Mem:101.67M (Peak 362.67M) | Time:00:00.43 | Mem:84.46M, Peak:225.42M | Scene, ViewLayer | Sample 32/32
Fra:1 Mem:101.67M (Peak 362.67M) | Time:00:00.43 | Mem:84.46M, Peak:225.42M | Scene, ViewLayer | Finished
Saved: '/home/janus/iwi9-datasets/objaverse-rendering/no_textures_5/502b3e5d7e3e4194a9392e8151a34142/000.png'
 Time: 00:00.62 (Saving: 00:00.18)

Fra:1 Mem:9.32M (Peak 9.35M) | Time:00:00.00 | Mem:0.00M, Peak:0.00M | Scene, ViewLayer | Synchronizing object | pCube1_lambert1_0
Fra:1 Mem:9.33M (Peak 9.35M) | Time:00:00.00 | Mem:0.00M, Peak:0.00M | Scene, ViewLayer | Initializing
Fra:1 Mem:9.14M (Peak 9.35M) | Time:00:00.00 | Mem:0.00M, Peak:0.00M | Scene, ViewLayer | Waiting for render to start
Fra:1 Mem:9.14M (Peak 9.35M) | Time:00:00.00 | Mem:0.00M, Peak:0.00M | Scene, ViewLayer | Loading render kernels (may take a few minutes the first time)
Fra:1 Mem:9.14M (Peak 9.35M) | Time:00:00.00 | Mem:0.00M, Peak:0.00M | Scene, ViewLayer | Updating Scene
Fra:1 Mem:9.14M (Peak 9.35M) | Time:00:00.00 | Mem:0.00M, Peak:0.00M | Scene, ViewLayer | Updating Shaders
Fra:1 Mem:9.39M (Peak 9.39M) | Time:00:00.00 | Mem:0.00M, Peak:0.00M | Scene, ViewLayer | Updating Procedurals
Fra:1 Mem:9.39M (Peak 9.39M) | Time:00:00.00 | Mem:0.00M, Peak:0.00M | Scene, ViewLayer | Updating Background
Fra:1 Mem:9.39M (Peak 9.39M) | Time:00:00.00 | Mem:0.00M, Peak:0.00M | Scene, ViewLayer | Updating Camera
Fra:1 Mem:9.39M (Peak 9.39M) | Time:00:00.00 | Mem:0.00M, Peak:0.00M | Scene, ViewLayer | Updating Meshes Flags
Fra:1 Mem:9.39M (Peak 9.39M) | Time:00:00.00 | Mem:0.00M, Peak:0.00M | Scene, ViewLayer | Updating Objects
Fra:1 Mem:9.39M (Peak 9.39M) | Time:00:00.00 | Mem:0.00M, Peak:0.00M | Scene, ViewLayer | Updating Objects | Copying Transformations to device
Fra:1 Mem:9.39M (Peak 9.39M) | Time:00:00.00 | Mem:0.00M, Peak:0.00M | Scene, ViewLayer | Updating Objects | Applying Static Transformations
Fra:1 Mem:9.39M (Peak 9.39M) | Time:00:00.00 | Mem:0.00M, Peak:0.00M | Scene, ViewLayer | Updating Particle Systems
Fra:1 Mem:9.39M (Peak 9.39M) | Time:00:00.00 | Mem:0.00M, Peak:0.00M | Scene, ViewLayer | Updating Particle Systems | Copying Particles to device
Fra:1 Mem:9.39M (Peak 9.39M) | Time:00:00.00 | Mem:0.00M, Peak:0.00M | Scene, ViewLayer | Updating Meshes
Fra:1 Mem:9.39M (Peak 9.39M) | Time:00:00.00 | Mem:0.00M, Peak:0.00M | Scene, ViewLayer | Updating Mesh | Computing attributes
Fra:1 Mem:9.40M (Peak 9.40M) | Time:00:00.00 | Mem:0.00M, Peak:0.00M | Scene, ViewLayer | Updating Mesh | Copying Attributes to device
Fra:1 Mem:9.40M (Peak 9.40M) | Time:00:00.00 | Mem:0.00M, Peak:0.00M | Scene, ViewLayer | Updating Scene BVH | Building
Fra:1 Mem:9.40M (Peak 9.40M) | Time:00:00.00 | Mem:0.00M, Peak:0.00M | Scene, ViewLayer | Updating Scene BVH | Building BVH
Fra:1 Mem:9.40M (Peak 9.40M) | Time:00:00.00 | Mem:0.01M, Peak:0.01M | Scene, ViewLayer | Updating Scene BVH | Building BVH 0%
Fra:1 Mem:9.40M (Peak 9.40M) | Time:00:00.00 | Mem:0.01M, Peak:0.01M | Scene, ViewLayer | Updating Scene BVH | Copying BVH to device
Fra:1 Mem:9.40M (Peak 9.40M) | Time:00:00.00 | Mem:0.01M, Peak:0.01M | Scene, ViewLayer | Updating Mesh | Computing normals
Fra:1 Mem:9.40M (Peak 9.40M) | Time:00:00.00 | Mem:0.01M, Peak:0.01M | Scene, ViewLayer | Updating Mesh | Copying Mesh to device
Fra:1 Mem:9.40M (Peak 9.40M) | Time:00:00.00 | Mem:0.01M, Peak:0.01M | Scene, ViewLayer | Updating Objects Flags
Fra:1 Mem:9.40M (Peak 9.40M) | Time:00:00.00 | Mem:0.01M, Peak:0.01M | Scene, ViewLayer | Updating Primitive Offsets
Fra:1 Mem:9.40M (Peak 9.40M) | Time:00:00.00 | Mem:0.01M, Peak:0.01M | Scene, ViewLayer | Updating Images
Fra:1 Mem:9.40M (Peak 9.40M) | Time:00:00.00 | Mem:0.01M, Peak:0.01M | Scene, ViewLayer | Updating Images | Loading 01120.exr
Fra:1 Mem:9.52M (Peak 9.52M) | Time:00:00.00 | Mem:0.01M, Peak:0.01M | Scene, ViewLayer | Updating Images | Loading chequered_0050.jpg
Fra:1 Mem:10.34M (Peak 10.34M) | Time:00:00.01 | Mem:0.94M, Peak:0.94M | Scene, ViewLayer | Updating Camera Volume
Fra:1 Mem:10.34M (Peak 10.34M) | Time:00:00.01 | Mem:0.94M, Peak:0.94M | Scene, ViewLayer | Updating Lookup Tables
Fra:1 Mem:10.34M (Peak 10.34M) | Time:00:00.01 | Mem:1.19M, Peak:1.19M | Scene, ViewLayer | Updating Lights
Fra:1 Mem:10.34M (Peak 10.34M) | Time:00:00.01 | Mem:1.19M, Peak:1.19M | Scene, ViewLayer | Updating Lights | Computing distribution
Fra:1 Mem:10.34M (Peak 10.34M) | Time:00:00.01 | Mem:1.19M, Peak:1.19M | Scene, ViewLayer | Updating Lights | Importance map
Fra:1 Mem:74.37M (Peak 362.47M) | Time:00:00.15 | Mem:65.23M, Peak:225.20M | Scene, ViewLayer | Updating Integrator
Fra:1 Mem:74.38M (Peak 362.47M) | Time:00:00.15 | Mem:65.24M, Peak:225.20M | Scene, ViewLayer | Updating Film
Fra:1 Mem:74.38M (Peak 362.47M) | Time:00:00.15 | Mem:64.99M, Peak:225.20M | Scene, ViewLayer | Updating Lookup Tables
Fra:1 Mem:74.38M (Peak 362.47M) | Time:00:00.15 | Mem:65.24M, Peak:225.20M | Scene, ViewLayer | Updating Baking
Fra:1 Mem:74.38M (Peak 362.47M) | Time:00:00.15 | Mem:65.24M, Peak:225.20M | Scene, ViewLayer | Updating Device | Writing constant memory
Fra:1 Mem:74.38M (Peak 362.47M) | Time:00:00.15 | Mem:65.24M, Peak:225.20M | Scene, ViewLayer | Sample 0/32
Fra:1 Mem:93.47M (Peak 362.47M) | Time:00:00.15 | Remaining:00:00.19 | Mem:84.24M, Peak:225.20M | Scene, ViewLayer | Sample 1/32
Fra:1 Mem:101.47M (Peak 362.47M) | Time:00:00.39 | Mem:84.24M, Peak:225.20M | Scene, ViewLayer | Sample 32/32
Fra:1 Mem:101.47M (Peak 362.47M) | Time:00:00.39 | Mem:84.24M, Peak:225.20M | Scene, ViewLayer | Finished
Saved: '/home/janus/iwi9-datasets/objaverse-rendering/no_textures_5/502b3e5d7e3e4194a9392e8151a34142/001.png'
 Time: 00:00.42 (Saving: 00:00.03)

Fra:1 Mem:9.34M (Peak 9.38M) | Time:00:00.00 | Mem:0.00M, Peak:0.00M | Scene, ViewLayer | Synchronizing object | pCube1_lambert1_0
Fra:1 Mem:9.35M (Peak 9.38M) | Time:00:00.00 | Mem:0.00M, Peak:0.00M | Scene, ViewLayer | Initializing
Fra:1 Mem:9.16M (Peak 9.38M) | Time:00:00.00 | Mem:0.00M, Peak:0.00M | Scene, ViewLayer | Waiting for render to start
Fra:1 Mem:9.17M (Peak 9.38M) | Time:00:00.00 | Mem:0.00M, Peak:0.00M | Scene, ViewLayer | Loading render kernels (may take a few minutes the first time)
Fra:1 Mem:9.17M (Peak 9.38M) | Time:00:00.00 | Mem:0.00M, Peak:0.00M | Scene, ViewLayer | Updating Scene
Fra:1 Mem:9.17M (Peak 9.38M) | Time:00:00.00 | Mem:0.00M, Peak:0.00M | Scene, ViewLayer | Updating Shaders
Fra:1 Mem:9.42M (Peak 9.42M) | Time:00:00.00 | Mem:0.00M, Peak:0.00M | Scene, ViewLayer | Updating Procedurals
Fra:1 Mem:9.42M (Peak 9.42M) | Time:00:00.00 | Mem:0.00M, Peak:0.00M | Scene, ViewLayer | Updating Background
Fra:1 Mem:9.42M (Peak 9.42M) | Time:00:00.00 | Mem:0.00M, Peak:0.00M | Scene, ViewLayer | Updating Camera
Fra:1 Mem:9.42M (Peak 9.42M) | Time:00:00.00 | Mem:0.00M, Peak:0.00M | Scene, ViewLayer | Updating Meshes Flags
Fra:1 Mem:9.42M (Peak 9.42M) | Time:00:00.00 | Mem:0.00M, Peak:0.00M | Scene, ViewLayer | Updating Objects
Fra:1 Mem:9.42M (Peak 9.42M) | Time:00:00.00 | Mem:0.00M, Peak:0.00M | Scene, ViewLayer | Updating Objects | Copying Transformations to device
Fra:1 Mem:9.42M (Peak 9.42M) | Time:00:00.00 | Mem:0.00M, Peak:0.00M | Scene, ViewLayer | Updating Objects | Applying Static Transformations
Fra:1 Mem:9.42M (Peak 9.42M) | Time:00:00.00 | Mem:0.00M, Peak:0.00M | Scene, ViewLayer | Updating Particle Systems
Fra:1 Mem:9.42M (Peak 9.42M) | Time:00:00.00 | Mem:0.00M, Peak:0.00M | Scene, ViewLayer | Updating Particle Systems | Copying Particles to device
Fra:1 Mem:9.42M (Peak 9.42M) | Time:00:00.00 | Mem:0.00M, Peak:0.00M | Scene, ViewLayer | Updating Meshes
Fra:1 Mem:9.42M (Peak 9.42M) | Time:00:00.00 | Mem:0.00M, Peak:0.00M | Scene, ViewLayer | Updating Mesh | Computing attributes
Fra:1 Mem:9.42M (Peak 9.42M) | Time:00:00.00 | Mem:0.00M, Peak:0.00M | Scene, ViewLayer | Updating Mesh | Copying Attributes to device
Fra:1 Mem:9.42M (Peak 9.42M) | Time:00:00.00 | Mem:0.00M, Peak:0.00M | Scene, ViewLayer | Updating Scene BVH | Building
Fra:1 Mem:9.42M (Peak 9.42M) | Time:00:00.00 | Mem:0.00M, Peak:0.00M | Scene, ViewLayer | Updating Scene BVH | Building BVH
Fra:1 Mem:9.42M (Peak 9.42M) | Time:00:00.00 | Mem:0.01M, Peak:0.01M | Scene, ViewLayer | Updating Scene BVH | Building BVH 0%
Fra:1 Mem:9.42M (Peak 9.42M) | Time:00:00.00 | Mem:0.01M, Peak:0.01M | Scene, ViewLayer | Updating Scene BVH | Copying BVH to device
Fra:1 Mem:9.42M (Peak 9.42M) | Time:00:00.00 | Mem:0.01M, Peak:0.01M | Scene, ViewLayer | Updating Mesh | Computing normals
Fra:1 Mem:9.42M (Peak 9.42M) | Time:00:00.00 | Mem:0.01M, Peak:0.01M | Scene, ViewLayer | Updating Mesh | Copying Mesh to device
Fra:1 Mem:9.42M (Peak 9.42M) | Time:00:00.00 | Mem:0.01M, Peak:0.01M | Scene, ViewLayer | Updating Objects Flags
Fra:1 Mem:9.42M (Peak 9.42M) | Time:00:00.00 | Mem:0.01M, Peak:0.01M | Scene, ViewLayer | Updating Primitive Offsets
Fra:1 Mem:9.42M (Peak 9.42M) | Time:00:00.00 | Mem:0.01M, Peak:0.01M | Scene, ViewLayer | Updating Images
Fra:1 Mem:9.42M (Peak 9.42M) | Time:00:00.00 | Mem:0.01M, Peak:0.01M | Scene, ViewLayer | Updating Images | Loading 01120.exr
Fra:1 Mem:9.55M (Peak 9.55M) | Time:00:00.00 | Mem:0.01M, Peak:0.01M | Scene, ViewLayer | Updating Images | Loading smeared_0136.jpg
Fra:1 Mem:10.83M (Peak 10.83M) | Time:00:00.00 | Mem:1.41M, Peak:1.41M | Scene, ViewLayer | Updating Camera Volume
Fra:1 Mem:10.83M (Peak 10.83M) | Time:00:00.00 | Mem:1.41M, Peak:1.41M | Scene, ViewLayer | Updating Lookup Tables
Fra:1 Mem:10.83M (Peak 10.83M) | Time:00:00.00 | Mem:1.66M, Peak:1.66M | Scene, ViewLayer | Updating Lights
Fra:1 Mem:10.83M (Peak 10.83M) | Time:00:00.00 | Mem:1.66M, Peak:1.66M | Scene, ViewLayer | Updating Lights | Computing distribution
Fra:1 Mem:10.83M (Peak 10.83M) | Time:00:00.00 | Mem:1.66M, Peak:1.66M | Scene, ViewLayer | Updating Lights | Importance map
Fra:1 Mem:74.86M (Peak 362.96M) | Time:00:00.15 | Mem:65.70M, Peak:225.67M | Scene, ViewLayer | Updating Integrator
Fra:1 Mem:74.87M (Peak 362.96M) | Time:00:00.15 | Mem:65.71M, Peak:225.67M | Scene, ViewLayer | Updating Film
Fra:1 Mem:74.87M (Peak 362.96M) | Time:00:00.15 | Mem:65.46M, Peak:225.67M | Scene, ViewLayer | Updating Lookup Tables
Fra:1 Mem:74.87M (Peak 362.96M) | Time:00:00.15 | Mem:65.71M, Peak:225.67M | Scene, ViewLayer | Updating Baking
Fra:1 Mem:74.87M (Peak 362.96M) | Time:00:00.15 | Mem:65.71M, Peak:225.67M | Scene, ViewLayer | Updating Device | Writing constant memory
Fra:1 Mem:74.87M (Peak 362.96M) | Time:00:00.15 | Mem:65.71M, Peak:225.67M | Scene, ViewLayer | Sample 0/32
Fra:1 Mem:93.96M (Peak 362.96M) | Time:00:00.16 | Remaining:00:00.27 | Mem:84.71M, Peak:225.67M | Scene, ViewLayer | Sample 1/32
Fra:1 Mem:101.96M (Peak 362.96M) | Time:00:00.44 | Mem:84.71M, Peak:225.67M | Scene, ViewLayer | Sample 32/32
Fra:1 Mem:101.96M (Peak 362.96M) | Time:00:00.44 | Mem:84.71M, Peak:225.67M | Scene, ViewLayer | Finished
Saved: '/home/janus/iwi9-datasets/objaverse-rendering/no_textures_5/502b3e5d7e3e4194a9392e8151a34142/002.png'
 Time: 00:00.47 (Saving: 00:00.03)

Fra:1 Mem:9.37M (Peak 9.40M) | Time:00:00.00 | Mem:0.00M, Peak:0.00M | Scene, ViewLayer | Synchronizing object | pCube1_lambert1_0
Fra:1 Mem:9.37M (Peak 9.40M) | Time:00:00.00 | Mem:0.00M, Peak:0.00M | Scene, ViewLayer | Initializing
Fra:1 Mem:9.19M (Peak 9.40M) | Time:00:00.00 | Mem:0.00M, Peak:0.00M | Scene, ViewLayer | Waiting for render to start
Fra:1 Mem:9.19M (Peak 9.40M) | Time:00:00.00 | Mem:0.00M, Peak:0.00M | Scene, ViewLayer | Loading render kernels (may take a few minutes the first time)
Fra:1 Mem:9.19M (Peak 9.40M) | Time:00:00.00 | Mem:0.00M, Peak:0.00M | Scene, ViewLayer | Updating Scene
Fra:1 Mem:9.19M (Peak 9.40M) | Time:00:00.00 | Mem:0.00M, Peak:0.00M | Scene, ViewLayer | Updating Shaders
Fra:1 Mem:9.44M (Peak 9.44M) | Time:00:00.00 | Mem:0.00M, Peak:0.00M | Scene, ViewLayer | Updating Procedurals
Fra:1 Mem:9.44M (Peak 9.44M) | Time:00:00.00 | Mem:0.00M, Peak:0.00M | Scene, ViewLayer | Updating Background
Fra:1 Mem:9.44M (Peak 9.44M) | Time:00:00.00 | Mem:0.00M, Peak:0.00M | Scene, ViewLayer | Updating Camera
Fra:1 Mem:9.44M (Peak 9.44M) | Time:00:00.00 | Mem:0.00M, Peak:0.00M | Scene, ViewLayer | Updating Meshes Flags
Fra:1 Mem:9.44M (Peak 9.44M) | Time:00:00.00 | Mem:0.00M, Peak:0.00M | Scene, ViewLayer | Updating Objects
Fra:1 Mem:9.44M (Peak 9.44M) | Time:00:00.00 | Mem:0.00M, Peak:0.00M | Scene, ViewLayer | Updating Objects | Copying Transformations to device
Fra:1 Mem:9.44M (Peak 9.44M) | Time:00:00.00 | Mem:0.00M, Peak:0.00M | Scene, ViewLayer | Updating Objects | Applying Static Transformations
Fra:1 Mem:9.44M (Peak 9.44M) | Time:00:00.00 | Mem:0.00M, Peak:0.00M | Scene, ViewLayer | Updating Particle Systems
Fra:1 Mem:9.44M (Peak 9.44M) | Time:00:00.00 | Mem:0.00M, Peak:0.00M | Scene, ViewLayer | Updating Particle Systems | Copying Particles to device
Fra:1 Mem:9.44M (Peak 9.44M) | Time:00:00.00 | Mem:0.00M, Peak:0.00M | Scene, ViewLayer | Updating Meshes
Fra:1 Mem:9.44M (Peak 9.44M) | Time:00:00.00 | Mem:0.00M, Peak:0.00M | Scene, ViewLayer | Updating Mesh | Computing attributes
Fra:1 Mem:9.44M (Peak 9.44M) | Time:00:00.00 | Mem:0.00M, Peak:0.00M | Scene, ViewLayer | Updating Mesh | Copying Attributes to device
Fra:1 Mem:9.44M (Peak 9.44M) | Time:00:00.00 | Mem:0.00M, Peak:0.00M | Scene, ViewLayer | Updating Scene BVH | Building
Fra:1 Mem:9.44M (Peak 9.44M) | Time:00:00.00 | Mem:0.00M, Peak:0.00M | Scene, ViewLayer | Updating Scene BVH | Building BVH
Fra:1 Mem:9.44M (Peak 9.44M) | Time:00:00.00 | Mem:0.01M, Peak:0.01M | Scene, ViewLayer | Updating Scene BVH | Building BVH 0%
Fra:1 Mem:9.44M (Peak 9.44M) | Time:00:00.00 | Mem:0.01M, Peak:0.01M | Scene, ViewLayer | Updating Scene BVH | Copying BVH to device
Fra:1 Mem:9.44M (Peak 9.44M) | Time:00:00.00 | Mem:0.01M, Peak:0.01M | Scene, ViewLayer | Updating Mesh | Computing normals
Fra:1 Mem:9.45M (Peak 9.45M) | Time:00:00.00 | Mem:0.01M, Peak:0.01M | Scene, ViewLayer | Updating Mesh | Copying Mesh to device
Fra:1 Mem:9.45M (Peak 9.45M) | Time:00:00.00 | Mem:0.01M, Peak:0.01M | Scene, ViewLayer | Updating Objects Flags
Fra:1 Mem:9.45M (Peak 9.45M) | Time:00:00.00 | Mem:0.01M, Peak:0.01M | Scene, ViewLayer | Updating Primitive Offsets
Fra:1 Mem:9.45M (Peak 9.45M) | Time:00:00.00 | Mem:0.01M, Peak:0.01M | Scene, ViewLayer | Updating Images
Fra:1 Mem:9.45M (Peak 9.45M) | Time:00:00.00 | Mem:0.01M, Peak:0.01M | Scene, ViewLayer | Updating Images | Loading 01120.exr
Fra:1 Mem:9.57M (Peak 9.57M) | Time:00:00.00 | Mem:0.01M, Peak:0.01M | Scene, ViewLayer | Updating Images | Loading zigzagged_0077.jpg
Fra:1 Mem:10.66M (Peak 10.66M) | Time:00:00.01 | Mem:1.21M, Peak:1.21M | Scene, ViewLayer | Updating Camera Volume
Fra:1 Mem:10.66M (Peak 10.66M) | Time:00:00.01 | Mem:1.21M, Peak:1.21M | Scene, ViewLayer | Updating Lookup Tables
Fra:1 Mem:10.66M (Peak 10.66M) | Time:00:00.01 | Mem:1.46M, Peak:1.46M | Scene, ViewLayer | Updating Lights
Fra:1 Mem:10.66M (Peak 10.66M) | Time:00:00.01 | Mem:1.46M, Peak:1.46M | Scene, ViewLayer | Updating Lights | Computing distribution
Fra:1 Mem:10.66M (Peak 10.66M) | Time:00:00.01 | Mem:1.46M, Peak:1.46M | Scene, ViewLayer | Updating Lights | Importance map
Fra:1 Mem:74.69M (Peak 362.79M) | Time:00:00.15 | Mem:65.50M, Peak:225.47M | Scene, ViewLayer | Updating Integrator
Fra:1 Mem:74.70M (Peak 362.79M) | Time:00:00.15 | Mem:65.51M, Peak:225.47M | Scene, ViewLayer | Updating Film
Fra:1 Mem:74.70M (Peak 362.79M) | Time:00:00.15 | Mem:65.26M, Peak:225.47M | Scene, ViewLayer | Updating Lookup Tables
Fra:1 Mem:74.70M (Peak 362.79M) | Time:00:00.15 | Mem:65.51M, Peak:225.47M | Scene, ViewLayer | Updating Baking
Fra:1 Mem:74.70M (Peak 362.79M) | Time:00:00.15 | Mem:65.51M, Peak:225.47M | Scene, ViewLayer | Updating Device | Writing constant memory
Fra:1 Mem:74.70M (Peak 362.79M) | Time:00:00.15 | Mem:65.51M, Peak:225.47M | Scene, ViewLayer | Sample 0/32
Fra:1 Mem:93.79M (Peak 362.79M) | Time:00:00.16 | Remaining:00:00.27 | Mem:84.51M, Peak:225.47M | Scene, ViewLayer | Sample 1/32
Fra:1 Mem:101.79M (Peak 362.79M) | Time:00:00.44 | Mem:84.51M, Peak:225.47M | Scene, ViewLayer | Sample 32/32
Fra:1 Mem:101.79M (Peak 362.79M) | Time:00:00.44 | Mem:84.51M, Peak:225.47M | Scene, ViewLayer | Finished
Saved: '/home/janus/iwi9-datasets/objaverse-rendering/no_textures_5/502b3e5d7e3e4194a9392e8151a34142/003.png'
 Time: 00:00.48 (Saving: 00:00.03)

Fra:1 Mem:9.39M (Peak 9.42M) | Time:00:00.00 | Mem:0.00M, Peak:0.00M | Scene, ViewLayer | Synchronizing object | pCube1_lambert1_0
Fra:1 Mem:9.39M (Peak 9.42M) | Time:00:00.00 | Mem:0.00M, Peak:0.00M | Scene, ViewLayer | Initializing
Fra:1 Mem:9.21M (Peak 9.42M) | Time:00:00.00 | Mem:0.00M, Peak:0.00M | Scene, ViewLayer | Waiting for render to start
Fra:1 Mem:9.21M (Peak 9.42M) | Time:00:00.00 | Mem:0.00M, Peak:0.00M | Scene, ViewLayer | Loading render kernels (may take a few minutes the first time)
Fra:1 Mem:9.21M (Peak 9.42M) | Time:00:00.00 | Mem:0.00M, Peak:0.00M | Scene, ViewLayer | Updating Scene
Fra:1 Mem:9.21M (Peak 9.42M) | Time:00:00.00 | Mem:0.00M, Peak:0.00M | Scene, ViewLayer | Updating Shaders
Fra:1 Mem:9.46M (Peak 9.46M) | Time:00:00.00 | Mem:0.00M, Peak:0.00M | Scene, ViewLayer | Updating Procedurals
Fra:1 Mem:9.46M (Peak 9.46M) | Time:00:00.00 | Mem:0.00M, Peak:0.00M | Scene, ViewLayer | Updating Background
Fra:1 Mem:9.46M (Peak 9.46M) | Time:00:00.00 | Mem:0.00M, Peak:0.00M | Scene, ViewLayer | Updating Camera
Fra:1 Mem:9.46M (Peak 9.46M) | Time:00:00.00 | Mem:0.00M, Peak:0.00M | Scene, ViewLayer | Updating Meshes Flags
Fra:1 Mem:9.46M (Peak 9.46M) | Time:00:00.00 | Mem:0.00M, Peak:0.00M | Scene, ViewLayer | Updating Objects
Fra:1 Mem:9.46M (Peak 9.46M) | Time:00:00.00 | Mem:0.00M, Peak:0.00M | Scene, ViewLayer | Updating Objects | Copying Transformations to device
Fra:1 Mem:9.46M (Peak 9.46M) | Time:00:00.00 | Mem:0.00M, Peak:0.00M | Scene, ViewLayer | Updating Objects | Applying Static Transformations
Fra:1 Mem:9.46M (Peak 9.46M) | Time:00:00.00 | Mem:0.00M, Peak:0.00M | Scene, ViewLayer | Updating Particle Systems
Fra:1 Mem:9.46M (Peak 9.46M) | Time:00:00.00 | Mem:0.00M, Peak:0.00M | Scene, ViewLayer | Updating Particle Systems | Copying Particles to device
Fra:1 Mem:9.46M (Peak 9.46M) | Time:00:00.00 | Mem:0.00M, Peak:0.00M | Scene, ViewLayer | Updating Meshes
Fra:1 Mem:9.46M (Peak 9.46M) | Time:00:00.00 | Mem:0.00M, Peak:0.00M | Scene, ViewLayer | Updating Mesh | Computing attributes
Fra:1 Mem:9.46M (Peak 9.46M) | Time:00:00.00 | Mem:0.00M, Peak:0.00M | Scene, ViewLayer | Updating Mesh | Copying Attributes to device
Fra:1 Mem:9.46M (Peak 9.46M) | Time:00:00.00 | Mem:0.00M, Peak:0.00M | Scene, ViewLayer | Updating Scene BVH | Building
Fra:1 Mem:9.46M (Peak 9.46M) | Time:00:00.00 | Mem:0.00M, Peak:0.00M | Scene, ViewLayer | Updating Scene BVH | Building BVH
Fra:1 Mem:9.46M (Peak 9.46M) | Time:00:00.00 | Mem:0.01M, Peak:0.01M | Scene, ViewLayer | Updating Scene BVH | Building BVH 0%
Fra:1 Mem:9.46M (Peak 9.46M) | Time:00:00.00 | Mem:0.01M, Peak:0.01M | Scene, ViewLayer | Updating Scene BVH | Copying BVH to device
Fra:1 Mem:9.46M (Peak 9.46M) | Time:00:00.00 | Mem:0.01M, Peak:0.01M | Scene, ViewLayer | Updating Mesh | Computing normals
Fra:1 Mem:9.47M (Peak 9.47M) | Time:00:00.00 | Mem:0.01M, Peak:0.01M | Scene, ViewLayer | Updating Mesh | Copying Mesh to device
Fra:1 Mem:9.47M (Peak 9.47M) | Time:00:00.00 | Mem:0.01M, Peak:0.01M | Scene, ViewLayer | Updating Objects Flags
Fra:1 Mem:9.47M (Peak 9.47M) | Time:00:00.00 | Mem:0.01M, Peak:0.01M | Scene, ViewLayer | Updating Primitive Offsets
Fra:1 Mem:9.47M (Peak 9.47M) | Time:00:00.00 | Mem:0.01M, Peak:0.01M | Scene, ViewLayer | Updating Images
Fra:1 Mem:9.47M (Peak 9.47M) | Time:00:00.00 | Mem:0.01M, Peak:0.01M | Scene, ViewLayer | Updating Images | Loading 01120.exr
Fra:1 Mem:9.59M (Peak 9.59M) | Time:00:00.00 | Mem:0.01M, Peak:0.01M | Scene, ViewLayer | Updating Images | Loading frilly_0043.jpg
Fra:1 Mem:10.56M (Peak 10.56M) | Time:00:00.00 | Mem:1.09M, Peak:1.09M | Scene, ViewLayer | Updating Camera Volume
Fra:1 Mem:10.56M (Peak 10.56M) | Time:00:00.00 | Mem:1.09M, Peak:1.09M | Scene, ViewLayer | Updating Lookup Tables
Fra:1 Mem:10.56M (Peak 10.56M) | Time:00:00.00 | Mem:1.34M, Peak:1.34M | Scene, ViewLayer | Updating Lights
Fra:1 Mem:10.56M (Peak 10.56M) | Time:00:00.00 | Mem:1.34M, Peak:1.34M | Scene, ViewLayer | Updating Lights | Computing distribution
Fra:1 Mem:10.56M (Peak 10.56M) | Time:00:00.00 | Mem:1.34M, Peak:1.34M | Scene, ViewLayer | Updating Lights | Importance map
Fra:1 Mem:74.59M (Peak 362.69M) | Time:00:00.15 | Mem:65.38M, Peak:225.35M | Scene, ViewLayer | Updating Integrator
Fra:1 Mem:74.60M (Peak 362.69M) | Time:00:00.15 | Mem:65.39M, Peak:225.35M | Scene, ViewLayer | Updating Film
Fra:1 Mem:74.60M (Peak 362.69M) | Time:00:00.15 | Mem:65.14M, Peak:225.35M | Scene, ViewLayer | Updating Lookup Tables
Fra:1 Mem:74.60M (Peak 362.69M) | Time:00:00.15 | Mem:65.39M, Peak:225.35M | Scene, ViewLayer | Updating Baking
Fra:1 Mem:74.60M (Peak 362.69M) | Time:00:00.15 | Mem:65.39M, Peak:225.35M | Scene, ViewLayer | Updating Device | Writing constant memory
Fra:1 Mem:74.60M (Peak 362.69M) | Time:00:00.15 | Mem:65.39M, Peak:225.35M | Scene, ViewLayer | Sample 0/32
Fra:1 Mem:93.69M (Peak 362.69M) | Time:00:00.15 | Remaining:00:00.25 | Mem:84.39M, Peak:225.35M | Scene, ViewLayer | Sample 1/32
Fra:1 Mem:101.69M (Peak 362.69M) | Time:00:00.43 | Mem:84.39M, Peak:225.35M | Scene, ViewLayer | Sample 32/32
Fra:1 Mem:101.69M (Peak 362.69M) | Time:00:00.43 | Mem:84.39M, Peak:225.35M | Scene, ViewLayer | Finished
Saved: '/home/janus/iwi9-datasets/objaverse-rendering/no_textures_5/502b3e5d7e3e4194a9392e8151a34142/004.png'
 Time: 00:00.46 (Saving: 00:00.03)

Fra:1 Mem:9.41M (Peak 9.45M) | Time:00:00.00 | Mem:0.00M, Peak:0.00M | Scene, ViewLayer | Synchronizing object | pCube1_lambert1_0
Fra:1 Mem:9.42M (Peak 9.45M) | Time:00:00.00 | Mem:0.00M, Peak:0.00M | Scene, ViewLayer | Initializing
Fra:1 Mem:9.23M (Peak 9.45M) | Time:00:00.00 | Mem:0.00M, Peak:0.00M | Scene, ViewLayer | Waiting for render to start
Fra:1 Mem:9.23M (Peak 9.45M) | Time:00:00.00 | Mem:0.00M, Peak:0.00M | Scene, ViewLayer | Loading render kernels (may take a few minutes the first time)
Fra:1 Mem:9.23M (Peak 9.45M) | Time:00:00.00 | Mem:0.00M, Peak:0.00M | Scene, ViewLayer | Updating Scene
Fra:1 Mem:9.23M (Peak 9.45M) | Time:00:00.00 | Mem:0.00M, Peak:0.00M | Scene, ViewLayer | Updating Shaders
Fra:1 Mem:9.49M (Peak 9.49M) | Time:00:00.00 | Mem:0.00M, Peak:0.00M | Scene, ViewLayer | Updating Procedurals
Fra:1 Mem:9.49M (Peak 9.49M) | Time:00:00.00 | Mem:0.00M, Peak:0.00M | Scene, ViewLayer | Updating Background
Fra:1 Mem:9.49M (Peak 9.49M) | Time:00:00.00 | Mem:0.00M, Peak:0.00M | Scene, ViewLayer | Updating Camera
Fra:1 Mem:9.49M (Peak 9.49M) | Time:00:00.00 | Mem:0.00M, Peak:0.00M | Scene, ViewLayer | Updating Meshes Flags
Fra:1 Mem:9.49M (Peak 9.49M) | Time:00:00.00 | Mem:0.00M, Peak:0.00M | Scene, ViewLayer | Updating Objects
Fra:1 Mem:9.49M (Peak 9.49M) | Time:00:00.00 | Mem:0.00M, Peak:0.00M | Scene, ViewLayer | Updating Objects | Copying Transformations to device
Fra:1 Mem:9.49M (Peak 9.49M) | Time:00:00.00 | Mem:0.00M, Peak:0.00M | Scene, ViewLayer | Updating Objects | Applying Static Transformations
Fra:1 Mem:9.49M (Peak 9.49M) | Time:00:00.00 | Mem:0.00M, Peak:0.00M | Scene, ViewLayer | Updating Particle Systems
Fra:1 Mem:9.49M (Peak 9.49M) | Time:00:00.00 | Mem:0.00M, Peak:0.00M | Scene, ViewLayer | Updating Particle Systems | Copying Particles to device
Fra:1 Mem:9.49M (Peak 9.49M) | Time:00:00.00 | Mem:0.00M, Peak:0.00M | Scene, ViewLayer | Updating Meshes
Fra:1 Mem:9.49M (Peak 9.49M) | Time:00:00.00 | Mem:0.00M, Peak:0.00M | Scene, ViewLayer | Updating Mesh | Computing attributes
Fra:1 Mem:9.49M (Peak 9.49M) | Time:00:00.00 | Mem:0.00M, Peak:0.00M | Scene, ViewLayer | Updating Mesh | Copying Attributes to device
Fra:1 Mem:9.49M (Peak 9.49M) | Time:00:00.00 | Mem:0.00M, Peak:0.00M | Scene, ViewLayer | Updating Scene BVH | Building
Fra:1 Mem:9.49M (Peak 9.49M) | Time:00:00.00 | Mem:0.00M, Peak:0.00M | Scene, ViewLayer | Updating Scene BVH | Building BVH
Fra:1 Mem:9.49M (Peak 9.49M) | Time:00:00.00 | Mem:0.01M, Peak:0.01M | Scene, ViewLayer | Updating Scene BVH | Building BVH 0%
Fra:1 Mem:9.49M (Peak 9.49M) | Time:00:00.00 | Mem:0.01M, Peak:0.01M | Scene, ViewLayer | Updating Scene BVH | Copying BVH to device
Fra:1 Mem:9.49M (Peak 9.49M) | Time:00:00.00 | Mem:0.01M, Peak:0.01M | Scene, ViewLayer | Updating Mesh | Computing normals
Fra:1 Mem:9.49M (Peak 9.49M) | Time:00:00.00 | Mem:0.01M, Peak:0.01M | Scene, ViewLayer | Updating Mesh | Copying Mesh to device
Fra:1 Mem:9.49M (Peak 9.49M) | Time:00:00.00 | Mem:0.01M, Peak:0.01M | Scene, ViewLayer | Updating Objects Flags
Fra:1 Mem:9.49M (Peak 9.49M) | Time:00:00.00 | Mem:0.01M, Peak:0.01M | Scene, ViewLayer | Updating Primitive Offsets
Fra:1 Mem:9.49M (Peak 9.49M) | Time:00:00.00 | Mem:0.01M, Peak:0.01M | Scene, ViewLayer | Updating Images
Fra:1 Mem:9.49M (Peak 9.49M) | Time:00:00.00 | Mem:0.01M, Peak:0.01M | Scene, ViewLayer | Updating Images | Loading 01120.exr
Fra:1 Mem:9.62M (Peak 9.62M) | Time:00:00.00 | Mem:0.01M, Peak:0.01M | Scene, ViewLayer | Updating Images | Loading freckled_0052.jpg
Fra:1 Mem:9.97M (Peak 9.97M) | Time:00:00.00 | Mem:0.48M, Peak:0.48M | Scene, ViewLayer | Updating Camera Volume
Fra:1 Mem:9.97M (Peak 9.97M) | Time:00:00.00 | Mem:0.48M, Peak:0.48M | Scene, ViewLayer | Updating Lookup Tables
Fra:1 Mem:9.97M (Peak 9.97M) | Time:00:00.00 | Mem:0.73M, Peak:0.73M | Scene, ViewLayer | Updating Lights
Fra:1 Mem:9.97M (Peak 9.97M) | Time:00:00.00 | Mem:0.73M, Peak:0.73M | Scene, ViewLayer | Updating Lights | Computing distribution
Fra:1 Mem:9.97M (Peak 9.97M) | Time:00:00.00 | Mem:0.73M, Peak:0.73M | Scene, ViewLayer | Updating Lights | Importance map
Fra:1 Mem:74.00M (Peak 362.10M) | Time:00:00.15 | Mem:64.77M, Peak:224.74M | Scene, ViewLayer | Updating Integrator
Fra:1 Mem:74.01M (Peak 362.10M) | Time:00:00.15 | Mem:64.78M, Peak:224.74M | Scene, ViewLayer | Updating Film
Fra:1 Mem:74.01M (Peak 362.10M) | Time:00:00.15 | Mem:64.53M, Peak:224.74M | Scene, ViewLayer | Updating Lookup Tables
Fra:1 Mem:74.01M (Peak 362.10M) | Time:00:00.15 | Mem:64.78M, Peak:224.74M | Scene, ViewLayer | Updating Baking
Fra:1 Mem:74.01M (Peak 362.10M) | Time:00:00.15 | Mem:64.78M, Peak:224.74M | Scene, ViewLayer | Updating Device | Writing constant memory
Fra:1 Mem:74.01M (Peak 362.10M) | Time:00:00.15 | Mem:64.78M, Peak:224.74M | Scene, ViewLayer | Sample 0/32
Fra:1 Mem:93.10M (Peak 362.10M) | Time:00:00.16 | Remaining:00:00.25 | Mem:83.78M, Peak:224.74M | Scene, ViewLayer | Sample 1/32
Fra:1 Mem:101.10M (Peak 362.10M) | Time:00:00.42 | Mem:83.78M, Peak:224.74M | Scene, ViewLayer | Sample 32/32
Fra:1 Mem:101.10M (Peak 362.10M) | Time:00:00.42 | Mem:83.78M, Peak:224.74M | Scene, ViewLayer | Finished
Saved: '/home/janus/iwi9-datasets/objaverse-rendering/no_textures_5/502b3e5d7e3e4194a9392e8151a34142/005.png'
 Time: 00:00.45 (Saving: 00:00.03)

Fra:1 Mem:9.44M (Peak 9.47M) | Time:00:00.00 | Mem:0.00M, Peak:0.00M | Scene, ViewLayer | Synchronizing object | pCube1_lambert1_0
Fra:1 Mem:9.44M (Peak 9.47M) | Time:00:00.00 | Mem:0.00M, Peak:0.00M | Scene, ViewLayer | Initializing
Fra:1 Mem:9.26M (Peak 9.47M) | Time:00:00.00 | Mem:0.00M, Peak:0.00M | Scene, ViewLayer | Waiting for render to start
Fra:1 Mem:9.26M (Peak 9.47M) | Time:00:00.00 | Mem:0.00M, Peak:0.00M | Scene, ViewLayer | Loading render kernels (may take a few minutes the first time)
Fra:1 Mem:9.26M (Peak 9.47M) | Time:00:00.00 | Mem:0.00M, Peak:0.00M | Scene, ViewLayer | Updating Scene
Fra:1 Mem:9.26M (Peak 9.47M) | Time:00:00.00 | Mem:0.00M, Peak:0.00M | Scene, ViewLayer | Updating Shaders
Fra:1 Mem:9.51M (Peak 9.51M) | Time:00:00.00 | Mem:0.00M, Peak:0.00M | Scene, ViewLayer | Updating Procedurals
Fra:1 Mem:9.51M (Peak 9.51M) | Time:00:00.00 | Mem:0.00M, Peak:0.00M | Scene, ViewLayer | Updating Background
Fra:1 Mem:9.51M (Peak 9.51M) | Time:00:00.00 | Mem:0.00M, Peak:0.00M | Scene, ViewLayer | Updating Camera
Fra:1 Mem:9.51M (Peak 9.51M) | Time:00:00.00 | Mem:0.00M, Peak:0.00M | Scene, ViewLayer | Updating Meshes Flags
Fra:1 Mem:9.51M (Peak 9.51M) | Time:00:00.00 | Mem:0.00M, Peak:0.00M | Scene, ViewLayer | Updating Objects
Fra:1 Mem:9.51M (Peak 9.51M) | Time:00:00.00 | Mem:0.00M, Peak:0.00M | Scene, ViewLayer | Updating Objects | Copying Transformations to device
Fra:1 Mem:9.51M (Peak 9.51M) | Time:00:00.00 | Mem:0.00M, Peak:0.00M | Scene, ViewLayer | Updating Objects | Applying Static Transformations
Fra:1 Mem:9.51M (Peak 9.51M) | Time:00:00.00 | Mem:0.00M, Peak:0.00M | Scene, ViewLayer | Updating Particle Systems
Fra:1 Mem:9.51M (Peak 9.51M) | Time:00:00.00 | Mem:0.00M, Peak:0.00M | Scene, ViewLayer | Updating Particle Systems | Copying Particles to device
Fra:1 Mem:9.51M (Peak 9.51M) | Time:00:00.00 | Mem:0.00M, Peak:0.00M | Scene, ViewLayer | Updating Meshes
Fra:1 Mem:9.51M (Peak 9.51M) | Time:00:00.00 | Mem:0.00M, Peak:0.00M | Scene, ViewLayer | Updating Mesh | Computing attributes
Fra:1 Mem:9.51M (Peak 9.51M) | Time:00:00.00 | Mem:0.00M, Peak:0.00M | Scene, ViewLayer | Updating Mesh | Copying Attributes to device
Fra:1 Mem:9.51M (Peak 9.51M) | Time:00:00.00 | Mem:0.00M, Peak:0.00M | Scene, ViewLayer | Updating Scene BVH | Building
Fra:1 Mem:9.51M (Peak 9.51M) | Time:00:00.00 | Mem:0.00M, Peak:0.00M | Scene, ViewLayer | Updating Scene BVH | Building BVH
Fra:1 Mem:9.51M (Peak 9.51M) | Time:00:00.00 | Mem:0.01M, Peak:0.01M | Scene, ViewLayer | Updating Scene BVH | Building BVH 0%
Fra:1 Mem:9.51M (Peak 9.51M) | Time:00:00.00 | Mem:0.01M, Peak:0.01M | Scene, ViewLayer | Updating Scene BVH | Copying BVH to device
Fra:1 Mem:9.51M (Peak 9.51M) | Time:00:00.00 | Mem:0.01M, Peak:0.01M | Scene, ViewLayer | Updating Mesh | Computing normals
Fra:1 Mem:9.52M (Peak 9.52M) | Time:00:00.00 | Mem:0.01M, Peak:0.01M | Scene, ViewLayer | Updating Mesh | Copying Mesh to device
Fra:1 Mem:9.52M (Peak 9.52M) | Time:00:00.00 | Mem:0.01M, Peak:0.01M | Scene, ViewLayer | Updating Objects Flags
Fra:1 Mem:9.52M (Peak 9.52M) | Time:00:00.00 | Mem:0.01M, Peak:0.01M | Scene, ViewLayer | Updating Primitive Offsets
Fra:1 Mem:9.52M (Peak 9.52M) | Time:00:00.00 | Mem:0.01M, Peak:0.01M | Scene, ViewLayer | Updating Images
Fra:1 Mem:9.52M (Peak 9.52M) | Time:00:00.00 | Mem:0.01M, Peak:0.01M | Scene, ViewLayer | Updating Images | Loading 01120.exr
Fra:1 Mem:9.64M (Peak 9.64M) | Time:00:00.00 | Mem:0.01M, Peak:0.01M | Scene, ViewLayer | Updating Images | Loading veined_0150.jpg
Fra:1 Mem:10.30M (Peak 10.30M) | Time:00:00.00 | Mem:0.78M, Peak:0.78M | Scene, ViewLayer | Updating Camera Volume
Fra:1 Mem:10.30M (Peak 10.30M) | Time:00:00.00 | Mem:0.78M, Peak:0.78M | Scene, ViewLayer | Updating Lookup Tables
Fra:1 Mem:10.30M (Peak 10.30M) | Time:00:00.00 | Mem:1.03M, Peak:1.03M | Scene, ViewLayer | Updating Lights
Fra:1 Mem:10.30M (Peak 10.30M) | Time:00:00.00 | Mem:1.03M, Peak:1.03M | Scene, ViewLayer | Updating Lights | Computing distribution
Fra:1 Mem:10.30M (Peak 10.30M) | Time:00:00.00 | Mem:1.03M, Peak:1.03M | Scene, ViewLayer | Updating Lights | Importance map
Fra:1 Mem:74.33M (Peak 362.43M) | Time:00:00.15 | Mem:65.07M, Peak:225.04M | Scene, ViewLayer | Updating Integrator
Fra:1 Mem:74.34M (Peak 362.43M) | Time:00:00.15 | Mem:65.08M, Peak:225.04M | Scene, ViewLayer | Updating Film
Fra:1 Mem:74.34M (Peak 362.43M) | Time:00:00.15 | Mem:64.83M, Peak:225.04M | Scene, ViewLayer | Updating Lookup Tables
Fra:1 Mem:74.34M (Peak 362.43M) | Time:00:00.15 | Mem:65.08M, Peak:225.04M | Scene, ViewLayer | Updating Baking
Fra:1 Mem:74.34M (Peak 362.43M) | Time:00:00.15 | Mem:65.08M, Peak:225.04M | Scene, ViewLayer | Updating Device | Writing constant memory
Fra:1 Mem:74.34M (Peak 362.43M) | Time:00:00.15 | Mem:65.08M, Peak:225.04M | Scene, ViewLayer | Sample 0/32
Fra:1 Mem:93.43M (Peak 362.43M) | Time:00:00.15 | Remaining:00:00.20 | Mem:84.08M, Peak:225.04M | Scene, ViewLayer | Sample 1/32
Fra:1 Mem:101.43M (Peak 362.43M) | Time:00:00.38 | Mem:84.08M, Peak:225.04M | Scene, ViewLayer | Sample 32/32
Fra:1 Mem:101.43M (Peak 362.43M) | Time:00:00.38 | Mem:84.08M, Peak:225.04M | Scene, ViewLayer | Finished
Saved: '/home/janus/iwi9-datasets/objaverse-rendering/no_textures_5/502b3e5d7e3e4194a9392e8151a34142/006.png'
 Time: 00:00.41 (Saving: 00:00.03)

Fra:1 Mem:9.46M (Peak 9.49M) | Time:00:00.00 | Mem:0.00M, Peak:0.00M | Scene, ViewLayer | Synchronizing object | pCube1_lambert1_0
Fra:1 Mem:9.47M (Peak 9.49M) | Time:00:00.00 | Mem:0.00M, Peak:0.00M | Scene, ViewLayer | Initializing
Fra:1 Mem:9.28M (Peak 9.49M) | Time:00:00.00 | Mem:0.00M, Peak:0.00M | Scene, ViewLayer | Waiting for render to start
Fra:1 Mem:9.28M (Peak 9.49M) | Time:00:00.00 | Mem:0.00M, Peak:0.00M | Scene, ViewLayer | Loading render kernels (may take a few minutes the first time)
Fra:1 Mem:9.28M (Peak 9.49M) | Time:00:00.00 | Mem:0.00M, Peak:0.00M | Scene, ViewLayer | Updating Scene
Fra:1 Mem:9.28M (Peak 9.49M) | Time:00:00.00 | Mem:0.00M, Peak:0.00M | Scene, ViewLayer | Updating Shaders
Fra:1 Mem:9.53M (Peak 9.53M) | Time:00:00.00 | Mem:0.00M, Peak:0.00M | Scene, ViewLayer | Updating Procedurals
Fra:1 Mem:9.53M (Peak 9.53M) | Time:00:00.00 | Mem:0.00M, Peak:0.00M | Scene, ViewLayer | Updating Background
Fra:1 Mem:9.53M (Peak 9.53M) | Time:00:00.00 | Mem:0.00M, Peak:0.00M | Scene, ViewLayer | Updating Camera
Fra:1 Mem:9.53M (Peak 9.53M) | Time:00:00.00 | Mem:0.00M, Peak:0.00M | Scene, ViewLayer | Updating Meshes Flags
Fra:1 Mem:9.53M (Peak 9.53M) | Time:00:00.00 | Mem:0.00M, Peak:0.00M | Scene, ViewLayer | Updating Objects
Fra:1 Mem:9.53M (Peak 9.53M) | Time:00:00.00 | Mem:0.00M, Peak:0.00M | Scene, ViewLayer | Updating Objects | Copying Transformations to device
Fra:1 Mem:9.53M (Peak 9.53M) | Time:00:00.00 | Mem:0.00M, Peak:0.00M | Scene, ViewLayer | Updating Objects | Applying Static Transformations
Fra:1 Mem:9.53M (Peak 9.53M) | Time:00:00.00 | Mem:0.00M, Peak:0.00M | Scene, ViewLayer | Updating Particle Systems
Fra:1 Mem:9.53M (Peak 9.53M) | Time:00:00.00 | Mem:0.00M, Peak:0.00M | Scene, ViewLayer | Updating Particle Systems | Copying Particles to device
Fra:1 Mem:9.53M (Peak 9.53M) | Time:00:00.00 | Mem:0.00M, Peak:0.00M | Scene, ViewLayer | Updating Meshes
Fra:1 Mem:9.53M (Peak 9.53M) | Time:00:00.00 | Mem:0.00M, Peak:0.00M | Scene, ViewLayer | Updating Mesh | Computing attributes
Fra:1 Mem:9.54M (Peak 9.54M) | Time:00:00.00 | Mem:0.00M, Peak:0.00M | Scene, ViewLayer | Updating Mesh | Copying Attributes to device
Fra:1 Mem:9.54M (Peak 9.54M) | Time:00:00.00 | Mem:0.00M, Peak:0.00M | Scene, ViewLayer | Updating Scene BVH | Building
Fra:1 Mem:9.54M (Peak 9.54M) | Time:00:00.00 | Mem:0.00M, Peak:0.00M | Scene, ViewLayer | Updating Scene BVH | Building BVH
Fra:1 Mem:9.54M (Peak 9.54M) | Time:00:00.00 | Mem:0.01M, Peak:0.01M | Scene, ViewLayer | Updating Scene BVH | Building BVH 0%
Fra:1 Mem:9.54M (Peak 9.54M) | Time:00:00.00 | Mem:0.01M, Peak:0.01M | Scene, ViewLayer | Updating Scene BVH | Copying BVH to device
Fra:1 Mem:9.54M (Peak 9.54M) | Time:00:00.00 | Mem:0.01M, Peak:0.01M | Scene, ViewLayer | Updating Mesh | Computing normals
Fra:1 Mem:9.54M (Peak 9.54M) | Time:00:00.00 | Mem:0.01M, Peak:0.01M | Scene, ViewLayer | Updating Mesh | Copying Mesh to device
Fra:1 Mem:9.54M (Peak 9.54M) | Time:00:00.00 | Mem:0.01M, Peak:0.01M | Scene, ViewLayer | Updating Objects Flags
Fra:1 Mem:9.54M (Peak 9.54M) | Time:00:00.00 | Mem:0.01M, Peak:0.01M | Scene, ViewLayer | Updating Primitive Offsets
Fra:1 Mem:9.54M (Peak 9.54M) | Time:00:00.00 | Mem:0.01M, Peak:0.01M | Scene, ViewLayer | Updating Images
Fra:1 Mem:9.54M (Peak 9.54M) | Time:00:00.00 | Mem:0.01M, Peak:0.01M | Scene, ViewLayer | Updating Images | Loading 01120.exr
Fra:1 Mem:9.66M (Peak 9.66M) | Time:00:00.00 | Mem:0.01M, Peak:0.01M | Scene, ViewLayer | Updating Images | Loading bumpy_0079.jpg
Fra:1 Mem:10.02M (Peak 10.02M) | Time:00:00.00 | Mem:0.48M, Peak:0.48M | Scene, ViewLayer | Updating Camera Volume
Fra:1 Mem:10.02M (Peak 10.02M) | Time:00:00.00 | Mem:0.48M, Peak:0.48M | Scene, ViewLayer | Updating Lookup Tables
Fra:1 Mem:10.02M (Peak 10.02M) | Time:00:00.00 | Mem:0.73M, Peak:0.73M | Scene, ViewLayer | Updating Lights
Fra:1 Mem:10.02M (Peak 10.02M) | Time:00:00.00 | Mem:0.73M, Peak:0.73M | Scene, ViewLayer | Updating Lights | Computing distribution
Fra:1 Mem:10.02M (Peak 10.02M) | Time:00:00.00 | Mem:0.73M, Peak:0.73M | Scene, ViewLayer | Updating Lights | Importance map
Fra:1 Mem:74.05M (Peak 362.15M) | Time:00:00.15 | Mem:64.77M, Peak:224.74M | Scene, ViewLayer | Updating Integrator
Fra:1 Mem:74.06M (Peak 362.15M) | Time:00:00.15 | Mem:64.78M, Peak:224.74M | Scene, ViewLayer | Updating Film
Fra:1 Mem:74.06M (Peak 362.15M) | Time:00:00.15 | Mem:64.53M, Peak:224.74M | Scene, ViewLayer | Updating Lookup Tables
Fra:1 Mem:74.06M (Peak 362.15M) | Time:00:00.15 | Mem:64.78M, Peak:224.74M | Scene, ViewLayer | Updating Baking
Fra:1 Mem:74.06M (Peak 362.15M) | Time:00:00.15 | Mem:64.78M, Peak:224.74M | Scene, ViewLayer | Updating Device | Writing constant memory
Fra:1 Mem:74.06M (Peak 362.15M) | Time:00:00.15 | Mem:64.78M, Peak:224.74M | Scene, ViewLayer | Sample 0/32
Fra:1 Mem:93.15M (Peak 362.15M) | Time:00:00.15 | Remaining:00:00.21 | Mem:83.78M, Peak:224.74M | Scene, ViewLayer | Sample 1/32
Fra:1 Mem:101.15M (Peak 362.15M) | Time:00:00.41 | Mem:83.78M, Peak:224.74M | Scene, ViewLayer | Sample 32/32
Fra:1 Mem:101.15M (Peak 362.15M) | Time:00:00.41 | Mem:83.78M, Peak:224.74M | Scene, ViewLayer | Finished
Saved: '/home/janus/iwi9-datasets/objaverse-rendering/no_textures_5/502b3e5d7e3e4194a9392e8151a34142/007.png'
 Time: 00:00.44 (Saving: 00:00.03)

Fra:1 Mem:9.48M (Peak 9.52M) | Time:00:00.00 | Mem:0.00M, Peak:0.00M | Scene, ViewLayer | Synchronizing object | pCube1_lambert1_0
Fra:1 Mem:9.49M (Peak 9.52M) | Time:00:00.00 | Mem:0.00M, Peak:0.00M | Scene, ViewLayer | Initializing
Fra:1 Mem:9.30M (Peak 9.52M) | Time:00:00.00 | Mem:0.00M, Peak:0.00M | Scene, ViewLayer | Waiting for render to start
Fra:1 Mem:9.30M (Peak 9.52M) | Time:00:00.00 | Mem:0.00M, Peak:0.00M | Scene, ViewLayer | Loading render kernels (may take a few minutes the first time)
Fra:1 Mem:9.30M (Peak 9.52M) | Time:00:00.00 | Mem:0.00M, Peak:0.00M | Scene, ViewLayer | Updating Scene
Fra:1 Mem:9.30M (Peak 9.52M) | Time:00:00.00 | Mem:0.00M, Peak:0.00M | Scene, ViewLayer | Updating Shaders
Fra:1 Mem:9.56M (Peak 9.56M) | Time:00:00.00 | Mem:0.00M, Peak:0.00M | Scene, ViewLayer | Updating Procedurals
Fra:1 Mem:9.56M (Peak 9.56M) | Time:00:00.00 | Mem:0.00M, Peak:0.00M | Scene, ViewLayer | Updating Background
Fra:1 Mem:9.56M (Peak 9.56M) | Time:00:00.00 | Mem:0.00M, Peak:0.00M | Scene, ViewLayer | Updating Camera
Fra:1 Mem:9.56M (Peak 9.56M) | Time:00:00.00 | Mem:0.00M, Peak:0.00M | Scene, ViewLayer | Updating Meshes Flags
Fra:1 Mem:9.56M (Peak 9.56M) | Time:00:00.00 | Mem:0.00M, Peak:0.00M | Scene, ViewLayer | Updating Objects
Fra:1 Mem:9.56M (Peak 9.56M) | Time:00:00.00 | Mem:0.00M, Peak:0.00M | Scene, ViewLayer | Updating Objects | Copying Transformations to device
Fra:1 Mem:9.56M (Peak 9.56M) | Time:00:00.00 | Mem:0.00M, Peak:0.00M | Scene, ViewLayer | Updating Objects | Applying Static Transformations
Fra:1 Mem:9.56M (Peak 9.56M) | Time:00:00.00 | Mem:0.00M, Peak:0.00M | Scene, ViewLayer | Updating Particle Systems
Fra:1 Mem:9.56M (Peak 9.56M) | Time:00:00.00 | Mem:0.00M, Peak:0.00M | Scene, ViewLayer | Updating Particle Systems | Copying Particles to device
Fra:1 Mem:9.56M (Peak 9.56M) | Time:00:00.00 | Mem:0.00M, Peak:0.00M | Scene, ViewLayer | Updating Meshes
Fra:1 Mem:9.56M (Peak 9.56M) | Time:00:00.00 | Mem:0.00M, Peak:0.00M | Scene, ViewLayer | Updating Mesh | Computing attributes
Fra:1 Mem:9.56M (Peak 9.56M) | Time:00:00.00 | Mem:0.00M, Peak:0.00M | Scene, ViewLayer | Updating Mesh | Copying Attributes to device
Fra:1 Mem:9.56M (Peak 9.56M) | Time:00:00.00 | Mem:0.00M, Peak:0.00M | Scene, ViewLayer | Updating Scene BVH | Building
Fra:1 Mem:9.56M (Peak 9.56M) | Time:00:00.00 | Mem:0.00M, Peak:0.00M | Scene, ViewLayer | Updating Scene BVH | Building BVH
Fra:1 Mem:9.56M (Peak 9.56M) | Time:00:00.00 | Mem:0.01M, Peak:0.01M | Scene, ViewLayer | Updating Scene BVH | Building BVH 0%
Fra:1 Mem:9.56M (Peak 9.56M) | Time:00:00.00 | Mem:0.01M, Peak:0.01M | Scene, ViewLayer | Updating Scene BVH | Copying BVH to device
Fra:1 Mem:9.56M (Peak 9.56M) | Time:00:00.00 | Mem:0.01M, Peak:0.01M | Scene, ViewLayer | Updating Mesh | Computing normals
Fra:1 Mem:9.56M (Peak 9.56M) | Time:00:00.00 | Mem:0.01M, Peak:0.01M | Scene, ViewLayer | Updating Mesh | Copying Mesh to device
Fra:1 Mem:9.56M (Peak 9.56M) | Time:00:00.00 | Mem:0.01M, Peak:0.01M | Scene, ViewLayer | Updating Objects Flags
Fra:1 Mem:9.56M (Peak 9.56M) | Time:00:00.00 | Mem:0.01M, Peak:0.01M | Scene, ViewLayer | Updating Primitive Offsets
Fra:1 Mem:9.56M (Peak 9.56M) | Time:00:00.00 | Mem:0.01M, Peak:0.01M | Scene, ViewLayer | Updating Images
Fra:1 Mem:9.56M (Peak 9.56M) | Time:00:00.00 | Mem:0.01M, Peak:0.01M | Scene, ViewLayer | Updating Images | Loading 01120.exr
Fra:1 Mem:9.69M (Peak 9.69M) | Time:00:00.00 | Mem:0.01M, Peak:0.01M | Scene, ViewLayer | Updating Images | Loading gauzy_0127.jpg
Fra:1 Mem:10.19M (Peak 10.19M) | Time:00:00.00 | Mem:0.63M, Peak:0.63M | Scene, ViewLayer | Updating Camera Volume
Fra:1 Mem:10.19M (Peak 10.19M) | Time:00:00.00 | Mem:0.63M, Peak:0.63M | Scene, ViewLayer | Updating Lookup Tables
Fra:1 Mem:10.19M (Peak 10.19M) | Time:00:00.00 | Mem:0.88M, Peak:0.88M | Scene, ViewLayer | Updating Lights
Fra:1 Mem:10.19M (Peak 10.19M) | Time:00:00.00 | Mem:0.88M, Peak:0.88M | Scene, ViewLayer | Updating Lights | Computing distribution
Fra:1 Mem:10.19M (Peak 10.19M) | Time:00:00.00 | Mem:0.88M, Peak:0.88M | Scene, ViewLayer | Updating Lights | Importance map
Fra:1 Mem:74.22M (Peak 362.32M) | Time:00:00.15 | Mem:64.92M, Peak:224.89M | Scene, ViewLayer | Updating Integrator
Fra:1 Mem:74.23M (Peak 362.32M) | Time:00:00.15 | Mem:64.93M, Peak:224.89M | Scene, ViewLayer | Updating Film
Fra:1 Mem:74.24M (Peak 362.32M) | Time:00:00.15 | Mem:64.68M, Peak:224.89M | Scene, ViewLayer | Updating Lookup Tables
Fra:1 Mem:74.24M (Peak 362.32M) | Time:00:00.15 | Mem:64.93M, Peak:224.89M | Scene, ViewLayer | Updating Baking
Fra:1 Mem:74.24M (Peak 362.32M) | Time:00:00.15 | Mem:64.93M, Peak:224.89M | Scene, ViewLayer | Updating Device | Writing constant memory
Fra:1 Mem:74.24M (Peak 362.32M) | Time:00:00.15 | Mem:64.93M, Peak:224.89M | Scene, ViewLayer | Sample 0/32
Fra:1 Mem:93.32M (Peak 362.32M) | Time:00:00.16 | Remaining:00:00.24 | Mem:83.93M, Peak:224.89M | Scene, ViewLayer | Sample 1/32
Fra:1 Mem:101.33M (Peak 362.32M) | Time:00:00.46 | Mem:83.93M, Peak:224.89M | Scene, ViewLayer | Sample 32/32
Fra:1 Mem:101.33M (Peak 362.32M) | Time:00:00.46 | Mem:83.93M, Peak:224.89M | Scene, ViewLayer | Finished
Saved: '/home/janus/iwi9-datasets/objaverse-rendering/no_textures_5/502b3e5d7e3e4194a9392e8151a34142/008.png'
 Time: 00:00.49 (Saving: 00:00.03)

Fra:1 Mem:9.51M (Peak 9.54M) | Time:00:00.00 | Mem:0.00M, Peak:0.00M | Scene, ViewLayer | Synchronizing object | pCube1_lambert1_0
Fra:1 Mem:9.51M (Peak 9.54M) | Time:00:00.00 | Mem:0.00M, Peak:0.00M | Scene, ViewLayer | Initializing
Fra:1 Mem:9.32M (Peak 9.54M) | Time:00:00.00 | Mem:0.00M, Peak:0.00M | Scene, ViewLayer | Waiting for render to start
Fra:1 Mem:9.33M (Peak 9.54M) | Time:00:00.00 | Mem:0.00M, Peak:0.00M | Scene, ViewLayer | Loading render kernels (may take a few minutes the first time)
Fra:1 Mem:9.33M (Peak 9.54M) | Time:00:00.00 | Mem:0.00M, Peak:0.00M | Scene, ViewLayer | Updating Scene
Fra:1 Mem:9.33M (Peak 9.54M) | Time:00:00.00 | Mem:0.00M, Peak:0.00M | Scene, ViewLayer | Updating Shaders
Fra:1 Mem:9.58M (Peak 9.58M) | Time:00:00.00 | Mem:0.00M, Peak:0.00M | Scene, ViewLayer | Updating Procedurals
Fra:1 Mem:9.58M (Peak 9.58M) | Time:00:00.00 | Mem:0.00M, Peak:0.00M | Scene, ViewLayer | Updating Background
Fra:1 Mem:9.58M (Peak 9.58M) | Time:00:00.00 | Mem:0.00M, Peak:0.00M | Scene, ViewLayer | Updating Camera
Fra:1 Mem:9.58M (Peak 9.58M) | Time:00:00.00 | Mem:0.00M, Peak:0.00M | Scene, ViewLayer | Updating Meshes Flags
Fra:1 Mem:9.58M (Peak 9.58M) | Time:00:00.00 | Mem:0.00M, Peak:0.00M | Scene, ViewLayer | Updating Objects
Fra:1 Mem:9.58M (Peak 9.58M) | Time:00:00.00 | Mem:0.00M, Peak:0.00M | Scene, ViewLayer | Updating Objects | Copying Transformations to device
Fra:1 Mem:9.58M (Peak 9.58M) | Time:00:00.00 | Mem:0.00M, Peak:0.00M | Scene, ViewLayer | Updating Objects | Applying Static Transformations
Fra:1 Mem:9.58M (Peak 9.58M) | Time:00:00.00 | Mem:0.00M, Peak:0.00M | Scene, ViewLayer | Updating Particle Systems
Fra:1 Mem:9.58M (Peak 9.58M) | Time:00:00.00 | Mem:0.00M, Peak:0.00M | Scene, ViewLayer | Updating Particle Systems | Copying Particles to device
Fra:1 Mem:9.58M (Peak 9.58M) | Time:00:00.00 | Mem:0.00M, Peak:0.00M | Scene, ViewLayer | Updating Meshes
Fra:1 Mem:9.58M (Peak 9.58M) | Time:00:00.00 | Mem:0.00M, Peak:0.00M | Scene, ViewLayer | Updating Mesh | Computing attributes
Fra:1 Mem:9.58M (Peak 9.58M) | Time:00:00.00 | Mem:0.00M, Peak:0.00M | Scene, ViewLayer | Updating Mesh | Copying Attributes to device
Fra:1 Mem:9.58M (Peak 9.58M) | Time:00:00.00 | Mem:0.00M, Peak:0.00M | Scene, ViewLayer | Updating Scene BVH | Building
Fra:1 Mem:9.58M (Peak 9.58M) | Time:00:00.00 | Mem:0.00M, Peak:0.00M | Scene, ViewLayer | Updating Scene BVH | Building BVH
Fra:1 Mem:9.58M (Peak 9.58M) | Time:00:00.00 | Mem:0.01M, Peak:0.01M | Scene, ViewLayer | Updating Scene BVH | Building BVH 0%
Fra:1 Mem:9.58M (Peak 9.58M) | Time:00:00.00 | Mem:0.01M, Peak:0.01M | Scene, ViewLayer | Updating Scene BVH | Copying BVH to device
Fra:1 Mem:9.58M (Peak 9.58M) | Time:00:00.00 | Mem:0.01M, Peak:0.01M | Scene, ViewLayer | Updating Mesh | Computing normals
Fra:1 Mem:9.58M (Peak 9.58M) | Time:00:00.00 | Mem:0.01M, Peak:0.01M | Scene, ViewLayer | Updating Mesh | Copying Mesh to device
Fra:1 Mem:9.58M (Peak 9.58M) | Time:00:00.00 | Mem:0.01M, Peak:0.01M | Scene, ViewLayer | Updating Objects Flags
Fra:1 Mem:9.58M (Peak 9.58M) | Time:00:00.00 | Mem:0.01M, Peak:0.01M | Scene, ViewLayer | Updating Primitive Offsets
Fra:1 Mem:9.58M (Peak 9.58M) | Time:00:00.00 | Mem:0.01M, Peak:0.01M | Scene, ViewLayer | Updating Images
Fra:1 Mem:9.58M (Peak 9.58M) | Time:00:00.00 | Mem:0.01M, Peak:0.01M | Scene, ViewLayer | Updating Images | Loading 01120.exr
Fra:1 Mem:9.71M (Peak 9.71M) | Time:00:00.00 | Mem:0.01M, Peak:0.01M | Scene, ViewLayer | Updating Images | Loading bumpy_0070.jpg
Fra:1 Mem:10.76M (Peak 10.76M) | Time:00:00.01 | Mem:1.18M, Peak:1.18M | Scene, ViewLayer | Updating Camera Volume
Fra:1 Mem:10.76M (Peak 10.76M) | Time:00:00.01 | Mem:1.18M, Peak:1.18M | Scene, ViewLayer | Updating Lookup Tables
Fra:1 Mem:10.76M (Peak 10.76M) | Time:00:00.01 | Mem:1.43M, Peak:1.43M | Scene, ViewLayer | Updating Lights
Fra:1 Mem:10.76M (Peak 10.76M) | Time:00:00.01 | Mem:1.43M, Peak:1.43M | Scene, ViewLayer | Updating Lights | Computing distribution
Fra:1 Mem:10.76M (Peak 10.76M) | Time:00:00.01 | Mem:1.43M, Peak:1.43M | Scene, ViewLayer | Updating Lights | Importance map
Fra:1 Mem:74.79M (Peak 362.89M) | Time:00:00.15 | Mem:65.47M, Peak:225.44M | Scene, ViewLayer | Updating Integrator
Fra:1 Mem:74.80M (Peak 362.89M) | Time:00:00.15 | Mem:65.48M, Peak:225.44M | Scene, ViewLayer | Updating Film
Fra:1 Mem:74.81M (Peak 362.89M) | Time:00:00.15 | Mem:65.23M, Peak:225.44M | Scene, ViewLayer | Updating Lookup Tables
Fra:1 Mem:74.81M (Peak 362.89M) | Time:00:00.15 | Mem:65.48M, Peak:225.44M | Scene, ViewLayer | Updating Baking
Fra:1 Mem:74.81M (Peak 362.89M) | Time:00:00.15 | Mem:65.48M, Peak:225.44M | Scene, ViewLayer | Updating Device | Writing constant memory
Fra:1 Mem:74.81M (Peak 362.89M) | Time:00:00.15 | Mem:65.48M, Peak:225.44M | Scene, ViewLayer | Sample 0/32
Fra:1 Mem:93.90M (Peak 362.89M) | Time:00:00.16 | Remaining:00:00.30 | Mem:84.48M, Peak:225.44M | Scene, ViewLayer | Sample 1/32
Fra:1 Mem:101.90M (Peak 362.89M) | Time:00:00.46 | Mem:84.48M, Peak:225.44M | Scene, ViewLayer | Sample 32/32
Fra:1 Mem:101.90M (Peak 362.89M) | Time:00:00.46 | Mem:84.48M, Peak:225.44M | Scene, ViewLayer | Finished
Saved: '/home/janus/iwi9-datasets/objaverse-rendering/no_textures_5/502b3e5d7e3e4194a9392e8151a34142/009.png'
 Time: 00:00.49 (Saving: 00:00.03)

Fra:1 Mem:9.53M (Peak 9.56M) | Time:00:00.00 | Mem:0.00M, Peak:0.00M | Scene, ViewLayer | Synchronizing object | pCube1_lambert1_0
Fra:1 Mem:9.53M (Peak 9.56M) | Time:00:00.00 | Mem:0.00M, Peak:0.00M | Scene, ViewLayer | Initializing
Fra:1 Mem:9.35M (Peak 9.56M) | Time:00:00.00 | Mem:0.00M, Peak:0.00M | Scene, ViewLayer | Waiting for render to start
Fra:1 Mem:9.35M (Peak 9.56M) | Time:00:00.00 | Mem:0.00M, Peak:0.00M | Scene, ViewLayer | Loading render kernels (may take a few minutes the first time)
Fra:1 Mem:9.35M (Peak 9.56M) | Time:00:00.00 | Mem:0.00M, Peak:0.00M | Scene, ViewLayer | Updating Scene
Fra:1 Mem:9.35M (Peak 9.56M) | Time:00:00.00 | Mem:0.00M, Peak:0.00M | Scene, ViewLayer | Updating Shaders
Fra:1 Mem:9.60M (Peak 9.60M) | Time:00:00.00 | Mem:0.00M, Peak:0.00M | Scene, ViewLayer | Updating Procedurals
Fra:1 Mem:9.60M (Peak 9.60M) | Time:00:00.00 | Mem:0.00M, Peak:0.00M | Scene, ViewLayer | Updating Background
Fra:1 Mem:9.60M (Peak 9.60M) | Time:00:00.00 | Mem:0.00M, Peak:0.00M | Scene, ViewLayer | Updating Camera
Fra:1 Mem:9.60M (Peak 9.60M) | Time:00:00.00 | Mem:0.00M, Peak:0.00M | Scene, ViewLayer | Updating Meshes Flags
Fra:1 Mem:9.60M (Peak 9.60M) | Time:00:00.00 | Mem:0.00M, Peak:0.00M | Scene, ViewLayer | Updating Objects
Fra:1 Mem:9.60M (Peak 9.60M) | Time:00:00.00 | Mem:0.00M, Peak:0.00M | Scene, ViewLayer | Updating Objects | Copying Transformations to device
Fra:1 Mem:9.60M (Peak 9.60M) | Time:00:00.00 | Mem:0.00M, Peak:0.00M | Scene, ViewLayer | Updating Objects | Applying Static Transformations
Fra:1 Mem:9.60M (Peak 9.60M) | Time:00:00.00 | Mem:0.00M, Peak:0.00M | Scene, ViewLayer | Updating Particle Systems
Fra:1 Mem:9.60M (Peak 9.60M) | Time:00:00.00 | Mem:0.00M, Peak:0.00M | Scene, ViewLayer | Updating Particle Systems | Copying Particles to device
Fra:1 Mem:9.60M (Peak 9.60M) | Time:00:00.00 | Mem:0.00M, Peak:0.00M | Scene, ViewLayer | Updating Meshes
Fra:1 Mem:9.60M (Peak 9.60M) | Time:00:00.00 | Mem:0.00M, Peak:0.00M | Scene, ViewLayer | Updating Mesh | Computing attributes
Fra:1 Mem:9.60M (Peak 9.60M) | Time:00:00.00 | Mem:0.00M, Peak:0.00M | Scene, ViewLayer | Updating Mesh | Copying Attributes to device
Fra:1 Mem:9.60M (Peak 9.60M) | Time:00:00.00 | Mem:0.00M, Peak:0.00M | Scene, ViewLayer | Updating Scene BVH | Building
Fra:1 Mem:9.60M (Peak 9.60M) | Time:00:00.00 | Mem:0.00M, Peak:0.00M | Scene, ViewLayer | Updating Scene BVH | Building BVH
Fra:1 Mem:9.60M (Peak 9.60M) | Time:00:00.00 | Mem:0.01M, Peak:0.01M | Scene, ViewLayer | Updating Scene BVH | Building BVH 0%
Fra:1 Mem:9.60M (Peak 9.60M) | Time:00:00.00 | Mem:0.01M, Peak:0.01M | Scene, ViewLayer | Updating Scene BVH | Copying BVH to device
Fra:1 Mem:9.60M (Peak 9.60M) | Time:00:00.00 | Mem:0.01M, Peak:0.01M | Scene, ViewLayer | Updating Mesh | Computing normals
Fra:1 Mem:9.61M (Peak 9.61M) | Time:00:00.00 | Mem:0.01M, Peak:0.01M | Scene, ViewLayer | Updating Mesh | Copying Mesh to device
Fra:1 Mem:9.61M (Peak 9.61M) | Time:00:00.00 | Mem:0.01M, Peak:0.01M | Scene, ViewLayer | Updating Objects Flags
Fra:1 Mem:9.61M (Peak 9.61M) | Time:00:00.00 | Mem:0.01M, Peak:0.01M | Scene, ViewLayer | Updating Primitive Offsets
Fra:1 Mem:9.61M (Peak 9.61M) | Time:00:00.00 | Mem:0.01M, Peak:0.01M | Scene, ViewLayer | Updating Images
Fra:1 Mem:9.61M (Peak 9.61M) | Time:00:00.00 | Mem:0.01M, Peak:0.01M | Scene, ViewLayer | Updating Images | Loading 01120.exr
Fra:1 Mem:9.73M (Peak 9.73M) | Time:00:00.00 | Mem:0.01M, Peak:0.01M | Scene, ViewLayer | Updating Images | Loading pleated_0158.jpg
Fra:1 Mem:10.41M (Peak 10.41M) | Time:00:00.00 | Mem:0.81M, Peak:0.81M | Scene, ViewLayer | Updating Camera Volume
Fra:1 Mem:10.41M (Peak 10.41M) | Time:00:00.00 | Mem:0.81M, Peak:0.81M | Scene, ViewLayer | Updating Lookup Tables
Fra:1 Mem:10.41M (Peak 10.41M) | Time:00:00.00 | Mem:1.06M, Peak:1.06M | Scene, ViewLayer | Updating Lights
Fra:1 Mem:10.41M (Peak 10.41M) | Time:00:00.00 | Mem:1.06M, Peak:1.06M | Scene, ViewLayer | Updating Lights | Computing distribution
Fra:1 Mem:10.41M (Peak 10.41M) | Time:00:00.00 | Mem:1.06M, Peak:1.06M | Scene, ViewLayer | Updating Lights | Importance map
Fra:1 Mem:74.45M (Peak 362.54M) | Time:00:00.14 | Mem:65.10M, Peak:225.07M | Scene, ViewLayer | Updating Integrator
Fra:1 Mem:74.45M (Peak 362.54M) | Time:00:00.14 | Mem:65.11M, Peak:225.07M | Scene, ViewLayer | Updating Film
Fra:1 Mem:74.46M (Peak 362.54M) | Time:00:00.14 | Mem:64.86M, Peak:225.07M | Scene, ViewLayer | Updating Lookup Tables
Fra:1 Mem:74.46M (Peak 362.54M) | Time:00:00.14 | Mem:65.11M, Peak:225.07M | Scene, ViewLayer | Updating Baking
Fra:1 Mem:74.46M (Peak 362.54M) | Time:00:00.14 | Mem:65.11M, Peak:225.07M | Scene, ViewLayer | Updating Device | Writing constant memory
Fra:1 Mem:74.46M (Peak 362.54M) | Time:00:00.14 | Mem:65.11M, Peak:225.07M | Scene, ViewLayer | Sample 0/32
Fra:1 Mem:93.55M (Peak 362.54M) | Time:00:00.15 | Remaining:00:00.19 | Mem:84.11M, Peak:225.07M | Scene, ViewLayer | Sample 1/32
Fra:1 Mem:101.55M (Peak 362.54M) | Time:00:00.38 | Mem:84.11M, Peak:225.07M | Scene, ViewLayer | Sample 32/32
Fra:1 Mem:101.55M (Peak 362.54M) | Time:00:00.38 | Mem:84.11M, Peak:225.07M | Scene, ViewLayer | Finished
Saved: '/home/janus/iwi9-datasets/objaverse-rendering/no_textures_5/502b3e5d7e3e4194a9392e8151a34142/010.png'
 Time: 00:00.41 (Saving: 00:00.03)

Fra:1 Mem:9.55M (Peak 9.58M) | Time:00:00.00 | Mem:0.00M, Peak:0.00M | Scene, ViewLayer | Synchronizing object | pCube1_lambert1_0
Fra:1 Mem:9.55M (Peak 9.58M) | Time:00:00.00 | Mem:0.00M, Peak:0.00M | Scene, ViewLayer | Initializing
Fra:1 Mem:9.37M (Peak 9.58M) | Time:00:00.00 | Mem:0.00M, Peak:0.00M | Scene, ViewLayer | Waiting for render to start
Fra:1 Mem:9.37M (Peak 9.58M) | Time:00:00.00 | Mem:0.00M, Peak:0.00M | Scene, ViewLayer | Loading render kernels (may take a few minutes the first time)
Fra:1 Mem:9.37M (Peak 9.58M) | Time:00:00.00 | Mem:0.00M, Peak:0.00M | Scene, ViewLayer | Updating Scene
Fra:1 Mem:9.37M (Peak 9.58M) | Time:00:00.00 | Mem:0.00M, Peak:0.00M | Scene, ViewLayer | Updating Shaders
Fra:1 Mem:9.62M (Peak 9.62M) | Time:00:00.00 | Mem:0.00M, Peak:0.00M | Scene, ViewLayer | Updating Procedurals
Fra:1 Mem:9.62M (Peak 9.62M) | Time:00:00.00 | Mem:0.00M, Peak:0.00M | Scene, ViewLayer | Updating Background
Fra:1 Mem:9.62M (Peak 9.62M) | Time:00:00.00 | Mem:0.00M, Peak:0.00M | Scene, ViewLayer | Updating Camera
Fra:1 Mem:9.62M (Peak 9.62M) | Time:00:00.00 | Mem:0.00M, Peak:0.00M | Scene, ViewLayer | Updating Meshes Flags
Fra:1 Mem:9.62M (Peak 9.62M) | Time:00:00.00 | Mem:0.00M, Peak:0.00M | Scene, ViewLayer | Updating Objects
Fra:1 Mem:9.62M (Peak 9.62M) | Time:00:00.00 | Mem:0.00M, Peak:0.00M | Scene, ViewLayer | Updating Objects | Copying Transformations to device
Fra:1 Mem:9.62M (Peak 9.62M) | Time:00:00.00 | Mem:0.00M, Peak:0.00M | Scene, ViewLayer | Updating Objects | Applying Static Transformations
Fra:1 Mem:9.62M (Peak 9.62M) | Time:00:00.00 | Mem:0.00M, Peak:0.00M | Scene, ViewLayer | Updating Particle Systems
Fra:1 Mem:9.62M (Peak 9.62M) | Time:00:00.00 | Mem:0.00M, Peak:0.00M | Scene, ViewLayer | Updating Particle Systems | Copying Particles to device
Fra:1 Mem:9.62M (Peak 9.62M) | Time:00:00.00 | Mem:0.00M, Peak:0.00M | Scene, ViewLayer | Updating Meshes
Fra:1 Mem:9.62M (Peak 9.62M) | Time:00:00.00 | Mem:0.00M, Peak:0.00M | Scene, ViewLayer | Updating Mesh | Computing attributes
Fra:1 Mem:9.63M (Peak 9.63M) | Time:00:00.00 | Mem:0.00M, Peak:0.00M | Scene, ViewLayer | Updating Mesh | Copying Attributes to device
Fra:1 Mem:9.62M (Peak 9.63M) | Time:00:00.00 | Mem:0.00M, Peak:0.00M | Scene, ViewLayer | Updating Scene BVH | Building
Fra:1 Mem:9.62M (Peak 9.63M) | Time:00:00.00 | Mem:0.00M, Peak:0.00M | Scene, ViewLayer | Updating Scene BVH | Building BVH
Fra:1 Mem:9.62M (Peak 9.63M) | Time:00:00.00 | Mem:0.01M, Peak:0.01M | Scene, ViewLayer | Updating Scene BVH | Building BVH 0%
Fra:1 Mem:9.62M (Peak 9.63M) | Time:00:00.00 | Mem:0.01M, Peak:0.01M | Scene, ViewLayer | Updating Scene BVH | Copying BVH to device
Fra:1 Mem:9.62M (Peak 9.63M) | Time:00:00.00 | Mem:0.01M, Peak:0.01M | Scene, ViewLayer | Updating Mesh | Computing normals
Fra:1 Mem:9.63M (Peak 9.63M) | Time:00:00.00 | Mem:0.01M, Peak:0.01M | Scene, ViewLayer | Updating Mesh | Copying Mesh to device
Fra:1 Mem:9.63M (Peak 9.63M) | Time:00:00.00 | Mem:0.01M, Peak:0.01M | Scene, ViewLayer | Updating Objects Flags
Fra:1 Mem:9.63M (Peak 9.63M) | Time:00:00.00 | Mem:0.01M, Peak:0.01M | Scene, ViewLayer | Updating Primitive Offsets
Fra:1 Mem:9.63M (Peak 9.63M) | Time:00:00.00 | Mem:0.01M, Peak:0.01M | Scene, ViewLayer | Updating Images
Fra:1 Mem:9.63M (Peak 9.63M) | Time:00:00.00 | Mem:0.01M, Peak:0.01M | Scene, ViewLayer | Updating Images | Loading 01120.exr
Fra:1 Mem:9.75M (Peak 9.75M) | Time:00:00.00 | Mem:0.01M, Peak:0.01M | Scene, ViewLayer | Updating Images | Loading smeared_0083.jpg
Fra:1 Mem:10.93M (Peak 10.93M) | Time:00:00.01 | Mem:1.30M, Peak:1.30M | Scene, ViewLayer | Updating Camera Volume
Fra:1 Mem:10.93M (Peak 10.93M) | Time:00:00.01 | Mem:1.30M, Peak:1.30M | Scene, ViewLayer | Updating Lookup Tables
Fra:1 Mem:10.93M (Peak 10.93M) | Time:00:00.01 | Mem:1.55M, Peak:1.55M | Scene, ViewLayer | Updating Lights
Fra:1 Mem:10.93M (Peak 10.93M) | Time:00:00.01 | Mem:1.55M, Peak:1.55M | Scene, ViewLayer | Updating Lights | Computing distribution
Fra:1 Mem:10.93M (Peak 10.93M) | Time:00:00.01 | Mem:1.55M, Peak:1.55M | Scene, ViewLayer | Updating Lights | Importance map
Fra:1 Mem:74.96M (Peak 363.06M) | Time:00:00.15 | Mem:65.59M, Peak:225.56M | Scene, ViewLayer | Updating Integrator
Fra:1 Mem:74.97M (Peak 363.06M) | Time:00:00.15 | Mem:65.60M, Peak:225.56M | Scene, ViewLayer | Updating Film
Fra:1 Mem:74.97M (Peak 363.06M) | Time:00:00.15 | Mem:65.35M, Peak:225.56M | Scene, ViewLayer | Updating Lookup Tables
Fra:1 Mem:74.97M (Peak 363.06M) | Time:00:00.15 | Mem:65.60M, Peak:225.56M | Scene, ViewLayer | Updating Baking
Fra:1 Mem:74.97M (Peak 363.06M) | Time:00:00.15 | Mem:65.60M, Peak:225.56M | Scene, ViewLayer | Updating Device | Writing constant memory
Fra:1 Mem:74.97M (Peak 363.06M) | Time:00:00.15 | Mem:65.60M, Peak:225.56M | Scene, ViewLayer | Sample 0/32
Fra:1 Mem:94.06M (Peak 363.06M) | Time:00:00.16 | Remaining:00:00.21 | Mem:84.60M, Peak:225.56M | Scene, ViewLayer | Sample 1/32
Fra:1 Mem:102.06M (Peak 363.06M) | Time:00:00.39 | Mem:84.60M, Peak:225.56M | Scene, ViewLayer | Sample 32/32
Fra:1 Mem:102.06M (Peak 363.06M) | Time:00:00.39 | Mem:84.60M, Peak:225.56M | Scene, ViewLayer | Finished
Saved: '/home/janus/iwi9-datasets/objaverse-rendering/no_textures_5/502b3e5d7e3e4194a9392e8151a34142/011.png'
 Time: 00:00.42 (Saving: 00:00.03)

Data are loaded, start creating Blender stuff
glTF import finished in 0.00s
Textures set to True
Textures set to True
Textures set to True
Textures set to True
Textures set to True
Textures set to True
Textures set to True
Textures set to True
Textures set to True
Textures set to True
Textures set to True
Textures set to True
Finished /home/janus/iwi9-datasets/objaverse-objects/hf-objaverse-v1/glbs/000-123/502b3e5d7e3e4194a9392e8151a34142.glb in 6.0068769454956055 seconds

Blender quit
/home/janus/iwi9-datasets/objaverse-objects/hf-objaverse-v1/glbs/000-088/169d6daba6e04e7aa81d29b92b7fb7aa.glb
Blender 3.3.1 (hash b292cfe5a936 built 2022-10-05 00:14:35)
/run/user/210289/gvfs/ non-existent directory
Fra:1 Mem:11.41M (Peak 11.51M) | Time:00:00.00 | Mem:0.00M, Peak:0.00M | Scene, ViewLayer | Synchronizing object | Stainless steel meal tray_Stainless steel meal tray mat_0
Fra:1 Mem:11.42M (Peak 11.51M) | Time:00:00.00 | Mem:0.00M, Peak:0.00M | Scene, ViewLayer | Initializing
Fra:1 Mem:11.22M (Peak 11.51M) | Time:00:00.00 | Mem:0.00M, Peak:0.00M | Scene, ViewLayer | Waiting for render to start
Fra:1 Mem:11.22M (Peak 11.51M) | Time:00:00.00 | Mem:0.00M, Peak:0.00M | Scene, ViewLayer | Loading render kernels (may take a few minutes the first time)
Fra:1 Mem:11.22M (Peak 11.51M) | Time:00:00.00 | Mem:0.00M, Peak:0.00M | Scene, ViewLayer | Updating Scene
Fra:1 Mem:11.22M (Peak 11.51M) | Time:00:00.00 | Mem:0.00M, Peak:0.00M | Scene, ViewLayer | Updating Shaders
Fra:1 Mem:11.72M (Peak 11.72M) | Time:00:00.04 | Mem:0.00M, Peak:0.00M | Scene, ViewLayer | Updating Procedurals
Fra:1 Mem:11.72M (Peak 11.72M) | Time:00:00.04 | Mem:0.00M, Peak:0.00M | Scene, ViewLayer | Updating Background
Fra:1 Mem:11.72M (Peak 11.72M) | Time:00:00.04 | Mem:0.00M, Peak:0.00M | Scene, ViewLayer | Updating Camera
Fra:1 Mem:11.72M (Peak 11.72M) | Time:00:00.04 | Mem:0.00M, Peak:0.00M | Scene, ViewLayer | Updating Meshes Flags
Fra:1 Mem:11.72M (Peak 11.72M) | Time:00:00.04 | Mem:0.00M, Peak:0.00M | Scene, ViewLayer | Updating Objects
Fra:1 Mem:11.72M (Peak 11.72M) | Time:00:00.04 | Mem:0.00M, Peak:0.00M | Scene, ViewLayer | Updating Objects | Copying Transformations to device
Fra:1 Mem:11.72M (Peak 11.72M) | Time:00:00.04 | Mem:0.00M, Peak:0.00M | Scene, ViewLayer | Updating Objects | Applying Static Transformations
Fra:1 Mem:11.72M (Peak 11.72M) | Time:00:00.04 | Mem:0.00M, Peak:0.00M | Scene, ViewLayer | Updating Particle Systems
Fra:1 Mem:11.72M (Peak 11.72M) | Time:00:00.04 | Mem:0.00M, Peak:0.00M | Scene, ViewLayer | Updating Particle Systems | Copying Particles to device
Fra:1 Mem:11.72M (Peak 11.72M) | Time:00:00.04 | Mem:0.00M, Peak:0.00M | Scene, ViewLayer | Updating Meshes
Fra:1 Mem:11.72M (Peak 11.72M) | Time:00:00.04 | Mem:0.00M, Peak:0.00M | Scene, ViewLayer | Updating Mesh | Computing attributes
Fra:1 Mem:11.73M (Peak 11.73M) | Time:00:00.04 | Mem:0.00M, Peak:0.00M | Scene, ViewLayer | Updating Mesh | Copying Attributes to device
Fra:1 Mem:11.73M (Peak 11.73M) | Time:00:00.04 | Mem:0.01M, Peak:0.01M | Scene, ViewLayer | Updating Scene BVH | Building
Fra:1 Mem:11.73M (Peak 11.73M) | Time:00:00.04 | Mem:0.01M, Peak:0.01M | Scene, ViewLayer | Updating Scene BVH | Building BVH
Fra:1 Mem:11.73M (Peak 11.73M) | Time:00:00.04 | Mem:0.01M, Peak:0.01M | Scene, ViewLayer | Updating Scene BVH | Building BVH 0%
Fra:1 Mem:11.73M (Peak 11.73M) | Time:00:00.04 | Mem:0.02M, Peak:0.02M | Scene, ViewLayer | Updating Scene BVH | Copying BVH to device
Fra:1 Mem:11.73M (Peak 11.73M) | Time:00:00.04 | Mem:0.02M, Peak:0.02M | Scene, ViewLayer | Updating Mesh | Computing normals
Fra:1 Mem:11.74M (Peak 11.74M) | Time:00:00.04 | Mem:0.02M, Peak:0.02M | Scene, ViewLayer | Updating Mesh | Copying Mesh to device
Fra:1 Mem:11.74M (Peak 11.74M) | Time:00:00.04 | Mem:0.03M, Peak:0.03M | Scene, ViewLayer | Updating Objects Flags
Fra:1 Mem:11.74M (Peak 11.74M) | Time:00:00.04 | Mem:0.03M, Peak:0.03M | Scene, ViewLayer | Updating Primitive Offsets
Fra:1 Mem:11.74M (Peak 11.74M) | Time:00:00.04 | Mem:0.03M, Peak:0.03M | Scene, ViewLayer | Updating Images
Fra:1 Mem:11.74M (Peak 11.74M) | Time:00:00.04 | Mem:0.03M, Peak:0.03M | Scene, ViewLayer | Updating Images | Loading 01519.exr
Fra:1 Mem:11.86M (Peak 11.86M) | Time:00:00.04 | Mem:0.03M, Peak:0.03M | Scene, ViewLayer | Updating Images | Loading paisley_0010.jpg
Fra:1 Mem:12.51M (Peak 12.51M) | Time:00:00.06 | Mem:0.79M, Peak:0.79M | Scene, ViewLayer | Updating Camera Volume
Fra:1 Mem:12.51M (Peak 12.51M) | Time:00:00.06 | Mem:0.79M, Peak:0.79M | Scene, ViewLayer | Updating Lookup Tables
Fra:1 Mem:12.51M (Peak 12.51M) | Time:00:00.06 | Mem:1.04M, Peak:1.04M | Scene, ViewLayer | Updating Lights
Fra:1 Mem:12.51M (Peak 12.51M) | Time:00:00.06 | Mem:1.04M, Peak:1.04M | Scene, ViewLayer | Updating Lights | Computing distribution
Fra:1 Mem:12.51M (Peak 12.51M) | Time:00:00.06 | Mem:1.04M, Peak:1.04M | Scene, ViewLayer | Updating Lights | Importance map
Fra:1 Mem:76.54M (Peak 364.64M) | Time:00:00.20 | Mem:65.08M, Peak:225.05M | Scene, ViewLayer | Updating Integrator
Fra:1 Mem:76.55M (Peak 364.64M) | Time:00:00.20 | Mem:65.09M, Peak:225.05M | Scene, ViewLayer | Updating Film
Fra:1 Mem:76.55M (Peak 364.64M) | Time:00:00.20 | Mem:64.84M, Peak:225.05M | Scene, ViewLayer | Updating Lookup Tables
Fra:1 Mem:76.55M (Peak 364.64M) | Time:00:00.20 | Mem:65.09M, Peak:225.05M | Scene, ViewLayer | Updating Baking
Fra:1 Mem:76.55M (Peak 364.64M) | Time:00:00.20 | Mem:65.09M, Peak:225.05M | Scene, ViewLayer | Updating Device | Writing constant memory
Fra:1 Mem:76.55M (Peak 364.64M) | Time:00:00.20 | Mem:65.09M, Peak:225.05M | Scene, ViewLayer | Sample 0/32
Fra:1 Mem:95.64M (Peak 364.64M) | Time:00:00.21 | Remaining:00:00.27 | Mem:84.09M, Peak:225.05M | Scene, ViewLayer | Sample 1/32
Fra:1 Mem:103.64M (Peak 364.64M) | Time:00:00.51 | Mem:84.09M, Peak:225.05M | Scene, ViewLayer | Sample 32/32
Fra:1 Mem:103.64M (Peak 364.64M) | Time:00:00.51 | Mem:84.09M, Peak:225.05M | Scene, ViewLayer | Finished
Saved: '/home/janus/iwi9-datasets/objaverse-rendering/no_textures_5/169d6daba6e04e7aa81d29b92b7fb7aa/000.png'
 Time: 00:00.70 (Saving: 00:00.19)

Fra:1 Mem:11.68M (Peak 11.78M) | Time:00:00.00 | Mem:0.00M, Peak:0.00M | Scene, ViewLayer | Synchronizing object | Stainless steel meal tray_Stainless steel meal tray mat_0
Fra:1 Mem:11.69M (Peak 11.79M) | Time:00:00.00 | Mem:0.00M, Peak:0.00M | Scene, ViewLayer | Initializing
Fra:1 Mem:11.49M (Peak 11.79M) | Time:00:00.00 | Mem:0.00M, Peak:0.00M | Scene, ViewLayer | Waiting for render to start
Fra:1 Mem:11.49M (Peak 11.79M) | Time:00:00.00 | Mem:0.00M, Peak:0.00M | Scene, ViewLayer | Loading render kernels (may take a few minutes the first time)
Fra:1 Mem:11.49M (Peak 11.79M) | Time:00:00.00 | Mem:0.00M, Peak:0.00M | Scene, ViewLayer | Updating Scene
Fra:1 Mem:11.49M (Peak 11.79M) | Time:00:00.00 | Mem:0.00M, Peak:0.00M | Scene, ViewLayer | Updating Shaders
Fra:1 Mem:11.75M (Peak 11.79M) | Time:00:00.00 | Mem:0.00M, Peak:0.00M | Scene, ViewLayer | Updating Procedurals
Fra:1 Mem:11.75M (Peak 11.79M) | Time:00:00.00 | Mem:0.00M, Peak:0.00M | Scene, ViewLayer | Updating Background
Fra:1 Mem:11.75M (Peak 11.79M) | Time:00:00.00 | Mem:0.00M, Peak:0.00M | Scene, ViewLayer | Updating Camera
Fra:1 Mem:11.75M (Peak 11.79M) | Time:00:00.00 | Mem:0.00M, Peak:0.00M | Scene, ViewLayer | Updating Meshes Flags
Fra:1 Mem:11.75M (Peak 11.79M) | Time:00:00.00 | Mem:0.00M, Peak:0.00M | Scene, ViewLayer | Updating Objects
Fra:1 Mem:11.75M (Peak 11.79M) | Time:00:00.00 | Mem:0.00M, Peak:0.00M | Scene, ViewLayer | Updating Objects | Copying Transformations to device
Fra:1 Mem:11.75M (Peak 11.79M) | Time:00:00.00 | Mem:0.00M, Peak:0.00M | Scene, ViewLayer | Updating Objects | Applying Static Transformations
Fra:1 Mem:11.75M (Peak 11.79M) | Time:00:00.00 | Mem:0.00M, Peak:0.00M | Scene, ViewLayer | Updating Particle Systems
Fra:1 Mem:11.75M (Peak 11.79M) | Time:00:00.00 | Mem:0.00M, Peak:0.00M | Scene, ViewLayer | Updating Particle Systems | Copying Particles to device
Fra:1 Mem:11.75M (Peak 11.79M) | Time:00:00.00 | Mem:0.00M, Peak:0.00M | Scene, ViewLayer | Updating Meshes
Fra:1 Mem:11.75M (Peak 11.79M) | Time:00:00.00 | Mem:0.00M, Peak:0.00M | Scene, ViewLayer | Updating Mesh | Computing attributes
Fra:1 Mem:11.75M (Peak 11.79M) | Time:00:00.00 | Mem:0.00M, Peak:0.00M | Scene, ViewLayer | Updating Mesh | Copying Attributes to device
Fra:1 Mem:11.75M (Peak 11.79M) | Time:00:00.00 | Mem:0.01M, Peak:0.01M | Scene, ViewLayer | Updating Scene BVH | Building
Fra:1 Mem:11.75M (Peak 11.79M) | Time:00:00.00 | Mem:0.01M, Peak:0.01M | Scene, ViewLayer | Updating Scene BVH | Building BVH
Fra:1 Mem:11.75M (Peak 11.79M) | Time:00:00.00 | Mem:0.01M, Peak:0.01M | Scene, ViewLayer | Updating Scene BVH | Building BVH 0%
Fra:1 Mem:11.75M (Peak 11.79M) | Time:00:00.00 | Mem:0.02M, Peak:0.02M | Scene, ViewLayer | Updating Scene BVH | Copying BVH to device
Fra:1 Mem:11.75M (Peak 11.79M) | Time:00:00.00 | Mem:0.02M, Peak:0.02M | Scene, ViewLayer | Updating Mesh | Computing normals
Fra:1 Mem:11.76M (Peak 11.79M) | Time:00:00.00 | Mem:0.02M, Peak:0.02M | Scene, ViewLayer | Updating Mesh | Copying Mesh to device
Fra:1 Mem:11.76M (Peak 11.79M) | Time:00:00.00 | Mem:0.03M, Peak:0.03M | Scene, ViewLayer | Updating Objects Flags
Fra:1 Mem:11.76M (Peak 11.79M) | Time:00:00.00 | Mem:0.03M, Peak:0.03M | Scene, ViewLayer | Updating Primitive Offsets
Fra:1 Mem:11.76M (Peak 11.79M) | Time:00:00.00 | Mem:0.03M, Peak:0.03M | Scene, ViewLayer | Updating Images
Fra:1 Mem:11.76M (Peak 11.79M) | Time:00:00.00 | Mem:0.03M, Peak:0.03M | Scene, ViewLayer | Updating Images | Loading 01519.exr
Fra:1 Mem:11.88M (Peak 11.88M) | Time:00:00.00 | Mem:0.03M, Peak:0.03M | Scene, ViewLayer | Updating Images | Loading gauzy_0163.jpg
Fra:1 Mem:12.40M (Peak 12.40M) | Time:00:00.00 | Mem:0.65M, Peak:0.65M | Scene, ViewLayer | Updating Camera Volume
Fra:1 Mem:12.40M (Peak 12.40M) | Time:00:00.00 | Mem:0.65M, Peak:0.65M | Scene, ViewLayer | Updating Lookup Tables
Fra:1 Mem:12.40M (Peak 12.40M) | Time:00:00.00 | Mem:0.90M, Peak:0.90M | Scene, ViewLayer | Updating Lights
Fra:1 Mem:12.40M (Peak 12.40M) | Time:00:00.00 | Mem:0.90M, Peak:0.90M | Scene, ViewLayer | Updating Lights | Computing distribution
Fra:1 Mem:12.40M (Peak 12.40M) | Time:00:00.00 | Mem:0.90M, Peak:0.90M | Scene, ViewLayer | Updating Lights | Importance map
Fra:1 Mem:76.43M (Peak 364.53M) | Time:00:00.14 | Mem:64.94M, Peak:224.91M | Scene, ViewLayer | Updating Integrator
Fra:1 Mem:76.44M (Peak 364.53M) | Time:00:00.14 | Mem:64.95M, Peak:224.91M | Scene, ViewLayer | Updating Film
Fra:1 Mem:76.44M (Peak 364.53M) | Time:00:00.14 | Mem:64.70M, Peak:224.91M | Scene, ViewLayer | Updating Lookup Tables
Fra:1 Mem:76.44M (Peak 364.53M) | Time:00:00.14 | Mem:64.96M, Peak:224.91M | Scene, ViewLayer | Updating Baking
Fra:1 Mem:76.44M (Peak 364.53M) | Time:00:00.14 | Mem:64.96M, Peak:224.91M | Scene, ViewLayer | Updating Device | Writing constant memory
Fra:1 Mem:76.44M (Peak 364.53M) | Time:00:00.14 | Mem:64.96M, Peak:224.91M | Scene, ViewLayer | Sample 0/32
Fra:1 Mem:95.53M (Peak 364.53M) | Time:00:00.15 | Remaining:00:00.24 | Mem:83.96M, Peak:224.91M | Scene, ViewLayer | Sample 1/32
Fra:1 Mem:103.53M (Peak 364.53M) | Time:00:00.40 | Mem:83.96M, Peak:224.91M | Scene, ViewLayer | Sample 32/32
Fra:1 Mem:103.53M (Peak 364.53M) | Time:00:00.40 | Mem:83.96M, Peak:224.91M | Scene, ViewLayer | Finished
Saved: '/home/janus/iwi9-datasets/objaverse-rendering/no_textures_5/169d6daba6e04e7aa81d29b92b7fb7aa/001.png'
 Time: 00:00.43 (Saving: 00:00.03)

Fra:1 Mem:11.70M (Peak 11.80M) | Time:00:00.00 | Mem:0.00M, Peak:0.00M | Scene, ViewLayer | Synchronizing object | Stainless steel meal tray_Stainless steel meal tray mat_0
Fra:1 Mem:11.71M (Peak 11.81M) | Time:00:00.00 | Mem:0.00M, Peak:0.00M | Scene, ViewLayer | Initializing
Fra:1 Mem:11.51M (Peak 11.81M) | Time:00:00.00 | Mem:0.00M, Peak:0.00M | Scene, ViewLayer | Waiting for render to start
Fra:1 Mem:11.52M (Peak 11.81M) | Time:00:00.00 | Mem:0.00M, Peak:0.00M | Scene, ViewLayer | Loading render kernels (may take a few minutes the first time)
Fra:1 Mem:11.52M (Peak 11.81M) | Time:00:00.00 | Mem:0.00M, Peak:0.00M | Scene, ViewLayer | Updating Scene
Fra:1 Mem:11.52M (Peak 11.81M) | Time:00:00.00 | Mem:0.00M, Peak:0.00M | Scene, ViewLayer | Updating Shaders
Fra:1 Mem:11.77M (Peak 11.81M) | Time:00:00.00 | Mem:0.00M, Peak:0.00M | Scene, ViewLayer | Updating Procedurals
Fra:1 Mem:11.77M (Peak 11.81M) | Time:00:00.00 | Mem:0.00M, Peak:0.00M | Scene, ViewLayer | Updating Background
Fra:1 Mem:11.77M (Peak 11.81M) | Time:00:00.00 | Mem:0.00M, Peak:0.00M | Scene, ViewLayer | Updating Camera
Fra:1 Mem:11.77M (Peak 11.81M) | Time:00:00.00 | Mem:0.00M, Peak:0.00M | Scene, ViewLayer | Updating Meshes Flags
Fra:1 Mem:11.77M (Peak 11.81M) | Time:00:00.00 | Mem:0.00M, Peak:0.00M | Scene, ViewLayer | Updating Objects
Fra:1 Mem:11.77M (Peak 11.81M) | Time:00:00.00 | Mem:0.00M, Peak:0.00M | Scene, ViewLayer | Updating Objects | Copying Transformations to device
Fra:1 Mem:11.77M (Peak 11.81M) | Time:00:00.00 | Mem:0.00M, Peak:0.00M | Scene, ViewLayer | Updating Objects | Applying Static Transformations
Fra:1 Mem:11.77M (Peak 11.81M) | Time:00:00.00 | Mem:0.00M, Peak:0.00M | Scene, ViewLayer | Updating Particle Systems
Fra:1 Mem:11.77M (Peak 11.81M) | Time:00:00.00 | Mem:0.00M, Peak:0.00M | Scene, ViewLayer | Updating Particle Systems | Copying Particles to device
Fra:1 Mem:11.77M (Peak 11.81M) | Time:00:00.00 | Mem:0.00M, Peak:0.00M | Scene, ViewLayer | Updating Meshes
Fra:1 Mem:11.77M (Peak 11.81M) | Time:00:00.00 | Mem:0.00M, Peak:0.00M | Scene, ViewLayer | Updating Mesh | Computing attributes
Fra:1 Mem:11.77M (Peak 11.81M) | Time:00:00.00 | Mem:0.00M, Peak:0.00M | Scene, ViewLayer | Updating Mesh | Copying Attributes to device
Fra:1 Mem:11.77M (Peak 11.81M) | Time:00:00.00 | Mem:0.01M, Peak:0.01M | Scene, ViewLayer | Updating Scene BVH | Building
Fra:1 Mem:11.77M (Peak 11.81M) | Time:00:00.00 | Mem:0.01M, Peak:0.01M | Scene, ViewLayer | Updating Scene BVH | Building BVH
Fra:1 Mem:11.77M (Peak 11.81M) | Time:00:00.00 | Mem:0.01M, Peak:0.01M | Scene, ViewLayer | Updating Scene BVH | Building BVH 0%
Fra:1 Mem:11.77M (Peak 11.81M) | Time:00:00.00 | Mem:0.02M, Peak:0.02M | Scene, ViewLayer | Updating Scene BVH | Copying BVH to device
Fra:1 Mem:11.77M (Peak 11.81M) | Time:00:00.00 | Mem:0.02M, Peak:0.02M | Scene, ViewLayer | Updating Mesh | Computing normals
Fra:1 Mem:11.78M (Peak 11.81M) | Time:00:00.00 | Mem:0.02M, Peak:0.02M | Scene, ViewLayer | Updating Mesh | Copying Mesh to device
Fra:1 Mem:11.78M (Peak 11.81M) | Time:00:00.00 | Mem:0.03M, Peak:0.03M | Scene, ViewLayer | Updating Objects Flags
Fra:1 Mem:11.78M (Peak 11.81M) | Time:00:00.00 | Mem:0.03M, Peak:0.03M | Scene, ViewLayer | Updating Primitive Offsets
Fra:1 Mem:11.78M (Peak 11.81M) | Time:00:00.00 | Mem:0.03M, Peak:0.03M | Scene, ViewLayer | Updating Images
Fra:1 Mem:11.78M (Peak 11.81M) | Time:00:00.00 | Mem:0.03M, Peak:0.03M | Scene, ViewLayer | Updating Images | Loading 01519.exr
Fra:1 Mem:11.91M (Peak 11.91M) | Time:00:00.00 | Mem:0.03M, Peak:0.03M | Scene, ViewLayer | Updating Images | Loading veined_0126.jpg
Fra:1 Mem:13.12M (Peak 13.12M) | Time:00:00.00 | Mem:1.35M, Peak:1.35M | Scene, ViewLayer | Updating Camera Volume
Fra:1 Mem:13.12M (Peak 13.12M) | Time:00:00.00 | Mem:1.35M, Peak:1.35M | Scene, ViewLayer | Updating Lookup Tables
Fra:1 Mem:13.12M (Peak 13.12M) | Time:00:00.00 | Mem:1.60M, Peak:1.60M | Scene, ViewLayer | Updating Lights
Fra:1 Mem:13.12M (Peak 13.12M) | Time:00:00.00 | Mem:1.60M, Peak:1.60M | Scene, ViewLayer | Updating Lights | Computing distribution
Fra:1 Mem:13.12M (Peak 13.12M) | Time:00:00.00 | Mem:1.60M, Peak:1.60M | Scene, ViewLayer | Updating Lights | Importance map
Fra:1 Mem:77.15M (Peak 365.25M) | Time:00:00.15 | Mem:65.64M, Peak:225.61M | Scene, ViewLayer | Updating Integrator
Fra:1 Mem:77.16M (Peak 365.25M) | Time:00:00.15 | Mem:65.65M, Peak:225.61M | Scene, ViewLayer | Updating Film
Fra:1 Mem:77.16M (Peak 365.25M) | Time:00:00.15 | Mem:65.40M, Peak:225.61M | Scene, ViewLayer | Updating Lookup Tables
Fra:1 Mem:77.16M (Peak 365.25M) | Time:00:00.15 | Mem:65.65M, Peak:225.61M | Scene, ViewLayer | Updating Baking
Fra:1 Mem:77.16M (Peak 365.25M) | Time:00:00.15 | Mem:65.65M, Peak:225.61M | Scene, ViewLayer | Updating Device | Writing constant memory
Fra:1 Mem:77.16M (Peak 365.25M) | Time:00:00.15 | Mem:65.65M, Peak:225.61M | Scene, ViewLayer | Sample 0/32
Fra:1 Mem:96.25M (Peak 365.25M) | Time:00:00.16 | Remaining:00:00.24 | Mem:84.65M, Peak:225.61M | Scene, ViewLayer | Sample 1/32
Fra:1 Mem:104.25M (Peak 365.25M) | Time:00:00.42 | Mem:84.65M, Peak:225.61M | Scene, ViewLayer | Sample 32/32
Fra:1 Mem:104.25M (Peak 365.25M) | Time:00:00.42 | Mem:84.65M, Peak:225.61M | Scene, ViewLayer | Finished
Saved: '/home/janus/iwi9-datasets/objaverse-rendering/no_textures_5/169d6daba6e04e7aa81d29b92b7fb7aa/002.png'
 Time: 00:00.46 (Saving: 00:00.03)

Fra:1 Mem:11.73M (Peak 11.83M) | Time:00:00.00 | Mem:0.00M, Peak:0.00M | Scene, ViewLayer | Synchronizing object | Stainless steel meal tray_Stainless steel meal tray mat_0
Fra:1 Mem:11.74M (Peak 11.83M) | Time:00:00.00 | Mem:0.00M, Peak:0.00M | Scene, ViewLayer | Initializing
Fra:1 Mem:11.54M (Peak 11.83M) | Time:00:00.00 | Mem:0.00M, Peak:0.00M | Scene, ViewLayer | Waiting for render to start
Fra:1 Mem:11.54M (Peak 11.83M) | Time:00:00.00 | Mem:0.00M, Peak:0.00M | Scene, ViewLayer | Loading render kernels (may take a few minutes the first time)
Fra:1 Mem:11.54M (Peak 11.83M) | Time:00:00.00 | Mem:0.00M, Peak:0.00M | Scene, ViewLayer | Updating Scene
Fra:1 Mem:11.54M (Peak 11.83M) | Time:00:00.00 | Mem:0.00M, Peak:0.00M | Scene, ViewLayer | Updating Shaders
Fra:1 Mem:11.79M (Peak 11.83M) | Time:00:00.00 | Mem:0.00M, Peak:0.00M | Scene, ViewLayer | Updating Procedurals
Fra:1 Mem:11.79M (Peak 11.83M) | Time:00:00.00 | Mem:0.00M, Peak:0.00M | Scene, ViewLayer | Updating Background
Fra:1 Mem:11.79M (Peak 11.83M) | Time:00:00.00 | Mem:0.00M, Peak:0.00M | Scene, ViewLayer | Updating Camera
Fra:1 Mem:11.79M (Peak 11.83M) | Time:00:00.00 | Mem:0.00M, Peak:0.00M | Scene, ViewLayer | Updating Meshes Flags
Fra:1 Mem:11.79M (Peak 11.83M) | Time:00:00.00 | Mem:0.00M, Peak:0.00M | Scene, ViewLayer | Updating Objects
Fra:1 Mem:11.79M (Peak 11.83M) | Time:00:00.00 | Mem:0.00M, Peak:0.00M | Scene, ViewLayer | Updating Objects | Copying Transformations to device
Fra:1 Mem:11.79M (Peak 11.83M) | Time:00:00.00 | Mem:0.00M, Peak:0.00M | Scene, ViewLayer | Updating Objects | Applying Static Transformations
Fra:1 Mem:11.79M (Peak 11.83M) | Time:00:00.00 | Mem:0.00M, Peak:0.00M | Scene, ViewLayer | Updating Particle Systems
Fra:1 Mem:11.79M (Peak 11.83M) | Time:00:00.00 | Mem:0.00M, Peak:0.00M | Scene, ViewLayer | Updating Particle Systems | Copying Particles to device
Fra:1 Mem:11.79M (Peak 11.83M) | Time:00:00.00 | Mem:0.00M, Peak:0.00M | Scene, ViewLayer | Updating Meshes
Fra:1 Mem:11.79M (Peak 11.83M) | Time:00:00.00 | Mem:0.00M, Peak:0.00M | Scene, ViewLayer | Updating Mesh | Computing attributes
Fra:1 Mem:11.80M (Peak 11.83M) | Time:00:00.00 | Mem:0.00M, Peak:0.00M | Scene, ViewLayer | Updating Mesh | Copying Attributes to device
Fra:1 Mem:11.80M (Peak 11.83M) | Time:00:00.00 | Mem:0.01M, Peak:0.01M | Scene, ViewLayer | Updating Scene BVH | Building
Fra:1 Mem:11.80M (Peak 11.83M) | Time:00:00.00 | Mem:0.01M, Peak:0.01M | Scene, ViewLayer | Updating Scene BVH | Building BVH
Fra:1 Mem:11.80M (Peak 11.83M) | Time:00:00.00 | Mem:0.01M, Peak:0.01M | Scene, ViewLayer | Updating Scene BVH | Building BVH 0%
Fra:1 Mem:11.80M (Peak 11.83M) | Time:00:00.00 | Mem:0.02M, Peak:0.02M | Scene, ViewLayer | Updating Scene BVH | Copying BVH to device
Fra:1 Mem:11.80M (Peak 11.83M) | Time:00:00.00 | Mem:0.02M, Peak:0.02M | Scene, ViewLayer | Updating Mesh | Computing normals
Fra:1 Mem:11.81M (Peak 11.83M) | Time:00:00.00 | Mem:0.02M, Peak:0.02M | Scene, ViewLayer | Updating Mesh | Copying Mesh to device
Fra:1 Mem:11.81M (Peak 11.83M) | Time:00:00.00 | Mem:0.03M, Peak:0.03M | Scene, ViewLayer | Updating Objects Flags
Fra:1 Mem:11.81M (Peak 11.83M) | Time:00:00.00 | Mem:0.03M, Peak:0.03M | Scene, ViewLayer | Updating Primitive Offsets
Fra:1 Mem:11.81M (Peak 11.83M) | Time:00:00.00 | Mem:0.03M, Peak:0.03M | Scene, ViewLayer | Updating Images
Fra:1 Mem:11.81M (Peak 11.83M) | Time:00:00.00 | Mem:0.03M, Peak:0.03M | Scene, ViewLayer | Updating Images | Loading 01519.exr
Fra:1 Mem:11.93M (Peak 11.93M) | Time:00:00.00 | Mem:0.03M, Peak:0.03M | Scene, ViewLayer | Updating Images | Loading striped_0125.jpg
Fra:1 Mem:12.42M (Peak 12.42M) | Time:00:00.01 | Mem:0.63M, Peak:0.63M | Scene, ViewLayer | Updating Camera Volume
Fra:1 Mem:12.42M (Peak 12.42M) | Time:00:00.01 | Mem:0.63M, Peak:0.63M | Scene, ViewLayer | Updating Lookup Tables
Fra:1 Mem:12.42M (Peak 12.42M) | Time:00:00.01 | Mem:0.88M, Peak:0.88M | Scene, ViewLayer | Updating Lights
Fra:1 Mem:12.42M (Peak 12.42M) | Time:00:00.01 | Mem:0.88M, Peak:0.88M | Scene, ViewLayer | Updating Lights | Computing distribution
Fra:1 Mem:12.42M (Peak 12.42M) | Time:00:00.01 | Mem:0.88M, Peak:0.88M | Scene, ViewLayer | Updating Lights | Importance map
Fra:1 Mem:76.45M (Peak 364.55M) | Time:00:00.15 | Mem:64.92M, Peak:224.89M | Scene, ViewLayer | Updating Integrator
Fra:1 Mem:76.46M (Peak 364.55M) | Time:00:00.15 | Mem:64.93M, Peak:224.89M | Scene, ViewLayer | Updating Film
Fra:1 Mem:76.46M (Peak 364.55M) | Time:00:00.15 | Mem:64.68M, Peak:224.89M | Scene, ViewLayer | Updating Lookup Tables
Fra:1 Mem:76.46M (Peak 364.55M) | Time:00:00.15 | Mem:64.93M, Peak:224.89M | Scene, ViewLayer | Updating Baking
Fra:1 Mem:76.46M (Peak 364.55M) | Time:00:00.15 | Mem:64.93M, Peak:224.89M | Scene, ViewLayer | Updating Device | Writing constant memory
Fra:1 Mem:76.46M (Peak 364.55M) | Time:00:00.15 | Mem:64.93M, Peak:224.89M | Scene, ViewLayer | Sample 0/32
Fra:1 Mem:95.55M (Peak 364.55M) | Time:00:00.16 | Remaining:00:00.26 | Mem:83.93M, Peak:224.89M | Scene, ViewLayer | Sample 1/32
Fra:1 Mem:103.55M (Peak 364.55M) | Time:00:00.44 | Mem:83.93M, Peak:224.89M | Scene, ViewLayer | Sample 32/32
Fra:1 Mem:103.55M (Peak 364.55M) | Time:00:00.44 | Mem:83.93M, Peak:224.89M | Scene, ViewLayer | Finished
Saved: '/home/janus/iwi9-datasets/objaverse-rendering/no_textures_5/169d6daba6e04e7aa81d29b92b7fb7aa/003.png'
 Time: 00:00.47 (Saving: 00:00.03)

Fra:1 Mem:11.75M (Peak 11.85M) | Time:00:00.00 | Mem:0.00M, Peak:0.00M | Scene, ViewLayer | Synchronizing object | Stainless steel meal tray_Stainless steel meal tray mat_0
Fra:1 Mem:11.76M (Peak 11.86M) | Time:00:00.00 | Mem:0.00M, Peak:0.00M | Scene, ViewLayer | Initializing
Fra:1 Mem:11.56M (Peak 11.86M) | Time:00:00.00 | Mem:0.00M, Peak:0.00M | Scene, ViewLayer | Waiting for render to start
Fra:1 Mem:11.57M (Peak 11.86M) | Time:00:00.00 | Mem:0.00M, Peak:0.00M | Scene, ViewLayer | Loading render kernels (may take a few minutes the first time)
Fra:1 Mem:11.57M (Peak 11.86M) | Time:00:00.00 | Mem:0.00M, Peak:0.00M | Scene, ViewLayer | Updating Scene
Fra:1 Mem:11.57M (Peak 11.86M) | Time:00:00.00 | Mem:0.00M, Peak:0.00M | Scene, ViewLayer | Updating Shaders
Fra:1 Mem:11.82M (Peak 11.86M) | Time:00:00.00 | Mem:0.00M, Peak:0.00M | Scene, ViewLayer | Updating Procedurals
Fra:1 Mem:11.82M (Peak 11.86M) | Time:00:00.00 | Mem:0.00M, Peak:0.00M | Scene, ViewLayer | Updating Background
Fra:1 Mem:11.82M (Peak 11.86M) | Time:00:00.00 | Mem:0.00M, Peak:0.00M | Scene, ViewLayer | Updating Camera
Fra:1 Mem:11.82M (Peak 11.86M) | Time:00:00.00 | Mem:0.00M, Peak:0.00M | Scene, ViewLayer | Updating Meshes Flags
Fra:1 Mem:11.82M (Peak 11.86M) | Time:00:00.00 | Mem:0.00M, Peak:0.00M | Scene, ViewLayer | Updating Objects
Fra:1 Mem:11.82M (Peak 11.86M) | Time:00:00.00 | Mem:0.00M, Peak:0.00M | Scene, ViewLayer | Updating Objects | Copying Transformations to device
Fra:1 Mem:11.82M (Peak 11.86M) | Time:00:00.00 | Mem:0.00M, Peak:0.00M | Scene, ViewLayer | Updating Objects | Applying Static Transformations
Fra:1 Mem:11.82M (Peak 11.86M) | Time:00:00.00 | Mem:0.00M, Peak:0.00M | Scene, ViewLayer | Updating Particle Systems
Fra:1 Mem:11.82M (Peak 11.86M) | Time:00:00.00 | Mem:0.00M, Peak:0.00M | Scene, ViewLayer | Updating Particle Systems | Copying Particles to device
Fra:1 Mem:11.82M (Peak 11.86M) | Time:00:00.00 | Mem:0.00M, Peak:0.00M | Scene, ViewLayer | Updating Meshes
Fra:1 Mem:11.82M (Peak 11.86M) | Time:00:00.00 | Mem:0.00M, Peak:0.00M | Scene, ViewLayer | Updating Mesh | Computing attributes
Fra:1 Mem:11.82M (Peak 11.86M) | Time:00:00.00 | Mem:0.00M, Peak:0.00M | Scene, ViewLayer | Updating Mesh | Copying Attributes to device
Fra:1 Mem:11.82M (Peak 11.86M) | Time:00:00.00 | Mem:0.01M, Peak:0.01M | Scene, ViewLayer | Updating Scene BVH | Building
Fra:1 Mem:11.82M (Peak 11.86M) | Time:00:00.00 | Mem:0.01M, Peak:0.01M | Scene, ViewLayer | Updating Scene BVH | Building BVH
Fra:1 Mem:11.82M (Peak 11.86M) | Time:00:00.00 | Mem:0.01M, Peak:0.01M | Scene, ViewLayer | Updating Scene BVH | Building BVH 0%
Fra:1 Mem:11.82M (Peak 11.86M) | Time:00:00.00 | Mem:0.02M, Peak:0.02M | Scene, ViewLayer | Updating Scene BVH | Copying BVH to device
Fra:1 Mem:11.82M (Peak 11.86M) | Time:00:00.00 | Mem:0.02M, Peak:0.02M | Scene, ViewLayer | Updating Mesh | Computing normals
Fra:1 Mem:11.83M (Peak 11.86M) | Time:00:00.00 | Mem:0.02M, Peak:0.02M | Scene, ViewLayer | Updating Mesh | Copying Mesh to device
Fra:1 Mem:11.83M (Peak 11.86M) | Time:00:00.00 | Mem:0.03M, Peak:0.03M | Scene, ViewLayer | Updating Objects Flags
Fra:1 Mem:11.83M (Peak 11.86M) | Time:00:00.00 | Mem:0.03M, Peak:0.03M | Scene, ViewLayer | Updating Primitive Offsets
Fra:1 Mem:11.83M (Peak 11.86M) | Time:00:00.00 | Mem:0.03M, Peak:0.03M | Scene, ViewLayer | Updating Images
Fra:1 Mem:11.83M (Peak 11.86M) | Time:00:00.00 | Mem:0.03M, Peak:0.03M | Scene, ViewLayer | Updating Images | Loading 01519.exr
Fra:1 Mem:11.96M (Peak 11.96M) | Time:00:00.00 | Mem:0.03M, Peak:0.03M | Scene, ViewLayer | Updating Images | Loading matted_0146.jpg
Fra:1 Mem:13.10M (Peak 13.10M) | Time:00:00.00 | Mem:1.28M, Peak:1.28M | Scene, ViewLayer | Updating Camera Volume
Fra:1 Mem:13.10M (Peak 13.10M) | Time:00:00.00 | Mem:1.28M, Peak:1.28M | Scene, ViewLayer | Updating Lookup Tables
Fra:1 Mem:13.10M (Peak 13.10M) | Time:00:00.00 | Mem:1.53M, Peak:1.53M | Scene, ViewLayer | Updating Lights
Fra:1 Mem:13.10M (Peak 13.10M) | Time:00:00.00 | Mem:1.53M, Peak:1.53M | Scene, ViewLayer | Updating Lights | Computing distribution
Fra:1 Mem:13.10M (Peak 13.10M) | Time:00:00.00 | Mem:1.53M, Peak:1.53M | Scene, ViewLayer | Updating Lights | Importance map
Fra:1 Mem:77.13M (Peak 365.23M) | Time:00:00.14 | Mem:65.57M, Peak:225.54M | Scene, ViewLayer | Updating Integrator
Fra:1 Mem:77.14M (Peak 365.23M) | Time:00:00.14 | Mem:65.58M, Peak:225.54M | Scene, ViewLayer | Updating Film
Fra:1 Mem:77.14M (Peak 365.23M) | Time:00:00.14 | Mem:65.33M, Peak:225.54M | Scene, ViewLayer | Updating Lookup Tables
Fra:1 Mem:77.14M (Peak 365.23M) | Time:00:00.14 | Mem:65.59M, Peak:225.54M | Scene, ViewLayer | Updating Baking
Fra:1 Mem:77.14M (Peak 365.23M) | Time:00:00.14 | Mem:65.59M, Peak:225.54M | Scene, ViewLayer | Updating Device | Writing constant memory
Fra:1 Mem:77.14M (Peak 365.23M) | Time:00:00.14 | Mem:65.59M, Peak:225.54M | Scene, ViewLayer | Sample 0/32
Fra:1 Mem:96.23M (Peak 365.23M) | Time:00:00.15 | Remaining:00:00.25 | Mem:84.59M, Peak:225.54M | Scene, ViewLayer | Sample 1/32
Fra:1 Mem:104.23M (Peak 365.23M) | Time:00:00.44 | Mem:84.59M, Peak:225.54M | Scene, ViewLayer | Sample 32/32
Fra:1 Mem:104.23M (Peak 365.23M) | Time:00:00.44 | Mem:84.59M, Peak:225.54M | Scene, ViewLayer | Finished
Saved: '/home/janus/iwi9-datasets/objaverse-rendering/no_textures_5/169d6daba6e04e7aa81d29b92b7fb7aa/004.png'
 Time: 00:00.47 (Saving: 00:00.03)

Fra:1 Mem:11.78M (Peak 11.87M) | Time:00:00.00 | Mem:0.00M, Peak:0.00M | Scene, ViewLayer | Synchronizing object | Stainless steel meal tray_Stainless steel meal tray mat_0
Fra:1 Mem:11.78M (Peak 11.88M) | Time:00:00.00 | Mem:0.00M, Peak:0.00M | Scene, ViewLayer | Initializing
Fra:1 Mem:11.59M (Peak 11.88M) | Time:00:00.00 | Mem:0.00M, Peak:0.00M | Scene, ViewLayer | Waiting for render to start
Fra:1 Mem:11.59M (Peak 11.88M) | Time:00:00.00 | Mem:0.00M, Peak:0.00M | Scene, ViewLayer | Loading render kernels (may take a few minutes the first time)
Fra:1 Mem:11.59M (Peak 11.88M) | Time:00:00.00 | Mem:0.00M, Peak:0.00M | Scene, ViewLayer | Updating Scene
Fra:1 Mem:11.59M (Peak 11.88M) | Time:00:00.00 | Mem:0.00M, Peak:0.00M | Scene, ViewLayer | Updating Shaders
Fra:1 Mem:11.84M (Peak 11.88M) | Time:00:00.00 | Mem:0.00M, Peak:0.00M | Scene, ViewLayer | Updating Procedurals
Fra:1 Mem:11.84M (Peak 11.88M) | Time:00:00.00 | Mem:0.00M, Peak:0.00M | Scene, ViewLayer | Updating Background
Fra:1 Mem:11.84M (Peak 11.88M) | Time:00:00.00 | Mem:0.00M, Peak:0.00M | Scene, ViewLayer | Updating Camera
Fra:1 Mem:11.84M (Peak 11.88M) | Time:00:00.00 | Mem:0.00M, Peak:0.00M | Scene, ViewLayer | Updating Meshes Flags
Fra:1 Mem:11.84M (Peak 11.88M) | Time:00:00.00 | Mem:0.00M, Peak:0.00M | Scene, ViewLayer | Updating Objects
Fra:1 Mem:11.84M (Peak 11.88M) | Time:00:00.00 | Mem:0.00M, Peak:0.00M | Scene, ViewLayer | Updating Objects | Copying Transformations to device
Fra:1 Mem:11.84M (Peak 11.88M) | Time:00:00.00 | Mem:0.00M, Peak:0.00M | Scene, ViewLayer | Updating Objects | Applying Static Transformations
Fra:1 Mem:11.84M (Peak 11.88M) | Time:00:00.00 | Mem:0.00M, Peak:0.00M | Scene, ViewLayer | Updating Particle Systems
Fra:1 Mem:11.84M (Peak 11.88M) | Time:00:00.00 | Mem:0.00M, Peak:0.00M | Scene, ViewLayer | Updating Particle Systems | Copying Particles to device
Fra:1 Mem:11.84M (Peak 11.88M) | Time:00:00.00 | Mem:0.00M, Peak:0.00M | Scene, ViewLayer | Updating Meshes
Fra:1 Mem:11.84M (Peak 11.88M) | Time:00:00.00 | Mem:0.00M, Peak:0.00M | Scene, ViewLayer | Updating Mesh | Computing attributes
Fra:1 Mem:11.85M (Peak 11.88M) | Time:00:00.00 | Mem:0.00M, Peak:0.00M | Scene, ViewLayer | Updating Mesh | Copying Attributes to device
Fra:1 Mem:11.84M (Peak 11.88M) | Time:00:00.00 | Mem:0.01M, Peak:0.01M | Scene, ViewLayer | Updating Scene BVH | Building
Fra:1 Mem:11.84M (Peak 11.88M) | Time:00:00.00 | Mem:0.01M, Peak:0.01M | Scene, ViewLayer | Updating Scene BVH | Building BVH
Fra:1 Mem:11.84M (Peak 11.88M) | Time:00:00.00 | Mem:0.01M, Peak:0.01M | Scene, ViewLayer | Updating Scene BVH | Building BVH 0%
Fra:1 Mem:11.84M (Peak 11.88M) | Time:00:00.00 | Mem:0.02M, Peak:0.02M | Scene, ViewLayer | Updating Scene BVH | Copying BVH to device
Fra:1 Mem:11.84M (Peak 11.88M) | Time:00:00.00 | Mem:0.02M, Peak:0.02M | Scene, ViewLayer | Updating Mesh | Computing normals
Fra:1 Mem:11.85M (Peak 11.88M) | Time:00:00.00 | Mem:0.02M, Peak:0.02M | Scene, ViewLayer | Updating Mesh | Copying Mesh to device
Fra:1 Mem:11.85M (Peak 11.88M) | Time:00:00.00 | Mem:0.03M, Peak:0.03M | Scene, ViewLayer | Updating Objects Flags
Fra:1 Mem:11.85M (Peak 11.88M) | Time:00:00.00 | Mem:0.03M, Peak:0.03M | Scene, ViewLayer | Updating Primitive Offsets
Fra:1 Mem:11.85M (Peak 11.88M) | Time:00:00.00 | Mem:0.03M, Peak:0.03M | Scene, ViewLayer | Updating Images
Fra:1 Mem:11.85M (Peak 11.88M) | Time:00:00.00 | Mem:0.03M, Peak:0.03M | Scene, ViewLayer | Updating Images | Loading 01519.exr
Fra:1 Mem:11.98M (Peak 11.98M) | Time:00:00.00 | Mem:0.03M, Peak:0.03M | Scene, ViewLayer | Updating Images | Loading braided_0143.jpg
Fra:1 Mem:12.43M (Peak 12.43M) | Time:00:00.00 | Mem:0.59M, Peak:0.59M | Scene, ViewLayer | Updating Camera Volume
Fra:1 Mem:12.43M (Peak 12.43M) | Time:00:00.00 | Mem:0.59M, Peak:0.59M | Scene, ViewLayer | Updating Lookup Tables
Fra:1 Mem:12.43M (Peak 12.43M) | Time:00:00.00 | Mem:0.84M, Peak:0.84M | Scene, ViewLayer | Updating Lights
Fra:1 Mem:12.43M (Peak 12.43M) | Time:00:00.00 | Mem:0.84M, Peak:0.84M | Scene, ViewLayer | Updating Lights | Computing distribution
Fra:1 Mem:12.43M (Peak 12.43M) | Time:00:00.00 | Mem:0.84M, Peak:0.84M | Scene, ViewLayer | Updating Lights | Importance map
Fra:1 Mem:76.46M (Peak 364.56M) | Time:00:00.14 | Mem:64.89M, Peak:224.85M | Scene, ViewLayer | Updating Integrator
Fra:1 Mem:76.47M (Peak 364.56M) | Time:00:00.14 | Mem:64.89M, Peak:224.85M | Scene, ViewLayer | Updating Film
Fra:1 Mem:76.47M (Peak 364.56M) | Time:00:00.14 | Mem:64.64M, Peak:224.85M | Scene, ViewLayer | Updating Lookup Tables
Fra:1 Mem:76.47M (Peak 364.56M) | Time:00:00.14 | Mem:64.90M, Peak:224.85M | Scene, ViewLayer | Updating Baking
Fra:1 Mem:76.47M (Peak 364.56M) | Time:00:00.14 | Mem:64.90M, Peak:224.85M | Scene, ViewLayer | Updating Device | Writing constant memory
Fra:1 Mem:76.48M (Peak 364.56M) | Time:00:00.14 | Mem:64.90M, Peak:224.85M | Scene, ViewLayer | Sample 0/32
Fra:1 Mem:95.56M (Peak 364.56M) | Time:00:00.15 | Remaining:00:00.24 | Mem:83.90M, Peak:224.85M | Scene, ViewLayer | Sample 1/32
Fra:1 Mem:103.56M (Peak 364.56M) | Time:00:00.46 | Mem:83.90M, Peak:224.85M | Scene, ViewLayer | Sample 32/32
Fra:1 Mem:103.56M (Peak 364.56M) | Time:00:00.46 | Mem:83.90M, Peak:224.85M | Scene, ViewLayer | Finished
Saved: '/home/janus/iwi9-datasets/objaverse-rendering/no_textures_5/169d6daba6e04e7aa81d29b92b7fb7aa/005.png'
 Time: 00:00.50 (Saving: 00:00.03)

Fra:1 Mem:11.80M (Peak 11.89M) | Time:00:00.00 | Mem:0.00M, Peak:0.00M | Scene, ViewLayer | Synchronizing object | Stainless steel meal tray_Stainless steel meal tray mat_0
Fra:1 Mem:11.81M (Peak 11.90M) | Time:00:00.00 | Mem:0.00M, Peak:0.00M | Scene, ViewLayer | Initializing
Fra:1 Mem:11.61M (Peak 11.90M) | Time:00:00.00 | Mem:0.00M, Peak:0.00M | Scene, ViewLayer | Waiting for render to start
Fra:1 Mem:11.61M (Peak 11.90M) | Time:00:00.00 | Mem:0.00M, Peak:0.00M | Scene, ViewLayer | Loading render kernels (may take a few minutes the first time)
Fra:1 Mem:11.61M (Peak 11.90M) | Time:00:00.00 | Mem:0.00M, Peak:0.00M | Scene, ViewLayer | Updating Scene
Fra:1 Mem:11.61M (Peak 11.90M) | Time:00:00.00 | Mem:0.00M, Peak:0.00M | Scene, ViewLayer | Updating Shaders
Fra:1 Mem:11.86M (Peak 11.90M) | Time:00:00.00 | Mem:0.00M, Peak:0.00M | Scene, ViewLayer | Updating Procedurals
Fra:1 Mem:11.86M (Peak 11.90M) | Time:00:00.00 | Mem:0.00M, Peak:0.00M | Scene, ViewLayer | Updating Background
Fra:1 Mem:11.86M (Peak 11.90M) | Time:00:00.00 | Mem:0.00M, Peak:0.00M | Scene, ViewLayer | Updating Camera
Fra:1 Mem:11.86M (Peak 11.90M) | Time:00:00.00 | Mem:0.00M, Peak:0.00M | Scene, ViewLayer | Updating Meshes Flags
Fra:1 Mem:11.86M (Peak 11.90M) | Time:00:00.00 | Mem:0.00M, Peak:0.00M | Scene, ViewLayer | Updating Objects
Fra:1 Mem:11.86M (Peak 11.90M) | Time:00:00.00 | Mem:0.00M, Peak:0.00M | Scene, ViewLayer | Updating Objects | Copying Transformations to device
Fra:1 Mem:11.86M (Peak 11.90M) | Time:00:00.00 | Mem:0.00M, Peak:0.00M | Scene, ViewLayer | Updating Objects | Applying Static Transformations
Fra:1 Mem:11.86M (Peak 11.90M) | Time:00:00.00 | Mem:0.00M, Peak:0.00M | Scene, ViewLayer | Updating Particle Systems
Fra:1 Mem:11.86M (Peak 11.90M) | Time:00:00.00 | Mem:0.00M, Peak:0.00M | Scene, ViewLayer | Updating Particle Systems | Copying Particles to device
Fra:1 Mem:11.86M (Peak 11.90M) | Time:00:00.00 | Mem:0.00M, Peak:0.00M | Scene, ViewLayer | Updating Meshes
Fra:1 Mem:11.86M (Peak 11.90M) | Time:00:00.00 | Mem:0.00M, Peak:0.00M | Scene, ViewLayer | Updating Mesh | Computing attributes
Fra:1 Mem:11.87M (Peak 11.90M) | Time:00:00.00 | Mem:0.00M, Peak:0.00M | Scene, ViewLayer | Updating Mesh | Copying Attributes to device
Fra:1 Mem:11.87M (Peak 11.90M) | Time:00:00.00 | Mem:0.01M, Peak:0.01M | Scene, ViewLayer | Updating Scene BVH | Building
Fra:1 Mem:11.87M (Peak 11.90M) | Time:00:00.00 | Mem:0.01M, Peak:0.01M | Scene, ViewLayer | Updating Scene BVH | Building BVH
Fra:1 Mem:11.87M (Peak 11.90M) | Time:00:00.00 | Mem:0.01M, Peak:0.01M | Scene, ViewLayer | Updating Scene BVH | Building BVH 0%
Fra:1 Mem:11.87M (Peak 11.90M) | Time:00:00.00 | Mem:0.02M, Peak:0.02M | Scene, ViewLayer | Updating Scene BVH | Copying BVH to device
Fra:1 Mem:11.87M (Peak 11.90M) | Time:00:00.00 | Mem:0.02M, Peak:0.02M | Scene, ViewLayer | Updating Mesh | Computing normals
Fra:1 Mem:11.88M (Peak 11.90M) | Time:00:00.00 | Mem:0.02M, Peak:0.02M | Scene, ViewLayer | Updating Mesh | Copying Mesh to device
Fra:1 Mem:11.88M (Peak 11.90M) | Time:00:00.00 | Mem:0.03M, Peak:0.03M | Scene, ViewLayer | Updating Objects Flags
Fra:1 Mem:11.88M (Peak 11.90M) | Time:00:00.00 | Mem:0.03M, Peak:0.03M | Scene, ViewLayer | Updating Primitive Offsets
Fra:1 Mem:11.88M (Peak 11.90M) | Time:00:00.00 | Mem:0.03M, Peak:0.03M | Scene, ViewLayer | Updating Images
Fra:1 Mem:11.88M (Peak 11.90M) | Time:00:00.00 | Mem:0.03M, Peak:0.03M | Scene, ViewLayer | Updating Images | Loading 01519.exr
Fra:1 Mem:12.00M (Peak 12.00M) | Time:00:00.00 | Mem:0.03M, Peak:0.03M | Scene, ViewLayer | Updating Images | Loading blotchy_0084.jpg
Fra:1 Mem:13.57M (Peak 13.57M) | Time:00:00.01 | Mem:1.71M, Peak:1.71M | Scene, ViewLayer | Updating Camera Volume
Fra:1 Mem:13.57M (Peak 13.57M) | Time:00:00.01 | Mem:1.71M, Peak:1.71M | Scene, ViewLayer | Updating Lookup Tables
Fra:1 Mem:13.57M (Peak 13.57M) | Time:00:00.01 | Mem:1.96M, Peak:1.96M | Scene, ViewLayer | Updating Lights
Fra:1 Mem:13.58M (Peak 13.58M) | Time:00:00.01 | Mem:1.96M, Peak:1.96M | Scene, ViewLayer | Updating Lights | Computing distribution
Fra:1 Mem:13.58M (Peak 13.58M) | Time:00:00.01 | Mem:1.96M, Peak:1.96M | Scene, ViewLayer | Updating Lights | Importance map
Fra:1 Mem:77.61M (Peak 365.70M) | Time:00:00.15 | Mem:66.01M, Peak:225.98M | Scene, ViewLayer | Updating Integrator
Fra:1 Mem:77.61M (Peak 365.70M) | Time:00:00.15 | Mem:66.01M, Peak:225.98M | Scene, ViewLayer | Updating Film
Fra:1 Mem:77.62M (Peak 365.70M) | Time:00:00.15 | Mem:65.76M, Peak:225.98M | Scene, ViewLayer | Updating Lookup Tables
Fra:1 Mem:77.62M (Peak 365.70M) | Time:00:00.15 | Mem:66.02M, Peak:225.98M | Scene, ViewLayer | Updating Baking
Fra:1 Mem:77.62M (Peak 365.70M) | Time:00:00.15 | Mem:66.02M, Peak:225.98M | Scene, ViewLayer | Updating Device | Writing constant memory
Fra:1 Mem:77.62M (Peak 365.70M) | Time:00:00.15 | Mem:66.02M, Peak:225.98M | Scene, ViewLayer | Sample 0/32
Fra:1 Mem:96.71M (Peak 365.70M) | Time:00:00.15 | Remaining:00:00.24 | Mem:85.02M, Peak:225.98M | Scene, ViewLayer | Sample 1/32
Fra:1 Mem:104.71M (Peak 365.70M) | Time:00:00.41 | Mem:85.02M, Peak:225.98M | Scene, ViewLayer | Sample 32/32
Fra:1 Mem:104.71M (Peak 365.70M) | Time:00:00.41 | Mem:85.02M, Peak:225.98M | Scene, ViewLayer | Finished
Saved: '/home/janus/iwi9-datasets/objaverse-rendering/no_textures_5/169d6daba6e04e7aa81d29b92b7fb7aa/006.png'
 Time: 00:00.45 (Saving: 00:00.03)

Fra:1 Mem:11.82M (Peak 11.92M) | Time:00:00.00 | Mem:0.00M, Peak:0.00M | Scene, ViewLayer | Synchronizing object | Stainless steel meal tray_Stainless steel meal tray mat_0
Fra:1 Mem:11.83M (Peak 11.92M) | Time:00:00.00 | Mem:0.00M, Peak:0.00M | Scene, ViewLayer | Initializing
Fra:1 Mem:11.63M (Peak 11.92M) | Time:00:00.00 | Mem:0.00M, Peak:0.00M | Scene, ViewLayer | Waiting for render to start
Fra:1 Mem:11.63M (Peak 11.92M) | Time:00:00.00 | Mem:0.00M, Peak:0.00M | Scene, ViewLayer | Loading render kernels (may take a few minutes the first time)
Fra:1 Mem:11.63M (Peak 11.92M) | Time:00:00.00 | Mem:0.00M, Peak:0.00M | Scene, ViewLayer | Updating Scene
Fra:1 Mem:11.63M (Peak 11.92M) | Time:00:00.00 | Mem:0.00M, Peak:0.00M | Scene, ViewLayer | Updating Shaders
Fra:1 Mem:11.88M (Peak 11.92M) | Time:00:00.00 | Mem:0.00M, Peak:0.00M | Scene, ViewLayer | Updating Procedurals
Fra:1 Mem:11.88M (Peak 11.92M) | Time:00:00.00 | Mem:0.00M, Peak:0.00M | Scene, ViewLayer | Updating Background
Fra:1 Mem:11.88M (Peak 11.92M) | Time:00:00.00 | Mem:0.00M, Peak:0.00M | Scene, ViewLayer | Updating Camera
Fra:1 Mem:11.88M (Peak 11.92M) | Time:00:00.00 | Mem:0.00M, Peak:0.00M | Scene, ViewLayer | Updating Meshes Flags
Fra:1 Mem:11.88M (Peak 11.92M) | Time:00:00.00 | Mem:0.00M, Peak:0.00M | Scene, ViewLayer | Updating Objects
Fra:1 Mem:11.88M (Peak 11.92M) | Time:00:00.00 | Mem:0.00M, Peak:0.00M | Scene, ViewLayer | Updating Objects | Copying Transformations to device
Fra:1 Mem:11.88M (Peak 11.92M) | Time:00:00.00 | Mem:0.00M, Peak:0.00M | Scene, ViewLayer | Updating Objects | Applying Static Transformations
Fra:1 Mem:11.88M (Peak 11.92M) | Time:00:00.00 | Mem:0.00M, Peak:0.00M | Scene, ViewLayer | Updating Particle Systems
Fra:1 Mem:11.88M (Peak 11.92M) | Time:00:00.00 | Mem:0.00M, Peak:0.00M | Scene, ViewLayer | Updating Particle Systems | Copying Particles to device
Fra:1 Mem:11.88M (Peak 11.92M) | Time:00:00.00 | Mem:0.00M, Peak:0.00M | Scene, ViewLayer | Updating Meshes
Fra:1 Mem:11.89M (Peak 11.92M) | Time:00:00.00 | Mem:0.00M, Peak:0.00M | Scene, ViewLayer | Updating Mesh | Computing attributes
Fra:1 Mem:11.89M (Peak 11.92M) | Time:00:00.00 | Mem:0.00M, Peak:0.00M | Scene, ViewLayer | Updating Mesh | Copying Attributes to device
Fra:1 Mem:11.89M (Peak 11.92M) | Time:00:00.00 | Mem:0.01M, Peak:0.01M | Scene, ViewLayer | Updating Scene BVH | Building
Fra:1 Mem:11.89M (Peak 11.92M) | Time:00:00.00 | Mem:0.01M, Peak:0.01M | Scene, ViewLayer | Updating Scene BVH | Building BVH
Fra:1 Mem:11.89M (Peak 11.92M) | Time:00:00.00 | Mem:0.01M, Peak:0.01M | Scene, ViewLayer | Updating Scene BVH | Building BVH 0%
Fra:1 Mem:11.89M (Peak 11.92M) | Time:00:00.00 | Mem:0.02M, Peak:0.02M | Scene, ViewLayer | Updating Scene BVH | Copying BVH to device
Fra:1 Mem:11.89M (Peak 11.92M) | Time:00:00.00 | Mem:0.02M, Peak:0.02M | Scene, ViewLayer | Updating Mesh | Computing normals
Fra:1 Mem:11.90M (Peak 11.92M) | Time:00:00.00 | Mem:0.02M, Peak:0.02M | Scene, ViewLayer | Updating Mesh | Copying Mesh to device
Fra:1 Mem:11.90M (Peak 11.92M) | Time:00:00.00 | Mem:0.03M, Peak:0.03M | Scene, ViewLayer | Updating Objects Flags
Fra:1 Mem:11.90M (Peak 11.92M) | Time:00:00.00 | Mem:0.03M, Peak:0.03M | Scene, ViewLayer | Updating Primitive Offsets
Fra:1 Mem:11.90M (Peak 11.92M) | Time:00:00.00 | Mem:0.03M, Peak:0.03M | Scene, ViewLayer | Updating Images
Fra:1 Mem:11.90M (Peak 11.92M) | Time:00:00.00 | Mem:0.03M, Peak:0.03M | Scene, ViewLayer | Updating Images | Loading 01519.exr
Fra:1 Mem:12.02M (Peak 12.02M) | Time:00:00.00 | Mem:0.03M, Peak:0.03M | Scene, ViewLayer | Updating Images | Loading spiralled_0066.jpg
Fra:1 Mem:12.60M (Peak 12.60M) | Time:00:00.00 | Mem:0.71M, Peak:0.71M | Scene, ViewLayer | Updating Camera Volume
Fra:1 Mem:12.60M (Peak 12.60M) | Time:00:00.00 | Mem:0.71M, Peak:0.71M | Scene, ViewLayer | Updating Lookup Tables
Fra:1 Mem:12.60M (Peak 12.60M) | Time:00:00.00 | Mem:0.96M, Peak:0.96M | Scene, ViewLayer | Updating Lights
Fra:1 Mem:12.60M (Peak 12.60M) | Time:00:00.00 | Mem:0.96M, Peak:0.96M | Scene, ViewLayer | Updating Lights | Computing distribution
Fra:1 Mem:12.60M (Peak 12.60M) | Time:00:00.00 | Mem:0.96M, Peak:0.96M | Scene, ViewLayer | Updating Lights | Importance map
Fra:1 Mem:76.63M (Peak 364.73M) | Time:00:00.14 | Mem:65.01M, Peak:224.98M | Scene, ViewLayer | Updating Integrator
Fra:1 Mem:76.64M (Peak 364.73M) | Time:00:00.14 | Mem:65.01M, Peak:224.98M | Scene, ViewLayer | Updating Film
Fra:1 Mem:76.64M (Peak 364.73M) | Time:00:00.14 | Mem:64.76M, Peak:224.98M | Scene, ViewLayer | Updating Lookup Tables
Fra:1 Mem:76.64M (Peak 364.73M) | Time:00:00.14 | Mem:65.02M, Peak:224.98M | Scene, ViewLayer | Updating Baking
Fra:1 Mem:76.64M (Peak 364.73M) | Time:00:00.14 | Mem:65.02M, Peak:224.98M | Scene, ViewLayer | Updating Device | Writing constant memory
Fra:1 Mem:76.64M (Peak 364.73M) | Time:00:00.14 | Mem:65.02M, Peak:224.98M | Scene, ViewLayer | Sample 0/32
Fra:1 Mem:95.73M (Peak 364.73M) | Time:00:00.15 | Remaining:00:00.26 | Mem:84.02M, Peak:224.98M | Scene, ViewLayer | Sample 1/32
Fra:1 Mem:103.73M (Peak 364.73M) | Time:00:00.43 | Mem:84.02M, Peak:224.98M | Scene, ViewLayer | Sample 32/32
Fra:1 Mem:103.73M (Peak 364.73M) | Time:00:00.43 | Mem:84.02M, Peak:224.98M | Scene, ViewLayer | Finished
Saved: '/home/janus/iwi9-datasets/objaverse-rendering/no_textures_5/169d6daba6e04e7aa81d29b92b7fb7aa/007.png'
 Time: 00:00.47 (Saving: 00:00.03)

Fra:1 Mem:11.84M (Peak 11.94M) | Time:00:00.00 | Mem:0.00M, Peak:0.00M | Scene, ViewLayer | Synchronizing object | Stainless steel meal tray_Stainless steel meal tray mat_0
Fra:1 Mem:11.85M (Peak 11.95M) | Time:00:00.00 | Mem:0.00M, Peak:0.00M | Scene, ViewLayer | Initializing
Fra:1 Mem:11.65M (Peak 11.95M) | Time:00:00.00 | Mem:0.00M, Peak:0.00M | Scene, ViewLayer | Waiting for render to start
Fra:1 Mem:11.66M (Peak 11.95M) | Time:00:00.00 | Mem:0.00M, Peak:0.00M | Scene, ViewLayer | Loading render kernels (may take a few minutes the first time)
Fra:1 Mem:11.66M (Peak 11.95M) | Time:00:00.00 | Mem:0.00M, Peak:0.00M | Scene, ViewLayer | Updating Scene
Fra:1 Mem:11.66M (Peak 11.95M) | Time:00:00.00 | Mem:0.00M, Peak:0.00M | Scene, ViewLayer | Updating Shaders
Fra:1 Mem:11.91M (Peak 11.95M) | Time:00:00.00 | Mem:0.00M, Peak:0.00M | Scene, ViewLayer | Updating Procedurals
Fra:1 Mem:11.91M (Peak 11.95M) | Time:00:00.00 | Mem:0.00M, Peak:0.00M | Scene, ViewLayer | Updating Background
Fra:1 Mem:11.91M (Peak 11.95M) | Time:00:00.00 | Mem:0.00M, Peak:0.00M | Scene, ViewLayer | Updating Camera
Fra:1 Mem:11.91M (Peak 11.95M) | Time:00:00.00 | Mem:0.00M, Peak:0.00M | Scene, ViewLayer | Updating Meshes Flags
Fra:1 Mem:11.91M (Peak 11.95M) | Time:00:00.00 | Mem:0.00M, Peak:0.00M | Scene, ViewLayer | Updating Objects
Fra:1 Mem:11.91M (Peak 11.95M) | Time:00:00.00 | Mem:0.00M, Peak:0.00M | Scene, ViewLayer | Updating Objects | Copying Transformations to device
Fra:1 Mem:11.91M (Peak 11.95M) | Time:00:00.00 | Mem:0.00M, Peak:0.00M | Scene, ViewLayer | Updating Objects | Applying Static Transformations
Fra:1 Mem:11.91M (Peak 11.95M) | Time:00:00.00 | Mem:0.00M, Peak:0.00M | Scene, ViewLayer | Updating Particle Systems
Fra:1 Mem:11.91M (Peak 11.95M) | Time:00:00.00 | Mem:0.00M, Peak:0.00M | Scene, ViewLayer | Updating Particle Systems | Copying Particles to device
Fra:1 Mem:11.91M (Peak 11.95M) | Time:00:00.00 | Mem:0.00M, Peak:0.00M | Scene, ViewLayer | Updating Meshes
Fra:1 Mem:11.91M (Peak 11.95M) | Time:00:00.00 | Mem:0.00M, Peak:0.00M | Scene, ViewLayer | Updating Mesh | Computing attributes
Fra:1 Mem:11.91M (Peak 11.95M) | Time:00:00.00 | Mem:0.00M, Peak:0.00M | Scene, ViewLayer | Updating Mesh | Copying Attributes to device
Fra:1 Mem:11.91M (Peak 11.95M) | Time:00:00.00 | Mem:0.01M, Peak:0.01M | Scene, ViewLayer | Updating Scene BVH | Building
Fra:1 Mem:11.91M (Peak 11.95M) | Time:00:00.00 | Mem:0.01M, Peak:0.01M | Scene, ViewLayer | Updating Scene BVH | Building BVH
Fra:1 Mem:11.91M (Peak 11.95M) | Time:00:00.00 | Mem:0.01M, Peak:0.01M | Scene, ViewLayer | Updating Scene BVH | Building BVH 0%
Fra:1 Mem:11.91M (Peak 11.95M) | Time:00:00.00 | Mem:0.02M, Peak:0.02M | Scene, ViewLayer | Updating Scene BVH | Copying BVH to device
Fra:1 Mem:11.91M (Peak 11.95M) | Time:00:00.00 | Mem:0.02M, Peak:0.02M | Scene, ViewLayer | Updating Mesh | Computing normals
Fra:1 Mem:11.92M (Peak 11.95M) | Time:00:00.00 | Mem:0.02M, Peak:0.02M | Scene, ViewLayer | Updating Mesh | Copying Mesh to device
Fra:1 Mem:11.92M (Peak 11.95M) | Time:00:00.00 | Mem:0.03M, Peak:0.03M | Scene, ViewLayer | Updating Objects Flags
Fra:1 Mem:11.92M (Peak 11.95M) | Time:00:00.00 | Mem:0.03M, Peak:0.03M | Scene, ViewLayer | Updating Primitive Offsets
Fra:1 Mem:11.92M (Peak 11.95M) | Time:00:00.00 | Mem:0.03M, Peak:0.03M | Scene, ViewLayer | Updating Images
Fra:1 Mem:11.92M (Peak 11.95M) | Time:00:00.00 | Mem:0.03M, Peak:0.03M | Scene, ViewLayer | Updating Images | Loading 01519.exr
Fra:1 Mem:12.05M (Peak 12.05M) | Time:00:00.00 | Mem:0.03M, Peak:0.03M | Scene, ViewLayer | Updating Images | Loading perforated_0103.jpg
Fra:1 Mem:13.44M (Peak 13.44M) | Time:00:00.00 | Mem:1.54M, Peak:1.54M | Scene, ViewLayer | Updating Camera Volume
Fra:1 Mem:13.44M (Peak 13.44M) | Time:00:00.00 | Mem:1.54M, Peak:1.54M | Scene, ViewLayer | Updating Lookup Tables
Fra:1 Mem:13.44M (Peak 13.44M) | Time:00:00.00 | Mem:1.79M, Peak:1.79M | Scene, ViewLayer | Updating Lights
Fra:1 Mem:13.44M (Peak 13.44M) | Time:00:00.00 | Mem:1.79M, Peak:1.79M | Scene, ViewLayer | Updating Lights | Computing distribution
Fra:1 Mem:13.44M (Peak 13.44M) | Time:00:00.00 | Mem:1.79M, Peak:1.79M | Scene, ViewLayer | Updating Lights | Importance map
Fra:1 Mem:77.47M (Peak 365.57M) | Time:00:00.15 | Mem:65.83M, Peak:225.80M | Scene, ViewLayer | Updating Integrator
Fra:1 Mem:77.48M (Peak 365.57M) | Time:00:00.15 | Mem:65.84M, Peak:225.80M | Scene, ViewLayer | Updating Film
Fra:1 Mem:77.49M (Peak 365.57M) | Time:00:00.15 | Mem:65.59M, Peak:225.80M | Scene, ViewLayer | Updating Lookup Tables
Fra:1 Mem:77.49M (Peak 365.57M) | Time:00:00.15 | Mem:65.84M, Peak:225.80M | Scene, ViewLayer | Updating Baking
Fra:1 Mem:77.49M (Peak 365.57M) | Time:00:00.15 | Mem:65.84M, Peak:225.80M | Scene, ViewLayer | Updating Device | Writing constant memory
Fra:1 Mem:77.49M (Peak 365.57M) | Time:00:00.15 | Mem:65.84M, Peak:225.80M | Scene, ViewLayer | Sample 0/32
Fra:1 Mem:96.57M (Peak 365.57M) | Time:00:00.15 | Remaining:00:00.26 | Mem:84.84M, Peak:225.80M | Scene, ViewLayer | Sample 1/32
Fra:1 Mem:104.57M (Peak 365.57M) | Time:00:00.45 | Mem:84.84M, Peak:225.80M | Scene, ViewLayer | Sample 32/32
Fra:1 Mem:104.57M (Peak 365.57M) | Time:00:00.45 | Mem:84.84M, Peak:225.80M | Scene, ViewLayer | Finished
Saved: '/home/janus/iwi9-datasets/objaverse-rendering/no_textures_5/169d6daba6e04e7aa81d29b92b7fb7aa/008.png'
 Time: 00:00.48 (Saving: 00:00.03)

Fra:1 Mem:11.87M (Peak 11.96M) | Time:00:00.00 | Mem:0.00M, Peak:0.00M | Scene, ViewLayer | Synchronizing object | Stainless steel meal tray_Stainless steel meal tray mat_0
Fra:1 Mem:11.87M (Peak 11.97M) | Time:00:00.00 | Mem:0.00M, Peak:0.00M | Scene, ViewLayer | Initializing
Fra:1 Mem:11.67M (Peak 11.97M) | Time:00:00.00 | Mem:0.00M, Peak:0.00M | Scene, ViewLayer | Waiting for render to start
Fra:1 Mem:11.68M (Peak 11.97M) | Time:00:00.00 | Mem:0.00M, Peak:0.00M | Scene, ViewLayer | Loading render kernels (may take a few minutes the first time)
Fra:1 Mem:11.68M (Peak 11.97M) | Time:00:00.00 | Mem:0.00M, Peak:0.00M | Scene, ViewLayer | Updating Scene
Fra:1 Mem:11.68M (Peak 11.97M) | Time:00:00.00 | Mem:0.00M, Peak:0.00M | Scene, ViewLayer | Updating Shaders
Fra:1 Mem:11.93M (Peak 11.97M) | Time:00:00.00 | Mem:0.00M, Peak:0.00M | Scene, ViewLayer | Updating Procedurals
Fra:1 Mem:11.93M (Peak 11.97M) | Time:00:00.00 | Mem:0.00M, Peak:0.00M | Scene, ViewLayer | Updating Background
Fra:1 Mem:11.93M (Peak 11.97M) | Time:00:00.00 | Mem:0.00M, Peak:0.00M | Scene, ViewLayer | Updating Camera
Fra:1 Mem:11.93M (Peak 11.97M) | Time:00:00.00 | Mem:0.00M, Peak:0.00M | Scene, ViewLayer | Updating Meshes Flags
Fra:1 Mem:11.93M (Peak 11.97M) | Time:00:00.00 | Mem:0.00M, Peak:0.00M | Scene, ViewLayer | Updating Objects
Fra:1 Mem:11.93M (Peak 11.97M) | Time:00:00.00 | Mem:0.00M, Peak:0.00M | Scene, ViewLayer | Updating Objects | Copying Transformations to device
Fra:1 Mem:11.93M (Peak 11.97M) | Time:00:00.00 | Mem:0.00M, Peak:0.00M | Scene, ViewLayer | Updating Objects | Applying Static Transformations
Fra:1 Mem:11.93M (Peak 11.97M) | Time:00:00.00 | Mem:0.00M, Peak:0.00M | Scene, ViewLayer | Updating Particle Systems
Fra:1 Mem:11.93M (Peak 11.97M) | Time:00:00.00 | Mem:0.00M, Peak:0.00M | Scene, ViewLayer | Updating Particle Systems | Copying Particles to device
Fra:1 Mem:11.93M (Peak 11.97M) | Time:00:00.00 | Mem:0.00M, Peak:0.00M | Scene, ViewLayer | Updating Meshes
Fra:1 Mem:11.93M (Peak 11.97M) | Time:00:00.00 | Mem:0.00M, Peak:0.00M | Scene, ViewLayer | Updating Mesh | Computing attributes
Fra:1 Mem:11.93M (Peak 11.97M) | Time:00:00.00 | Mem:0.00M, Peak:0.00M | Scene, ViewLayer | Updating Mesh | Copying Attributes to device
Fra:1 Mem:11.93M (Peak 11.97M) | Time:00:00.00 | Mem:0.01M, Peak:0.01M | Scene, ViewLayer | Updating Scene BVH | Building
Fra:1 Mem:11.93M (Peak 11.97M) | Time:00:00.00 | Mem:0.01M, Peak:0.01M | Scene, ViewLayer | Updating Scene BVH | Building BVH
Fra:1 Mem:11.93M (Peak 11.97M) | Time:00:00.00 | Mem:0.01M, Peak:0.01M | Scene, ViewLayer | Updating Scene BVH | Building BVH 0%
Fra:1 Mem:11.93M (Peak 11.97M) | Time:00:00.00 | Mem:0.02M, Peak:0.02M | Scene, ViewLayer | Updating Scene BVH | Copying BVH to device
Fra:1 Mem:11.93M (Peak 11.97M) | Time:00:00.00 | Mem:0.02M, Peak:0.02M | Scene, ViewLayer | Updating Mesh | Computing normals
Fra:1 Mem:11.94M (Peak 11.97M) | Time:00:00.00 | Mem:0.02M, Peak:0.02M | Scene, ViewLayer | Updating Mesh | Copying Mesh to device
Fra:1 Mem:11.94M (Peak 11.97M) | Time:00:00.00 | Mem:0.03M, Peak:0.03M | Scene, ViewLayer | Updating Objects Flags
Fra:1 Mem:11.94M (Peak 11.97M) | Time:00:00.00 | Mem:0.03M, Peak:0.03M | Scene, ViewLayer | Updating Primitive Offsets
Fra:1 Mem:11.94M (Peak 11.97M) | Time:00:00.00 | Mem:0.03M, Peak:0.03M | Scene, ViewLayer | Updating Images
Fra:1 Mem:11.94M (Peak 11.97M) | Time:00:00.00 | Mem:0.03M, Peak:0.03M | Scene, ViewLayer | Updating Images | Loading 01519.exr
Fra:1 Mem:12.07M (Peak 12.07M) | Time:00:00.00 | Mem:0.03M, Peak:0.03M | Scene, ViewLayer | Updating Images | Loading bumpy_0116.jpg
Fra:1 Mem:12.95M (Peak 12.95M) | Time:00:00.00 | Mem:1.03M, Peak:1.03M | Scene, ViewLayer | Updating Camera Volume
Fra:1 Mem:12.95M (Peak 12.95M) | Time:00:00.00 | Mem:1.03M, Peak:1.03M | Scene, ViewLayer | Updating Lookup Tables
Fra:1 Mem:12.95M (Peak 12.95M) | Time:00:00.00 | Mem:1.28M, Peak:1.28M | Scene, ViewLayer | Updating Lights
Fra:1 Mem:12.96M (Peak 12.96M) | Time:00:00.00 | Mem:1.28M, Peak:1.28M | Scene, ViewLayer | Updating Lights | Computing distribution
Fra:1 Mem:12.96M (Peak 12.96M) | Time:00:00.00 | Mem:1.28M, Peak:1.28M | Scene, ViewLayer | Updating Lights | Importance map
Fra:1 Mem:76.99M (Peak 365.08M) | Time:00:00.14 | Mem:65.32M, Peak:225.29M | Scene, ViewLayer | Updating Integrator
Fra:1 Mem:76.99M (Peak 365.08M) | Time:00:00.14 | Mem:65.33M, Peak:225.29M | Scene, ViewLayer | Updating Film
Fra:1 Mem:77.00M (Peak 365.08M) | Time:00:00.14 | Mem:65.08M, Peak:225.29M | Scene, ViewLayer | Updating Lookup Tables
Fra:1 Mem:77.00M (Peak 365.08M) | Time:00:00.14 | Mem:65.33M, Peak:225.29M | Scene, ViewLayer | Updating Baking
Fra:1 Mem:77.00M (Peak 365.08M) | Time:00:00.14 | Mem:65.33M, Peak:225.29M | Scene, ViewLayer | Updating Device | Writing constant memory
Fra:1 Mem:77.00M (Peak 365.08M) | Time:00:00.14 | Mem:65.33M, Peak:225.29M | Scene, ViewLayer | Sample 0/32
Fra:1 Mem:96.09M (Peak 365.08M) | Time:00:00.15 | Remaining:00:00.22 | Mem:84.33M, Peak:225.29M | Scene, ViewLayer | Sample 1/32
Fra:1 Mem:104.09M (Peak 365.08M) | Time:00:00.40 | Mem:84.33M, Peak:225.29M | Scene, ViewLayer | Sample 32/32
Fra:1 Mem:104.09M (Peak 365.08M) | Time:00:00.40 | Mem:84.33M, Peak:225.29M | Scene, ViewLayer | Finished
Saved: '/home/janus/iwi9-datasets/objaverse-rendering/no_textures_5/169d6daba6e04e7aa81d29b92b7fb7aa/009.png'
 Time: 00:00.44 (Saving: 00:00.03)

Fra:1 Mem:11.89M (Peak 11.98M) | Time:00:00.00 | Mem:0.00M, Peak:0.00M | Scene, ViewLayer | Synchronizing object | Stainless steel meal tray_Stainless steel meal tray mat_0
Fra:1 Mem:11.90M (Peak 11.99M) | Time:00:00.00 | Mem:0.00M, Peak:0.00M | Scene, ViewLayer | Initializing
Fra:1 Mem:11.70M (Peak 11.99M) | Time:00:00.00 | Mem:0.00M, Peak:0.00M | Scene, ViewLayer | Waiting for render to start
Fra:1 Mem:11.70M (Peak 11.99M) | Time:00:00.00 | Mem:0.00M, Peak:0.00M | Scene, ViewLayer | Loading render kernels (may take a few minutes the first time)
Fra:1 Mem:11.70M (Peak 11.99M) | Time:00:00.00 | Mem:0.00M, Peak:0.00M | Scene, ViewLayer | Updating Scene
Fra:1 Mem:11.70M (Peak 11.99M) | Time:00:00.00 | Mem:0.00M, Peak:0.00M | Scene, ViewLayer | Updating Shaders
Fra:1 Mem:11.95M (Peak 11.99M) | Time:00:00.00 | Mem:0.00M, Peak:0.00M | Scene, ViewLayer | Updating Procedurals
Fra:1 Mem:11.95M (Peak 11.99M) | Time:00:00.00 | Mem:0.00M, Peak:0.00M | Scene, ViewLayer | Updating Background
Fra:1 Mem:11.95M (Peak 11.99M) | Time:00:00.00 | Mem:0.00M, Peak:0.00M | Scene, ViewLayer | Updating Camera
Fra:1 Mem:11.95M (Peak 11.99M) | Time:00:00.00 | Mem:0.00M, Peak:0.00M | Scene, ViewLayer | Updating Meshes Flags
Fra:1 Mem:11.95M (Peak 11.99M) | Time:00:00.00 | Mem:0.00M, Peak:0.00M | Scene, ViewLayer | Updating Objects
Fra:1 Mem:11.95M (Peak 11.99M) | Time:00:00.00 | Mem:0.00M, Peak:0.00M | Scene, ViewLayer | Updating Objects | Copying Transformations to device
Fra:1 Mem:11.95M (Peak 11.99M) | Time:00:00.00 | Mem:0.00M, Peak:0.00M | Scene, ViewLayer | Updating Objects | Applying Static Transformations
Fra:1 Mem:11.95M (Peak 11.99M) | Time:00:00.00 | Mem:0.00M, Peak:0.00M | Scene, ViewLayer | Updating Particle Systems
Fra:1 Mem:11.95M (Peak 11.99M) | Time:00:00.00 | Mem:0.00M, Peak:0.00M | Scene, ViewLayer | Updating Particle Systems | Copying Particles to device
Fra:1 Mem:11.95M (Peak 11.99M) | Time:00:00.00 | Mem:0.00M, Peak:0.00M | Scene, ViewLayer | Updating Meshes
Fra:1 Mem:11.95M (Peak 11.99M) | Time:00:00.00 | Mem:0.00M, Peak:0.00M | Scene, ViewLayer | Updating Mesh | Computing attributes
Fra:1 Mem:11.96M (Peak 11.99M) | Time:00:00.00 | Mem:0.00M, Peak:0.00M | Scene, ViewLayer | Updating Mesh | Copying Attributes to device
Fra:1 Mem:11.96M (Peak 11.99M) | Time:00:00.00 | Mem:0.01M, Peak:0.01M | Scene, ViewLayer | Updating Scene BVH | Building
Fra:1 Mem:11.96M (Peak 11.99M) | Time:00:00.00 | Mem:0.01M, Peak:0.01M | Scene, ViewLayer | Updating Scene BVH | Building BVH
Fra:1 Mem:11.96M (Peak 11.99M) | Time:00:00.00 | Mem:0.01M, Peak:0.01M | Scene, ViewLayer | Updating Scene BVH | Building BVH 0%
Fra:1 Mem:11.96M (Peak 11.99M) | Time:00:00.00 | Mem:0.02M, Peak:0.02M | Scene, ViewLayer | Updating Scene BVH | Copying BVH to device
Fra:1 Mem:11.96M (Peak 11.99M) | Time:00:00.00 | Mem:0.02M, Peak:0.02M | Scene, ViewLayer | Updating Mesh | Computing normals
Fra:1 Mem:11.97M (Peak 11.99M) | Time:00:00.00 | Mem:0.02M, Peak:0.02M | Scene, ViewLayer | Updating Mesh | Copying Mesh to device
Fra:1 Mem:11.97M (Peak 11.99M) | Time:00:00.00 | Mem:0.03M, Peak:0.03M | Scene, ViewLayer | Updating Objects Flags
Fra:1 Mem:11.97M (Peak 11.99M) | Time:00:00.00 | Mem:0.03M, Peak:0.03M | Scene, ViewLayer | Updating Primitive Offsets
Fra:1 Mem:11.97M (Peak 11.99M) | Time:00:00.00 | Mem:0.03M, Peak:0.03M | Scene, ViewLayer | Updating Images
Fra:1 Mem:11.97M (Peak 11.99M) | Time:00:00.00 | Mem:0.03M, Peak:0.03M | Scene, ViewLayer | Updating Images | Loading 01519.exr
Fra:1 Mem:12.09M (Peak 12.09M) | Time:00:00.00 | Mem:0.03M, Peak:0.03M | Scene, ViewLayer | Updating Images | Loading pitted_0071.jpg
Fra:1 Mem:13.02M (Peak 13.02M) | Time:00:00.01 | Mem:1.07M, Peak:1.07M | Scene, ViewLayer | Updating Camera Volume
Fra:1 Mem:13.02M (Peak 13.02M) | Time:00:00.01 | Mem:1.07M, Peak:1.07M | Scene, ViewLayer | Updating Lookup Tables
Fra:1 Mem:13.02M (Peak 13.02M) | Time:00:00.01 | Mem:1.32M, Peak:1.32M | Scene, ViewLayer | Updating Lights
Fra:1 Mem:13.02M (Peak 13.02M) | Time:00:00.01 | Mem:1.32M, Peak:1.32M | Scene, ViewLayer | Updating Lights | Computing distribution
Fra:1 Mem:13.02M (Peak 13.02M) | Time:00:00.01 | Mem:1.32M, Peak:1.32M | Scene, ViewLayer | Updating Lights | Importance map
slurmstepd: error: *** JOB 805682 ON a0329 CANCELLED AT 2023-08-10T20:43:45 ***
=== JOB_STATISTICS ===
=== current date     : Thu Aug 10 20:43:47 CEST 2023
= Job-ID             : 805682 on alex
= Job-Name           : rendering.slurm
= Job-Command        : /home/hpc/b112dc/b112dc10/git/objaverse-rendering/slurm_files/rendering.slurm
= Initial workdir    : /home/hpc/b112dc/b112dc10/git/objaverse-rendering
= Queue/Partition    : a40
= Slurm account      : b112dc with QOS=normal
= Requested resources: cpu=30,mem=112500M,node=1,billing=30,gres/gpu=2,gres/gpu:a40=2 for 08:00:00
= Elapsed runtime    : 00:01:50
= Total RAM usage    : 0.9 GiB of assigned 109 GiB (0.8%)   
= Node list          : a0329
= Subm/Elig/Start/End: 2023-08-10T20:37:31 / 2023-08-10T20:37:31 / 2023-08-10T20:41:55 / 2023-08-10T20:43:45
======================
=== Quota infos ======
    Path              Used     SoftQ    HardQ    Gracetime  Filec    FileQ    FiHaQ    FileGrace    
    /home/hpc           47.2G    52.4G   104.9G        N/A     315K     500K   1,000K        N/A    
    /home/vault          0.0K   524.3G  1048.6G        N/A       1      200K     400K        N/A    
    janus.rrze.uni-erlangen.de:/zfspool/viphome/iwi9-datasets   164.1G     0.0K     0.0K        N/A     801K                          N/A    
======================
=== GPU utilization ==
gpu_name, gpu_bus_id, pid, gpu_utilization [%], mem_utilization [%], max_memory_usage [MiB], time [ms]
